# This file uses meters as units for non-parametric coordinates.

mtllib Barrel.mtl
g default
v 24.454163 0.000000 -8.900585
v 19.935219 0.000000 -16.727627
v 13.011794 0.000000 -22.537073
v 4.518953 0.000000 -25.628216
v -4.518939 0.000000 -25.628220
v -13.011784 0.000000 -22.537081
v -19.935209 0.000000 -16.727636
v -24.454159 0.000000 -8.900598
v -26.023575 0.000000 -0.000013
v -24.454161 0.000000 8.900577
v -19.935219 0.000000 16.727617
v -13.011793 0.000000 22.537062
v -4.518950 0.000000 25.628208
v 4.518943 0.000000 25.628208
v 13.011786 0.000000 22.537067
v 19.935215 0.000000 16.727621
v 24.454159 0.000000 8.900579
v 26.023575 0.000000 -0.000006
v 26.278431 0.000000 -9.564563
v 21.422375 0.000000 -17.975500
v 13.982465 0.000000 -24.218330
v 4.856066 0.000000 -27.540070
v -4.856049 0.000000 -27.540075
v -13.982452 0.000000 -24.218338
v -21.422363 0.000000 -17.975513
v -26.278423 0.000000 -9.564578
v -27.964914 0.000000 -0.000013
v -26.278427 0.000000 9.564553
v -21.422371 0.000000 17.975492
v -13.982462 0.000000 24.218321
v -4.856061 0.000000 27.540060
v 4.856054 0.000000 27.540062
v 13.982456 0.000000 24.218325
v 21.422367 0.000000 17.975496
v 26.278425 0.000000 9.564558
v 27.964916 0.000000 -0.000006
v 26.278431 81.761520 -9.564563
v 21.422375 81.761520 -17.975500
v 13.982465 81.761520 -24.218330
v 4.856066 81.761520 -27.540070
v -4.856049 81.761520 -27.540075
v -13.982452 81.761520 -24.218338
v -21.422363 81.761520 -17.975513
v -26.278423 81.761520 -9.564578
v -27.964914 81.761520 -0.000013
v -26.278427 81.761520 9.564553
v -21.422371 81.761520 17.975492
v -13.982462 81.761520 24.218321
v -4.856061 81.761520 27.540060
v 4.856054 81.761520 27.540062
v 13.982456 81.761520 24.218325
v 21.422367 81.761520 17.975496
v 26.278425 81.761520 9.564558
v 27.964916 81.761520 -0.000006
v 24.454163 81.761520 -8.900585
v 19.935219 81.761520 -16.727627
v 13.011794 81.761520 -22.537073
v 4.518953 81.761520 -25.628216
v -4.518939 81.761520 -25.628220
v -13.011784 81.761520 -22.537081
v -19.935209 81.761520 -16.727636
v -24.454159 81.761520 -8.900598
v -26.023575 81.761520 -0.000013
v -24.454161 81.761520 8.900577
v -19.935219 81.761520 16.727617
v -13.011793 81.761520 22.537062
v -4.518950 81.761520 25.628208
v 4.518943 81.761520 25.628208
v 13.011786 81.761520 22.537067
v 19.935215 81.761520 16.727621
v 24.454159 81.761520 8.900579
v 26.023575 81.761520 -0.000006
v 31.914795 40.880760 -11.616030
v 33.963013 40.880760 -0.000006
v 31.914791 40.880760 11.616028
v 26.017174 40.880760 21.830997
v 16.981503 40.880760 29.412828
v 5.897612 40.880760 33.447033
v -5.897619 40.880760 33.447029
v -16.981510 40.880760 29.412825
v -26.017178 40.880760 21.830992
v -31.914793 40.880760 11.616021
v -33.963009 40.880760 -0.000014
v -31.914789 40.880760 -11.616049
v -26.017170 40.880760 -21.831015
v -16.981499 40.880760 -29.412842
v -5.897605 40.880760 -33.447044
v 5.897625 40.880760 -33.447041
v 16.981514 40.880760 -29.412832
v 26.017183 40.880760 -21.830997
v 30.542339 61.321136 -11.116498
v 32.502476 61.321136 -0.000006
v 30.542337 61.321136 11.116494
v 24.898338 61.321136 20.892181
v 16.251234 61.321136 28.147966
v 5.643993 61.321136 32.008686
v -5.644000 61.321136 32.008686
v -16.251242 61.321136 28.147961
v -24.898342 61.321136 20.892178
v -30.542339 61.321136 11.116488
v -32.502472 61.321136 -0.000014
v -30.542336 61.321136 -11.116516
v -24.898335 61.321136 -20.892200
v -16.251230 61.321136 -28.147980
v -5.643987 61.321136 -32.008698
v 5.644006 61.321136 -32.008694
v 16.251245 61.321136 -28.147970
v 24.898348 61.321136 -20.892185
v 30.542339 20.440380 -11.116498
v 32.502476 20.440380 -0.000006
v 30.542337 20.440380 11.116494
v 24.898338 20.440380 20.892181
v 16.251234 20.440380 28.147966
v 5.643993 20.440380 32.008686
v -5.644000 20.440380 32.008686
v -16.251242 20.440380 28.147961
v -24.898342 20.440380 20.892178
v -30.542339 20.440380 11.116488
v -32.502472 20.440380 -0.000014
v -30.542336 20.440380 -11.116516
v -24.898335 20.440380 -20.892200
v -16.251230 20.440380 -28.147980
v -5.643987 20.440380 -32.008698
v 5.644006 20.440380 -32.008694
v 16.251245 20.440380 -28.147970
v 24.898348 20.440380 -20.892185
v 29.117483 10.220190 -10.597892
v 30.986174 10.220190 -0.000006
v 29.117479 10.220190 10.597888
v 23.736784 10.220190 19.917524
v 15.493084 10.220190 26.834810
v 5.380690 10.220190 30.515421
v -5.380696 10.220190 30.515419
v -15.493092 10.220190 26.834806
v -23.736790 10.220190 19.917519
v -29.117481 10.220190 10.597883
v -30.986172 10.220190 -0.000014
v -29.117476 10.220190 -10.597910
v -23.736780 10.220190 -19.917540
v -15.493081 10.220190 -26.834824
v -5.380683 10.220190 -30.515432
v 5.380702 10.220190 -30.515429
v 15.493093 10.220190 -26.834814
v 23.736792 10.220190 -19.917526
v 31.425508 30.660568 -11.437945
v 33.442326 30.660568 -0.000006
v 31.425505 30.660568 11.437943
v 25.618303 30.660568 21.496305
v 16.721159 30.660568 28.961899
v 5.807195 30.660568 32.934258
v -5.807203 30.660568 32.934254
v -16.721167 30.660568 28.961895
v -25.618311 30.660568 21.496302
v -31.425507 30.660568 11.437936
v -33.442322 30.660568 -0.000014
v -31.425503 30.660568 -11.437963
v -25.618301 30.660568 -21.496323
v -16.721155 30.660568 -28.961914
v -5.807189 30.660568 -32.934269
v 5.807209 30.660568 -32.934265
v 16.721170 30.660568 -28.961903
v 25.618313 30.660568 -21.496307
v 31.425508 51.100952 -11.437945
v 33.442326 51.100952 -0.000006
v 31.425505 51.100952 11.437943
v 25.618303 51.100952 21.496305
v 16.721159 51.100952 28.961899
v 5.807195 51.100952 32.934258
v -5.807203 51.100952 32.934254
v -16.721167 51.100952 28.961895
v -25.618311 51.100952 21.496302
v -31.425507 51.100952 11.437936
v -33.442322 51.100952 -0.000014
v -31.425503 51.100952 -11.437963
v -25.618301 51.100952 -21.496323
v -16.721155 51.100952 -28.961914
v -5.807189 51.100952 -32.934269
v 5.807209 51.100952 -32.934265
v 16.721170 51.100952 -28.961903
v 25.618313 51.100952 -21.496307
v 29.117483 71.541328 -10.597892
v 30.986174 71.541328 -0.000006
v 29.117479 71.541328 10.597888
v 23.736784 71.541328 19.917524
v 15.493084 71.541328 26.834810
v 5.380690 71.541328 30.515421
v -5.380696 71.541328 30.515419
v -15.493092 71.541328 26.834806
v -23.736790 71.541328 19.917519
v -29.117481 71.541328 10.597883
v -30.986172 71.541328 -0.000014
v -29.117476 71.541328 -10.597910
v -23.736780 71.541328 -19.917540
v -15.493081 71.541328 -26.834824
v -5.380683 71.541328 -30.515432
v 5.380702 71.541328 -30.515429
v 15.493093 71.541328 -26.834814
v 23.736792 71.541328 -19.917526
v 24.454163 2.390045 -8.900585
v 19.935219 2.390045 -16.727627
v 0.000000 2.390045 -0.000006
v 13.011794 2.390045 -22.537073
v 4.518953 2.390045 -25.628216
v -4.518939 2.390045 -25.628220
v -13.011784 2.390045 -22.537081
v -19.935209 2.390045 -16.727636
v -24.454159 2.390045 -8.900598
v -26.023575 2.390045 -0.000013
v -24.454161 2.390045 8.900577
v -19.935219 2.390045 16.727617
v -13.011793 2.390045 22.537062
v -4.518950 2.390045 25.628208
v 4.518943 2.390045 25.628208
v 13.011786 2.390045 22.537067
v 19.935215 2.390045 16.727621
v 24.454159 2.390045 8.900579
v 26.023575 2.390045 -0.000006
v 24.454163 79.371483 -8.900585
v 19.935219 79.371483 -16.727627
v 0.000000 79.371483 -0.000006
v 13.011794 79.371483 -22.537073
v 4.518953 79.371483 -25.628216
v -4.518939 79.371483 -25.628220
v -13.011784 79.371483 -22.537081
v -19.935209 79.371483 -16.727636
v -24.454159 79.371483 -8.900598
v -26.023575 79.371483 -0.000013
v -24.454161 79.371483 8.900577
v -19.935219 79.371483 16.727617
v -13.011793 79.371483 22.537062
v -4.518950 79.371483 25.628208
v 4.518943 79.371483 25.628208
v 13.011786 79.371483 22.537067
v 19.935215 79.371483 16.727621
v 24.454159 79.371483 8.900579
v 26.023575 79.371483 -0.000006
v 29.829912 66.431229 -10.857195
v 31.744324 66.431229 -0.000006
v 29.829908 66.431229 10.857192
v 24.317562 66.431229 20.404852
v 15.872160 66.431229 27.491388
v 5.512341 66.431229 31.262054
v -5.512348 66.431229 31.262053
v -15.872167 66.431229 27.491383
v -24.317566 66.431229 20.404848
v -29.829912 66.431229 10.857185
v -31.744324 66.431229 -0.000014
v -29.829905 66.431229 -10.857212
v -24.317558 66.431229 -20.404871
v -15.872155 66.431229 -27.491402
v -5.512335 66.431229 -31.262066
v 5.512354 66.431229 -31.262062
v 15.872169 66.431229 -27.491394
v 24.317568 66.431229 -20.404856
v 30.983925 56.211044 -11.277222
v 32.972401 56.211044 -0.000006
v 30.983921 56.211044 11.277218
v 25.258320 56.211044 21.194244
v 16.486197 56.211044 28.554932
v 5.725595 56.211044 32.471470
v -5.725601 56.211044 32.471470
v -16.486204 56.211044 28.554928
v -25.258327 56.211044 21.194241
v -30.983923 56.211044 11.277212
v -32.972397 56.211044 -0.000014
v -30.983919 56.211044 -11.277240
v -25.258318 56.211044 -21.194260
v -16.486193 56.211044 -28.554947
v -5.725588 56.211044 -32.471485
v 5.725607 56.211044 -32.471478
v 16.486208 56.211044 -28.554935
v 25.258329 56.211044 -21.194248
v 29.829912 15.330282 -10.857195
v 31.744324 15.330282 -0.000006
v 29.829908 15.330282 10.857192
v 24.317562 15.330282 20.404852
v 15.872160 15.330282 27.491388
v 5.512341 15.330282 31.262054
v -5.512348 15.330282 31.262053
v -15.872167 15.330282 27.491383
v -24.317566 15.330282 20.404848
v -29.829912 15.330282 10.857185
v -31.744324 15.330282 -0.000014
v -29.829905 15.330282 -10.857212
v -24.317558 15.330282 -20.404871
v -15.872155 15.330282 -27.491402
v -5.512335 15.330282 -31.262066
v 5.512354 15.330282 -31.262062
v 15.872169 15.330282 -27.491394
v 24.317568 15.330282 -20.404856
v 30.983925 25.550472 -11.277222
v 32.972401 25.550472 -0.000006
v 30.983921 25.550472 11.277218
v 25.258320 25.550472 21.194244
v 16.486197 25.550472 28.554932
v 5.725595 25.550472 32.471470
v -5.725601 25.550472 32.471470
v -16.486204 25.550472 28.554928
v -25.258327 25.550472 21.194241
v -30.983923 25.550472 11.277212
v -32.972397 25.550472 -0.000014
v -30.983919 25.550472 -11.277240
v -25.258318 25.550472 -21.194260
v -16.486193 25.550472 -28.554947
v -5.725588 25.550472 -32.471485
v 5.725607 25.550472 -32.471478
v 16.486208 25.550472 -28.554935
v 25.258329 25.550472 -21.194248
v 31.670153 35.770664 -11.526988
v 33.702667 35.770664 -0.000006
v 31.670149 35.770664 11.526985
v 25.817738 35.770664 21.663652
v 16.851332 35.770664 29.187365
v 5.852403 35.770664 33.190647
v -5.852411 35.770664 33.190639
v -16.851337 35.770664 29.187361
v -25.817745 35.770664 21.663647
v -31.670149 35.770664 11.526978
v -33.702667 35.770664 -0.000014
v -31.670145 35.770664 -11.527006
v -25.817736 35.770664 -21.663668
v -16.851326 35.770664 -29.187376
v -5.852397 35.770664 -33.190659
v 5.852417 35.770664 -33.190655
v 16.851341 35.770664 -29.187368
v 25.817747 35.770664 -21.663652
v 31.670153 45.990856 -11.526988
v 33.702667 45.990856 -0.000006
v 31.670149 45.990856 11.526985
v 25.817738 45.990856 21.663652
v 16.851332 45.990856 29.187365
v 5.852403 45.990856 33.190647
v -5.852411 45.990856 33.190639
v -16.851337 45.990856 29.187361
v -25.817745 45.990856 21.663647
v -31.670149 45.990856 11.526978
v -33.702667 45.990856 -0.000014
v -31.670145 45.990856 -11.527006
v -25.817736 45.990856 -21.663668
v -16.851326 45.990856 -29.187376
v -5.852397 45.990856 -33.190659
v 5.852417 45.990856 -33.190655
v 16.851341 45.990856 -29.187368
v 25.817747 45.990856 -21.663652
v 27.697958 5.110094 -10.081227
v 29.475546 5.110094 -0.000006
v 27.697954 5.110094 10.081223
v 22.579575 5.110094 18.946510
v 14.737771 5.110094 25.526566
v 5.118372 5.110094 29.027740
v -5.118379 5.110094 29.027740
v -14.737777 5.110094 25.526562
v -22.579580 5.110094 18.946507
v -27.697954 5.110094 10.081219
v -29.475544 5.110094 -0.000013
v -27.697950 5.110094 -10.081244
v -22.579571 5.110094 -18.946527
v -14.737766 5.110094 -25.526583
v -5.118366 5.110094 -29.027752
v 5.118384 5.110094 -29.027748
v 14.737780 5.110094 -25.526571
v 22.579584 5.110094 -18.946514
v 27.697958 76.651428 -10.081227
v 29.475546 76.651428 -0.000006
v 27.697954 76.651428 10.081223
v 22.579575 76.651428 18.946510
v 14.737771 76.651428 25.526566
v 5.118372 76.651428 29.027740
v -5.118379 76.651428 29.027740
v -14.737777 76.651428 25.526562
v -22.579580 76.651428 18.946507
v -27.697954 76.651428 10.081219
v -29.475544 76.651428 -0.000013
v -27.697950 76.651428 -10.081244
v -22.579571 76.651428 -18.946527
v -14.737766 76.651428 -25.526583
v -5.118366 76.651428 -29.027752
v 5.118384 76.651428 -29.027748
v 14.737780 76.651428 -25.526571
v 22.579584 76.651428 -18.946514
v 31.333931 61.446121 -11.404613
v 33.344868 61.446121 -0.000006
v 30.621502 66.556213 -11.145310
v 32.586716 66.556213 -0.000006
v 31.333929 61.446121 11.404611
v 30.621496 66.556213 11.145308
v 25.543650 61.446121 21.433661
v 24.962870 66.556213 20.946331
v 16.672432 61.446121 28.877499
v 16.293356 66.556213 28.220919
v 5.790273 61.446121 32.838280
v 5.658621 66.556213 32.091644
v -5.790280 61.446121 32.838280
v -5.658628 66.556213 32.091644
v -16.672440 61.446121 28.877493
v -16.293364 66.556213 28.220917
v -25.543653 61.446121 21.433657
v -24.962873 66.556213 20.946327
v -31.333927 61.446121 11.404602
v -30.621498 66.556213 11.145300
v -33.344868 61.446121 -0.000014
v -32.586716 66.556213 -0.000014
v -31.333927 61.446121 -11.404631
v -30.621496 66.556213 -11.145328
v -25.543644 61.446121 -21.433680
v -24.962870 66.556213 -20.946352
v -16.672428 61.446121 -28.877514
v -16.293350 66.556213 -28.220934
v -5.790267 61.446121 -32.838291
v -5.658615 66.556213 -32.091660
v 5.790286 61.446121 -32.838291
v 5.658635 66.556213 -32.091656
v 16.672441 61.446121 -28.877501
v 16.293365 66.556213 -28.220924
v 25.543657 61.446121 -21.433664
v 24.962879 66.556213 -20.946335
v 32.222561 51.178955 -11.728047
v 34.290527 51.178951 -0.000006
v 31.780973 56.289047 -11.567324
v 33.820606 56.289047 -0.000006
v 32.222557 51.178955 11.728045
v 31.780972 56.289047 11.567321
v 26.268066 51.178955 22.041519
v 25.908083 56.289047 21.739458
v 17.145262 51.178955 29.696465
v 16.910297 56.289047 29.289495
v 5.954484 51.178955 33.769569
v 5.872883 56.289047 33.306789
v -5.954492 51.178955 33.769569
v -5.872890 56.289047 33.306786
v -17.145266 51.178955 29.696459
v -16.910305 56.289047 29.289494
v -26.268074 51.178955 22.041517
v -25.908091 56.289047 21.739454
v -32.222557 51.178951 11.728038
v -31.780972 56.289047 11.567313
v -34.290527 51.178955 -0.000015
v -33.820599 56.289047 -0.000014
v -32.222557 51.178955 -11.728067
v -31.780970 56.289047 -11.567342
v -26.268063 51.178955 -22.041534
v -25.908079 56.289047 -21.739475
v -17.145256 51.178955 -29.696478
v -16.910294 56.289047 -29.289511
v -5.954477 51.178955 -33.769581
v -5.872876 56.289047 -33.306797
v 5.954499 51.178955 -33.769581
v 5.872897 56.289047 -33.306797
v 17.145271 51.178955 -29.696468
v 16.910309 56.289047 -29.289501
v 26.268072 51.178955 -22.041521
v 25.908091 56.289047 -21.739462
v 29.884228 71.782539 -10.876964
v 31.802126 71.782539 -0.000006
v 28.464705 76.892639 -10.360299
v 30.291496 76.892639 -0.000006
v 29.884224 71.782539 10.876961
v 28.464697 76.892639 10.360293
v 24.361839 71.782539 20.442007
v 23.204626 76.892632 19.470991
v 15.901060 71.782539 27.541445
v 15.145749 76.892639 26.233202
v 5.522379 71.782539 31.318975
v 5.260060 76.892639 29.831295
v -5.522385 71.782539 31.318974
v -5.260067 76.892639 29.831295
v -15.901068 71.782539 27.541441
v -15.145753 76.892639 26.233196
v -24.361841 71.782539 20.442001
v -23.204634 76.892639 19.470991
v -29.884226 71.782539 10.876955
v -28.464693 76.892639 10.360290
v -31.802124 71.782539 -0.000014
v -30.291492 76.892639 -0.000014
v -29.884216 71.782539 -10.876982
v -28.464689 76.892639 -10.360316
v -24.361835 71.782539 -20.442022
v -23.204626 76.892639 -19.471012
v -15.901056 71.782539 -27.541462
v -15.145742 76.892639 -26.233217
v -5.522371 71.782539 -31.318987
v -5.260054 76.892639 -29.831310
v 5.522391 71.782539 -31.318983
v 5.260072 76.892639 -29.831303
v 15.901070 71.782539 -27.541449
v 15.145758 76.892639 -26.233210
v 24.361845 71.782539 -20.442009
v 23.204638 76.892639 -19.470995
v 30.621502 15.205302 -11.145310
v 32.586716 15.205302 -0.000006
v 31.333931 20.315401 -11.404613
v 33.344868 20.315401 -0.000006
v 30.621498 15.205302 11.145308
v 31.333927 20.315401 11.404609
v 24.962870 15.205302 20.946331
v 25.543650 20.315401 21.433661
v 16.293358 15.205302 28.220922
v 16.672432 20.315401 28.877499
v 5.658621 15.205302 32.091648
v 5.790272 20.315401 32.838280
v -5.658628 15.205302 32.091644
v -5.790280 20.315401 32.838280
v -16.293362 15.205302 28.220913
v -16.672440 20.315401 28.877493
v -24.962873 15.205302 20.946327
v -25.543653 20.315401 21.433657
v -30.621500 15.205302 11.145301
v -31.333931 20.315401 11.404602
v -32.586716 15.205302 -0.000014
v -33.344868 20.315401 -0.000014
v -30.621496 15.205302 -11.145328
v -31.333923 20.315401 -11.404631
v -24.962866 15.205302 -20.946350
v -25.543644 20.315399 -21.433681
v -16.293350 15.205302 -28.220934
v -16.672424 20.315401 -28.877510
v -5.658615 15.205302 -32.091660
v -5.790266 20.315401 -32.838291
v 5.658634 15.205302 -32.091656
v 5.790286 20.315401 -32.838287
v 16.293365 15.205302 -28.220926
v 16.672443 20.315401 -28.877506
v 24.962877 15.205302 -20.946335
v 25.543657 20.315401 -21.433664
v 31.780975 25.472471 -11.567324
v 33.820606 25.472471 -0.000006
v 32.222561 30.582567 -11.728047
v 34.290527 30.582567 -0.000006
v 31.780970 25.472471 11.567321
v 32.222557 30.582567 11.728045
v 25.908081 25.472471 21.739458
v 26.268064 30.582567 22.041521
v 16.910297 25.472471 29.289495
v 17.145262 30.582567 29.696465
v 5.872883 25.472471 33.306789
v 5.954484 30.582567 33.769573
v -5.872890 25.472471 33.306786
v -5.954492 30.582567 33.769569
v -16.910305 25.472471 29.289492
v -17.145266 30.582567 29.696459
v -25.908087 25.472471 21.739454
v -26.268072 30.582567 22.041515
v -31.780972 25.472471 11.567313
v -32.222557 30.582567 11.728038
v -33.820599 25.472471 -0.000014
v -34.290524 30.582567 -0.000014
v -31.780970 25.472471 -11.567342
v -32.222553 30.582567 -11.728065
v -25.908081 25.472471 -21.739475
v -26.268063 30.582567 -22.041536
v -16.910294 25.472471 -29.289513
v -17.145256 30.582567 -29.696478
v -5.872877 25.472471 -33.306801
v -5.954478 30.582567 -33.769585
v 5.872897 25.472471 -33.306797
v 5.954499 30.582567 -33.769581
v 16.910309 25.472471 -29.289501
v 17.145273 30.582567 -29.696470
v 25.908091 25.472471 -21.739462
v 26.268076 30.582567 -22.041523
v 28.464699 4.868885 -10.360298
v 30.291498 4.868885 -0.000006
v 29.884228 9.978981 -10.876963
v 31.802126 9.978981 -0.000006
v 28.464697 4.868885 10.360296
v 29.884224 9.978981 10.876960
v 23.204630 4.868885 19.470995
v 24.361839 9.978981 20.442007
v 15.145746 4.868885 26.233202
v 15.901059 9.978981 27.541445
v 5.260060 4.868885 29.831295
v 5.522377 9.978981 31.318975
v -5.260067 4.868885 29.831293
v -5.522385 9.978981 31.318970
v -15.145753 4.868885 26.233196
v -15.901068 9.978981 27.541441
v -23.204634 4.868885 19.470989
v -24.361843 9.978981 20.442001
v -28.464697 4.868885 10.360290
v -29.884228 9.978981 10.876955
v -30.291492 4.868885 -0.000014
v -31.802122 9.978981 -0.000014
v -28.464693 4.868885 -10.360316
v -29.884220 9.978981 -10.876982
v -23.204626 4.868885 -19.471010
v -24.361835 9.978981 -20.442022
v -15.145741 4.868885 -26.233217
v -15.901055 9.978981 -27.541460
v -5.260054 4.868885 -29.831306
v -5.522372 9.978981 -31.318987
v 5.260073 4.868885 -29.831303
v 5.522391 9.978981 -31.318983
v 15.145754 4.868885 -26.233204
v 15.901070 9.978981 -27.541449
v 23.204638 4.868885 -19.470997
v 24.361845 9.978981 -20.442009
v 1.828545 41.536686 31.258970
v 1.490644 42.121948 31.258970
v 0.972949 42.556347 31.258970
v 0.337902 42.787487 31.258970
v -0.337901 42.787487 31.258970
v -0.972948 42.556347 31.258970
v -1.490643 42.121956 31.258970
v -1.828545 41.536686 31.258970
v -1.945897 40.871151 31.258970
v -1.828545 40.205616 31.258970
v -1.490644 39.620350 31.258970
v -0.972949 39.185955 31.258970
v -0.337902 38.954819 31.258970
v 0.337901 38.954819 31.258970
v 0.972948 39.185955 31.258970
v 1.490644 39.620350 31.258970
v 1.828545 40.205616 31.258970
v 1.945897 40.871151 31.258970
v 0.000000 40.871151 35.231518
v 2.149060 41.653347 34.774464
v 2.047267 41.616295 35.094845
v 1.752631 41.509056 35.231518
v 1.751930 42.341194 34.774464
v 1.668948 42.271564 35.094845
v 1.428759 42.070019 35.231518
v 1.143491 42.851734 34.774464
v 1.089328 42.757927 35.094845
v 0.932556 42.486389 35.231518
v 0.397131 43.123390 34.774464
v 0.378320 43.016708 35.094845
v 0.323873 42.707932 35.231518
v -0.397130 43.123390 34.774464
v -0.378319 43.016708 35.094845
v -0.323872 42.707932 35.231518
v -1.143490 42.851734 34.774464
v -1.089327 42.757927 35.094845
v -0.932555 42.486389 35.231518
v -1.751929 42.341194 34.774464
v -1.668947 42.271564 35.094845
v -1.428758 42.070019 35.231518
v -2.149060 41.653347 34.774464
v -2.047266 41.616295 35.094845
v -1.752631 41.509056 35.231518
v -2.286982 40.871151 34.774464
v -2.178656 40.871151 35.094845
v -1.865111 40.871151 35.231518
v -2.149060 40.088959 34.774464
v -2.047267 40.126007 35.094845
v -1.752631 40.233250 35.231518
v -1.751930 39.401112 34.774464
v -1.668947 39.470737 35.094845
v -1.428758 39.672283 35.231518
v -1.143491 38.890572 34.774464
v -1.089328 38.984383 35.094845
v -0.932556 39.255917 35.231518
v -0.397131 38.618912 34.774464
v -0.378320 38.725594 35.094845
v -0.323873 39.034374 35.231518
v 0.397130 38.618912 34.774464
v 0.378319 38.725594 35.094845
v 0.323872 39.034374 35.231518
v 1.143491 38.890572 34.774464
v 1.089328 38.984383 35.094845
v 0.932555 39.255917 35.231518
v 1.751930 39.401112 34.774464
v 1.668947 39.470737 35.094845
v 1.428758 39.672283 35.231518
v 2.149060 40.088959 34.774464
v 2.047266 40.126007 35.094845
v 1.752631 40.233250 35.231518
v 2.286982 40.871151 34.774464
v 2.178656 40.871151 35.094845
v 1.865111 40.871151 35.231518
vt 0.592486 0.496548
vt 0.592486 0.450257
vt 0.620610 0.493704
vt 0.620610 0.444913
vt 0.620610 0.549188
vt 0.592486 0.415899
vt 0.592486 0.549188
vt 0.620610 0.408699
vt 0.620610 0.604671
vt 0.592486 0.601828
vt 0.620610 0.653463
vt 0.592486 0.648119
vt 0.620610 0.689677
vt 0.592486 0.682477
vt 0.482811 0.628331
vt 0.482811 0.582040
vt 0.510935 0.633675
vt 0.510935 0.584884
vt 0.510935 0.669889
vt 0.482811 0.529400
vt 0.482811 0.662689
vt 0.510935 0.529400
vt 0.482811 0.476760
vt 0.510935 0.473916
vt 0.482811 0.430469
vt 0.510935 0.425125
vt 0.482811 0.396111
vt 0.510935 0.388911
vt 0.383510 0.835230
vt 0.383510 0.772548
vt 0.411085 0.835230
vt 0.355935 0.773028
vt 0.411085 0.773028
vt 0.411085 0.897433
vt 0.355935 0.835230
vt 0.355935 0.718329
vt 0.383510 0.717426
vt 0.438661 0.835230
vt 0.383510 0.897913
vt 0.438661 0.896952
vt 0.328360 0.773509
vt 0.328360 0.719232
vt 0.411085 0.718329
vt 0.438661 0.773509
vt 0.411085 0.952132
vt 0.438661 0.951229
vt 0.328360 0.835230
vt 0.355935 0.897433
vt 0.328360 0.678946
vt 0.355935 0.677729
vt 0.383510 0.676512
vt 0.383510 0.953035
vt 0.411085 0.677729
vt 0.438661 0.719232
vt 0.411085 0.992732
vt 0.438661 0.991515
vt 0.328360 0.896952
vt 0.355935 0.952132
vt 0.383510 0.993949
vt 0.438661 0.678946
vt 0.328360 0.951229
vt 0.355935 0.992732
vt 0.328360 0.991515
vt 0.504371 0.772548
vt 0.504371 0.717426
vt 0.531946 0.773028
vt 0.476795 0.718329
vt 0.531946 0.718329
vt 0.531946 0.835230
vt 0.476795 0.773028
vt 0.476795 0.677729
vt 0.504371 0.676512
vt 0.559521 0.773509
vt 0.504371 0.835230
vt 0.559521 0.835230
vt 0.449220 0.719232
vt 0.449220 0.678946
vt 0.531946 0.677729
vt 0.559521 0.719232
vt 0.531946 0.897433
vt 0.559521 0.896952
vt 0.449220 0.773509
vt 0.476795 0.835230
vt 0.504371 0.897913
vt 0.559521 0.678946
vt 0.531946 0.952132
vt 0.559521 0.951229
vt 0.449220 0.835230
vt 0.476795 0.897433
vt 0.504371 0.953035
vt 0.531946 0.992732
vt 0.559521 0.991515
vt 0.449220 0.896952
vt 0.476795 0.952132
vt 0.504371 0.993949
vt 0.449220 0.951229
vt 0.476795 0.992732
vt 0.449220 0.991515
vt 0.177105 0.838780
vt 0.177105 0.776951
vt 0.204809 0.838780
vt 0.204809 0.778357
vt 0.204809 0.899203
vt 0.177105 0.722580
vt 0.177105 0.900609
vt 0.204809 0.725222
vt 0.204809 0.952338
vt 0.177105 0.682224
vt 0.177105 0.954980
vt 0.204809 0.685783
vt 0.204809 0.991776
vt 0.177105 0.995336
vt 0.290353 0.776951
vt 0.290353 0.722580
vt 0.318057 0.778357
vt 0.318057 0.725222
vt 0.318057 0.838780
vt 0.290353 0.682224
vt 0.290353 0.838780
vt 0.318057 0.685783
vt 0.318057 0.899203
vt 0.290353 0.900609
vt 0.318057 0.952338
vt 0.290353 0.954980
vt 0.318057 0.991776
vt 0.290353 0.995336
vt 0.063902 0.837031
vt 0.063902 0.776959
vt 0.091516 0.837031
vt 0.091516 0.776091
vt 0.091516 0.897971
vt 0.063902 0.724133
vt 0.063902 0.897103
vt 0.091516 0.722501
vt 0.091516 0.951562
vt 0.063902 0.684924
vt 0.063902 0.949929
vt 0.091516 0.682725
vt 0.091516 0.991338
vt 0.063902 0.989139
vt 0.139401 0.776959
vt 0.139401 0.724133
vt 0.167015 0.776091
vt 0.167015 0.722501
vt 0.167015 0.837031
vt 0.139401 0.684924
vt 0.139401 0.837031
vt 0.167015 0.682725
vt 0.167015 0.897972
vt 0.139401 0.897103
vt 0.167015 0.951562
vt 0.139401 0.949929
vt 0.167015 0.991338
vt 0.139401 0.989139
vt 0.139331 0.523203
vt 0.139331 0.465748
vt 0.167035 0.523203
vt 0.167035 0.464342
vt 0.167035 0.582064
vt 0.139331 0.415222
vt 0.139331 0.580658
vt 0.167035 0.412580
vt 0.167035 0.633825
vt 0.139331 0.377721
vt 0.139331 0.631183
vt 0.167035 0.374162
vt 0.167035 0.672244
vt 0.139331 0.668684
vt 0.101582 0.465748
vt 0.101582 0.415222
vt 0.129285 0.464342
vt 0.129285 0.412580
vt 0.129285 0.523203
vt 0.101582 0.377721
vt 0.101582 0.523203
vt 0.129285 0.374162
vt 0.129285 0.582064
vt 0.101582 0.580658
vt 0.129285 0.633825
vt 0.101582 0.631183
vt 0.129285 0.672244
vt 0.101582 0.668684
vt 0.443554 0.508241
vt 0.443554 0.444865
vt 0.471168 0.508241
vt 0.471168 0.445733
vt 0.471168 0.570750
vt 0.443554 0.389132
vt 0.443554 0.571618
vt 0.471168 0.390765
vt 0.471168 0.625718
vt 0.443554 0.347766
vt 0.443554 0.627351
vt 0.471168 0.349965
vt 0.471168 0.666518
vt 0.443554 0.668717
vt 0.405261 0.444865
vt 0.405261 0.389132
vt 0.432875 0.445733
vt 0.432875 0.390765
vt 0.432875 0.508241
vt 0.405261 0.347766
vt 0.405261 0.508241
vt 0.432875 0.349965
vt 0.432875 0.570750
vt 0.405261 0.571618
vt 0.432875 0.625718
vt 0.405261 0.627351
vt 0.432875 0.666517
vt 0.405261 0.668717
vt 0.176870 0.523474
vt 0.176870 0.463611
vt 0.204994 0.523474
vt 0.204994 0.466455
vt 0.204994 0.580494
vt 0.176870 0.410969
vt 0.176870 0.583337
vt 0.204994 0.416313
vt 0.204994 0.630635
vt 0.176870 0.371896
vt 0.176870 0.635980
vt 0.204994 0.379096
vt 0.204994 0.667852
vt 0.176870 0.675052
vt 0.290118 0.463611
vt 0.290118 0.410969
vt 0.318242 0.466455
vt 0.318242 0.416313
vt 0.318242 0.523474
vt 0.290118 0.371896
vt 0.290118 0.523474
vt 0.318242 0.379096
vt 0.318242 0.580494
vt 0.290118 0.583337
vt 0.318242 0.630635
vt 0.290118 0.635980
vt 0.318242 0.667852
vt 0.290118 0.675052
vt 0.598753 0.946656
vt 0.640963 0.946651
vt 0.598755 0.959546
vt 0.640965 0.959540
vt 0.567425 0.959550
vt 0.688962 0.946644
vt 0.567424 0.946661
vt 0.688964 0.959533
vt 0.736962 0.946638
vt 0.736964 0.959526
vt 0.779172 0.946632
vt 0.779174 0.959521
vt 0.810501 0.946627
vt 0.810503 0.959516
vt 0.689238 0.927596
vt 0.737237 0.927590
vt 0.689239 0.940485
vt 0.737239 0.940479
vt 0.641240 0.940492
vt 0.779447 0.927584
vt 0.641238 0.927603
vt 0.779449 0.940473
vt 0.599030 0.940498
vt 0.810776 0.927579
vt 0.599028 0.927608
vt 0.810778 0.940469
vt 0.567700 0.940502
vt 0.567699 0.927613
vt 0.638410 0.965665
vt 0.596202 0.978560
vt 0.596200 0.965671
vt 0.638412 0.978555
vt 0.564872 0.978565
vt 0.686410 0.965659
vt 0.564871 0.965675
vt 0.686412 0.978548
vt 0.734410 0.965652
vt 0.734412 0.978541
vt 0.776620 0.965646
vt 0.776622 0.978535
vt 0.807949 0.965642
vt 0.807951 0.978531
vt 0.776345 0.984694
vt 0.734136 0.997589
vt 0.734134 0.984700
vt 0.776346 0.997583
vt 0.686137 0.997596
vt 0.807673 0.984689
vt 0.686135 0.984706
vt 0.807675 0.997579
vt 0.638137 0.997602
vt 0.638136 0.984713
vt 0.595928 0.997608
vt 0.595926 0.984719
vt 0.564598 0.997612
vt 0.564597 0.984723
vt 0.063832 0.523203
vt 0.063832 0.464342
vt 0.091536 0.523203
vt 0.091536 0.465748
vt 0.091536 0.580658
vt 0.063832 0.412580
vt 0.063832 0.582064
vt 0.091536 0.415222
vt 0.091536 0.631184
vt 0.063832 0.374161
vt 0.063832 0.633825
vt 0.091536 0.377721
vt 0.091536 0.668685
vt 0.063832 0.672244
vt 0.026083 0.464342
vt 0.026083 0.412580
vt 0.053787 0.465747
vt 0.053787 0.415222
vt 0.053787 0.523203
vt 0.026083 0.374161
vt 0.026083 0.523203
vt 0.053787 0.377720
vt 0.053787 0.580658
vt 0.026083 0.582064
vt 0.053787 0.631184
vt 0.026083 0.633826
vt 0.053787 0.668685
vt 0.026083 0.672245
vt 0.026153 0.837031
vt 0.026153 0.776091
vt 0.053767 0.837031
vt 0.053767 0.776959
vt 0.053767 0.897103
vt 0.026153 0.722501
vt 0.026153 0.897972
vt 0.053767 0.724133
vt 0.053767 0.949930
vt 0.026153 0.682724
vt 0.026153 0.951562
vt 0.053767 0.684923
vt 0.053767 0.989139
vt 0.026153 0.991338
vt 0.101651 0.776091
vt 0.101651 0.722500
vt 0.129266 0.776959
vt 0.129266 0.724132
vt 0.129266 0.837031
vt 0.101651 0.682724
vt 0.101651 0.837031
vt 0.129266 0.684923
vt 0.129266 0.897103
vt 0.101651 0.897972
vt 0.129266 0.949930
vt 0.101651 0.951562
vt 0.129266 0.989139
vt 0.101651 0.991338
vt 0.252604 0.838780
vt 0.252604 0.778357
vt 0.280308 0.838780
vt 0.280308 0.776951
vt 0.280308 0.900609
vt 0.252604 0.725222
vt 0.252604 0.899203
vt 0.280308 0.722580
vt 0.280308 0.954980
vt 0.252604 0.685783
vt 0.252604 0.952338
vt 0.280308 0.682223
vt 0.280308 0.995336
vt 0.252604 0.991777
vt 0.214855 0.778357
vt 0.214855 0.725222
vt 0.242558 0.776951
vt 0.242558 0.722580
vt 0.242558 0.838780
vt 0.214855 0.685783
vt 0.214855 0.838780
vt 0.242558 0.682224
vt 0.242558 0.900609
vt 0.214855 0.899203
vt 0.242558 0.954980
vt 0.214855 0.952338
vt 0.242558 0.995336
vt 0.214855 0.991776
vt 0.328674 0.508241
vt 0.328674 0.445733
vt 0.356288 0.508241
vt 0.356288 0.444865
vt 0.356288 0.571618
vt 0.328674 0.390765
vt 0.328674 0.570750
vt 0.356288 0.389132
vt 0.356288 0.627351
vt 0.328674 0.349965
vt 0.328674 0.625718
vt 0.356288 0.347766
vt 0.356288 0.668717
vt 0.328674 0.666518
vt 0.366967 0.445733
vt 0.366967 0.390765
vt 0.394581 0.444865
vt 0.394581 0.389132
vt 0.394581 0.508242
vt 0.366967 0.349966
vt 0.366967 0.508242
vt 0.394581 0.347766
vt 0.394581 0.571618
vt 0.366967 0.570750
vt 0.394581 0.627351
vt 0.366967 0.625718
vt 0.394581 0.668717
vt 0.366967 0.666518
vt 0.214619 0.523474
vt 0.214619 0.466455
vt 0.242744 0.523474
vt 0.242744 0.463611
vt 0.242744 0.583337
vt 0.214619 0.416313
vt 0.214619 0.580494
vt 0.242744 0.410969
vt 0.242744 0.635980
vt 0.214619 0.379096
vt 0.214619 0.630635
vt 0.242744 0.371896
vt 0.242744 0.675052
vt 0.214619 0.667852
vt 0.252369 0.466455
vt 0.252369 0.416313
vt 0.280493 0.463611
vt 0.280493 0.410969
vt 0.280493 0.523474
vt 0.252369 0.379096
vt 0.252369 0.523474
vt 0.280493 0.371896
vt 0.280493 0.583337
vt 0.252369 0.580494
vt 0.280493 0.635980
vt 0.252369 0.630635
vt 0.280493 0.675052
vt 0.252369 0.667852
vt 0.521104 0.529400
vt 0.521104 0.473917
vt 0.549229 0.529400
vt 0.549229 0.476760
vt 0.549229 0.582040
vt 0.521104 0.425125
vt 0.521104 0.584883
vt 0.549229 0.430470
vt 0.549229 0.628330
vt 0.521104 0.388911
vt 0.521104 0.633675
vt 0.549229 0.396111
vt 0.549229 0.662689
vt 0.521104 0.669889
vt 0.558504 0.473424
vt 0.558504 0.424633
vt 0.586628 0.476268
vt 0.586628 0.429977
vt 0.586628 0.528908
vt 0.558504 0.388419
vt 0.558504 0.528908
vt 0.586628 0.395619
vt 0.586628 0.581548
vt 0.558504 0.584391
vt 0.586628 0.627838
vt 0.558504 0.633182
vt 0.586628 0.662197
vt 0.558504 0.669397
vt 0.835564 0.010725
vt 0.837452 0.010725
vt 0.835941 0.022066
vt 0.838161 0.022066
vt 0.833418 0.022066
vt 0.838854 0.010725
vt 0.837936 0.023100
vt 0.833417 0.010725
vt 0.835822 0.023100
vt 0.839808 0.022066
vt 0.839505 0.023099
vt 0.830895 0.022067
vt 0.833418 0.023100
vt 0.831270 0.010725
vt 0.828676 0.022067
vt 0.831014 0.023100
vt 0.829382 0.010725
vt 0.827028 0.022067
vt 0.828900 0.023100
vt 0.827981 0.010725
vt 0.827331 0.023100
vt 0.811105 0.010726
vt 0.812993 0.010725
vt 0.810399 0.022067
vt 0.812618 0.022067
vt 0.808752 0.022067
vt 0.815140 0.010725
vt 0.812738 0.023100
vt 0.809703 0.010726
vt 0.810624 0.023101
vt 0.815141 0.022066
vt 0.815141 0.023100
vt 0.809055 0.023101
vt 0.817287 0.010725
vt 0.817665 0.022066
vt 0.817545 0.023100
vt 0.819175 0.010724
vt 0.819884 0.022066
vt 0.819659 0.023099
vt 0.820576 0.010724
vt 0.821531 0.022066
vt 0.821228 0.023099
vt 0.883821 0.218622
vt 0.859716 0.232539
vt 0.881776 0.213004
vt 0.855873 0.227959
vt 0.911232 0.207810
vt 0.841825 0.253861
vt 0.911232 0.213789
vt 0.836647 0.250872
vt 0.940688 0.213004
vt 0.832305 0.280017
vt 0.938644 0.218622
vt 0.826417 0.278978
vt 0.966592 0.227959
vt 0.832305 0.307851
vt 0.962748 0.232539
vt 0.826417 0.308889
vt 0.985818 0.250872
vt 0.841825 0.334006
vt 0.980640 0.253861
vt 0.836647 0.336995
vt 0.996048 0.278978
vt 0.859716 0.355328
vt 0.990160 0.280017
vt 0.855873 0.359908
vt 0.996048 0.308889
vt 0.883821 0.369245
vt 0.990160 0.307851
vt 0.881776 0.374863
vt 0.985818 0.336995
vt 0.911232 0.374078
vt 0.980640 0.334006
vt 0.911232 0.380057
vt 0.966592 0.359908
vt 0.938644 0.369245
vt 0.962748 0.355328
vt 0.940688 0.374863
vt 0.940986 0.020115
vt 0.966889 0.035071
vt 0.938941 0.025734
vt 0.963046 0.039651
vt 0.911530 0.020900
vt 0.986115 0.057983
vt 0.911530 0.014922
vt 0.980937 0.060973
vt 0.884119 0.025734
vt 0.996345 0.086090
vt 0.882074 0.020115
vt 0.990457 0.087128
vt 0.860014 0.039651
vt 0.996345 0.116000
vt 0.856171 0.035071
vt 0.990457 0.114962
vt 0.842123 0.060973
vt 0.986115 0.144107
vt 0.836945 0.057983
vt 0.980938 0.141118
vt 0.832603 0.087128
vt 0.966889 0.167020
vt 0.826715 0.086090
vt 0.963046 0.162440
vt 0.832603 0.114962
vt 0.940986 0.181975
vt 0.826715 0.116000
vt 0.938941 0.176357
vt 0.842123 0.141118
vt 0.911530 0.187169
vt 0.836945 0.144107
vt 0.911530 0.181190
vt 0.860014 0.162440
vt 0.882074 0.181975
vt 0.856171 0.167020
vt 0.884119 0.176357
vt 0.480995 0.142718
vt 0.510291 0.125804
vt 0.543606 0.217335
vt 0.543606 0.119930
vt 0.459250 0.168632
vt 0.576921 0.125804
vt 0.447680 0.200421
vt 0.606217 0.142718
vt 0.447680 0.234249
vt 0.627962 0.168632
vt 0.459250 0.266038
vt 0.639532 0.200421
vt 0.480995 0.291952
vt 0.639532 0.234249
vt 0.510291 0.308866
vt 0.627962 0.266038
vt 0.543606 0.314740
vt 0.606217 0.291952
vt 0.576921 0.308866
vt 0.744745 0.014979
vt 0.774041 0.031893
vt 0.711430 0.106510
vt 0.795786 0.057807
vt 0.711430 0.009104
vt 0.807356 0.089595
vt 0.678116 0.014979
vt 0.807356 0.123424
vt 0.648819 0.031893
vt 0.795786 0.155212
vt 0.627075 0.057807
vt 0.774041 0.181127
vt 0.615505 0.089595
vt 0.744745 0.198041
vt 0.615505 0.123424
vt 0.711430 0.203915
vt 0.627075 0.155212
vt 0.678116 0.198041
vt 0.648819 0.181127
vt 0.404779 0.108944
vt 0.388172 0.111872
vt 0.404779 0.107685
vt 0.387742 0.110689
vt 0.421817 0.110689
vt 0.373568 0.120304
vt 0.421387 0.111872
vt 0.372759 0.119340
vt 0.436800 0.119340
vt 0.362728 0.133222
vt 0.435991 0.120304
vt 0.361638 0.132593
vt 0.447920 0.132593
vt 0.356960 0.149068
vt 0.446830 0.133222
vt 0.355721 0.148850
vt 0.453837 0.148850
vt 0.356960 0.165932
vt 0.452598 0.149068
vt 0.355721 0.166150
vt 0.453837 0.166150
vt 0.362728 0.181778
vt 0.452598 0.165932
vt 0.361638 0.182408
vt 0.447920 0.182408
vt 0.373568 0.194697
vt 0.446830 0.181778
vt 0.372759 0.195661
vt 0.436800 0.195661
vt 0.388172 0.203128
vt 0.435991 0.194697
vt 0.387741 0.204311
vt 0.421817 0.204311
vt 0.404779 0.206057
vt 0.421387 0.203128
vt 0.404779 0.207315
vt 0.220345 0.113208
vt 0.204125 0.110348
vt 0.220776 0.112025
vt 0.204125 0.109089
vt 0.235418 0.120479
vt 0.187906 0.113208
vt 0.234609 0.121443
vt 0.187475 0.112025
vt 0.246286 0.133430
vt 0.173642 0.121443
vt 0.245196 0.134060
vt 0.172833 0.120479
vt 0.252068 0.149318
vt 0.163055 0.134060
vt 0.250829 0.149537
vt 0.161965 0.133430
vt 0.252068 0.166225
vt 0.157422 0.149537
vt 0.250829 0.166007
vt 0.156183 0.149318
vt 0.246286 0.182113
vt 0.157422 0.166007
vt 0.245196 0.181484
vt 0.156183 0.166225
vt 0.235418 0.195064
vt 0.163055 0.181484
vt 0.234609 0.194100
vt 0.161965 0.182113
vt 0.220776 0.203518
vt 0.173642 0.194100
vt 0.220345 0.202335
vt 0.172833 0.195064
vt 0.204125 0.206454
vt 0.187906 0.202335
vt 0.204125 0.205195
vt 0.187475 0.203518
vt 0.054890 0.006100
vt 0.037803 0.009113
vt 0.054890 0.004833
vt 0.037370 0.007922
vt 0.072411 0.007922
vt 0.022776 0.017789
vt 0.071978 0.009113
vt 0.021962 0.016818
vt 0.087819 0.016818
vt 0.011623 0.031080
vt 0.087005 0.017789
vt 0.010526 0.030447
vt 0.099255 0.030447
vt 0.005689 0.047385
vt 0.098158 0.031080
vt 0.004441 0.047165
vt 0.105340 0.047165
vt 0.005689 0.064736
vt 0.104092 0.047385
vt 0.004441 0.064956
vt 0.105340 0.064956
vt 0.011623 0.081041
vt 0.104092 0.064736
vt 0.010526 0.081674
vt 0.099255 0.081674
vt 0.022776 0.094333
vt 0.098158 0.081041
vt 0.021962 0.095303
vt 0.087819 0.095303
vt 0.037803 0.103008
vt 0.087005 0.094333
vt 0.037370 0.104199
vt 0.072411 0.104199
vt 0.054890 0.106021
vt 0.071978 0.103008
vt 0.054890 0.107288
vt 0.278662 0.009071
vt 0.261815 0.006100
vt 0.279096 0.007880
vt 0.261815 0.004833
vt 0.294292 0.016654
vt 0.244968 0.009071
vt 0.293478 0.017624
vt 0.244534 0.007880
vt 0.305571 0.030096
vt 0.230152 0.017624
vt 0.304474 0.030729
vt 0.229338 0.016654
vt 0.311573 0.046585
vt 0.219156 0.030729
vt 0.310325 0.046805
vt 0.218058 0.030096
vt 0.311573 0.064132
vt 0.213305 0.046805
vt 0.310325 0.063912
vt 0.212057 0.046585
vt 0.305572 0.080621
vt 0.213305 0.063912
vt 0.304474 0.079988
vt 0.212057 0.064132
vt 0.294292 0.094063
vt 0.219156 0.079988
vt 0.293478 0.093093
vt 0.218058 0.080621
vt 0.279096 0.102837
vt 0.230152 0.093093
vt 0.278662 0.101646
vt 0.229338 0.094063
vt 0.261815 0.105884
vt 0.244968 0.101646
vt 0.261815 0.104617
vt 0.244534 0.102837
vt 0.051229 0.209474
vt 0.035397 0.212266
vt 0.051229 0.208255
vt 0.034980 0.211120
vt 0.067479 0.211120
vt 0.021474 0.220304
vt 0.067062 0.212266
vt 0.020690 0.219370
vt 0.081768 0.219370
vt 0.011140 0.232619
vt 0.080985 0.220304
vt 0.010084 0.232010
vt 0.092375 0.232010
vt 0.005641 0.247727
vt 0.091319 0.232619
vt 0.004441 0.247515
vt 0.098018 0.247515
vt 0.005641 0.263803
vt 0.096817 0.247727
vt 0.004441 0.264015
vt 0.098018 0.264015
vt 0.011140 0.278911
vt 0.096817 0.263804
vt 0.010084 0.279520
vt 0.092375 0.279520
vt 0.021474 0.291226
vt 0.091319 0.278911
vt 0.020690 0.292160
vt 0.081768 0.292160
vt 0.035397 0.299265
vt 0.080985 0.291226
vt 0.034980 0.300410
vt 0.067479 0.300410
vt 0.051229 0.302056
vt 0.067062 0.299265
vt 0.051229 0.303275
vt 0.349946 0.212991
vt 0.334885 0.210335
vt 0.350363 0.211845
vt 0.334885 0.209116
vt 0.363974 0.219703
vt 0.319825 0.212991
vt 0.363190 0.220637
vt 0.319408 0.211845
vt 0.374076 0.231743
vt 0.306581 0.220637
vt 0.373020 0.232352
vt 0.305797 0.219703
vt 0.379451 0.246511
vt 0.296751 0.232352
vt 0.378251 0.246723
vt 0.295695 0.231743
vt 0.379451 0.262228
vt 0.291520 0.246723
vt 0.378251 0.262016
vt 0.290319 0.246511
vt 0.374076 0.276996
vt 0.291520 0.262016
vt 0.373020 0.276387
vt 0.290319 0.262228
vt 0.363974 0.289036
vt 0.296751 0.276387
vt 0.363190 0.288102
vt 0.295695 0.276996
vt 0.350363 0.296894
vt 0.306581 0.288102
vt 0.349946 0.295748
vt 0.305797 0.289036
vt 0.334885 0.299623
vt 0.319825 0.295748
vt 0.334885 0.298404
vt 0.319408 0.296894
vt 0.105472 0.110348
vt 0.089252 0.113208
vt 0.105472 0.109089
vt 0.088821 0.112025
vt 0.122122 0.112025
vt 0.074988 0.121443
vt 0.121692 0.113208
vt 0.074179 0.120479
vt 0.136764 0.120479
vt 0.064401 0.134060
vt 0.135955 0.121443
vt 0.063312 0.133430
vt 0.147632 0.133430
vt 0.058768 0.149537
vt 0.146542 0.134060
vt 0.057529 0.149318
vt 0.153414 0.149318
vt 0.058768 0.166007
vt 0.152175 0.149537
vt 0.057529 0.166225
vt 0.153414 0.166225
vt 0.064401 0.181484
vt 0.152175 0.166007
vt 0.063311 0.182113
vt 0.147632 0.182113
vt 0.074988 0.194100
vt 0.146542 0.181484
vt 0.074179 0.195064
vt 0.136764 0.195064
vt 0.089252 0.202335
vt 0.135955 0.194100
vt 0.088821 0.203518
vt 0.122122 0.203518
vt 0.105472 0.205195
vt 0.121692 0.202335
vt 0.105472 0.206454
vt 0.320502 0.111872
vt 0.303895 0.108944
vt 0.320932 0.110689
vt 0.303895 0.107685
vt 0.335915 0.119340
vt 0.287287 0.111872
vt 0.335106 0.120304
vt 0.286857 0.110689
vt 0.347036 0.132593
vt 0.272683 0.120304
vt 0.345946 0.133222
vt 0.271874 0.119340
vt 0.352953 0.148850
vt 0.261843 0.133222
vt 0.351713 0.149068
vt 0.260754 0.132593
vt 0.352953 0.166150
vt 0.256076 0.149068
vt 0.351713 0.165932
vt 0.254836 0.148850
vt 0.347036 0.182408
vt 0.256076 0.165932
vt 0.345946 0.181778
vt 0.254836 0.166150
vt 0.335915 0.195661
vt 0.261843 0.181778
vt 0.335106 0.194697
vt 0.260754 0.182408
vt 0.320932 0.204311
vt 0.272683 0.194697
vt 0.320502 0.203128
vt 0.271874 0.195661
vt 0.303895 0.207315
vt 0.287287 0.203128
vt 0.303895 0.206057
vt 0.286857 0.204311
vt 0.364700 0.006100
vt 0.347852 0.009071
vt 0.364700 0.004833
vt 0.347419 0.007880
vt 0.381980 0.007880
vt 0.333037 0.017624
vt 0.381547 0.009071
vt 0.332222 0.016654
vt 0.397177 0.016654
vt 0.322040 0.030729
vt 0.396362 0.017624
vt 0.320943 0.030096
vt 0.408456 0.030096
vt 0.316189 0.046805
vt 0.407359 0.030729
vt 0.314941 0.046585
vt 0.414458 0.046585
vt 0.316189 0.063912
vt 0.413210 0.046805
vt 0.314941 0.064132
vt 0.414458 0.064132
vt 0.322040 0.079988
vt 0.413210 0.063912
vt 0.320943 0.080621
vt 0.408456 0.080621
vt 0.333037 0.093093
vt 0.407359 0.079988
vt 0.332222 0.094063
vt 0.397177 0.094063
vt 0.347852 0.101646
vt 0.396362 0.093093
vt 0.347419 0.102837
vt 0.381980 0.102837
vt 0.364700 0.104617
vt 0.381547 0.101646
vt 0.364700 0.105884
vt 0.175830 0.009113
vt 0.158742 0.006100
vt 0.176263 0.007922
vt 0.158742 0.004833
vt 0.191671 0.016818
vt 0.141655 0.009113
vt 0.190856 0.017789
vt 0.141221 0.007922
vt 0.203107 0.030447
vt 0.126628 0.017789
vt 0.202009 0.031080
vt 0.125814 0.016818
vt 0.209192 0.047165
vt 0.115475 0.031080
vt 0.207944 0.047385
vt 0.114378 0.030447
vt 0.209192 0.064956
vt 0.109541 0.047385
vt 0.207944 0.064736
vt 0.108293 0.047165
vt 0.203107 0.081674
vt 0.109541 0.064736
vt 0.202010 0.081041
vt 0.108293 0.064956
vt 0.191671 0.095303
vt 0.115475 0.081041
vt 0.190856 0.094333
vt 0.114378 0.081674
vt 0.176263 0.104199
vt 0.126628 0.094333
vt 0.175830 0.103008
vt 0.125814 0.095303
vt 0.158742 0.107288
vt 0.141655 0.103008
vt 0.158742 0.106021
vt 0.141221 0.104199
vt 0.242553 0.210335
vt 0.227492 0.212991
vt 0.242553 0.209116
vt 0.227076 0.211845
vt 0.258031 0.211845
vt 0.214248 0.220637
vt 0.257614 0.212991
vt 0.213465 0.219703
vt 0.271642 0.219703
vt 0.204418 0.232352
vt 0.270858 0.220637
vt 0.203363 0.231743
vt 0.281744 0.231743
vt 0.199188 0.246723
vt 0.280688 0.232352
vt 0.197987 0.246511
vt 0.287119 0.246511
vt 0.199188 0.262016
vt 0.285919 0.246723
vt 0.197987 0.262228
vt 0.287119 0.262228
vt 0.204418 0.276387
vt 0.285919 0.262016
vt 0.203362 0.276996
vt 0.281744 0.276996
vt 0.214248 0.288102
vt 0.280688 0.276387
vt 0.213465 0.289036
vt 0.271642 0.289036
vt 0.227492 0.295748
vt 0.270858 0.288102
vt 0.227076 0.296894
vt 0.258031 0.296894
vt 0.242553 0.298404
vt 0.257614 0.295748
vt 0.242553 0.299623
vt 0.163879 0.212266
vt 0.148046 0.209474
vt 0.164296 0.211120
vt 0.148046 0.208255
vt 0.178585 0.219370
vt 0.132214 0.212266
vt 0.177802 0.220304
vt 0.131797 0.211120
vt 0.189192 0.232010
vt 0.118291 0.220304
vt 0.188136 0.232619
vt 0.117507 0.219370
vt 0.194835 0.247515
vt 0.107957 0.232619
vt 0.193634 0.247727
vt 0.106901 0.232010
vt 0.194835 0.264015
vt 0.102459 0.247727
vt 0.193635 0.263803
vt 0.101258 0.247515
vt 0.189192 0.279520
vt 0.102459 0.263804
vt 0.188136 0.278911
vt 0.101258 0.264015
vt 0.178585 0.292160
vt 0.107957 0.278911
vt 0.177802 0.291226
vt 0.106901 0.279520
vt 0.164296 0.300410
vt 0.118291 0.291226
vt 0.163879 0.299265
vt 0.117508 0.292160
vt 0.148047 0.303275
vt 0.132214 0.299265
vt 0.148047 0.302056
vt 0.131797 0.300410
vt 0.796723 0.010412
vt 0.798772 0.010412
vt 0.796173 0.021753
vt 0.798581 0.021753
vt 0.800952 0.010412
vt 0.798641 0.022787
vt 0.801143 0.021753
vt 0.796347 0.022787
vt 0.801082 0.022787
vt 0.803001 0.010412
vt 0.803551 0.021753
vt 0.803376 0.022787
vt 0.782758 0.010523
vt 0.784807 0.010523
vt 0.782208 0.021865
vt 0.784616 0.021865
vt 0.786987 0.010523
vt 0.784676 0.022898
vt 0.787178 0.021865
vt 0.782383 0.022898
vt 0.787117 0.022898
vt 0.789036 0.010523
vt 0.789586 0.021865
vt 0.789411 0.022898
vt 0.735896 0.752362
vt 0.735896 0.799104
vt 0.709724 0.748493
vt 0.709724 0.797761
vt 0.735896 0.848847
vt 0.709724 0.850191
vt 0.735896 0.895590
vt 0.709724 0.899458
vt 0.810677 0.709013
vt 0.810677 0.662270
vt 0.836850 0.712881
vt 0.836850 0.663614
vt 0.810677 0.612528
vt 0.836850 0.611184
vt 0.810677 0.565785
vt 0.836850 0.561917
vt 0.806604 0.442030
vt 0.806604 0.386370
vt 0.832266 0.442257
vt 0.780943 0.387023
vt 0.832266 0.387023
vt 0.832266 0.501036
vt 0.780943 0.442257
vt 0.857927 0.442484
vt 0.806604 0.501263
vt 0.857927 0.500809
vt 0.755281 0.387677
vt 0.857927 0.387677
vt 0.832266 0.556270
vt 0.857927 0.555616
vt 0.755281 0.442484
vt 0.780943 0.501036
vt 0.806604 0.556924
vt 0.755281 0.500809
vt 0.780943 0.556270
vt 0.755281 0.555616
vt 0.916018 0.501263
vt 0.916018 0.556924
vt 0.890356 0.501036
vt 0.941680 0.556270
vt 0.890356 0.556270
vt 0.890356 0.442258
vt 0.941680 0.501036
vt 0.864695 0.500809
vt 0.916018 0.442031
vt 0.864695 0.442485
vt 0.967341 0.555617
vt 0.864695 0.555617
vt 0.890356 0.387024
vt 0.864695 0.387677
vt 0.967341 0.500809
vt 0.941680 0.442258
vt 0.916018 0.386370
vt 0.967341 0.442485
vt 0.941680 0.387024
vt 0.967341 0.387677
vt 0.643531 0.637130
vt 0.643531 0.582228
vt 0.669312 0.637795
vt 0.669312 0.584141
vt 0.669312 0.694892
vt 0.643531 0.695556
vt 0.669312 0.748546
vt 0.643531 0.750458
vt 0.669677 0.867261
vt 0.669677 0.922163
vt 0.643896 0.866597
vt 0.643896 0.920251
vt 0.643896 0.809499
vt 0.669677 0.808835
vt 0.643896 0.755845
vt 0.669677 0.753933
vt 0.707847 0.633151
vt 0.707847 0.579809
vt 0.733544 0.632741
vt 0.733544 0.578627
vt 0.733544 0.690327
vt 0.707847 0.689916
vt 0.733544 0.744440
vt 0.707847 0.743259
vt 0.933577 0.672267
vt 0.933577 0.725609
vt 0.907879 0.672678
vt 0.907879 0.726791
vt 0.907879 0.615092
vt 0.933577 0.615502
vt 0.907879 0.560979
vt 0.933577 0.562160
vt 0.843778 0.777796
vt 0.843778 0.726778
vt 0.869560 0.777132
vt 0.869560 0.724865
vt 0.869560 0.832753
vt 0.843778 0.832089
vt 0.869560 0.885021
vt 0.843778 0.883108
vt 0.802630 0.833924
vt 0.802630 0.884943
vt 0.776849 0.834589
vt 0.776849 0.886856
vt 0.776849 0.778967
vt 0.802630 0.779631
vt 0.776849 0.726700
vt 0.802630 0.728612
vt 0.626816 0.463279
vt 0.626816 0.407002
vt 0.652514 0.463690
vt 0.652514 0.408184
vt 0.652514 0.522758
vt 0.626816 0.523168
vt 0.652514 0.578263
vt 0.626816 0.579445
vt 0.685145 0.523168
vt 0.685145 0.579445
vt 0.659447 0.522758
vt 0.659447 0.578263
vt 0.659447 0.463690
vt 0.685145 0.463279
vt 0.659447 0.408184
vt 0.685145 0.407002
vt 0.843540 0.612823
vt 0.843540 0.559667
vt 0.869712 0.614167
vt 0.869712 0.563535
vt 0.869712 0.668048
vt 0.843540 0.669392
vt 0.869712 0.718680
vt 0.843540 0.722549
vt 0.803646 0.670744
vt 0.803646 0.723900
vt 0.777474 0.669400
vt 0.777474 0.720032
vt 0.777474 0.615519
vt 0.803646 0.614176
vt 0.777474 0.564887
vt 0.803646 0.561019
vt 0.909155 0.929275
vt 0.951777 0.929271
vt 0.909156 0.941270
vt 0.951778 0.941266
vt 0.863798 0.941274
vt 0.863797 0.929279
vt 0.821177 0.941278
vt 0.821176 0.929283
vt 0.864156 0.924112
vt 0.821534 0.924116
vt 0.864155 0.912118
vt 0.821533 0.912121
vt 0.909513 0.912114
vt 0.909514 0.924108
vt 0.952134 0.912110
vt 0.952136 0.924104
vt 0.951530 0.958429
vt 0.908908 0.958433
vt 0.951529 0.946434
vt 0.908906 0.946438
vt 0.863550 0.958437
vt 0.863549 0.946442
vt 0.820928 0.958441
vt 0.820926 0.946446
vt 0.821781 0.894959
vt 0.864404 0.894955
vt 0.821782 0.906953
vt 0.864405 0.906949
vt 0.909761 0.894951
vt 0.909763 0.906945
vt 0.952383 0.894947
vt 0.952385 0.906941
vt 0.906420 0.782358
vt 0.906420 0.730091
vt 0.932201 0.783022
vt 0.932201 0.732003
vt 0.932201 0.837315
vt 0.906420 0.837979
vt 0.932201 0.888333
vt 0.906420 0.890246
vt 0.901055 0.837235
vt 0.901055 0.889502
vt 0.875274 0.836571
vt 0.875274 0.887589
vt 0.875274 0.782277
vt 0.901055 0.781613
vt 0.875274 0.731259
vt 0.901055 0.729346
vt 0.937939 0.784020
vt 0.937939 0.729906
vt 0.963637 0.784430
vt 0.963637 0.731088
vt 0.963637 0.841195
vt 0.937939 0.841606
vt 0.963637 0.894537
vt 0.937939 0.895719
vt 0.964087 0.672669
vt 0.964087 0.726782
vt 0.938389 0.672258
vt 0.938389 0.725600
vt 0.938389 0.615493
vt 0.964087 0.615082
vt 0.938389 0.562151
vt 0.964087 0.560969
vt 0.674810 0.639147
vt 0.674810 0.585492
vt 0.700591 0.638482
vt 0.700591 0.583580
vt 0.700591 0.696908
vt 0.674810 0.696244
vt 0.700591 0.751811
vt 0.674810 0.749898
vt 0.702308 0.866597
vt 0.702308 0.920251
vt 0.676526 0.867261
vt 0.676526 0.922163
vt 0.676526 0.808835
vt 0.702308 0.809499
vt 0.676526 0.753933
vt 0.702308 0.755845
vt 0.722004 0.438002
vt 0.722004 0.382496
vt 0.747702 0.437591
vt 0.747702 0.381314
vt 0.747702 0.497480
vt 0.722004 0.497070
vt 0.747702 0.553757
vt 0.722004 0.552575
vt 0.716423 0.517349
vt 0.716423 0.572855
vt 0.690725 0.517760
vt 0.690725 0.574037
vt 0.690725 0.457871
vt 0.716423 0.458282
vt 0.690725 0.401594
vt 0.716423 0.402776
vt 0.875584 0.616552
vt 0.875584 0.565921
vt 0.901756 0.615209
vt 0.901756 0.562052
vt 0.901756 0.671777
vt 0.875584 0.670434
vt 0.901756 0.724934
vt 0.875584 0.721065
vt 0.837083 0.824562
vt 0.837083 0.875194
vt 0.810911 0.825906
vt 0.810911 0.879062
vt 0.810911 0.769338
vt 0.837083 0.770681
vt 0.810911 0.716181
vt 0.837083 0.720050
vt 0.743300 0.765313
vt 0.743300 0.716045
vt 0.769473 0.766656
vt 0.769473 0.719913
vt 0.769473 0.816399
vt 0.743300 0.817742
vt 0.769473 0.863142
vt 0.743300 0.867010
vt 0.768568 0.663614
vt 0.768568 0.712881
vt 0.742396 0.662270
vt 0.742396 0.709013
vt 0.742396 0.612528
vt 0.768568 0.611184
vt 0.742396 0.565785
vt 0.768568 0.561917
vt 0.854605 0.011898
vt 0.856414 0.012943
vt 0.852547 0.017552
vt 0.854951 0.010947
vt 0.857758 0.014543
vt 0.852547 0.011535
vt 0.852547 0.010524
vt 0.857065 0.012168
vt 0.858472 0.016507
vt 0.850489 0.011898
vt 0.858634 0.014038
vt 0.858472 0.018597
vt 0.850143 0.010947
vt 0.848679 0.012943
vt 0.859469 0.016331
vt 0.857758 0.020560
vt 0.848029 0.012168
vt 0.847336 0.014543
vt 0.859469 0.018772
vt 0.856414 0.022161
vt 0.846460 0.014038
vt 0.846621 0.016507
vt 0.858634 0.021066
vt 0.854605 0.023206
vt 0.845625 0.016331
vt 0.846621 0.018597
vt 0.857065 0.022936
vt 0.852547 0.023569
vt 0.845625 0.018772
vt 0.847336 0.020560
vt 0.854951 0.024157
vt 0.850489 0.023206
vt 0.846460 0.021066
vt 0.848679 0.022161
vt 0.852547 0.024580
vt 0.848029 0.022936
vt 0.850143 0.024157
vn 0.000000 -1.000000 0.000000
vn 0.000000 -1.000000 0.000000
vn 0.000000 -1.000000 0.000000
vn 0.000000 -1.000000 0.000000
vn 0.000000 -1.000000 0.000000
vn 0.000000 -1.000000 0.000000
vn 0.000000 -1.000000 0.000000
vn 0.000000 -1.000000 0.000000
vn 0.000000 -1.000000 0.000000
vn 0.000000 -1.000000 0.000000
vn 0.000000 -1.000000 0.000000
vn 0.000000 -1.000000 0.000000
vn 0.000000 -1.000000 0.000000
vn 0.000000 -1.000000 0.000000
vn 0.000000 -1.000000 0.000000
vn 0.000000 -1.000000 0.000000
vn 0.000000 -1.000000 0.000000
vn 0.000000 -1.000000 0.000000
vn 0.000000 -1.000000 0.000000
vn 0.000000 -1.000000 0.000000
vn 0.000000 -1.000000 0.000000
vn 0.000000 -1.000000 0.000000
vn 0.000000 -1.000000 0.000000
vn 0.000000 -1.000000 0.000000
vn 0.000000 -1.000000 0.000000
vn 0.000000 -1.000000 0.000000
vn 0.000000 -1.000000 0.000000
vn 0.000000 -1.000000 0.000000
vn 0.000000 -1.000000 0.000000
vn 0.000000 -1.000000 0.000000
vn 0.000000 -1.000000 0.000000
vn 0.000000 -1.000000 0.000000
vn 0.000000 -1.000000 0.000000
vn 0.000000 -1.000000 0.000000
vn 0.000000 -1.000000 0.000000
vn 0.000000 -1.000000 0.000000
vn 0.902207 -0.283487 -0.325049
vn 0.736624 -0.283488 -0.614019
vn 0.902161 -0.283488 -0.325179
vn 0.736536 -0.283488 -0.614125
vn 0.482193 -0.283487 -0.828930
vn 0.482074 -0.283487 -0.828999
vn 0.169603 -0.283488 -0.943859
vn 0.169467 -0.283488 -0.943883
vn -0.163444 -0.283487 -0.944945
vn -0.163580 -0.283488 -0.944921
vn -0.476777 -0.283488 -0.832056
vn -0.476897 -0.283488 -0.831988
vn -0.732605 -0.283488 -0.618810
vn -0.732693 -0.283488 -0.618705
vn -0.900068 -0.283488 -0.330925
vn -0.900116 -0.283488 -0.330797
vn -0.958971 -0.283488 -0.003127
vn -0.958971 -0.283488 -0.002989
vn -0.902207 -0.283488 0.325049
vn -0.902161 -0.283488 0.325178
vn -0.736624 -0.283488 0.614019
vn -0.736536 -0.283488 0.614125
vn -0.482193 -0.283488 0.828930
vn -0.482074 -0.283488 0.828999
vn -0.169603 -0.283488 0.943859
vn -0.169468 -0.283488 0.943883
vn 0.163445 -0.283488 0.944945
vn 0.163580 -0.283488 0.944921
vn 0.476778 -0.283487 0.832056
vn 0.476897 -0.283488 0.831988
vn 0.732605 -0.283488 0.618809
vn 0.732693 -0.283488 0.618705
vn 0.900068 -0.283488 0.330925
vn 0.900116 -0.283488 0.330796
vn 0.958971 -0.283488 0.003127
vn 0.958971 -0.283488 0.002989
vn 0.000000 1.000000 0.000000
vn 0.000000 1.000000 0.000000
vn 0.000000 1.000000 0.000000
vn 0.000000 1.000000 0.000000
vn 0.000000 1.000000 -0.000002
vn 0.000000 1.000000 -0.000002
vn 0.000000 1.000000 -0.000001
vn 0.000000 1.000000 -0.000001
vn 0.000000 1.000000 -0.000001
vn 0.000000 1.000000 -0.000002
vn 0.000000 1.000000 -0.000002
vn 0.000000 1.000000 -0.000002
vn 0.000000 1.000000 0.000001
vn 0.000000 1.000000 0.000001
vn 0.000000 1.000000 -0.000002
vn 0.000000 1.000000 -0.000003
vn 0.000000 1.000000 0.000000
vn 0.000000 1.000000 0.000000
vn 0.000000 1.000000 0.000000
vn 0.000000 1.000000 0.000000
vn 0.000000 1.000000 -0.000000
vn 0.000000 1.000000 -0.000000
vn 0.000000 1.000000 0.000001
vn 0.000000 1.000000 0.000001
vn 0.000000 1.000000 0.000005
vn 0.000000 1.000000 0.000004
vn 0.000000 1.000000 0.000001
vn 0.000000 1.000000 0.000000
vn 0.000000 1.000000 0.000004
vn 0.000000 1.000000 0.000004
vn 0.000000 1.000000 -0.000001
vn 0.000000 1.000000 -0.000001
vn 0.000000 1.000000 -0.000001
vn 0.000000 1.000000 -0.000001
vn 0.000000 1.000000 -0.000000
vn 0.000000 1.000000 0.000000
vn 0.000000 -1.000000 0.000000
vn 0.000000 -1.000000 0.000000
vn 0.000000 -1.000000 0.000000
vn 0.000000 -1.000000 -0.000000
vn 0.000000 -1.000000 -0.000000
vn 0.000000 -1.000000 -0.000000
vn 0.000000 -1.000000 -0.000000
vn 0.000000 -1.000000 -0.000000
vn 0.000000 -1.000000 -0.000000
vn 0.000000 -1.000000 0.000000
vn 0.000000 -1.000000 0.000000
vn 0.000000 -1.000000 -0.000000
vn 0.000000 -1.000000 0.000000
vn 0.000000 -1.000000 0.000000
vn 0.000000 -1.000000 0.000000
vn 0.000000 -1.000000 0.000000
vn 0.000000 -1.000000 0.000000
vn 0.000000 -1.000000 0.000000
vn 0.000000 -1.000000 0.000000
vn 0.000000 1.000000 0.000000
vn 0.000000 1.000000 0.000000
vn 0.000000 1.000000 -0.000000
vn 0.000000 1.000000 0.000000
vn 0.000000 1.000000 -0.000000
vn 0.000000 1.000000 0.000000
vn 0.000000 1.000000 0.000000
vn 0.000000 1.000000 0.000000
vn 0.000000 1.000000 0.000000
vn 0.000000 1.000000 0.000000
vn 0.000000 1.000000 0.000001
vn 0.000000 1.000000 0.000001
vn 0.000000 1.000000 -0.000001
vn 0.000000 1.000000 -0.000000
vn 0.000000 1.000000 0.000000
vn 0.000000 1.000000 -0.000000
vn 0.000000 1.000000 -0.000001
vn 0.000000 1.000000 0.000000
vn 0.000000 1.000000 0.000000
vn 1.000000 0.000000 0.000000
vn 0.939693 -0.000000 -0.342020
vn 0.998705 0.050881 -0.000501
vn 0.938304 0.050881 -0.342049
vn 0.939693 0.000000 0.342020
vn 0.938647 0.050881 0.341106
vn 0.766045 -0.000000 0.642788
vn 0.765374 0.050881 0.641571
vn 0.500000 -0.000000 0.866025
vn 0.499787 0.050881 0.864653
vn 0.173648 0.000000 0.984808
vn 0.173917 0.050881 0.983445
vn -0.173648 0.000000 0.984808
vn -0.172929 0.050881 0.983619
vn -0.500000 0.000000 0.866025
vn -0.498918 0.050881 0.865154
vn -0.766045 -0.000000 0.642787
vn -0.764730 0.050880 0.642339
vn -0.939693 0.000000 0.342020
vn -0.938304 0.050881 0.342048
vn -1.000000 -0.000000 -0.000000
vn -0.998705 0.050881 0.000502
vn -0.939693 -0.000000 -0.342020
vn -0.938647 0.050881 -0.341106
vn -0.766044 -0.000000 -0.642788
vn -0.765374 0.050881 -0.641571
vn -0.500000 0.000000 -0.866025
vn -0.499787 0.050881 -0.864653
vn -0.173648 -0.000000 -0.984808
vn -0.173917 0.050881 -0.983445
vn 0.173648 0.000000 -0.984808
vn 0.172929 0.050881 -0.983619
vn 0.500000 -0.000000 -0.866025
vn 0.498918 0.050881 -0.865154
vn 0.766045 0.000000 -0.642787
vn 0.764730 0.050881 -0.642339
vn 0.989172 0.146757 -0.001451
vn 0.929021 0.146757 -0.339680
vn 0.989172 0.146757 -0.001478
vn 0.929012 0.146757 -0.339705
vn 0.930013 0.146757 0.336953
vn 0.930023 0.146758 0.336928
vn 0.758682 0.146757 0.634715
vn 0.758699 0.146757 0.634695
vn 0.495843 0.146757 0.855922
vn 0.495866 0.146757 0.855908
vn 0.173196 0.146757 0.973892
vn 0.173223 0.146757 0.973887
vn -0.170339 0.146758 0.974396
vn -0.170313 0.146758 0.974400
vn -0.493329 0.146757 0.857373
vn -0.493306 0.146757 0.857386
vn -0.756816 0.146757 0.636939
vn -0.756799 0.146757 0.636959
vn -0.929021 0.146756 0.339680
vn -0.929012 0.146757 0.339705
vn -0.989172 0.146757 0.001451
vn -0.989172 0.146757 0.001478
vn -0.930013 0.146757 -0.336953
vn -0.930023 0.146758 -0.336928
vn -0.758682 0.146756 -0.634716
vn -0.758699 0.146756 -0.634696
vn -0.495843 0.146758 -0.855922
vn -0.495866 0.146758 -0.855909
vn -0.173196 0.146757 -0.973892
vn -0.173223 0.146757 -0.973887
vn 0.170339 0.146757 -0.974396
vn 0.170313 0.146757 -0.974400
vn 0.493330 0.146757 -0.857373
vn 0.493307 0.146757 -0.857386
vn 0.756816 0.146757 -0.636939
vn 0.756799 0.146757 -0.636959
vn 0.995798 -0.091573 0.000925
vn 0.936061 -0.091573 -0.339713
vn 0.995798 -0.091573 0.000915
vn 0.936057 -0.091574 -0.339723
vn 0.935427 -0.091573 0.341453
vn 0.935431 -0.091573 0.341443
vn 0.762231 -0.091574 0.640795
vn 0.762237 -0.091574 0.640788
vn 0.497098 -0.091573 0.862849
vn 0.497107 -0.091573 0.862844
vn 0.172007 -0.091573 0.980830
vn 0.172018 -0.091573 0.980828
vn -0.173830 -0.091573 0.980509
vn -0.173819 -0.091573 0.980511
vn -0.498701 -0.091574 0.861924
vn -0.498692 -0.091574 0.861929
vn -0.763420 -0.091574 0.639378
vn -0.763414 -0.091574 0.639386
vn -0.936060 -0.091573 0.339713
vn -0.936057 -0.091573 0.339723
vn -0.995798 -0.091574 -0.000926
vn -0.995798 -0.091574 -0.000915
vn -0.935427 -0.091573 -0.341453
vn -0.935431 -0.091573 -0.341443
vn -0.762230 -0.091573 -0.640796
vn -0.762237 -0.091573 -0.640788
vn -0.497097 -0.091574 -0.862849
vn -0.497107 -0.091574 -0.862844
vn -0.172007 -0.091574 -0.980830
vn -0.172017 -0.091574 -0.980828
vn 0.173830 -0.091573 -0.980509
vn 0.173820 -0.091573 -0.980511
vn 0.498700 -0.091574 -0.861924
vn 0.498691 -0.091573 -0.861929
vn 0.763420 -0.091574 -0.639378
vn 0.763413 -0.091574 -0.639386
vn 0.989171 -0.146757 0.001529
vn 0.930040 -0.146757 -0.336880
vn 0.989172 -0.146757 0.001499
vn 0.930030 -0.146757 -0.336908
vn 0.928994 -0.146757 0.339753
vn 0.929004 -0.146757 0.339725
vn 0.756767 -0.146757 0.636998
vn 0.756786 -0.146756 0.636975
vn 0.493262 -0.146757 0.857412
vn 0.493288 -0.146757 0.857397
vn 0.170263 -0.146757 0.974409
vn 0.170292 -0.146757 0.974404
vn -0.173273 -0.146757 0.973878
vn -0.173244 -0.146757 0.973883
vn -0.495910 -0.146756 0.855883
vn -0.495884 -0.146756 0.855898
vn -0.758732 -0.146756 0.634656
vn -0.758713 -0.146756 0.634679
vn -0.930040 -0.146757 0.336880
vn -0.930030 -0.146757 0.336908
vn -0.989171 -0.146757 -0.001529
vn -0.989172 -0.146757 -0.001499
vn -0.928994 -0.146757 -0.339753
vn -0.929004 -0.146756 -0.339725
vn -0.756767 -0.146757 -0.636998
vn -0.756786 -0.146757 -0.636976
vn -0.493262 -0.146757 -0.857412
vn -0.493288 -0.146757 -0.857397
vn -0.170262 -0.146757 -0.974409
vn -0.170291 -0.146757 -0.974404
vn 0.173273 -0.146757 -0.973878
vn 0.173244 -0.146757 -0.973883
vn 0.495910 -0.146757 -0.855883
vn 0.495884 -0.146757 -0.855898
vn 0.758732 -0.146757 -0.634656
vn 0.758713 -0.146756 -0.634679
vn 0.998705 -0.050880 0.000505
vn 0.938648 -0.050881 -0.341103
vn 0.998705 -0.050881 0.000502
vn 0.938647 -0.050881 -0.341106
vn 0.938303 -0.050881 0.342051
vn 0.938304 -0.050881 0.342049
vn 0.764728 -0.050881 0.642341
vn 0.764730 -0.050881 0.642339
vn 0.498916 -0.050881 0.865156
vn 0.498918 -0.050881 0.865154
vn 0.172926 -0.050881 0.983620
vn 0.172929 -0.050881 0.983619
vn -0.173920 -0.050881 0.983445
vn -0.173918 -0.050881 0.983445
vn -0.499789 -0.050881 0.864651
vn -0.499787 -0.050881 0.864653
vn -0.765377 -0.050881 0.641568
vn -0.765375 -0.050881 0.641570
vn -0.938648 -0.050881 0.341103
vn -0.938647 -0.050881 0.341105
vn -0.998705 -0.050882 -0.000505
vn -0.998705 -0.050881 -0.000502
vn -0.938303 -0.050880 -0.342051
vn -0.938304 -0.050881 -0.342049
vn -0.764728 -0.050881 -0.642342
vn -0.764729 -0.050881 -0.642340
vn -0.498915 -0.050881 -0.865156
vn -0.498918 -0.050881 -0.865155
vn -0.172926 -0.050881 -0.983620
vn -0.172929 -0.050881 -0.983619
vn 0.173920 -0.050881 -0.983444
vn 0.173918 -0.050881 -0.983445
vn 0.499790 -0.050881 -0.864651
vn 0.499787 -0.050881 -0.864653
vn 0.765377 -0.050881 -0.641568
vn 0.765375 -0.050881 -0.641571
vn 0.995798 0.091573 -0.000891
vn 0.935439 0.091574 -0.341421
vn 0.995798 0.091573 -0.000900
vn 0.935436 0.091574 -0.341430
vn 0.936049 0.091573 0.339746
vn 0.936052 0.091573 0.339737
vn 0.763398 0.091574 0.639404
vn 0.763404 0.091574 0.639397
vn 0.498671 0.091574 0.861941
vn 0.498679 0.091574 0.861936
vn 0.173796 0.091573 0.980515
vn 0.173805 0.091573 0.980513
vn -0.172041 0.091573 0.980824
vn -0.172032 0.091573 0.980826
vn -0.497127 0.091573 0.862832
vn -0.497119 0.091573 0.862837
vn -0.762253 0.091574 0.640769
vn -0.762247 0.091574 0.640776
vn -0.935440 0.091574 0.341419
vn -0.935436 0.091574 0.341428
vn -0.995798 0.091574 0.000891
vn -0.995798 0.091574 0.000901
vn -0.936049 0.091574 -0.339746
vn -0.936052 0.091575 -0.339737
vn -0.763398 0.091573 -0.639404
vn -0.763404 0.091573 -0.639397
vn -0.498670 0.091574 -0.861941
vn -0.498679 0.091574 -0.861936
vn -0.173796 0.091573 -0.980515
vn -0.173805 0.091573 -0.980513
vn 0.172041 0.091573 -0.980824
vn 0.172032 0.091573 -0.980826
vn 0.497128 0.091574 -0.862832
vn 0.497119 0.091574 -0.862836
vn 0.762253 0.091573 -0.640769
vn 0.762247 0.091573 -0.640776
vn 0.958972 0.283488 -0.002853
vn 0.900163 0.283487 -0.330669
vn 0.958971 0.283488 -0.002970
vn 0.900123 0.283486 -0.330778
vn 0.902114 0.283487 0.325307
vn 0.902154 0.283487 0.325198
vn 0.736449 0.283488 0.614229
vn 0.736523 0.283488 0.614140
vn 0.481957 0.283488 0.829067
vn 0.482058 0.283488 0.829009
vn 0.169333 0.283488 0.943907
vn 0.169448 0.283488 0.943887
vn -0.163714 0.283488 0.944898
vn -0.163599 0.283487 0.944918
vn -0.477016 0.283488 0.831920
vn -0.476914 0.283488 0.831979
vn -0.732782 0.283488 0.618600
vn -0.732706 0.283487 0.618690
vn -0.900163 0.283489 0.330668
vn -0.900122 0.283489 0.330778
vn -0.958972 0.283488 0.002853
vn -0.958971 0.283488 0.002970
vn -0.902114 0.283488 -0.325307
vn -0.902154 0.283488 -0.325197
vn -0.736449 0.283487 -0.614230
vn -0.736524 0.283487 -0.614140
vn -0.481957 0.283488 -0.829067
vn -0.482057 0.283488 -0.829009
vn -0.169333 0.283487 -0.943907
vn -0.169448 0.283487 -0.943887
vn 0.163714 0.283488 -0.944898
vn 0.163599 0.283488 -0.944918
vn 0.477016 0.283487 -0.831920
vn 0.476915 0.283487 -0.831978
vn 0.732781 0.283488 -0.618600
vn 0.732706 0.283488 -0.618690
vn -0.766045 0.000000 0.642788
vn -0.939693 0.000000 0.342020
vn -0.766045 0.000000 0.642787
vn -0.939693 0.000000 0.342020
vn -0.500000 0.000000 0.866025
vn -0.500000 0.000000 0.866025
vn -0.173648 0.000000 0.984808
vn -0.173648 0.000000 0.984808
vn 0.173648 0.000000 0.984808
vn 0.173648 0.000000 0.984808
vn 0.500000 0.000000 0.866026
vn 0.500000 0.000000 0.866026
vn 0.766044 0.000000 0.642788
vn 0.766044 0.000000 0.642788
vn 0.939692 0.000000 0.342021
vn 0.939692 0.000000 0.342021
vn 1.000000 0.000000 0.000000
vn 1.000000 0.000000 0.000000
vn 0.939693 0.000000 -0.342020
vn 0.939693 0.000000 -0.342020
vn 0.766045 0.000000 -0.642788
vn 0.766044 0.000000 -0.642788
vn 0.500000 0.000000 -0.866025
vn 0.500000 0.000000 -0.866025
vn 0.173649 0.000000 -0.984808
vn 0.173649 0.000000 -0.984808
vn -0.173648 0.000000 -0.984808
vn -0.173648 0.000000 -0.984808
vn -0.500000 0.000000 -0.866025
vn -0.500000 0.000000 -0.866026
vn -0.766044 0.000000 -0.642788
vn -0.766044 0.000000 -0.642788
vn -0.939693 0.000000 -0.342020
vn -0.939693 0.000000 -0.342020
vn -1.000000 0.000000 -0.000000
vn -1.000000 0.000000 -0.000000
vn -0.939692 0.000000 0.342021
vn -0.766045 0.000000 0.642787
vn -0.939692 0.000000 0.342020
vn -0.766045 0.000000 0.642787
vn -0.500000 0.000000 0.866025
vn -0.500000 0.000000 0.866025
vn -0.173648 0.000000 0.984808
vn -0.173648 0.000000 0.984808
vn 0.173648 0.000000 0.984808
vn 0.173648 0.000000 0.984808
vn 0.499999 0.000000 0.866026
vn 0.499999 0.000000 0.866026
vn 0.766044 0.000000 0.642788
vn 0.766045 0.000000 0.642787
vn 0.939693 0.000000 0.342020
vn 0.939693 0.000000 0.342020
vn 1.000000 0.000000 -0.000001
vn 1.000000 0.000000 -0.000001
vn 0.939692 0.000000 -0.342021
vn 0.939693 0.000000 -0.342020
vn 0.766043 0.000000 -0.642789
vn 0.766044 0.000000 -0.642788
vn 0.500000 0.000000 -0.866026
vn 0.500001 0.000000 -0.866025
vn 0.173648 0.000000 -0.984808
vn 0.173649 0.000000 -0.984808
vn -0.173648 0.000000 -0.984808
vn -0.173648 0.000000 -0.984808
vn -0.500000 0.000000 -0.866026
vn -0.500000 0.000000 -0.866025
vn -0.766045 0.000000 -0.642787
vn -0.766046 0.000000 -0.642786
vn -0.939693 0.000000 -0.342020
vn -0.939693 0.000000 -0.342020
vn -1.000000 0.000000 0.000001
vn -1.000000 0.000000 0.000001
vn 0.989172 0.146757 -0.001499
vn 0.929004 0.146756 -0.339726
vn 0.989172 0.146757 -0.001528
vn 0.928994 0.146756 -0.339753
vn 0.930030 0.146757 0.336908
vn 0.930040 0.146757 0.336880
vn 0.758713 0.146756 0.634679
vn 0.758732 0.146757 0.634656
vn 0.495884 0.146757 0.855898
vn 0.495910 0.146757 0.855883
vn 0.173243 0.146757 0.973884
vn 0.173273 0.146757 0.973878
vn -0.170292 0.146757 0.974404
vn -0.170263 0.146757 0.974409
vn -0.493288 0.146756 0.857397
vn -0.493263 0.146756 0.857412
vn -0.756786 0.146757 0.636975
vn -0.756767 0.146757 0.636998
vn -0.929004 0.146757 0.339726
vn -0.928994 0.146757 0.339753
vn -0.989172 0.146756 0.001499
vn -0.989172 0.146757 0.001528
vn -0.930030 0.146756 -0.336908
vn -0.930040 0.146756 -0.336880
vn -0.758712 0.146757 -0.634680
vn -0.758732 0.146757 -0.634656
vn -0.495883 0.146757 -0.855899
vn -0.495909 0.146757 -0.855884
vn -0.173243 0.146757 -0.973884
vn -0.173273 0.146757 -0.973878
vn 0.170292 0.146757 -0.974404
vn 0.170263 0.146757 -0.974409
vn 0.493288 0.146757 -0.857397
vn 0.493262 0.146757 -0.857412
vn 0.756786 0.146756 -0.636975
vn 0.756767 0.146757 -0.636998
vn 0.995798 0.091573 -0.000915
vn 0.935431 0.091574 -0.341442
vn 0.995798 0.091573 -0.000925
vn 0.935428 0.091574 -0.341452
vn 0.936057 0.091574 0.339723
vn 0.936060 0.091574 0.339713
vn 0.763413 0.091573 0.639386
vn 0.763420 0.091573 0.639378
vn 0.498691 0.091574 0.861929
vn 0.498700 0.091574 0.861924
vn 0.173820 0.091574 0.980511
vn 0.173830 0.091573 0.980509
vn -0.172018 0.091574 0.980828
vn -0.172008 0.091573 0.980830
vn -0.497107 0.091574 0.862843
vn -0.497098 0.091574 0.862849
vn -0.762238 0.091574 0.640787
vn -0.762231 0.091574 0.640795
vn -0.935431 0.091574 0.341442
vn -0.935428 0.091574 0.341452
vn -0.995798 0.091574 0.000915
vn -0.995798 0.091574 0.000925
vn -0.936057 0.091573 -0.339724
vn -0.936060 0.091573 -0.339714
vn -0.763414 0.091573 -0.639386
vn -0.763420 0.091573 -0.639378
vn -0.498691 0.091574 -0.861929
vn -0.498700 0.091574 -0.861924
vn -0.173819 0.091574 -0.980511
vn -0.173830 0.091574 -0.980509
vn 0.172018 0.091573 -0.980828
vn 0.172008 0.091573 -0.980830
vn 0.497108 0.091574 -0.862843
vn 0.497098 0.091574 -0.862849
vn 0.762238 0.091574 -0.640787
vn 0.762231 0.091573 -0.640795
vn 0.989172 -0.146757 0.001478
vn 0.930023 -0.146757 -0.336928
vn 0.989172 -0.146757 0.001451
vn 0.930014 -0.146757 -0.336953
vn 0.929012 -0.146757 0.339705
vn 0.929021 -0.146757 0.339680
vn 0.756799 -0.146757 0.636959
vn 0.756817 -0.146757 0.636939
vn 0.493306 -0.146756 0.857387
vn 0.493329 -0.146756 0.857373
vn 0.170313 -0.146757 0.974400
vn 0.170339 -0.146756 0.974396
vn -0.173224 -0.146757 0.973887
vn -0.173197 -0.146757 0.973892
vn -0.495866 -0.146757 0.855909
vn -0.495843 -0.146758 0.855922
vn -0.758699 -0.146757 0.634695
vn -0.758682 -0.146757 0.634716
vn -0.930023 -0.146757 0.336928
vn -0.930014 -0.146757 0.336953
vn -0.989172 -0.146757 -0.001478
vn -0.989172 -0.146757 -0.001451
vn -0.929012 -0.146757 -0.339705
vn -0.929021 -0.146757 -0.339680
vn -0.756799 -0.146757 -0.636960
vn -0.756816 -0.146757 -0.636939
vn -0.493306 -0.146756 -0.857387
vn -0.493329 -0.146756 -0.857373
vn -0.170312 -0.146756 -0.974401
vn -0.170338 -0.146756 -0.974396
vn 0.173223 -0.146757 -0.973887
vn 0.173197 -0.146757 -0.973892
vn 0.495866 -0.146757 -0.855909
vn 0.495843 -0.146757 -0.855922
vn 0.758699 -0.146757 -0.634695
vn 0.758682 -0.146757 -0.634715
vn 0.995798 -0.091573 0.000901
vn 0.936052 -0.091575 -0.339737
vn 0.995798 -0.091573 0.000891
vn 0.936049 -0.091575 -0.339746
vn 0.935436 -0.091574 0.341429
vn 0.935439 -0.091574 0.341420
vn 0.762247 -0.091574 0.640776
vn 0.762253 -0.091574 0.640769
vn 0.497119 -0.091574 0.862836
vn 0.497127 -0.091574 0.862832
vn 0.172032 -0.091573 0.980826
vn 0.172041 -0.091573 0.980824
vn -0.173805 -0.091573 0.980513
vn -0.173796 -0.091573 0.980515
vn -0.498679 -0.091574 0.861936
vn -0.498670 -0.091574 0.861941
vn -0.763405 -0.091574 0.639396
vn -0.763398 -0.091574 0.639404
vn -0.936052 -0.091574 0.339736
vn -0.936049 -0.091574 0.339745
vn -0.995798 -0.091574 -0.000901
vn -0.995798 -0.091574 -0.000891
vn -0.935436 -0.091573 -0.341429
vn -0.935439 -0.091573 -0.341420
vn -0.762246 -0.091573 -0.640777
vn -0.762253 -0.091573 -0.640769
vn -0.497119 -0.091573 -0.862837
vn -0.497127 -0.091573 -0.862832
vn -0.172031 -0.091573 -0.980826
vn -0.172041 -0.091573 -0.980824
vn 0.173806 -0.091573 -0.980513
vn 0.173796 -0.091573 -0.980515
vn 0.498679 -0.091574 -0.861936
vn 0.498671 -0.091574 -0.861941
vn 0.763404 -0.091574 -0.639396
vn 0.763398 -0.091574 -0.639404
vn 0.998705 0.050881 -0.000504
vn 0.938303 0.050881 -0.342051
vn 0.938648 0.050882 0.341103
vn 0.765376 0.050881 0.641568
vn 0.499789 0.050881 0.864651
vn 0.173920 0.050881 0.983445
vn -0.172927 0.050881 0.983620
vn -0.498915 0.050881 0.865156
vn -0.764728 0.050881 0.642341
vn -0.938303 0.050881 0.342051
vn -0.998705 0.050881 0.000505
vn -0.938648 0.050881 -0.341103
vn -0.765376 0.050881 -0.641569
vn -0.499789 0.050881 -0.864651
vn -0.173920 0.050881 -0.983445
vn 0.172927 0.050881 -0.983620
vn 0.498916 0.050881 -0.865155
vn 0.764728 0.050881 -0.642341
vn 0.958972 -0.283487 0.002970
vn 0.902154 -0.283488 -0.325197
vn 0.958972 -0.283487 0.002853
vn 0.902114 -0.283488 -0.325306
vn 0.900123 -0.283487 0.330779
vn 0.900163 -0.283487 0.330669
vn 0.732706 -0.283488 0.618690
vn 0.732781 -0.283488 0.618601
vn 0.476914 -0.283487 0.831979
vn 0.477015 -0.283488 0.831920
vn 0.163599 -0.283488 0.944918
vn 0.163714 -0.283488 0.944898
vn -0.169449 -0.283487 0.943887
vn -0.169333 -0.283487 0.943907
vn -0.482058 -0.283488 0.829008
vn -0.481957 -0.283488 0.829067
vn -0.736524 -0.283488 0.614140
vn -0.736449 -0.283488 0.614229
vn -0.902154 -0.283488 0.325196
vn -0.902114 -0.283488 0.325306
vn -0.958971 -0.283488 -0.002970
vn -0.958971 -0.283488 -0.002853
vn -0.900123 -0.283488 -0.330778
vn -0.900163 -0.283488 -0.330669
vn -0.732705 -0.283488 -0.618690
vn -0.732781 -0.283488 -0.618601
vn -0.476913 -0.283488 -0.831978
vn -0.477015 -0.283488 -0.831920
vn -0.163598 -0.283488 -0.944918
vn -0.163714 -0.283488 -0.944898
vn 0.169449 -0.283488 -0.943887
vn 0.169334 -0.283488 -0.943907
vn 0.482058 -0.283488 -0.829008
vn 0.481957 -0.283488 -0.829067
vn 0.736524 -0.283487 -0.614140
vn 0.736449 -0.283487 -0.614230
vn 0.958971 0.283488 -0.002989
vn 0.900116 0.283488 -0.330796
vn 0.958971 0.283488 -0.003126
vn 0.900069 0.283488 -0.330925
vn 0.902160 0.283488 0.325178
vn 0.902207 0.283489 0.325049
vn 0.736536 0.283487 0.614125
vn 0.736624 0.283488 0.614019
vn 0.482074 0.283488 0.828999
vn 0.482193 0.283488 0.828930
vn 0.169467 0.283488 0.943883
vn 0.169603 0.283488 0.943859
vn -0.163580 0.283488 0.944921
vn -0.163445 0.283488 0.944945
vn -0.476897 0.283488 0.831988
vn -0.476778 0.283488 0.832056
vn -0.732693 0.283488 0.618704
vn -0.732605 0.283488 0.618809
vn -0.900116 0.283488 0.330796
vn -0.900069 0.283488 0.330925
vn -0.958971 0.283489 0.002989
vn -0.958971 0.283488 0.003126
vn -0.902161 0.283488 -0.325178
vn -0.902207 0.283488 -0.325049
vn -0.736536 0.283488 -0.614125
vn -0.736624 0.283488 -0.614019
vn -0.482074 0.283488 -0.828999
vn -0.482193 0.283488 -0.828930
vn -0.169467 0.283487 -0.943883
vn -0.169602 0.283488 -0.943859
vn 0.163580 0.283488 -0.944921
vn 0.163445 0.283487 -0.944945
vn 0.476898 0.283488 -0.831987
vn 0.476778 0.283488 -0.832056
vn 0.732693 0.283488 -0.618704
vn 0.732605 0.283488 -0.618809
vn 0.146762 -0.989172 0.000317
vn 0.138020 -0.989172 -0.049899
vn 0.146762 -0.989172 0.000313
vn 0.138019 -0.989172 -0.049902
vn -0.137800 0.989172 0.050502
vn -0.146762 0.989172 0.000323
vn -0.137802 0.989172 0.050498
vn -0.146762 0.989172 0.000319
vn 0.137803 -0.989172 0.050497
vn 0.137804 -0.989172 0.050494
vn -0.138023 0.989172 -0.049890
vn -0.138022 0.989172 -0.049894
vn 0.112222 -0.989172 0.094580
vn 0.112225 -0.989172 0.094577
vn -0.112635 0.989172 -0.094087
vn -0.112632 0.989172 -0.094090
vn 0.073106 -0.989172 0.127260
vn 0.073110 -0.989172 0.127257
vn -0.073662 0.989171 -0.126941
vn -0.073659 0.989171 -0.126943
vn 0.025172 -0.989170 0.144597
vn 0.025176 -0.989170 0.144596
vn -0.025805 0.989170 -0.144486
vn -0.025801 0.989170 -0.144486
vn -0.025798 -0.989171 0.144481
vn -0.025794 -0.989171 0.144482
vn 0.025166 0.989172 -0.144590
vn 0.025170 0.989172 -0.144588
vn -0.073656 -0.989172 0.126940
vn -0.073653 -0.989172 0.126942
vn 0.073100 0.989173 -0.127251
vn 0.073104 0.989173 -0.127249
vn -0.112630 -0.989171 0.094098
vn -0.112628 -0.989171 0.094101
vn 0.112218 0.989172 -0.094588
vn 0.112220 0.989171 -0.094586
vn -0.138021 -0.989172 0.049898
vn -0.138019 -0.989172 0.049901
vn 0.137801 0.989172 -0.050502
vn 0.137802 0.989172 -0.050498
vn -0.146762 -0.989172 -0.000318
vn -0.146762 -0.989172 -0.000314
vn 0.146762 0.989172 -0.000324
vn 0.146762 0.989172 -0.000320
vn -0.137802 -0.989172 -0.050493
vn -0.137804 -0.989172 -0.050490
vn 0.138022 0.989172 0.049892
vn 0.138020 0.989172 0.049895
vn -0.112223 -0.989172 -0.094580
vn -0.112225 -0.989172 -0.094577
vn 0.112634 0.989172 0.094083
vn 0.112632 0.989172 0.094086
vn -0.073106 -0.989173 -0.127253
vn -0.073110 -0.989173 -0.127251
vn 0.073662 0.989171 0.126941
vn 0.073659 0.989171 0.126943
vn -0.025172 -0.989170 -0.144597
vn -0.025176 -0.989171 -0.144596
vn 0.025805 0.989171 0.144479
vn 0.025801 0.989172 0.144479
vn 0.025797 -0.989172 -0.144478
vn 0.025794 -0.989172 -0.144479
vn -0.025166 0.989172 0.144586
vn -0.025170 0.989172 0.144585
vn 0.073656 -0.989172 -0.126940
vn 0.073653 -0.989172 -0.126942
vn -0.073100 0.989172 0.127257
vn -0.073104 0.989172 0.127255
vn 0.112630 -0.989172 -0.094095
vn 0.112628 -0.989172 -0.094098
vn -0.112217 0.989172 0.094583
vn -0.112220 0.989172 0.094580
vn 0.091573 -0.995798 0.000193
vn 0.086119 -0.995798 -0.031137
vn 0.091573 -0.995798 0.000191
vn 0.086118 -0.995798 -0.031139
vn -0.085986 0.995798 0.031507
vn -0.091576 0.995798 0.000196
vn -0.085987 0.995798 0.031505
vn -0.091576 0.995798 0.000194
vn 0.085987 -0.995798 0.031501
vn 0.085987 -0.995798 0.031498
vn -0.086120 0.995798 -0.031136
vn -0.086119 0.995798 -0.031138
vn 0.070026 -0.995798 0.059014
vn 0.070028 -0.995798 0.059012
vn -0.070278 0.995798 -0.058717
vn -0.070276 0.995798 -0.058719
vn 0.045620 -0.995798 0.079403
vn 0.045622 -0.995798 0.079402
vn -0.045958 0.995798 -0.079207
vn -0.045956 0.995798 -0.079208
vn 0.015711 -0.995798 0.090219
vn 0.015713 -0.995798 0.090219
vn -0.016096 0.995798 -0.090146
vn -0.016093 0.995799 -0.090146
vn -0.016093 -0.995799 0.090147
vn -0.016091 -0.995799 0.090147
vn 0.015708 0.995798 -0.090215
vn 0.015711 0.995798 -0.090214
vn -0.045956 -0.995798 0.079215
vn -0.045954 -0.995798 0.079216
vn 0.045618 0.995798 -0.079402
vn 0.045620 0.995798 -0.079400
vn -0.070275 -0.995798 0.058713
vn -0.070274 -0.995798 0.058715
vn 0.070025 0.995798 -0.059014
vn 0.070026 0.995798 -0.059012
vn -0.086116 -0.995798 0.031138
vn -0.086115 -0.995798 0.031140
vn 0.085987 0.995798 -0.031505
vn 0.085987 0.995798 -0.031502
vn -0.091576 -0.995798 -0.000193
vn -0.091576 -0.995798 -0.000191
vn 0.091576 0.995798 -0.000196
vn 0.091576 0.995798 -0.000193
vn -0.085987 -0.995798 -0.031504
vn -0.085987 -0.995798 -0.031501
vn 0.086120 0.995798 0.031135
vn 0.086120 0.995798 0.031137
vn -0.070027 -0.995798 -0.059014
vn -0.070028 -0.995798 -0.059012
vn 0.070278 0.995798 0.058716
vn 0.070276 0.995798 0.058718
vn -0.045620 -0.995798 -0.079406
vn -0.045622 -0.995798 -0.079404
vn 0.045958 0.995798 0.079207
vn 0.045956 0.995798 0.079209
vn -0.015711 -0.995798 -0.090217
vn -0.015713 -0.995798 -0.090216
vn 0.016096 0.995797 0.090165
vn 0.016093 0.995797 0.090165
vn 0.016093 -0.995798 -0.090156
vn 0.016091 -0.995798 -0.090156
vn -0.015708 0.995798 0.090218
vn -0.015711 0.995798 0.090217
vn 0.045956 -0.995798 -0.079214
vn 0.045954 -0.995798 -0.079215
vn -0.045618 0.995798 0.079405
vn -0.045620 0.995798 0.079404
vn 0.070277 -0.995798 -0.058718
vn 0.070275 -0.995798 -0.058720
vn -0.070025 0.995798 0.059013
vn -0.070027 0.995798 0.059011
vn 0.283492 -0.958974 0.000622
vn 0.266607 -0.958975 -0.096376
vn 0.283492 -0.958974 0.000614
vn 0.266604 -0.958975 -0.096384
vn -0.266171 0.958975 0.097568
vn -0.283492 0.958974 0.000652
vn -0.266174 0.958975 0.097560
vn -0.283492 0.958975 0.000643
vn 0.266182 -0.958975 0.097543
vn 0.266185 -0.958975 0.097535
vn -0.266616 0.958975 -0.096346
vn -0.266613 0.958975 -0.096354
vn 0.216767 -0.958974 0.182706
vn 0.216772 -0.958974 0.182700
vn -0.217580 0.958975 -0.181729
vn -0.217575 0.958975 -0.181735
vn 0.141208 -0.958975 0.245819
vn 0.141214 -0.958975 0.245816
vn -0.142309 0.958976 -0.245181
vn -0.142302 0.958976 -0.245185
vn 0.048616 -0.958975 0.279290
vn 0.048624 -0.958975 0.279289
vn -0.049869 0.958975 -0.279070
vn -0.049861 0.958975 -0.279072
vn -0.049840 -0.958974 0.279077
vn -0.049832 -0.958974 0.279079
vn 0.048587 0.958974 -0.279301
vn 0.048595 0.958973 -0.279300
vn -0.142284 -0.958973 0.245206
vn -0.142277 -0.958973 0.245210
vn 0.141182 0.958976 -0.245832
vn 0.141189 0.958976 -0.245828
vn -0.217567 -0.958975 0.181746
vn -0.217562 -0.958975 0.181753
vn 0.216748 0.958973 -0.182730
vn 0.216754 0.958973 -0.182724
vn -0.266607 -0.958975 0.096376
vn -0.266604 -0.958975 0.096384
vn 0.266173 0.958974 -0.097570
vn 0.266176 0.958974 -0.097562
vn -0.283490 -0.958975 -0.000622
vn -0.283491 -0.958975 -0.000614
vn 0.283493 0.958974 -0.000653
vn 0.283493 0.958974 -0.000644
vn -0.266184 -0.958974 -0.097543
vn -0.266187 -0.958974 -0.097535
vn 0.266619 0.958974 0.096345
vn 0.266616 0.958974 0.096354
vn -0.216767 -0.958974 -0.182706
vn -0.216772 -0.958974 -0.182700
vn 0.217586 0.958974 0.181729
vn 0.217580 0.958974 0.181736
vn -0.141207 -0.958974 -0.245824
vn -0.141214 -0.958974 -0.245821
vn 0.142309 0.958975 0.245184
vn 0.142302 0.958975 0.245188
vn -0.048616 -0.958977 -0.279283
vn -0.048624 -0.958977 -0.279282
vn 0.049869 0.958973 0.279075
vn 0.049860 0.958973 0.279077
vn 0.049840 -0.958974 -0.279078
vn 0.049832 -0.958974 -0.279079
vn -0.048587 0.958975 0.279295
vn -0.048595 0.958975 0.279294
vn 0.142283 -0.958973 -0.245205
vn 0.142277 -0.958973 -0.245209
vn -0.141181 0.958975 0.245833
vn -0.141189 0.958975 0.245829
vn 0.217567 -0.958975 -0.181744
vn 0.217562 -0.958975 -0.181750
vn -0.216749 0.958974 0.182724
vn -0.216754 0.958974 0.182717
vn -0.146757 -0.989173 -0.000324
vn -0.138017 -0.989173 0.049889
vn -0.146757 -0.989173 -0.000320
vn -0.138015 -0.989173 0.049893
vn 0.137797 0.989173 -0.050492
vn 0.146756 0.989173 -0.000318
vn 0.137798 0.989173 -0.050489
vn 0.146756 0.989173 -0.000314
vn -0.137795 -0.989173 -0.050499
vn -0.137797 -0.989173 -0.050495
vn 0.138014 0.989173 0.049894
vn 0.138013 0.989173 0.049898
vn -0.112214 -0.989173 -0.094582
vn -0.112217 -0.989172 -0.094579
vn 0.112625 0.989173 0.094089
vn 0.112623 0.989173 0.094092
vn -0.073097 -0.989173 -0.127256
vn -0.073101 -0.989173 -0.127254
vn 0.073653 0.989173 0.126933
vn 0.073650 0.989173 0.126935
vn -0.025164 -0.989173 -0.144582
vn -0.025168 -0.989173 -0.144581
vn 0.025796 0.989173 0.144467
vn 0.025793 0.989173 0.144468
vn 0.025804 -0.989173 -0.144471
vn 0.025800 -0.989173 -0.144472
vn -0.025171 0.989173 0.144582
vn -0.025175 0.989173 0.144581
vn 0.073660 -0.989172 -0.126935
vn 0.073656 -0.989172 -0.126937
vn -0.073103 0.989173 0.127251
vn -0.073106 0.989173 0.127249
vn 0.112631 -0.989173 -0.094085
vn 0.112628 -0.989173 -0.094088
vn -0.112217 0.989173 0.094576
vn -0.112220 0.989173 0.094573
vn 0.138018 -0.989173 -0.049889
vn 0.138016 -0.989173 -0.049892
vn -0.137797 0.989173 0.050492
vn -0.137798 0.989173 0.050488
vn 0.146757 -0.989173 0.000324
vn 0.146757 -0.989173 0.000320
vn -0.146755 0.989173 0.000318
vn -0.146755 0.989173 0.000314
vn 0.137795 -0.989173 0.050499
vn 0.137796 -0.989173 0.050495
vn -0.138015 0.989173 -0.049894
vn -0.138013 0.989173 -0.049898
vn 0.112214 -0.989173 0.094582
vn 0.112216 -0.989173 0.094579
vn -0.112626 0.989173 -0.094091
vn -0.112624 0.989172 -0.094094
vn 0.073097 -0.989172 0.127259
vn 0.073101 -0.989172 0.127257
vn -0.073653 0.989173 -0.126935
vn -0.073650 0.989173 -0.126937
vn 0.025164 -0.989173 0.144582
vn 0.025168 -0.989173 0.144581
vn -0.025796 0.989173 -0.144471
vn -0.025793 0.989173 -0.144472
vn -0.025804 -0.989173 0.144472
vn -0.025800 -0.989173 0.144472
vn 0.025171 0.989173 -0.144580
vn 0.025175 0.989173 -0.144579
vn -0.073660 -0.989173 0.126933
vn -0.073656 -0.989173 0.126935
vn 0.073103 0.989173 -0.127253
vn 0.073106 0.989173 -0.127252
vn -0.112631 -0.989173 0.094085
vn -0.112628 -0.989173 0.094088
vn 0.112217 0.989173 -0.094575
vn 0.112220 0.989173 -0.094572
vn -0.091573 -0.995798 -0.000196
vn -0.086119 -0.995798 0.031135
vn -0.091573 -0.995798 -0.000194
vn -0.086118 -0.995798 0.031137
vn 0.085985 0.995798 -0.031503
vn 0.091574 0.995798 -0.000193
vn 0.085986 0.995798 -0.031500
vn 0.091574 0.995798 -0.000191
vn -0.085984 -0.995798 -0.031504
vn -0.085985 -0.995798 -0.031502
vn 0.086118 0.995798 0.031138
vn 0.086117 0.995798 0.031140
vn -0.070023 -0.995798 -0.059014
vn -0.070025 -0.995798 -0.059012
vn 0.070274 0.995798 0.058714
vn 0.070272 0.995798 0.058716
vn -0.045617 -0.995799 -0.079400
vn -0.045619 -0.995799 -0.079399
vn 0.045955 0.995798 0.079210
vn 0.045953 0.995798 0.079211
vn -0.015708 -0.995798 -0.090217
vn -0.015710 -0.995798 -0.090216
vn 0.016093 0.995798 0.090150
vn 0.016091 0.995798 0.090150
vn 0.016095 -0.995798 -0.090151
vn 0.016093 -0.995798 -0.090151
vn -0.015711 0.995798 0.090215
vn -0.015713 0.995798 0.090214
vn 0.045957 -0.995798 -0.079205
vn 0.045955 -0.995798 -0.079206
vn -0.045619 0.995798 0.079403
vn -0.045621 0.995798 0.079402
vn 0.070276 -0.995798 -0.058711
vn 0.070275 -0.995798 -0.058713
vn -0.070025 0.995798 0.059010
vn -0.070026 0.995798 0.059008
vn 0.086119 -0.995798 -0.031137
vn 0.086118 -0.995798 -0.031139
vn -0.085985 0.995798 0.031502
vn -0.085986 0.995798 0.031500
vn 0.091574 -0.995798 0.000196
vn 0.091574 -0.995798 0.000194
vn -0.091574 0.995798 0.000193
vn -0.091574 0.995798 0.000191
vn 0.085984 -0.995798 0.031504
vn 0.085985 -0.995798 0.031502
vn -0.086118 0.995798 -0.031137
vn -0.086117 0.995798 -0.031139
vn 0.070023 -0.995798 0.059013
vn 0.070025 -0.995798 0.059012
vn -0.070274 0.995798 -0.058715
vn -0.070273 0.995798 -0.058717
vn 0.045617 -0.995798 0.079403
vn 0.045619 -0.995798 0.079402
vn -0.045955 0.995798 -0.079210
vn -0.045953 0.995798 -0.079212
vn 0.015708 -0.995798 0.090217
vn 0.015710 -0.995798 0.090216
vn -0.016093 0.995798 -0.090150
vn -0.016091 0.995798 -0.090151
vn -0.016095 -0.995798 0.090149
vn -0.016093 -0.995798 0.090149
vn 0.015711 0.995798 -0.090215
vn 0.015713 0.995799 -0.090214
vn -0.045957 -0.995798 0.079208
vn -0.045955 -0.995798 0.079209
vn 0.045619 0.995798 -0.079403
vn 0.045621 0.995798 -0.079402
vn -0.070276 -0.995798 0.058712
vn -0.070275 -0.995798 0.058714
vn 0.070025 0.995798 -0.059013
vn 0.070026 0.995798 -0.059011
vn -0.283489 -0.958975 -0.000651
vn -0.266616 -0.958975 0.096348
vn -0.283489 -0.958975 -0.000643
vn -0.266613 -0.958975 0.096356
vn 0.266182 0.958975 -0.097543
vn 0.283488 0.958976 -0.000621
vn 0.266184 0.958975 -0.097535
vn 0.283488 0.958976 -0.000613
vn -0.266170 -0.958975 -0.097571
vn -0.266173 -0.958975 -0.097563
vn 0.266605 0.958975 0.096375
vn 0.266603 0.958975 0.096382
vn -0.216746 -0.958976 -0.182721
vn -0.216751 -0.958976 -0.182715
vn 0.217565 0.958975 0.181747
vn 0.217560 0.958975 0.181753
vn -0.141181 -0.958975 -0.245835
vn -0.141188 -0.958975 -0.245830
vn 0.142283 0.958975 0.245200
vn 0.142276 0.958975 0.245204
vn -0.048586 -0.958975 -0.279295
vn -0.048594 -0.958975 -0.279294
vn 0.049839 0.958975 0.279075
vn 0.049832 0.958975 0.279077
vn 0.049869 -0.958975 -0.279071
vn 0.049860 -0.958975 -0.279072
vn -0.048616 0.958975 0.279292
vn -0.048624 0.958975 0.279291
vn 0.142309 -0.958975 -0.245183
vn 0.142301 -0.958975 -0.245188
vn -0.141207 0.958975 0.245820
vn -0.141213 0.958975 0.245816
vn 0.217584 -0.958975 -0.181725
vn 0.217579 -0.958975 -0.181731
vn -0.216766 0.958975 0.182700
vn -0.216771 0.958975 0.182694
vn 0.266617 -0.958975 -0.096348
vn 0.266614 -0.958975 -0.096356
vn -0.266180 0.958975 0.097543
vn -0.266183 0.958975 0.097535
vn 0.283491 -0.958975 0.000651
vn 0.283491 -0.958975 0.000643
vn -0.283490 0.958975 0.000621
vn -0.283490 0.958975 0.000613
vn 0.266170 -0.958975 0.097571
vn 0.266173 -0.958975 0.097563
vn -0.266604 0.958975 -0.096375
vn -0.266602 0.958976 -0.096382
vn 0.216747 -0.958975 0.182722
vn 0.216752 -0.958975 0.182716
vn -0.217565 0.958975 -0.181748
vn -0.217560 0.958975 -0.181754
vn 0.141181 -0.958975 0.245834
vn 0.141188 -0.958975 0.245830
vn -0.142283 0.958975 -0.245198
vn -0.142276 0.958975 -0.245202
vn 0.048586 -0.958975 0.279296
vn 0.048594 -0.958975 0.279294
vn -0.049839 0.958975 -0.279075
vn -0.049832 0.958975 -0.279077
vn -0.049869 -0.958975 0.279070
vn -0.049860 -0.958975 0.279071
vn 0.048616 0.958975 -0.279291
vn 0.048623 0.958975 -0.279290
vn -0.142309 -0.958975 0.245184
vn -0.142302 -0.958975 0.245189
vn 0.141207 0.958975 -0.245819
vn 0.141213 0.958975 -0.245816
vn -0.217584 -0.958975 0.181724
vn -0.217579 -0.958975 0.181731
vn 0.216766 0.958975 -0.182700
vn 0.216771 0.958975 -0.182694
vn 0.936025 0.338424 -0.096571
vn 0.763828 0.638154 -0.096569
vn 0.938493 0.339746 -0.061668
vn 0.765695 0.640241 -0.061670
vn 0.499504 0.860913 -0.096568
vn 0.500544 0.863512 -0.061671
vn 0.174930 0.979834 -0.096569
vn 0.175019 0.982632 -0.061668
vn -0.170745 0.980571 -0.096571
vn -0.171619 0.983231 -0.061668
vn -0.495819 0.863040 -0.096571
vn -0.497554 0.865238 -0.061669
vn -0.761097 0.641409 -0.096570
vn -0.763475 0.642886 -0.061666
vn -0.934572 0.342416 -0.096570
vn -0.937312 0.342991 -0.061668
vn -0.995324 0.002125 -0.096570
vn -0.998095 0.001726 -0.061668
vn -0.936026 -0.338424 -0.096570
vn -0.938493 -0.339747 -0.061667
vn -0.763828 -0.638155 -0.096569
vn -0.765694 -0.640242 -0.061666
vn -0.499499 -0.860915 -0.096567
vn -0.500545 -0.863511 -0.061668
vn -0.174928 -0.979834 -0.096569
vn -0.175021 -0.982631 -0.061669
vn 0.170743 -0.980572 -0.096571
vn 0.171621 -0.983231 -0.061667
vn 0.495820 -0.863039 -0.096570
vn 0.497555 -0.865238 -0.061666
vn 0.761097 -0.641410 -0.096569
vn 0.763476 -0.642886 -0.061668
vn 0.934572 -0.342417 -0.096570
vn 0.937312 -0.342991 -0.061667
vn 0.995324 -0.002125 -0.096570
vn 0.998095 -0.001726 -0.061667
vn 0.074282 0.026170 0.996894
vn 0.060851 0.049998 0.996894
vn -0.000000 0.000000 1.000000
vn 0.040084 0.067795 0.996894
vn 0.014480 0.077416 0.996894
vn -0.012879 0.077699 0.996894
vn -0.038678 0.068610 0.996894
vn -0.059804 0.051245 0.996894
vn -0.073726 0.027700 0.996894
vn -0.078755 0.000814 0.996894
vn -0.074282 -0.026170 0.996894
vn -0.060850 -0.049997 0.996894
vn -0.040083 -0.067796 0.996894
vn -0.014477 -0.077416 0.996894
vn 0.012874 -0.077699 0.996894
vn 0.038672 -0.068610 0.996894
vn 0.059806 -0.051246 0.996894
vn 0.073726 -0.027700 0.996894
vn 0.078755 -0.000814 0.996894
vn 0.891224 0.321134 0.320302
vn 0.947311 -0.003048 0.320300
vn 0.376725 0.133246 0.916692
vn 0.399584 -0.003638 0.916689
vn 0.308434 0.254056 0.916692
vn 0.727645 0.606587 0.320289
vn 0.202936 0.344223 0.916694
vn 0.476293 0.818881 0.320279
vn 0.072968 0.392882 0.916689
vn 0.167499 0.932390 0.320302
vn -0.065805 0.394149 0.916688
vn -0.161493 0.933442 0.320321
vn -0.196645 0.347868 0.916689
vn -0.471020 0.821921 0.320289
vn -0.303752 0.259630 0.916694
vn -0.723724 0.611255 0.320300
vn -0.374241 0.140083 0.916690
vn -0.889140 0.326862 0.320298
vn -0.399584 0.003638 0.916690
vn -0.947312 0.003048 0.320299
vn -0.376725 -0.133246 0.916692
vn -0.891223 -0.321138 0.320300
vn -0.308433 -0.254055 0.916692
vn -0.727637 -0.606593 0.320295
vn -0.202950 -0.344233 0.916687
vn -0.476294 -0.818877 0.320289
vn -0.072970 -0.392876 0.916692
vn -0.167502 -0.932391 0.320297
vn 0.065806 -0.394147 0.916688
vn 0.161498 -0.933447 0.320305
vn 0.196643 -0.347872 0.916688
vn 0.471010 -0.821922 0.320303
vn 0.303765 -0.259635 0.916688
vn 0.723727 -0.611256 0.320289
vn 0.374238 -0.140083 0.916691
vn 0.889139 -0.326863 0.320300
s 1
g pCylinder3
usemtl initialShadingGroup
f 1/505/1 2/506/2 19/507/3
f 19/507/3 2/506/2 20/508/4
f 2/506/2 3/510/5 20/508/4
f 20/508/4 3/510/5 21/512/6
f 3/510/5 4/514/7 21/512/6
f 21/512/6 4/514/7 22/516/8
f 4/514/7 5/518/9 22/516/8
f 22/516/8 5/518/9 23/520/10
f 5/518/9 6/522/11 23/520/10
f 23/520/10 6/522/11 24/524/12
f 6/522/11 7/526/13 24/524/12
f 24/524/12 7/526/13 25/528/14
f 7/526/13 8/530/15 25/528/14
f 25/528/14 8/530/15 26/532/16
f 8/530/15 9/534/17 26/532/16
f 26/532/16 9/534/17 27/536/18
f 9/534/17 10/538/19 27/536/18
f 27/536/18 10/538/19 28/540/20
f 10/538/19 11/539/21 28/540/20
f 28/540/20 11/539/21 29/537/22
f 11/539/21 12/535/23 29/537/22
f 29/537/22 12/535/23 30/533/24
f 12/535/23 13/531/25 30/533/24
f 30/533/24 13/531/25 31/529/26
f 13/531/25 14/527/27 31/529/26
f 31/529/26 14/527/27 32/525/28
f 14/527/27 15/523/29 32/525/28
f 32/525/28 15/523/29 33/521/30
f 15/523/29 16/519/31 33/521/30
f 33/521/30 16/519/31 34/517/32
f 16/519/31 17/515/33 34/517/32
f 34/517/32 17/515/33 35/513/34
f 17/515/33 18/511/35 35/513/34
f 35/513/34 18/511/35 36/509/36
f 18/511/35 1/505/1 36/509/36
f 36/509/36 1/505/1 19/507/3
s 2
f 19/1/37 20/2/38 345/3/39
f 345/3/39 20/2/38 362/4/40
f 20/2/38 21/6/41 362/4/40
f 362/4/40 21/6/41 361/8/42
f 21/1071/41 22/1072/43 361/1073/42
f 361/1073/42 22/1072/43 360/1074/44
f 22/1072/43 23/1075/45 360/1074/44
f 360/1074/44 23/1075/45 359/1076/46
f 23/1075/45 24/1077/47 359/1076/46
f 359/1076/46 24/1077/47 358/1078/48
f 24/21/47 25/15/49 358/19/48
f 358/19/48 25/15/49 357/17/50
f 25/15/49 26/16/51 357/17/50
f 357/17/50 26/16/51 356/18/52
f 26/16/51 27/20/53 356/18/52
f 356/18/52 27/20/53 355/22/54
f 27/20/53 28/23/55 355/22/54
f 355/22/54 28/23/55 354/24/56
f 28/23/55 29/25/57 354/24/56
f 354/24/56 29/25/57 353/26/58
f 29/25/57 30/27/59 353/26/58
f 353/26/58 30/27/59 352/28/60
f 30/1079/59 31/1080/61 352/1081/60
f 352/1081/60 31/1080/61 351/1082/62
f 31/1080/61 32/1083/63 351/1082/62
f 351/1082/62 32/1083/63 350/1084/64
f 32/1083/63 33/1085/65 350/1084/64
f 350/1084/64 33/1085/65 349/1086/66
f 33/14/65 34/12/67 349/13/66
f 349/13/66 34/12/67 348/11/68
f 34/12/67 35/10/69 348/11/68
f 348/11/68 35/10/69 347/9/70
f 35/10/69 36/7/71 347/9/70
f 347/9/70 36/7/71 346/5/72
f 36/7/71 19/1/37 346/5/72
f 346/5/72 19/1/37 345/3/39
s 3
f 37/541/73 38/542/74 55/543/75
f 55/543/75 38/542/74 56/544/76
f 38/542/74 39/546/77 56/544/76
f 56/544/76 39/546/77 57/548/78
f 39/546/77 40/550/79 57/548/78
f 57/548/78 40/550/79 58/552/80
f 40/550/79 41/554/81 58/552/80
f 58/552/80 41/554/81 59/556/82
f 41/554/81 42/558/83 59/556/82
f 59/556/82 42/558/83 60/560/84
f 42/558/83 43/562/85 60/560/84
f 60/560/84 43/562/85 61/564/86
f 43/562/85 44/566/87 61/564/86
f 61/564/86 44/566/87 62/568/88
f 44/566/87 45/570/89 62/568/88
f 62/568/88 45/570/89 63/572/90
f 45/570/89 46/574/91 63/572/90
f 63/572/90 46/574/91 64/576/92
f 46/574/91 47/575/93 64/576/92
f 64/576/92 47/575/93 65/573/94
f 47/575/93 48/571/95 65/573/94
f 65/573/94 48/571/95 66/569/96
f 48/571/95 49/567/97 66/569/96
f 66/569/96 49/567/97 67/565/98
f 49/567/97 50/563/99 67/565/98
f 67/565/98 50/563/99 68/561/100
f 50/563/99 51/559/101 68/561/100
f 68/561/100 51/559/101 69/557/102
f 51/559/101 52/555/103 69/557/102
f 69/557/102 52/555/103 70/553/104
f 52/555/103 53/551/105 70/553/104
f 70/553/104 53/551/105 71/549/106
f 53/551/105 54/547/107 71/549/106
f 71/549/106 54/547/107 72/545/108
f 54/547/107 37/541/73 72/545/108
f 72/545/108 37/541/73 55/543/75
s 4
f 200/577/109 199/578/110 201/579/111
f 202/581/112 200/577/109 201/579/111
f 203/583/113 202/581/112 201/579/111
f 204/585/114 203/583/113 201/579/111
f 205/587/115 204/585/114 201/579/111
f 206/589/116 205/587/115 201/579/111
f 207/591/117 206/589/116 201/579/111
f 208/593/118 207/591/117 201/579/111
f 209/595/119 208/593/118 201/579/111
f 210/594/120 209/595/119 201/579/111
f 211/592/121 210/594/120 201/579/111
f 212/590/122 211/592/121 201/579/111
f 213/588/123 212/590/122 201/579/111
f 214/586/124 213/588/123 201/579/111
f 215/584/125 214/586/124 201/579/111
f 216/582/126 215/584/125 201/579/111
f 217/580/127 216/582/126 201/579/111
f 199/578/110 217/580/127 201/579/111
s 5
f 218/596/128 219/597/129 220/598/130
f 219/597/129 221/599/131 220/598/130
f 221/599/131 222/601/132 220/598/130
f 222/601/132 223/603/133 220/598/130
f 223/603/133 224/605/134 220/598/130
f 224/605/134 225/607/135 220/598/130
f 225/607/135 226/609/136 220/598/130
f 226/609/136 227/611/137 220/598/130
f 227/611/137 228/613/138 220/598/130
f 228/613/138 229/614/139 220/598/130
f 229/614/139 230/612/140 220/598/130
f 230/612/140 231/610/141 220/598/130
f 231/610/141 232/608/142 220/598/130
f 232/608/142 233/606/143 220/598/130
f 233/606/143 234/604/144 220/598/130
f 234/604/144 235/602/145 220/598/130
f 235/602/145 236/600/146 220/598/130
f 236/600/146 218/596/128 220/598/130
s 6
f 74/29/147 73/30/148 328/31/149
f 328/31/149 73/30/148 327/33/150
f 75/39/151 74/29/147 329/34/152
f 329/34/152 74/29/147 328/31/149
f 76/52/153 75/39/151 330/45/154
f 330/45/154 75/39/151 329/34/152
f 77/59/155 76/52/153 331/55/156
f 331/55/156 76/52/153 330/45/154
f 78/1087/157 77/1088/155 332/1089/158
f 332/1089/158 77/1088/155 331/1091/156
f 79/1095/159 78/1087/157 333/1092/160
f 333/1092/160 78/1087/157 332/1089/158
f 80/1103/161 79/1095/159 334/1099/162
f 334/1099/162 79/1095/159 333/1092/160
f 81/65/163 80/72/161 335/68/164
f 335/68/164 80/72/161 334/78/162
f 82/64/165 81/65/163 336/66/166
f 336/66/166 81/65/163 335/68/164
f 83/74/167 82/64/165 337/69/168
f 337/69/168 82/64/165 336/66/166
f 84/84/169 83/74/167 338/80/170
f 338/80/170 83/74/167 337/69/168
f 85/90/171 84/84/169 339/86/172
f 339/86/172 84/84/169 338/80/170
f 86/95/173 85/90/171 340/91/174
f 340/91/174 85/90/171 339/86/172
f 87/1107/175 86/1108/173 341/1109/176
f 341/1109/176 86/1108/173 340/1111/174
f 88/1115/177 87/1107/175 342/1112/178
f 342/1112/178 87/1107/175 341/1109/176
f 89/1123/179 88/1115/177 343/1119/180
f 343/1119/180 88/1115/177 342/1112/178
f 90/37/181 89/51/179 344/43/182
f 344/43/182 89/51/179 343/53/180
f 73/30/148 90/37/181 327/33/150
f 327/33/150 90/37/181 344/43/182
s 23
f 382/99/183 381/100/184 384/101/185
f 384/101/185 381/100/184 383/102/186
f 385/105/187 382/99/183 386/103/188
f 386/103/188 382/99/183 384/101/185
f 387/109/189 385/105/187 388/107/190
f 388/107/190 385/105/187 386/103/188
f 389/112/191 387/109/189 390/111/192
f 390/111/192 387/109/189 388/107/190
f 391/1127/193 389/1128/191 392/1129/194
f 392/1129/194 389/1128/191 390/1130/192
f 393/1132/195 391/1127/193 394/1131/196
f 394/1131/196 391/1127/193 392/1129/194
f 395/1134/197 393/1132/195 396/1133/198
f 396/1133/198 393/1132/195 394/1131/196
f 397/114/199 395/118/197 398/116/200
f 398/116/200 395/118/197 396/120/198
f 399/113/201 397/114/199 400/115/202
f 400/115/202 397/114/199 398/116/200
f 401/119/203 399/113/201 402/117/204
f 402/117/204 399/113/201 400/115/202
f 403/122/205 401/119/203 404/121/206
f 404/121/206 401/119/203 402/117/204
f 405/124/207 403/122/205 406/123/208
f 406/123/208 403/122/205 404/121/206
f 407/126/209 405/124/207 408/125/210
f 408/125/210 405/124/207 406/123/208
f 409/1135/211 407/1136/209 410/1137/212
f 410/1137/212 407/1136/209 408/1138/210
f 411/1140/213 409/1135/211 412/1139/214
f 412/1139/214 409/1135/211 410/1137/212
f 413/1142/215 411/1140/213 414/1141/216
f 414/1141/216 411/1140/213 412/1139/214
f 415/104/217 413/108/215 416/106/218
f 416/106/218 413/108/215 414/110/216
f 381/100/184 415/104/217 383/102/186
f 383/102/186 415/104/217 416/106/218
s 24
f 110/127/219 109/128/220 292/129/221
f 292/129/221 109/128/220 291/130/222
f 111/133/223 110/127/219 293/131/224
f 293/131/224 110/127/219 292/129/221
f 112/137/225 111/133/223 294/135/226
f 294/135/226 111/133/223 293/131/224
f 113/140/227 112/137/225 295/139/228
f 295/139/228 112/137/225 294/135/226
f 114/1143/229 113/1144/227 296/1145/230
f 296/1145/230 113/1144/227 295/1146/228
f 115/1148/231 114/1143/229 297/1147/232
f 297/1147/232 114/1143/229 296/1145/230
f 116/1150/233 115/1148/231 298/1149/234
f 298/1149/234 115/1148/231 297/1147/232
f 117/142/235 116/146/233 299/144/236
f 299/144/236 116/146/233 298/148/234
f 118/141/237 117/142/235 300/143/238
f 300/143/238 117/142/235 299/144/236
f 119/147/239 118/141/237 301/145/240
f 301/145/240 118/141/237 300/143/238
f 120/150/241 119/147/239 302/149/242
f 302/149/242 119/147/239 301/145/240
f 121/152/243 120/150/241 303/151/244
f 303/151/244 120/150/241 302/149/242
f 122/154/245 121/152/243 304/153/246
f 304/153/246 121/152/243 303/151/244
f 123/1151/247 122/1152/245 305/1153/248
f 305/1153/248 122/1152/245 304/1154/246
f 124/1156/249 123/1151/247 306/1155/250
f 306/1155/250 123/1151/247 305/1153/248
f 125/1158/251 124/1156/249 307/1157/252
f 307/1157/252 124/1156/249 306/1155/250
f 126/132/253 125/136/251 308/134/254
f 308/134/254 125/136/251 307/138/252
f 109/128/220 126/132/253 291/130/222
f 291/130/222 126/132/253 308/134/254
s 25
f 128/155/255 127/156/256 274/157/257
f 274/157/257 127/156/256 273/158/258
f 129/161/259 128/155/255 275/159/260
f 275/159/260 128/155/255 274/157/257
f 130/165/261 129/161/259 276/163/262
f 276/163/262 129/161/259 275/159/260
f 131/168/263 130/165/261 277/167/264
f 277/167/264 130/165/261 276/163/262
f 132/1159/265 131/1160/263 278/1161/266
f 278/1161/266 131/1160/263 277/1162/264
f 133/1164/267 132/1159/265 279/1163/268
f 279/1163/268 132/1159/265 278/1161/266
f 134/1166/269 133/1164/267 280/1165/270
f 280/1165/270 133/1164/267 279/1163/268
f 135/170/271 134/174/269 281/172/272
f 281/172/272 134/174/269 280/176/270
f 136/169/273 135/170/271 282/171/274
f 282/171/274 135/170/271 281/172/272
f 137/175/275 136/169/273 283/173/276
f 283/173/276 136/169/273 282/171/274
f 138/178/277 137/175/275 284/177/278
f 284/177/278 137/175/275 283/173/276
f 139/180/279 138/178/277 285/179/280
f 285/179/280 138/178/277 284/177/278
f 140/182/281 139/180/279 286/181/282
f 286/181/282 139/180/279 285/179/280
f 141/1167/283 140/1168/281 287/1169/284
f 287/1169/284 140/1168/281 286/1170/282
f 142/1172/285 141/1167/283 288/1171/286
f 288/1171/286 141/1167/283 287/1169/284
f 143/1174/287 142/1172/285 289/1173/288
f 289/1173/288 142/1172/285 288/1171/286
f 144/160/289 143/164/287 290/162/290
f 290/162/290 143/164/287 289/166/288
f 127/156/256 144/160/289 273/158/258
f 273/158/258 144/160/289 290/162/290
s 6
f 146/47/291 145/41/292 310/35/293
f 310/35/293 145/41/292 309/32/294
f 147/57/295 146/47/291 311/48/296
f 311/48/296 146/47/291 310/35/293
f 148/61/297 147/57/295 312/58/298
f 312/58/298 147/57/295 311/48/296
f 149/63/299 148/61/297 313/62/300
f 313/62/300 148/61/297 312/58/298
f 150/1101/301 149/1097/299 314/1093/302
f 314/1093/302 149/1097/299 313/1090/300
f 151/1104/303 150/1101/301 315/1102/304
f 315/1102/304 150/1101/301 314/1093/302
f 152/1106/305 151/1104/303 316/1105/306
f 316/1105/306 151/1104/303 315/1102/304
f 153/76/307 152/77/305 317/67/308
f 317/67/308 152/77/305 316/71/306
f 154/82/309 153/76/307 318/70/310
f 318/70/310 153/76/307 317/67/308
f 155/88/311 154/82/309 319/83/312
f 319/83/312 154/82/309 318/70/310
f 156/93/313 155/88/311 320/89/314
f 320/89/314 155/88/311 319/83/312
f 157/96/315 156/93/313 321/94/316
f 321/94/316 156/93/313 320/89/314
f 158/98/317 157/96/315 322/97/318
f 322/97/318 157/96/315 321/94/316
f 159/1121/319 158/1117/317 323/1113/320
f 323/1113/320 158/1117/317 322/1110/318
f 160/1124/321 159/1121/319 324/1122/322
f 324/1122/322 159/1121/319 323/1113/320
f 161/1126/323 160/1124/321 325/1125/324
f 325/1125/324 160/1124/321 324/1122/322
f 162/42/325 161/49/323 326/36/326
f 326/36/326 161/49/323 325/50/324
f 145/41/292 162/42/325 309/32/294
f 309/32/294 162/42/325 326/36/326
s 27
f 418/183/327 417/184/328 420/185/329
f 420/185/329 417/184/328 419/186/330
f 421/189/331 418/183/327 422/187/332
f 422/187/332 418/183/327 420/185/329
f 423/193/333 421/189/331 424/191/334
f 424/191/334 421/189/331 422/187/332
f 425/196/335 423/193/333 426/195/336
f 426/195/336 423/193/333 424/191/334
f 427/1175/337 425/1176/335 428/1177/338
f 428/1177/338 425/1176/335 426/1178/336
f 429/1180/339 427/1175/337 430/1179/340
f 430/1179/340 427/1175/337 428/1177/338
f 431/1182/341 429/1180/339 432/1181/342
f 432/1181/342 429/1180/339 430/1179/340
f 433/198/343 431/202/341 434/200/344
f 434/200/344 431/202/341 432/204/342
f 435/197/345 433/198/343 436/199/346
f 436/199/346 433/198/343 434/200/344
f 437/203/347 435/197/345 438/201/348
f 438/201/348 435/197/345 436/199/346
f 439/206/349 437/203/347 440/205/350
f 440/205/350 437/203/347 438/201/348
f 441/208/351 439/206/349 442/207/352
f 442/207/352 439/206/349 440/205/350
f 443/210/353 441/208/351 444/209/354
f 444/209/354 441/208/351 442/207/352
f 445/1183/355 443/1184/353 446/1185/356
f 446/1185/356 443/1184/353 444/1186/354
f 447/1188/357 445/1183/355 448/1187/358
f 448/1187/358 445/1183/355 446/1185/356
f 449/1190/359 447/1188/357 450/1189/360
f 450/1189/360 447/1188/357 448/1187/358
f 451/188/361 449/192/359 452/190/362
f 452/190/362 449/192/359 450/194/360
f 417/184/328 451/188/361 419/186/330
f 419/186/330 451/188/361 452/190/362
s 28
f 454/211/363 453/212/364 456/213/365
f 456/213/365 453/212/364 455/214/366
f 457/217/367 454/211/363 458/215/368
f 458/215/368 454/211/363 456/213/365
f 459/221/369 457/217/367 460/219/370
f 460/219/370 457/217/367 458/215/368
f 461/224/371 459/221/369 462/223/372
f 462/223/372 459/221/369 460/219/370
f 463/1191/373 461/1192/371 464/1193/374
f 464/1193/374 461/1192/371 462/1194/372
f 465/1196/375 463/1191/373 466/1195/376
f 466/1195/376 463/1191/373 464/1193/374
f 467/1198/377 465/1196/375 468/1197/378
f 468/1197/378 465/1196/375 466/1195/376
f 469/226/379 467/230/377 470/228/380
f 470/228/380 467/230/377 468/232/378
f 471/225/381 469/226/379 472/227/382
f 472/227/382 469/226/379 470/228/380
f 473/231/383 471/225/381 474/229/384
f 474/229/384 471/225/381 472/227/382
f 475/234/385 473/231/383 476/233/386
f 476/233/386 473/231/383 474/229/384
f 477/236/387 475/234/385 478/235/388
f 478/235/388 475/234/385 476/233/386
f 479/238/389 477/236/387 480/237/390
f 480/237/390 477/236/387 478/235/388
f 481/1199/391 479/1200/389 482/1201/392
f 482/1201/392 479/1200/389 480/1202/390
f 483/1204/393 481/1199/391 484/1203/394
f 484/1203/394 481/1199/391 482/1201/392
f 485/1206/395 483/1204/393 486/1205/396
f 486/1205/396 483/1204/393 484/1203/394
f 487/216/397 485/220/395 488/218/398
f 488/218/398 485/220/395 486/222/396
f 453/212/364 487/216/397 455/214/366
f 455/214/366 487/216/397 488/218/398
s 29
f 2/239/399 1/240/400 200/241/401
f 200/241/401 1/240/400 199/242/402
f 3/245/403 2/239/399 202/243/404
f 202/243/404 2/239/399 200/241/401
f 4/1207/405 3/1208/403 203/1209/406
f 203/1209/406 3/1208/403 202/1210/404
f 5/1212/407 4/1207/405 204/1211/408
f 204/1211/408 4/1207/405 203/1209/406
f 6/1214/409 5/1212/407 205/1213/410
f 205/1213/410 5/1212/407 204/1211/408
f 7/258/411 6/262/409 206/260/412
f 206/260/412 6/262/409 205/264/410
f 8/254/413 7/258/411 207/256/414
f 207/256/414 7/258/411 206/260/412
f 9/253/415 8/254/413 208/255/416
f 208/255/416 8/254/413 207/256/414
f 10/259/417 9/253/415 209/257/418
f 209/257/418 9/253/415 208/255/416
f 11/263/419 10/259/417 210/261/420
f 210/261/420 10/259/417 209/257/418
f 12/266/421 11/263/419 211/265/422
f 211/265/422 11/263/419 210/261/420
f 13/1215/423 12/1216/421 212/1217/424
f 212/1217/424 12/1216/421 211/1218/422
f 14/1220/425 13/1215/423 213/1219/426
f 213/1219/426 13/1215/423 212/1217/424
f 15/1222/427 14/1220/425 214/1221/428
f 214/1221/428 14/1220/425 213/1219/426
f 16/249/429 15/251/427 215/250/430
f 215/250/430 15/251/427 214/252/428
f 17/247/431 16/249/429 216/248/432
f 216/248/432 16/249/429 215/250/430
f 18/244/433 17/247/431 217/246/434
f 217/246/434 17/247/431 216/248/432
f 1/240/400 18/244/433 199/242/402
f 199/242/402 18/244/433 217/246/434
s 30
f 55/270/435 56/268/436 218/267/437
f 218/267/437 56/268/436 219/269/438
f 56/268/436 57/271/439 219/269/438
f 219/269/438 57/271/439 221/273/440
f 57/1223/439 58/1224/441 221/1225/440
f 221/1225/440 58/1224/441 222/1226/442
f 58/1224/441 59/1227/443 222/1226/442
f 222/1226/442 59/1227/443 223/1228/444
f 59/1227/443 60/1229/445 223/1228/444
f 223/1228/444 60/1229/445 224/1230/446
f 60/288/445 61/284/447 224/286/446
f 224/286/446 61/284/447 225/281/448
f 61/284/447 62/282/449 225/281/448
f 225/281/448 62/282/449 226/283/450
f 62/282/449 63/285/451 226/283/450
f 226/283/450 63/285/451 227/287/452
f 63/285/451 64/289/453 227/287/452
f 227/287/452 64/289/453 228/290/454
f 64/289/453 65/291/455 228/290/454
f 228/290/454 65/291/455 229/292/456
f 65/291/455 66/293/457 229/292/456
f 229/292/456 66/293/457 230/294/458
f 66/1231/457 67/1232/459 230/1233/458
f 230/1233/458 67/1232/459 231/1234/460
f 67/1232/459 68/1235/461 231/1234/460
f 231/1234/460 68/1235/461 232/1236/462
f 68/1235/461 69/1237/463 232/1236/462
f 232/1236/462 69/1237/463 233/1238/464
f 69/280/463 70/278/465 233/279/464
f 233/279/464 70/278/465 234/277/466
f 70/278/465 71/276/467 234/277/466
f 234/277/466 71/276/467 235/275/468
f 71/276/467 72/274/469 235/275/468
f 235/275/468 72/274/469 236/272/470
f 72/274/469 55/270/435 236/272/470
f 236/272/470 55/270/435 218/267/437
s 31
f 238/295/471 237/296/472 182/297/473
f 182/297/473 237/296/472 181/298/474
f 239/301/475 238/295/471 183/299/476
f 183/299/476 238/295/471 182/297/473
f 240/305/477 239/301/475 184/303/478
f 184/303/478 239/301/475 183/299/476
f 241/308/479 240/305/477 185/307/480
f 185/307/480 240/305/477 184/303/478
f 242/1239/481 241/1240/479 186/1241/482
f 186/1241/482 241/1240/479 185/1242/480
f 243/1244/483 242/1239/481 187/1243/484
f 187/1243/484 242/1239/481 186/1241/482
f 244/1246/485 243/1244/483 188/1245/486
f 188/1245/486 243/1244/483 187/1243/484
f 245/310/487 244/314/485 189/312/488
f 189/312/488 244/314/485 188/316/486
f 246/309/489 245/310/487 190/311/490
f 190/311/490 245/310/487 189/312/488
f 247/315/491 246/309/489 191/313/492
f 191/313/492 246/309/489 190/311/490
f 248/318/493 247/315/491 192/317/494
f 192/317/494 247/315/491 191/313/492
f 249/320/495 248/318/493 193/319/496
f 193/319/496 248/318/493 192/317/494
f 250/322/497 249/320/495 194/321/498
f 194/321/498 249/320/495 193/319/496
f 251/1247/499 250/1248/497 195/1249/500
f 195/1249/500 250/1248/497 194/1250/498
f 252/1252/501 251/1247/499 196/1251/502
f 196/1251/502 251/1247/499 195/1249/500
f 253/1254/503 252/1252/501 197/1253/504
f 197/1253/504 252/1252/501 196/1251/502
f 254/300/505 253/304/503 198/302/506
f 198/302/506 253/304/503 197/306/504
f 237/296/472 254/300/505 181/298/474
f 181/298/474 254/300/505 198/302/506
s 32
f 256/323/507 255/324/508 92/325/509
f 92/325/509 255/324/508 91/326/510
f 257/329/511 256/323/507 93/327/512
f 93/327/512 256/323/507 92/325/509
f 258/333/513 257/329/511 94/331/514
f 94/331/514 257/329/511 93/327/512
f 259/336/515 258/333/513 95/335/516
f 95/335/516 258/333/513 94/331/514
f 260/1255/517 259/1256/515 96/1257/518
f 96/1257/518 259/1256/515 95/1258/516
f 261/1260/519 260/1255/517 97/1259/520
f 97/1259/520 260/1255/517 96/1257/518
f 262/1262/521 261/1260/519 98/1261/522
f 98/1261/522 261/1260/519 97/1259/520
f 263/338/523 262/342/521 99/340/524
f 99/340/524 262/342/521 98/344/522
f 264/337/525 263/338/523 100/339/526
f 100/339/526 263/338/523 99/340/524
f 265/343/527 264/337/525 101/341/528
f 101/341/528 264/337/525 100/339/526
f 266/346/529 265/343/527 102/345/530
f 102/345/530 265/343/527 101/341/528
f 267/348/531 266/346/529 103/347/532
f 103/347/532 266/346/529 102/345/530
f 268/350/533 267/348/531 104/349/534
f 104/349/534 267/348/531 103/347/532
f 269/1263/535 268/1264/533 105/1265/536
f 105/1265/536 268/1264/533 104/1266/534
f 270/1268/537 269/1263/535 106/1267/538
f 106/1267/538 269/1263/535 105/1265/536
f 271/1270/539 270/1268/537 107/1269/540
f 107/1269/540 270/1268/537 106/1267/538
f 272/328/541 271/332/539 108/330/542
f 108/330/542 271/332/539 107/334/540
f 255/324/508 272/328/541 91/326/510
f 91/326/510 272/328/541 108/330/542
s 33
f 490/351/543 489/352/544 492/353/545
f 492/353/545 489/352/544 491/354/546
f 493/357/547 490/351/543 494/355/548
f 494/355/548 490/351/543 492/353/545
f 495/361/549 493/357/547 496/359/550
f 496/359/550 493/357/547 494/355/548
f 497/364/551 495/361/549 498/363/552
f 498/363/552 495/361/549 496/359/550
f 499/1271/553 497/1272/551 500/1273/554
f 500/1273/554 497/1272/551 498/1274/552
f 501/1276/555 499/1271/553 502/1275/556
f 502/1275/556 499/1271/553 500/1273/554
f 503/1278/557 501/1276/555 504/1277/558
f 504/1277/558 501/1276/555 502/1275/556
f 505/366/559 503/370/557 506/368/560
f 506/368/560 503/370/557 504/372/558
f 507/365/561 505/366/559 508/367/562
f 508/367/562 505/366/559 506/368/560
f 509/371/563 507/365/561 510/369/564
f 510/369/564 507/365/561 508/367/562
f 511/374/565 509/371/563 512/373/566
f 512/373/566 509/371/563 510/369/564
f 513/376/567 511/374/565 514/375/568
f 514/375/568 511/374/565 512/373/566
f 515/378/569 513/376/567 516/377/570
f 516/377/570 513/376/567 514/375/568
f 517/1279/571 515/1280/569 518/1281/572
f 518/1281/572 515/1280/569 516/1282/570
f 519/1284/573 517/1279/571 520/1283/574
f 520/1283/574 517/1279/571 518/1281/572
f 521/1286/575 519/1284/573 522/1285/576
f 522/1285/576 519/1284/573 520/1283/574
f 523/356/577 521/360/575 524/358/578
f 524/358/578 521/360/575 522/362/576
f 489/352/544 523/356/577 491/354/546
f 491/354/546 523/356/577 524/358/578
s 34
f 526/379/579 525/380/580 528/381/581
f 528/381/581 525/380/580 527/382/582
f 529/385/583 526/379/579 530/383/584
f 530/383/584 526/379/579 528/381/581
f 531/389/585 529/385/583 532/387/586
f 532/387/586 529/385/583 530/383/584
f 533/392/587 531/389/585 534/391/588
f 534/391/588 531/389/585 532/387/586
f 535/1287/589 533/1288/587 536/1289/590
f 536/1289/590 533/1288/587 534/1290/588
f 537/1292/591 535/1287/589 538/1291/592
f 538/1291/592 535/1287/589 536/1289/590
f 539/1294/593 537/1292/591 540/1293/594
f 540/1293/594 537/1292/591 538/1291/592
f 541/394/595 539/398/593 542/396/596
f 542/396/596 539/398/593 540/400/594
f 543/393/597 541/394/595 544/395/598
f 544/395/598 541/394/595 542/396/596
f 545/399/599 543/393/597 546/397/600
f 546/397/600 543/393/597 544/395/598
f 547/402/601 545/399/599 548/401/602
f 548/401/602 545/399/599 546/397/600
f 549/404/603 547/402/601 550/403/604
f 550/403/604 547/402/601 548/401/602
f 551/406/605 549/404/603 552/405/606
f 552/405/606 549/404/603 550/403/604
f 553/1295/607 551/1296/605 554/1297/608
f 554/1297/608 551/1296/605 552/1298/606
f 555/1300/609 553/1295/607 556/1299/610
f 556/1299/610 553/1295/607 554/1297/608
f 557/1302/611 555/1300/609 558/1301/612
f 558/1301/612 555/1300/609 556/1299/610
f 559/384/613 557/388/611 560/386/614
f 560/386/614 557/388/611 558/390/612
f 525/380/580 559/384/613 527/382/582
f 527/382/582 559/384/613 560/386/614
s 6
f 310/35/293 309/32/294 74/29/147
f 74/29/147 309/32/294 73/30/148
f 311/48/296 310/35/293 75/39/151
f 75/39/151 310/35/293 74/29/147
f 312/58/298 311/48/296 76/52/153
f 76/52/153 311/48/296 75/39/151
f 313/62/300 312/58/298 77/59/155
f 77/59/155 312/58/298 76/52/153
f 314/1093/302 313/1090/300 78/1087/157
f 78/1087/157 313/1090/300 77/1088/155
f 315/1102/304 314/1093/302 79/1095/159
f 79/1095/159 314/1093/302 78/1087/157
f 316/1105/306 315/1102/304 80/1103/161
f 80/1103/161 315/1102/304 79/1095/159
f 317/67/308 316/71/306 81/65/163
f 81/65/163 316/71/306 80/72/161
f 318/70/310 317/67/308 82/64/165
f 82/64/165 317/67/308 81/65/163
f 319/83/312 318/70/310 83/74/167
f 83/74/167 318/70/310 82/64/165
f 320/89/314 319/83/312 84/84/169
f 84/84/169 319/83/312 83/74/167
f 321/94/316 320/89/314 85/90/171
f 85/90/171 320/89/314 84/84/169
f 322/97/318 321/94/316 86/95/173
f 86/95/173 321/94/316 85/90/171
f 323/1113/320 322/1110/318 87/1107/175
f 87/1107/175 322/1110/318 86/1108/173
f 324/1122/322 323/1113/320 88/1115/177
f 88/1115/177 323/1113/320 87/1107/175
f 325/1125/324 324/1122/322 89/1123/179
f 89/1123/179 324/1122/322 88/1115/177
f 326/36/326 325/50/324 90/37/181
f 90/37/181 325/50/324 89/51/179
f 309/32/294 326/36/326 73/30/148
f 73/30/148 326/36/326 90/37/181
f 328/31/149 327/33/150 164/38/615
f 164/38/615 327/33/150 163/44/616
f 329/34/152 328/31/149 165/40/617
f 165/40/617 328/31/149 164/38/615
f 330/45/154 329/34/152 166/46/618
f 166/46/618 329/34/152 165/40/617
f 331/55/156 330/45/154 167/56/619
f 167/56/619 330/45/154 166/46/618
f 332/1089/158 331/1091/156 168/1094/620
f 168/1094/620 331/1091/156 167/1098/619
f 333/1092/160 332/1089/158 169/1096/621
f 169/1096/621 332/1089/158 168/1094/620
f 334/1099/162 333/1092/160 170/1100/622
f 170/1100/622 333/1092/160 169/1096/621
f 335/68/164 334/78/162 171/79/623
f 171/79/623 334/78/162 170/85/622
f 336/66/166 335/68/164 172/73/624
f 172/73/624 335/68/164 171/79/623
f 337/69/168 336/66/166 173/75/625
f 173/75/625 336/66/166 172/73/624
f 338/80/170 337/69/168 174/81/626
f 174/81/626 337/69/168 173/75/625
f 339/86/172 338/80/170 175/87/627
f 175/87/627 338/80/170 174/81/626
f 340/91/174 339/86/172 176/92/628
f 176/92/628 339/86/172 175/87/627
f 341/1109/176 340/1111/174 177/1114/629
f 177/1114/629 340/1111/174 176/1118/628
f 342/1112/178 341/1109/176 178/1116/630
f 178/1116/630 341/1109/176 177/1114/629
f 343/1119/180 342/1112/178 179/1120/631
f 179/1120/631 342/1112/178 178/1116/630
f 344/43/182 343/53/180 180/54/632
f 180/54/632 343/53/180 179/60/631
f 327/33/150 344/43/182 163/44/616
f 163/44/616 344/43/182 180/54/632
s 35
f 562/407/633 561/408/634 564/409/635
f 564/409/635 561/408/634 563/410/636
f 565/413/637 562/407/633 566/411/638
f 566/411/638 562/407/633 564/409/635
f 567/417/639 565/413/637 568/415/640
f 568/415/640 565/413/637 566/411/638
f 569/420/641 567/417/639 570/419/642
f 570/419/642 567/417/639 568/415/640
f 571/1303/643 569/1304/641 572/1305/644
f 572/1305/644 569/1304/641 570/1306/642
f 573/1308/645 571/1303/643 574/1307/646
f 574/1307/646 571/1303/643 572/1305/644
f 575/1310/647 573/1308/645 576/1309/648
f 576/1309/648 573/1308/645 574/1307/646
f 577/422/649 575/426/647 578/424/650
f 578/424/650 575/426/647 576/428/648
f 579/421/651 577/422/649 580/423/652
f 580/423/652 577/422/649 578/424/650
f 581/427/653 579/421/651 582/425/654
f 582/425/654 579/421/651 580/423/652
f 583/430/655 581/427/653 584/429/656
f 584/429/656 581/427/653 582/425/654
f 585/432/657 583/430/655 586/431/658
f 586/431/658 583/430/655 584/429/656
f 587/434/659 585/432/657 588/433/660
f 588/433/660 585/432/657 586/431/658
f 589/1311/661 587/1312/659 590/1313/662
f 590/1313/662 587/1312/659 588/1314/660
f 591/1316/663 589/1311/661 592/1315/664
f 592/1315/664 589/1311/661 590/1313/662
f 593/1318/665 591/1316/663 594/1317/666
f 594/1317/666 591/1316/663 592/1315/664
f 595/412/667 593/416/665 596/414/668
f 596/414/668 593/416/665 594/418/666
f 561/408/634 595/412/667 563/410/636
f 563/410/636 595/412/667 596/414/668
s 36
f 364/435/669 363/436/670 54/437/671
f 54/437/671 363/436/670 37/438/672
f 365/441/673 364/435/669 53/439/674
f 53/439/674 364/435/669 54/437/671
f 366/445/675 365/441/673 52/443/676
f 52/443/676 365/441/673 53/439/674
f 367/448/677 366/445/675 51/447/678
f 51/447/678 366/445/675 52/443/676
f 368/1319/679 367/1320/677 50/1321/680
f 50/1321/680 367/1320/677 51/1322/678
f 369/1324/681 368/1319/679 49/1323/682
f 49/1323/682 368/1319/679 50/1321/680
f 370/1326/683 369/1324/681 48/1325/684
f 48/1325/684 369/1324/681 49/1323/682
f 371/450/685 370/454/683 47/452/686
f 47/452/686 370/454/683 48/456/684
f 372/449/687 371/450/685 46/451/688
f 46/451/688 371/450/685 47/452/686
f 373/455/689 372/449/687 45/453/690
f 45/453/690 372/449/687 46/451/688
f 374/458/691 373/455/689 44/457/692
f 44/457/692 373/455/689 45/453/690
f 375/460/693 374/458/691 43/459/694
f 43/459/694 374/458/691 44/457/692
f 376/462/695 375/460/693 42/461/696
f 42/461/696 375/460/693 43/459/694
f 377/1327/697 376/1328/695 41/1329/698
f 41/1329/698 376/1328/695 42/1330/696
f 378/1332/699 377/1327/697 40/1331/700
f 40/1331/700 377/1327/697 41/1329/698
f 379/1334/701 378/1332/699 39/1333/702
f 39/1333/702 378/1332/699 40/1331/700
f 380/440/703 379/444/701 38/442/704
f 38/442/704 379/444/701 39/446/702
f 363/436/670 380/440/703 37/438/672
f 37/438/672 380/440/703 38/442/704
s 37
f 92/615/705 91/616/706 382/617/707
f 382/617/707 91/616/706 381/618/708
s 38
f 237/651/709 238/652/710 383/653/711
f 383/653/711 238/652/710 384/654/712
s 37
f 93/621/713 92/615/705 385/619/714
f 385/619/714 92/615/705 382/617/707
s 38
f 238/652/710 239/656/715 384/654/712
f 384/654/712 239/656/715 386/658/716
s 37
f 94/625/717 93/621/713 387/623/718
f 387/623/718 93/621/713 385/619/714
s 38
f 239/656/715 240/660/719 386/658/716
f 386/658/716 240/660/719 388/662/720
s 37
f 95/629/721 94/625/717 389/627/722
f 389/627/722 94/625/717 387/623/718
s 38
f 240/660/719 241/664/723 388/662/720
f 388/662/720 241/664/723 390/666/724
s 37
f 96/633/725 95/629/721 391/631/726
f 391/631/726 95/629/721 389/627/722
s 38
f 241/664/723 242/668/727 390/666/724
f 390/666/724 242/668/727 392/670/728
s 37
f 97/637/729 96/633/725 393/635/730
f 393/635/730 96/633/725 391/631/726
s 38
f 242/668/727 243/672/731 392/670/728
f 392/670/728 243/672/731 394/674/732
s 37
f 98/641/733 97/637/729 395/639/734
f 395/639/734 97/637/729 393/635/730
s 38
f 243/672/731 244/676/735 394/674/732
f 394/674/732 244/676/735 396/678/736
s 37
f 99/645/737 98/641/733 397/643/738
f 397/643/738 98/641/733 395/639/734
s 38
f 244/676/735 245/680/739 396/678/736
f 396/678/736 245/680/739 398/682/740
s 37
f 100/649/741 99/645/737 399/647/742
f 399/647/742 99/645/737 397/643/738
s 38
f 245/680/739 246/684/743 398/682/740
f 398/682/740 246/684/743 400/686/744
s 37
f 101/648/745 100/649/741 401/650/746
f 401/650/746 100/649/741 399/647/742
s 38
f 246/684/743 247/685/747 400/686/744
f 400/686/744 247/685/747 402/683/748
s 37
f 102/644/749 101/648/745 403/646/750
f 403/646/750 101/648/745 401/650/746
s 38
f 247/685/747 248/681/751 402/683/748
f 402/683/748 248/681/751 404/679/752
s 37
f 103/640/753 102/644/749 405/642/754
f 405/642/754 102/644/749 403/646/750
s 38
f 248/681/751 249/677/755 404/679/752
f 404/679/752 249/677/755 406/675/756
s 37
f 104/636/757 103/640/753 407/638/758
f 407/638/758 103/640/753 405/642/754
s 38
f 249/677/755 250/673/759 406/675/756
f 406/675/756 250/673/759 408/671/760
s 37
f 105/632/761 104/636/757 409/634/762
f 409/634/762 104/636/757 407/638/758
s 38
f 250/673/759 251/669/763 408/671/760
f 408/671/760 251/669/763 410/667/764
s 37
f 106/628/765 105/632/761 411/630/766
f 411/630/766 105/632/761 409/634/762
s 38
f 251/669/763 252/665/767 410/667/764
f 410/667/764 252/665/767 412/663/768
s 37
f 107/624/769 106/628/765 413/626/770
f 413/626/770 106/628/765 411/630/766
s 38
f 252/665/767 253/661/771 412/663/768
f 412/663/768 253/661/771 414/659/772
s 37
f 108/620/773 107/624/769 415/622/774
f 415/622/774 107/624/769 413/626/770
s 38
f 253/661/771 254/657/775 414/659/772
f 414/659/772 254/657/775 416/655/776
s 37
f 91/616/706 108/620/773 381/618/708
f 381/618/708 108/620/773 415/622/774
s 38
f 254/657/775 237/651/709 416/655/776
f 416/655/776 237/651/709 383/653/711
s 39
f 164/687/777 163/688/778 418/689/779
f 418/689/779 163/688/778 417/690/780
s 40
f 255/723/781 256/724/782 419/725/783
f 419/725/783 256/724/782 420/726/784
s 39
f 165/693/785 164/687/777 421/691/786
f 421/691/786 164/687/777 418/689/779
s 40
f 256/724/782 257/728/787 420/726/784
f 420/726/784 257/728/787 422/730/788
s 39
f 166/697/789 165/693/785 423/695/790
f 423/695/790 165/693/785 421/691/786
s 40
f 257/728/787 258/732/791 422/730/788
f 422/730/788 258/732/791 424/734/792
s 39
f 167/701/793 166/697/789 425/699/794
f 425/699/794 166/697/789 423/695/790
s 40
f 258/732/791 259/736/795 424/734/792
f 424/734/792 259/736/795 426/738/796
s 39
f 168/705/797 167/701/793 427/703/798
f 427/703/798 167/701/793 425/699/794
s 40
f 259/736/795 260/740/799 426/738/796
f 426/738/796 260/740/799 428/742/800
s 39
f 169/709/801 168/705/797 429/707/802
f 429/707/802 168/705/797 427/703/798
s 40
f 260/740/799 261/744/803 428/742/800
f 428/742/800 261/744/803 430/746/804
s 39
f 170/713/805 169/709/801 431/711/806
f 431/711/806 169/709/801 429/707/802
s 40
f 261/744/803 262/748/807 430/746/804
f 430/746/804 262/748/807 432/750/808
s 39
f 171/717/809 170/713/805 433/715/810
f 433/715/810 170/713/805 431/711/806
s 40
f 262/748/807 263/752/811 432/750/808
f 432/750/808 263/752/811 434/754/812
s 39
f 172/721/813 171/717/809 435/719/814
f 435/719/814 171/717/809 433/715/810
s 40
f 263/752/811 264/756/815 434/754/812
f 434/754/812 264/756/815 436/758/816
s 39
f 173/720/817 172/721/813 437/722/818
f 437/722/818 172/721/813 435/719/814
s 40
f 264/756/815 265/757/819 436/758/816
f 436/758/816 265/757/819 438/755/820
s 39
f 174/716/821 173/720/817 439/718/822
f 439/718/822 173/720/817 437/722/818
s 40
f 265/757/819 266/753/823 438/755/820
f 438/755/820 266/753/823 440/751/824
s 39
f 175/712/825 174/716/821 441/714/826
f 441/714/826 174/716/821 439/718/822
s 40
f 266/753/823 267/749/827 440/751/824
f 440/751/824 267/749/827 442/747/828
s 39
f 176/708/829 175/712/825 443/710/830
f 443/710/830 175/712/825 441/714/826
s 40
f 267/749/827 268/745/831 442/747/828
f 442/747/828 268/745/831 444/743/832
s 39
f 177/704/833 176/708/829 445/706/834
f 445/706/834 176/708/829 443/710/830
s 40
f 268/745/831 269/741/835 444/743/832
f 444/743/832 269/741/835 446/739/836
s 39
f 178/700/837 177/704/833 447/702/838
f 447/702/838 177/704/833 445/706/834
s 40
f 269/741/835 270/737/839 446/739/836
f 446/739/836 270/737/839 448/735/840
s 39
f 179/696/841 178/700/837 449/698/842
f 449/698/842 178/700/837 447/702/838
s 40
f 270/737/839 271/733/843 448/735/840
f 448/735/840 271/733/843 450/731/844
s 39
f 180/692/845 179/696/841 451/694/846
f 451/694/846 179/696/841 449/698/842
s 40
f 271/733/843 272/729/847 450/731/844
f 450/731/844 272/729/847 452/727/848
s 39
f 163/688/778 180/692/845 417/690/780
f 417/690/780 180/692/845 451/694/846
s 40
f 272/729/847 255/723/781 452/727/848
f 452/727/848 255/723/781 419/725/783
s 41
f 182/759/849 181/760/850 454/761/851
f 454/761/851 181/760/850 453/762/852
s 42
f 363/795/853 364/796/854 455/797/855
f 455/797/855 364/796/854 456/798/856
s 41
f 183/765/857 182/759/849 457/763/858
f 457/763/858 182/759/849 454/761/851
s 42
f 364/796/854 365/800/859 456/798/856
f 456/798/856 365/800/859 458/802/860
s 41
f 184/769/861 183/765/857 459/767/862
f 459/767/862 183/765/857 457/763/858
s 42
f 365/800/859 366/804/863 458/802/860
f 458/802/860 366/804/863 460/806/864
s 41
f 185/773/865 184/769/861 461/771/866
f 461/771/866 184/769/861 459/767/862
s 42
f 366/804/863 367/808/867 460/806/864
f 460/806/864 367/808/867 462/810/868
s 41
f 186/777/869 185/773/865 463/775/870
f 463/775/870 185/773/865 461/771/866
s 42
f 367/808/867 368/812/871 462/810/868
f 462/810/868 368/812/871 464/814/872
s 41
f 187/781/873 186/777/869 465/779/874
f 465/779/874 186/777/869 463/775/870
s 42
f 368/812/871 369/816/875 464/814/872
f 464/814/872 369/816/875 466/818/876
s 41
f 188/785/877 187/781/873 467/783/878
f 467/783/878 187/781/873 465/779/874
s 42
f 369/816/875 370/820/879 466/818/876
f 466/818/876 370/820/879 468/822/880
s 41
f 189/789/881 188/785/877 469/787/882
f 469/787/882 188/785/877 467/783/878
s 42
f 370/820/879 371/824/883 468/822/880
f 468/822/880 371/824/883 470/826/884
s 41
f 190/793/885 189/789/881 471/791/886
f 471/791/886 189/789/881 469/787/882
s 42
f 371/824/883 372/828/887 470/826/884
f 470/826/884 372/828/887 472/830/888
s 41
f 191/792/889 190/793/885 473/794/890
f 473/794/890 190/793/885 471/791/886
s 42
f 372/828/887 373/829/891 472/830/888
f 472/830/888 373/829/891 474/827/892
s 41
f 192/788/893 191/792/889 475/790/894
f 475/790/894 191/792/889 473/794/890
s 42
f 373/829/891 374/825/895 474/827/892
f 474/827/892 374/825/895 476/823/896
s 41
f 193/784/897 192/788/893 477/786/898
f 477/786/898 192/788/893 475/790/894
s 42
f 374/825/895 375/821/899 476/823/896
f 476/823/896 375/821/899 478/819/900
s 41
f 194/780/901 193/784/897 479/782/902
f 479/782/902 193/784/897 477/786/898
s 42
f 375/821/899 376/817/903 478/819/900
f 478/819/900 376/817/903 480/815/904
s 41
f 195/776/905 194/780/901 481/778/906
f 481/778/906 194/780/901 479/782/902
s 42
f 376/817/903 377/813/907 480/815/904
f 480/815/904 377/813/907 482/811/908
s 41
f 196/772/909 195/776/905 483/774/910
f 483/774/910 195/776/905 481/778/906
s 42
f 377/813/907 378/809/911 482/811/908
f 482/811/908 378/809/911 484/807/912
s 41
f 197/768/913 196/772/909 485/770/914
f 485/770/914 196/772/909 483/774/910
s 42
f 378/809/911 379/805/915 484/807/912
f 484/807/912 379/805/915 486/803/916
s 41
f 198/764/917 197/768/913 487/766/918
f 487/766/918 197/768/913 485/770/914
s 42
f 379/805/915 380/801/919 486/803/916
f 486/803/916 380/801/919 488/799/920
s 41
f 181/760/850 198/764/917 453/762/852
f 453/762/852 198/764/917 487/766/918
s 42
f 380/801/919 363/795/853 488/799/920
f 488/799/920 363/795/853 455/797/855
s 43
f 274/831/921 273/832/922 490/833/923
f 490/833/923 273/832/922 489/834/924
s 44
f 109/867/925 110/868/926 491/869/927
f 491/869/927 110/868/926 492/870/928
s 43
f 275/837/929 274/831/921 493/835/930
f 493/835/930 274/831/921 490/833/923
s 44
f 110/868/926 111/872/931 492/870/928
f 492/870/928 111/872/931 494/874/932
s 43
f 276/841/933 275/837/929 495/839/934
f 495/839/934 275/837/929 493/835/930
s 44
f 111/872/931 112/876/935 494/874/932
f 494/874/932 112/876/935 496/878/936
s 43
f 277/845/937 276/841/933 497/843/938
f 497/843/938 276/841/933 495/839/934
s 44
f 112/876/935 113/880/939 496/878/936
f 496/878/936 113/880/939 498/882/940
s 43
f 278/849/941 277/845/937 499/847/942
f 499/847/942 277/845/937 497/843/938
s 44
f 113/880/939 114/884/943 498/882/940
f 498/882/940 114/884/943 500/886/944
s 43
f 279/853/945 278/849/941 501/851/946
f 501/851/946 278/849/941 499/847/942
s 44
f 114/884/943 115/888/947 500/886/944
f 500/886/944 115/888/947 502/890/948
s 43
f 280/857/949 279/853/945 503/855/950
f 503/855/950 279/853/945 501/851/946
s 44
f 115/888/947 116/892/951 502/890/948
f 502/890/948 116/892/951 504/894/952
s 43
f 281/861/953 280/857/949 505/859/954
f 505/859/954 280/857/949 503/855/950
s 44
f 116/892/951 117/896/955 504/894/952
f 504/894/952 117/896/955 506/898/956
s 43
f 282/865/957 281/861/953 507/863/958
f 507/863/958 281/861/953 505/859/954
s 44
f 117/896/955 118/900/959 506/898/956
f 506/898/956 118/900/959 508/902/960
s 43
f 283/864/961 282/865/957 509/866/962
f 509/866/962 282/865/957 507/863/958
s 44
f 118/900/959 119/901/963 508/902/960
f 508/902/960 119/901/963 510/899/964
s 43
f 284/860/965 283/864/961 511/862/966
f 511/862/966 283/864/961 509/866/962
s 44
f 119/901/963 120/897/967 510/899/964
f 510/899/964 120/897/967 512/895/968
s 43
f 285/856/969 284/860/965 513/858/970
f 513/858/970 284/860/965 511/862/966
s 44
f 120/897/967 121/893/971 512/895/968
f 512/895/968 121/893/971 514/891/972
s 43
f 286/852/973 285/856/969 515/854/974
f 515/854/974 285/856/969 513/858/970
s 44
f 121/893/971 122/889/975 514/891/972
f 514/891/972 122/889/975 516/887/976
s 43
f 287/848/977 286/852/973 517/850/978
f 517/850/978 286/852/973 515/854/974
s 44
f 122/889/975 123/885/979 516/887/976
f 516/887/976 123/885/979 518/883/980
s 43
f 288/844/981 287/848/977 519/846/982
f 519/846/982 287/848/977 517/850/978
s 44
f 123/885/979 124/881/983 518/883/980
f 518/883/980 124/881/983 520/879/984
s 43
f 289/840/985 288/844/981 521/842/986
f 521/842/986 288/844/981 519/846/982
s 44
f 124/881/983 125/877/987 520/879/984
f 520/879/984 125/877/987 522/875/988
s 43
f 290/836/989 289/840/985 523/838/990
f 523/838/990 289/840/985 521/842/986
s 44
f 125/877/987 126/873/991 522/875/988
f 522/875/988 126/873/991 524/871/992
s 43
f 273/832/922 290/836/989 489/834/924
f 489/834/924 290/836/989 523/838/990
s 44
f 126/873/991 109/867/925 524/871/992
f 524/871/992 109/867/925 491/869/927
s 45
f 292/903/993 291/904/994 526/905/995
f 526/905/995 291/904/994 525/906/996
s 46
f 145/939/997 146/940/998 527/941/999
f 527/941/999 146/940/998 528/942/1000
s 45
f 293/909/1001 292/903/993 529/907/1002
f 529/907/1002 292/903/993 526/905/995
s 46
f 146/940/998 147/944/1003 528/942/1000
f 528/942/1000 147/944/1003 530/946/1004
s 45
f 294/913/1005 293/909/1001 531/911/1006
f 531/911/1006 293/909/1001 529/907/1002
s 46
f 147/944/1003 148/948/1007 530/946/1004
f 530/946/1004 148/948/1007 532/950/1008
s 45
f 295/917/1009 294/913/1005 533/915/1010
f 533/915/1010 294/913/1005 531/911/1006
s 46
f 148/948/1007 149/952/1011 532/950/1008
f 532/950/1008 149/952/1011 534/954/1012
s 45
f 296/921/1013 295/917/1009 535/919/1014
f 535/919/1014 295/917/1009 533/915/1010
s 46
f 149/952/1011 150/956/1015 534/954/1012
f 534/954/1012 150/956/1015 536/958/1016
s 45
f 297/925/1017 296/921/1013 537/923/1018
f 537/923/1018 296/921/1013 535/919/1014
s 46
f 150/956/1015 151/960/1019 536/958/1016
f 536/958/1016 151/960/1019 538/962/1020
s 45
f 298/929/1021 297/925/1017 539/927/1022
f 539/927/1022 297/925/1017 537/923/1018
s 46
f 151/960/1019 152/964/1023 538/962/1020
f 538/962/1020 152/964/1023 540/966/1024
s 45
f 299/933/1025 298/929/1021 541/931/1026
f 541/931/1026 298/929/1021 539/927/1022
s 46
f 152/964/1023 153/968/1027 540/966/1024
f 540/966/1024 153/968/1027 542/970/1028
s 45
f 300/937/1029 299/933/1025 543/935/1030
f 543/935/1030 299/933/1025 541/931/1026
s 46
f 153/968/1027 154/972/1031 542/970/1028
f 542/970/1028 154/972/1031 544/974/1032
s 45
f 301/936/1033 300/937/1029 545/938/1034
f 545/938/1034 300/937/1029 543/935/1030
s 46
f 154/972/1031 155/973/1035 544/974/1032
f 544/974/1032 155/973/1035 546/971/1036
s 45
f 302/932/1037 301/936/1033 547/934/1038
f 547/934/1038 301/936/1033 545/938/1034
s 46
f 155/973/1035 156/969/1039 546/971/1036
f 546/971/1036 156/969/1039 548/967/1040
s 45
f 303/928/1041 302/932/1037 549/930/1042
f 549/930/1042 302/932/1037 547/934/1038
s 46
f 156/969/1039 157/965/1043 548/967/1040
f 548/967/1040 157/965/1043 550/963/1044
s 45
f 304/924/1045 303/928/1041 551/926/1046
f 551/926/1046 303/928/1041 549/930/1042
s 46
f 157/965/1043 158/961/1047 550/963/1044
f 550/963/1044 158/961/1047 552/959/1048
s 45
f 305/920/1049 304/924/1045 553/922/1050
f 553/922/1050 304/924/1045 551/926/1046
s 46
f 158/961/1047 159/957/1051 552/959/1048
f 552/959/1048 159/957/1051 554/955/1052
s 45
f 306/916/1053 305/920/1049 555/918/1054
f 555/918/1054 305/920/1049 553/922/1050
s 46
f 159/957/1051 160/953/1055 554/955/1052
f 554/955/1052 160/953/1055 556/951/1056
s 45
f 307/912/1057 306/916/1053 557/914/1058
f 557/914/1058 306/916/1053 555/918/1054
s 46
f 160/953/1055 161/949/1059 556/951/1056
f 556/951/1056 161/949/1059 558/947/1060
s 45
f 308/908/1061 307/912/1057 559/910/1062
f 559/910/1062 307/912/1057 557/914/1058
s 46
f 161/949/1059 162/945/1063 558/947/1060
f 558/947/1060 162/945/1063 560/943/1064
s 45
f 291/904/994 308/908/1061 525/906/996
f 525/906/996 308/908/1061 559/910/1062
s 46
f 162/945/1063 145/939/997 560/943/1064
f 560/943/1064 145/939/997 527/941/999
s 47
f 346/975/1065 345/976/1066 562/977/1067
f 562/977/1067 345/976/1066 561/978/1068
s 48
f 127/1011/1069 128/1012/1070 563/1013/1071
f 563/1013/1071 128/1012/1070 564/1014/1072
s 47
f 347/981/1073 346/975/1065 565/979/1074
f 565/979/1074 346/975/1065 562/977/1067
s 48
f 128/1012/1070 129/1016/1075 564/1014/1072
f 564/1014/1072 129/1016/1075 566/1018/1076
s 47
f 348/985/1077 347/981/1073 567/983/1078
f 567/983/1078 347/981/1073 565/979/1074
s 48
f 129/1016/1075 130/1020/1079 566/1018/1076
f 566/1018/1076 130/1020/1079 568/1022/1080
s 47
f 349/989/1081 348/985/1077 569/987/1082
f 569/987/1082 348/985/1077 567/983/1078
s 48
f 130/1020/1079 131/1024/1083 568/1022/1080
f 568/1022/1080 131/1024/1083 570/1026/1084
s 47
f 350/993/1085 349/989/1081 571/991/1086
f 571/991/1086 349/989/1081 569/987/1082
s 48
f 131/1024/1083 132/1028/1087 570/1026/1084
f 570/1026/1084 132/1028/1087 572/1030/1088
s 47
f 351/997/1089 350/993/1085 573/995/1090
f 573/995/1090 350/993/1085 571/991/1086
s 48
f 132/1028/1087 133/1032/1091 572/1030/1088
f 572/1030/1088 133/1032/1091 574/1034/1092
s 47
f 352/1001/1093 351/997/1089 575/999/1094
f 575/999/1094 351/997/1089 573/995/1090
s 48
f 133/1032/1091 134/1036/1095 574/1034/1092
f 574/1034/1092 134/1036/1095 576/1038/1096
s 47
f 353/1005/1097 352/1001/1093 577/1003/1098
f 577/1003/1098 352/1001/1093 575/999/1094
s 48
f 134/1036/1095 135/1040/1099 576/1038/1096
f 576/1038/1096 135/1040/1099 578/1042/1100
s 47
f 354/1009/1101 353/1005/1097 579/1007/1102
f 579/1007/1102 353/1005/1097 577/1003/1098
s 48
f 135/1040/1099 136/1044/1103 578/1042/1100
f 578/1042/1100 136/1044/1103 580/1046/1104
s 47
f 355/1008/1105 354/1009/1101 581/1010/1106
f 581/1010/1106 354/1009/1101 579/1007/1102
s 48
f 136/1044/1103 137/1045/1107 580/1046/1104
f 580/1046/1104 137/1045/1107 582/1043/1108
s 47
f 356/1004/1109 355/1008/1105 583/1006/1110
f 583/1006/1110 355/1008/1105 581/1010/1106
s 48
f 137/1045/1107 138/1041/1111 582/1043/1108
f 582/1043/1108 138/1041/1111 584/1039/1112
s 47
f 357/1000/1113 356/1004/1109 585/1002/1114
f 585/1002/1114 356/1004/1109 583/1006/1110
s 48
f 138/1041/1111 139/1037/1115 584/1039/1112
f 584/1039/1112 139/1037/1115 586/1035/1116
s 47
f 358/996/1117 357/1000/1113 587/998/1118
f 587/998/1118 357/1000/1113 585/1002/1114
s 48
f 139/1037/1115 140/1033/1119 586/1035/1116
f 586/1035/1116 140/1033/1119 588/1031/1120
s 47
f 359/992/1121 358/996/1117 589/994/1122
f 589/994/1122 358/996/1117 587/998/1118
s 48
f 140/1033/1119 141/1029/1123 588/1031/1120
f 588/1031/1120 141/1029/1123 590/1027/1124
s 47
f 360/988/1125 359/992/1121 591/990/1126
f 591/990/1126 359/992/1121 589/994/1122
s 48
f 141/1029/1123 142/1025/1127 590/1027/1124
f 590/1027/1124 142/1025/1127 592/1023/1128
s 47
f 361/984/1129 360/988/1125 593/986/1130
f 593/986/1130 360/988/1125 591/990/1126
s 48
f 142/1025/1127 143/1021/1131 592/1023/1128
f 592/1023/1128 143/1021/1131 594/1019/1132
s 47
f 362/980/1133 361/984/1129 595/982/1134
f 595/982/1134 361/984/1129 593/986/1130
s 48
f 143/1021/1131 144/1017/1135 594/1019/1132
f 594/1019/1132 144/1017/1135 596/1015/1136
s 47
f 345/976/1066 362/980/1133 561/978/1068
f 561/978/1068 362/980/1133 595/982/1134
s 48
f 144/1017/1135 127/1011/1069 596/1015/1136
f 596/1015/1136 127/1011/1069 563/1013/1071
s 49
f 597/463/1137 598/464/1138 616/465/1139
f 616/465/1139 598/464/1138 619/466/1140
f 598/464/1138 599/468/1141 619/466/1140
f 619/466/1140 599/468/1141 622/472/1142
f 599/1047/1141 600/1048/1143 622/1049/1142
f 622/1049/1142 600/1048/1143 625/1050/1144
f 600/1048/1143 601/1051/1145 625/1050/1144
f 625/1050/1144 601/1051/1145 628/1053/1146
f 601/1051/1145 602/1056/1147 628/1053/1146
f 628/1053/1146 602/1056/1147 631/1057/1148
f 602/491/1147 603/484/1149 631/488/1148
f 631/488/1148 603/484/1149 634/486/1150
f 603/484/1149 604/485/1151 634/486/1150
f 634/486/1150 604/485/1151 637/487/1152
f 604/485/1151 605/489/1153 637/487/1152
f 637/487/1152 605/489/1153 640/493/1154
f 605/489/1153 606/496/1155 640/493/1154
f 640/493/1154 606/496/1155 643/497/1156
f 606/496/1155 607/499/1157 643/497/1156
f 643/497/1156 607/499/1157 646/500/1158
f 607/499/1157 608/502/1159 646/500/1158
f 646/500/1158 608/502/1159 649/503/1160
f 608/1059/1159 609/1060/1161 649/1061/1160
f 649/1061/1160 609/1060/1161 652/1062/1162
f 609/1060/1161 610/1063/1163 652/1062/1162
f 652/1062/1162 610/1063/1163 655/1065/1164
f 610/1063/1163 611/1068/1165 655/1065/1164
f 655/1065/1164 611/1068/1165 658/1069/1166
f 611/482/1165 612/479/1167 658/480/1166
f 658/480/1166 612/479/1167 661/477/1168
f 612/479/1167 613/476/1169 661/477/1168
f 661/477/1168 613/476/1169 664/474/1170
f 613/476/1169 614/470/1171 664/474/1170
f 664/474/1170 614/470/1171 667/467/1172
f 614/470/1171 597/463/1137 667/467/1172
f 667/467/1172 597/463/1137 616/465/1139
s 50
f 618/1335/1173 621/1336/1174 615/1337/1175
f 621/1336/1174 624/1339/1176 615/1337/1175
f 624/1339/1176 627/1343/1177 615/1337/1175
f 627/1343/1177 630/1346/1178 615/1337/1175
f 630/1346/1178 633/1350/1179 615/1337/1175
f 633/1350/1179 636/1354/1180 615/1337/1175
f 636/1354/1180 639/1358/1181 615/1337/1175
f 639/1358/1181 642/1362/1182 615/1337/1175
f 642/1362/1182 645/1366/1183 615/1337/1175
f 645/1366/1183 648/1368/1184 615/1337/1175
f 648/1368/1184 651/1364/1185 615/1337/1175
f 651/1364/1185 654/1360/1186 615/1337/1175
f 654/1360/1186 657/1356/1187 615/1337/1175
f 657/1356/1187 660/1352/1188 615/1337/1175
f 660/1352/1188 663/1348/1189 615/1337/1175
f 663/1348/1189 666/1344/1190 615/1337/1175
f 666/1344/1190 669/1340/1191 615/1337/1175
f 669/1340/1191 618/1335/1173 615/1337/1175
s 49
f 616/465/1139 617/471/1192 667/467/1172
f 667/467/1172 617/471/1192 668/475/1193
s 50
f 617/1338/1194 618/1335/1173 668/1341/1195
f 668/1341/1195 618/1335/1173 669/1340/1191
f 618/1335/1173 617/1338/1194 621/1336/1174
f 621/1336/1174 617/1338/1194 620/1342/1196
s 49
f 617/471/1192 616/465/1139 620/469/1197
f 620/469/1197 616/465/1139 619/466/1140
s 50
f 621/1336/1174 620/1342/1196 624/1339/1176
f 624/1339/1176 620/1342/1196 623/1345/1198
s 49
f 620/469/1197 619/466/1140 623/473/1199
f 623/473/1199 619/466/1140 622/472/1142
s 50
f 624/1339/1176 623/1345/1198 627/1343/1177
f 627/1343/1177 623/1345/1198 626/1349/1200
s 49
f 623/1054/1199 622/1049/1142 626/1052/1201
f 626/1052/1201 622/1049/1142 625/1050/1144
s 50
f 627/1343/1177 626/1349/1200 630/1346/1178
f 630/1346/1178 626/1349/1200 629/1353/1202
s 49
f 626/1052/1201 625/1050/1144 629/1055/1203
f 629/1055/1203 625/1050/1144 628/1053/1146
s 50
f 630/1346/1178 629/1353/1202 633/1350/1179
f 633/1350/1179 629/1353/1202 632/1357/1204
s 49
f 629/1055/1203 628/1053/1146 632/1058/1205
f 632/1058/1205 628/1053/1146 631/1057/1148
s 50
f 633/1350/1179 632/1357/1204 636/1354/1180
f 636/1354/1180 632/1357/1204 635/1361/1206
s 49
f 632/495/1205 631/488/1148 635/492/1207
f 635/492/1207 631/488/1148 634/486/1150
s 50
f 636/1354/1180 635/1361/1206 639/1358/1181
f 639/1358/1181 635/1361/1206 638/1365/1208
s 49
f 635/492/1207 634/486/1150 638/490/1209
f 638/490/1209 634/486/1150 637/487/1152
s 50
f 639/1358/1181 638/1365/1208 642/1362/1182
f 642/1362/1182 638/1365/1208 641/1369/1210
s 49
f 638/490/1209 637/487/1152 641/494/1211
f 641/494/1211 637/487/1152 640/493/1154
s 50
f 642/1362/1182 641/1369/1210 645/1366/1183
f 645/1366/1183 641/1369/1210 644/1371/1212
s 49
f 641/494/1211 640/493/1154 644/498/1213
f 644/498/1213 640/493/1154 643/497/1156
s 50
f 645/1366/1183 644/1371/1212 648/1368/1184
f 648/1368/1184 644/1371/1212 647/1370/1214
s 49
f 644/498/1213 643/497/1156 647/501/1215
f 647/501/1215 643/497/1156 646/500/1158
s 50
f 648/1368/1184 647/1370/1214 651/1364/1185
f 651/1364/1185 647/1370/1214 650/1367/1216
s 49
f 647/501/1215 646/500/1158 650/504/1217
f 650/504/1217 646/500/1158 649/503/1160
s 50
f 651/1364/1185 650/1367/1216 654/1360/1186
f 654/1360/1186 650/1367/1216 653/1363/1218
s 49
f 650/1066/1217 649/1061/1160 653/1064/1219
f 653/1064/1219 649/1061/1160 652/1062/1162
s 50
f 654/1360/1186 653/1363/1218 657/1356/1187
f 657/1356/1187 653/1363/1218 656/1359/1220
s 49
f 653/1064/1219 652/1062/1162 656/1067/1221
f 656/1067/1221 652/1062/1162 655/1065/1164
s 50
f 657/1356/1187 656/1359/1220 660/1352/1188
f 660/1352/1188 656/1359/1220 659/1355/1222
s 49
f 656/1067/1221 655/1065/1164 659/1070/1223
f 659/1070/1223 655/1065/1164 658/1069/1166
s 50
f 660/1352/1188 659/1355/1222 663/1348/1189
f 663/1348/1189 659/1355/1222 662/1351/1224
s 49
f 659/483/1223 658/480/1166 662/481/1225
f 662/481/1225 658/480/1166 661/477/1168
s 50
f 663/1348/1189 662/1351/1224 666/1344/1190
f 666/1344/1190 662/1351/1224 665/1347/1226
s 49
f 662/481/1225 661/477/1168 665/478/1227
f 665/478/1227 661/477/1168 664/474/1170
s 50
f 666/1344/1190 665/1347/1226 669/1340/1191
f 669/1340/1191 665/1347/1226 668/1341/1195
s 49
f 665/478/1227 664/474/1170 668/475/1193
f 668/475/1193 664/474/1170 667/467/1172
