# This file uses meters as units for non-parametric coordinates.

mtllib Bed.mtl
g default
v -90.000008 32.500000 75.090027
v 90.000008 32.500000 75.090027
v -90.000008 47.500000 70.090027
v 90.000008 47.500000 70.090027
v -90.000008 32.500000 70.090027
v 90.000008 32.500000 70.090027
v -90.000008 45.500198 75.090027
v -90.000008 46.500099 74.822090
v -90.000008 47.232079 74.090118
v -90.000008 47.500000 73.090210
v 90.000008 47.500000 73.090210
v 90.000008 47.232079 74.090118
v 90.000008 46.500099 74.822090
v 90.000008 45.500198 75.090027
v -80.363457 18.120846 76.126053
v -66.454567 18.257896 76.393852
v -52.544525 18.392754 76.582947
v -38.633106 18.525429 76.720665
v -24.720299 18.658138 76.822121
v -10.806474 18.793041 76.900490
v 3.107821 18.931240 76.963768
v 17.022457 19.072803 77.002113
v 30.937265 19.218452 77.025711
v 44.851898 19.368851 77.040199
v 58.765759 19.525578 77.080940
v 72.678154 19.688446 77.165131
v 86.588036 19.854321 77.311813
v -80.545616 36.798626 75.934555
v -66.637619 36.937645 76.120872
v -52.727821 37.069916 76.217827
v -38.817104 37.198105 76.262489
v -24.905380 37.326031 76.276482
v -10.992995 37.457150 76.276978
v 2.919421 37.592178 76.265701
v 16.831526 37.730289 76.230598
v 30.743168 37.873837 76.198639
v 44.654190 38.024166 76.184937
v 58.564987 38.180687 76.187996
v 72.475845 38.344509 76.230194
v 86.382111 38.510757 76.314774
v -80.721069 54.840282 72.014893
v -66.812729 55.012936 72.082939
v -52.902637 55.142708 72.089661
v -38.992973 55.262043 72.074928
v -25.084049 55.381748 72.056976
v -11.175022 55.511486 72.052109
v 2.736676 55.642101 72.032112
v 16.646858 55.761211 71.962013
v 30.554718 55.891094 71.888817
v 44.461685 56.028164 71.821823
v 58.367470 56.169483 71.765404
v 72.274673 56.320808 71.735168
v 86.180786 56.490067 71.738541
v -80.877792 60.665775 55.681099
v -66.972832 60.481289 55.543175
v -53.064079 60.338657 55.407883
v -39.156475 60.202068 55.272186
v -25.248423 60.096443 55.136749
v -11.340399 59.997860 55.002884
v 2.567423 59.920750 54.870701
v 16.475019 59.863991 54.739182
v 30.382387 59.811596 54.608093
v 44.289356 59.726044 54.477669
v 58.195763 59.613552 54.347279
v 72.102081 59.447338 54.216293
v 86.008118 59.296310 54.085316
v -81.064865 59.865246 37.015652
v -67.160759 59.756771 36.880474
v -53.251202 59.667324 36.743572
v -39.341976 59.580898 36.607040
v -25.432306 59.525467 36.470654
v -11.522339 59.476978 36.335484
v 2.387231 59.449375 36.201092
v 16.295837 59.441948 36.067490
v 30.203548 59.418415 35.934780
v 44.110477 59.381672 35.802502
v 58.016735 59.330875 35.670364
v 71.922752 59.268875 35.537220
v 85.826195 59.266705 35.404209
v -81.249489 59.376614 18.344482
v -67.342438 59.348598 18.207258
v -53.434631 59.309586 18.071499
v -39.524761 59.273159 17.934464
v -25.614380 59.267277 17.798040
v -11.704076 59.266850 17.662075
v 2.205850 59.266735 17.526838
v 16.115145 59.266705 17.392242
v 30.023540 59.266705 17.258268
v 43.931007 59.266705 17.124796
v 57.837517 59.266705 16.991503
v 71.743126 59.266705 16.856983
v 85.648033 59.266705 16.725235
v -81.432381 59.266705 -0.332034
v -67.524208 59.266705 -0.468539
v -53.615276 59.266705 -0.604622
v -39.706394 59.266705 -0.740504
v -25.796341 59.266705 -0.876791
v -11.886172 59.266705 -1.012809
v 2.023783 59.266705 -1.148441
v 15.933296 59.266705 -1.283634
v 29.842285 59.266705 -1.418468
v 43.750439 59.266743 -1.552951
v 57.657330 59.266811 -1.687349
v 71.564377 59.266705 -1.821690
v 85.469856 59.266705 -1.953888
v -81.614357 59.266705 -19.007807
v -67.705620 59.266705 -19.143917
v -53.796581 59.284328 -19.280088
v -39.887493 59.334316 -19.416052
v -25.978313 59.366306 -19.551842
v -12.068489 59.386055 -19.687826
v 1.841334 59.394108 -19.823601
v 15.750910 59.404449 -19.959097
v 29.660143 59.420216 -20.094278
v 43.568779 59.429340 -20.229561
v 57.477081 59.440891 -20.364407
v 71.385223 59.466480 -20.499256
v 85.290924 59.516586 -20.630976
v -81.796005 59.273045 -37.683121
v -67.887054 59.399532 -37.818897
v -53.979164 59.547371 -37.954235
v -40.070332 59.670002 -38.089027
v -26.160780 59.751961 -38.224129
v -12.251223 59.821148 -38.358776
v 1.658566 59.844975 -38.494553
v 15.568087 59.881184 -38.629448
v 29.477285 59.904282 -38.764675
v 43.386417 59.927670 -38.899765
v 57.295406 59.980747 -39.034100
v 71.204536 60.056183 -39.168892
v 85.109756 60.180397 -39.298222
v -81.981438 59.604382 -56.353241
v -68.073921 59.888577 -56.486824
v -54.165958 60.145695 -56.618839
v -40.255833 60.319595 -56.751831
v -26.345169 60.451241 -56.885139
v -12.434638 60.536739 -57.019276
v 1.475552 60.594231 -57.153797
v 15.385229 60.632088 -57.288727
v 29.294405 60.667614 -57.423367
v 43.202991 60.725773 -57.557030
v 57.111473 60.808781 -57.690071
v 71.020866 60.931557 -57.822895
v 84.925835 61.106663 -57.954437
v -82.144623 54.762165 -72.964478
v -68.237267 54.601368 -72.931656
v -54.328575 54.460079 -72.916473
v -40.419594 54.328674 -72.921608
v -26.510349 54.200420 -72.939682
v -12.600830 54.073223 -72.967949
v 1.308488 53.944950 -72.999466
v 15.217996 53.818485 -73.037460
v 29.127979 53.691456 -73.075546
v 43.038364 53.560986 -73.106956
v 56.948997 53.423470 -73.120392
v 70.859978 53.275951 -73.109238
v 84.769119 53.106831 -73.058159
v -82.332970 36.509159 -76.619049
v -68.423973 36.343868 -76.466637
v -54.514778 36.184067 -76.356102
v -40.605030 36.031906 -76.279251
v -26.694990 35.887550 -76.243179
v -12.784896 35.750851 -76.247818
v 1.125270 35.615940 -76.243637
v 15.035630 35.481853 -76.237213
v 28.946384 35.347481 -76.227867
v 42.857433 35.212017 -76.213364
v 56.768501 35.074886 -76.188843
v 70.679253 34.934582 -76.123352
v 84.588524 34.791477 -75.983368
v -82.535652 17.841370 -77.463654
v -68.625122 17.679832 -77.263969
v -54.712959 17.521599 -77.119644
v -40.799805 17.368938 -77.017807
v -26.886444 17.222260 -76.936874
v -12.973392 17.080894 -76.873535
v 0.938966 16.942459 -76.800819
v 14.850776 16.805637 -76.728165
v 28.762190 16.669289 -76.653168
v 42.673069 16.532139 -76.565926
v 56.583736 16.393562 -76.478661
v 70.494301 16.252960 -76.342613
v 84.404900 16.112278 -76.153709
v -80.454872 27.458710 76.113556
v -66.546211 27.596298 76.344940
v -52.636047 27.730797 76.494629
v -38.724857 27.862465 76.593315
v -24.812714 27.993820 76.656189
v -10.899954 28.127243 76.697792
v 3.013253 28.264172 76.725998
v 16.926498 28.404514 76.730270
v 30.839655 28.549091 76.719460
v 44.752289 28.698772 76.698654
v 58.664341 28.855785 76.721962
v 72.575600 29.019493 76.801414
v 86.483330 29.184921 76.925308
v -80.499954 32.131077 76.047989
v -66.589676 32.269386 76.259575
v -52.678661 32.402466 76.389450
v -38.767475 32.532146 76.468323
v -24.856178 32.661823 76.511314
v -10.944679 32.794392 76.532944
v 2.966841 32.930759 76.541374
v 16.878017 33.070244 76.526154
v 30.789154 33.213909 76.496223
v 44.700142 33.363785 76.478828
v 58.610779 33.520809 76.496620
v 72.521248 33.685184 76.558365
v 86.431541 33.853611 76.662361
v -80.409744 22.790447 76.138672
v -66.499924 22.927715 76.389442
v -52.588566 23.062183 76.558899
v -38.676674 23.194016 76.677277
v -24.764254 23.325817 76.759209
v -10.851554 23.459770 76.818535
v 3.061400 23.597210 76.863991
v 16.974459 23.738129 76.885078
v 30.887354 23.883331 76.891899
v 44.799896 24.033585 76.888763
v 58.712017 24.190365 76.911674
v 72.623726 24.354134 76.996719
v 86.534958 24.521118 77.137589
v -82.432526 27.175949 -77.135323
v -68.522804 27.013229 -76.943077
v -54.612827 26.853828 -76.802383
v -40.702145 26.701744 -76.723213
v -26.791084 26.556347 -76.677856
v -12.879803 26.416714 -76.651443
v 1.031406 26.279457 -76.608566
v 14.942666 26.143604 -76.564613
v 28.853949 26.008041 -76.523384
v 42.765415 25.871468 -76.472206
v 56.676861 25.733234 -76.408997
v 70.587746 25.592575 -76.301765
v 84.497444 25.451191 -76.121910
v -82.484077 22.506844 -77.315063
v -68.575035 22.345699 -77.112709
v -54.663548 22.187500 -76.974503
v -40.750790 22.035213 -76.889153
v -26.837891 21.888927 -76.827309
v -12.925621 21.748085 -76.781914
v 0.986125 21.610043 -76.721252
v 14.897487 21.473618 -76.665161
v 28.808519 21.337524 -76.607300
v 42.719276 21.200508 -76.539154
v 56.629978 21.061993 -76.456291
v 70.540588 20.921501 -76.329407
v 84.450706 20.780689 -76.134384
v -82.383858 31.839668 -76.912201
v -68.475945 31.678486 -76.739525
v -54.565056 31.519131 -76.609329
v -40.653271 31.366600 -76.528183
v -26.741417 31.221619 -76.490311
v -12.830283 31.082958 -76.480850
v 1.080386 30.946545 -76.456978
v 14.990848 30.811234 -76.430801
v 28.901245 30.675892 -76.401711
v 42.811531 30.539703 -76.367340
v 56.721760 30.401859 -76.321457
v 70.632225 30.261585 -76.233826
v 84.542274 30.119835 -76.073616
v -82.235298 45.806427 -75.599068
v -68.327271 45.636162 -75.488159
v -54.418686 45.478531 -75.417191
v -40.509396 45.329243 -75.365585
v -26.600309 45.186001 -75.334282
v -12.691286 45.053551 -75.359962
v 1.218055 44.922253 -75.385277
v 15.127894 44.791126 -75.409363
v 29.038044 44.659855 -75.434677
v 42.948425 44.527695 -75.460258
v 56.858810 44.394531 -75.487114
v 70.768929 44.259975 -75.512253
v 84.678345 44.121990 -75.516891
v -82.285469 41.161476 -76.211586
v -68.377663 40.998161 -76.078789
v -54.466770 40.839169 -75.987961
v -40.556423 40.687134 -75.918816
v -26.646229 40.543514 -75.889091
v -12.736197 40.408058 -75.903709
v 1.173565 40.274727 -75.916878
v 15.083314 40.142120 -75.930000
v 28.992998 40.009167 -75.940506
v 42.902725 39.875011 -75.946457
v 56.812572 39.739655 -75.952660
v 70.722878 39.601124 -75.929031
v 84.633003 39.458267 -75.829178
v -82.189026 50.373997 -74.618019
v -68.280624 50.210033 -74.541580
v -54.371105 50.055721 -74.490738
v -40.462532 49.910217 -74.458702
v -26.553989 49.770863 -74.446838
v -12.645269 49.635830 -74.456581
v 1.263826 49.505245 -74.482933
v 15.173322 49.375248 -74.510857
v 29.083103 49.244541 -74.537178
v 42.993279 49.112812 -74.563309
v 56.903519 48.979687 -74.589340
v 70.813049 48.844707 -74.615341
v 84.721817 48.711655 -74.658134
v -80.633842 46.121834 75.305855
v -66.725929 46.243324 75.272202
v -52.817131 46.361614 75.238472
v -38.907379 46.477421 75.196510
v -24.996632 46.597000 75.158981
v -11.085218 46.724289 75.130310
v 2.826393 46.861042 75.118774
v 16.737675 47.001179 75.099174
v 30.647766 47.144238 75.065903
v 44.556709 47.292194 75.031967
v 58.465405 47.445366 75.006210
v 72.375511 47.607227 75.008789
v 86.281288 47.777920 75.058990
v -80.675850 50.628113 74.034607
v -66.765976 50.750198 73.999329
v -52.856968 50.872269 73.987640
v -38.948196 50.990696 73.968201
v -25.039516 51.115963 73.959801
v -11.130393 51.252544 73.969055
v 2.779072 51.394855 73.976677
v 16.688597 51.531521 73.944603
v 30.597324 51.670361 73.892075
v 44.505386 51.815434 73.842987
v 58.413326 51.965542 73.804535
v 72.321991 52.125729 73.794426
v 86.229317 52.303265 73.822487
v -80.589706 41.471214 75.733688
v -66.678856 41.608803 75.860847
v -52.768452 41.735355 75.891144
v -38.858379 41.857418 75.887566
v -24.948261 41.980900 75.869934
v -11.037817 42.110073 75.850510
v 2.872483 42.243824 75.819504
v 16.782591 42.382233 75.788452
v 30.692644 42.526566 75.763840
v 44.602276 42.676350 75.741928
v 58.511662 42.831383 75.729614
v 72.421272 42.995171 75.751801
v 86.330193 43.167942 75.815750
v -80.788994 60.498722 65.031082
v -66.881729 60.411045 64.887642
v -52.973675 60.338879 64.750938
v -39.065540 60.273670 64.613380
v -25.157873 60.215019 64.475899
v -11.250604 60.157665 64.342339
v 2.656146 60.120876 64.215401
v 16.563013 60.106926 64.088623
v 30.470688 60.107571 63.960735
v 44.379002 60.097996 63.831467
v 58.288067 60.054302 63.700844
v 72.198608 59.929600 63.569740
v 86.103271 59.606953 63.440735
v -80.753410 58.687298 69.336487
v -66.843918 58.743206 69.247978
v -52.935532 58.791142 69.154808
v -39.026798 58.834919 69.053223
v -25.117825 58.874115 68.946266
v -11.210764 58.907970 68.839417
v 2.694545 58.959003 68.741074
v 16.599680 59.049648 68.641808
v 30.506601 59.149055 68.537140
v 44.414581 59.245502 68.429718
v 58.324169 59.333889 68.322792
v 72.236588 59.405777 68.219780
v 86.145096 59.459599 68.115425
v -80.832863 60.846058 60.352757
v -66.926300 60.681072 60.214355
v -53.018188 60.553310 60.075878
v -39.110390 60.432823 59.938343
v -25.202499 60.331047 59.801846
v -11.294624 60.232250 59.667637
v 2.612868 60.156025 59.536476
v 16.519974 60.095348 59.406673
v 30.427179 60.047306 59.276844
v 44.335178 59.977871 59.147339
v 58.243637 59.860073 59.018452
v 72.150711 59.651569 58.890743
v 86.053185 59.381996 58.759007
v -82.082092 59.920078 -65.688164
v -68.171768 60.113300 -65.827660
v -54.257313 60.196697 -65.955544
v -40.345142 60.236027 -66.084251
v -26.433176 60.254185 -66.213982
v -12.521963 60.257595 -66.345177
v 1.388673 60.250607 -66.476891
v 15.298916 60.236408 -66.608025
v 29.208473 60.216335 -66.737366
v 43.117313 60.196987 -66.864189
v 57.025818 60.180462 -66.986519
v 70.933876 60.172146 -67.103790
v 84.841988 60.185608 -67.225464
v -82.104828 58.486645 -70.135277
v -68.196655 58.364082 -70.161842
v -54.289803 58.272793 -70.214584
v -40.380749 58.185963 -70.284042
v -26.471638 58.097408 -70.360710
v -12.562178 58.005390 -70.441917
v 1.347505 57.909771 -70.524147
v 15.257380 57.810238 -70.605164
v 29.167803 57.707546 -70.683159
v 43.078983 57.599361 -70.752457
v 56.990742 57.486633 -70.809013
v 70.903580 57.366863 -70.846832
v 84.812477 57.222607 -70.850410
v -82.031631 59.805737 -61.020596
v -68.123993 60.168751 -61.154911
v -54.214081 60.406071 -61.287842
v -40.303165 60.551510 -61.422050
v -26.391994 60.652012 -61.557556
v -12.481008 60.714245 -61.693672
v 1.429428 60.752033 -61.829670
v 15.339381 60.780502 -61.965397
v 29.248804 60.808670 -62.100620
v 43.157688 60.847118 -62.235352
v 57.065926 60.906612 -62.369053
v 70.973976 60.994892 -62.502670
v 84.882576 61.106468 -62.639961
v 99.915627 19.716408 -70.000000
v 99.915627 19.716408 70.000000
v 99.915627 72.283592 -70.000000
v 99.915627 72.283592 70.000000
v 104.915619 72.283592 -70.000000
v 104.915619 72.283592 70.000000
v 104.915619 19.716408 -70.000000
v 104.915619 19.716408 70.000000
v 99.915627 73.783592 -70.000000
v 99.915627 73.783592 70.000000
v 104.915619 73.783592 70.000000
v 104.915619 73.783592 -70.000000
v 98.415627 72.883537 -70.000000
v 99.015556 72.283592 -70.000000
v 98.715591 72.363968 -70.000000
v 98.496002 72.583565 -70.000000
v 98.415627 72.883537 70.000000
v 98.496002 72.583565 70.000000
v 98.715591 72.363968 70.000000
v 99.015556 72.283592 70.000000
v 98.715591 73.703217 70.000000
v 98.496002 73.483620 70.000000
v 98.415627 73.183655 70.000000
v 99.015556 73.783592 70.000000
v 98.415627 73.183655 -70.000000
v 98.496002 73.483620 -70.000000
v 98.715591 73.703217 -70.000000
v 99.015556 73.783592 -70.000000
v 106.415619 72.883537 -70.000000
v 106.335243 72.583565 -70.000000
v 106.115654 72.363968 -70.000000
v 105.815674 72.283592 -70.000000
v 106.415619 72.883537 70.000000
v 105.815674 72.283592 70.000000
v 106.115654 72.363968 70.000000
v 106.335243 72.583565 70.000000
v 106.115654 73.703217 -70.000000
v 106.335243 73.483620 -70.000000
v 106.415619 73.183655 -70.000000
v 105.815674 73.783592 -70.000000
v 106.415619 73.183655 70.000000
v 106.335243 73.483620 70.000000
v 106.115654 73.703217 70.000000
v 105.815674 73.783592 70.000000
v -99.665100 34.249874 67.500252
v -98.750122 33.334900 67.500252
v -97.500252 33.000000 67.500252
v -97.500252 33.334900 68.750122
v -97.500252 34.249874 69.665100
v -97.500252 35.499748 70.000000
v -98.750122 35.499748 69.665100
v -99.665100 35.499748 68.750122
v -100.000000 35.499748 67.500252
v 98.750122 33.334900 67.500252
v 99.665100 34.249874 67.500252
v 100.000000 35.499748 67.500252
v 99.665100 35.499748 68.750122
v 98.750122 35.499748 69.665100
v 97.500252 35.499748 70.000000
v 97.500252 34.249874 69.665100
v 97.500252 33.334900 68.750122
v 97.500252 33.000000 67.500252
v -98.750122 57.665096 67.500252
v -99.665100 56.750126 67.500252
v -100.000000 55.500248 67.500252
v -99.665100 55.500248 68.750122
v -98.750122 55.500248 69.665100
v -97.500252 55.500248 70.000000
v -97.500252 56.750126 69.665100
v -97.500252 57.665096 68.750122
v -97.500252 58.000000 67.500252
v 99.665100 56.750126 67.500252
v 98.750122 57.665096 67.500252
v 97.500252 58.000000 67.500252
v 97.500252 57.665096 68.750122
v 97.500252 56.750126 69.665100
v 97.500252 55.500248 70.000000
v 98.750122 55.500248 69.665100
v 99.665100 55.500248 68.750122
v 100.000000 55.500248 67.500252
v -98.750122 55.500248 -69.665100
v -99.665100 55.500248 -68.750122
v -100.000000 55.500248 -67.500252
v -99.665100 56.750126 -67.500252
v -98.750122 57.665096 -67.500252
v -97.500252 58.000000 -67.500252
v -97.500252 57.665096 -68.750122
v -97.500252 56.750126 -69.665100
v -97.500252 55.500248 -70.000000
v 99.665100 55.500248 -68.750122
v 98.750122 55.500248 -69.665100
v 97.500252 55.500248 -70.000000
v 97.500252 56.750126 -69.665100
v 97.500252 57.665096 -68.750122
v 97.500252 58.000000 -67.500252
v 98.750122 57.665096 -67.500252
v 99.665100 56.750126 -67.500252
v 100.000000 55.500248 -67.500252
v -98.750122 33.334900 -67.500252
v -99.665100 34.249874 -67.500252
v -100.000000 35.499748 -67.500252
v -99.665100 35.499748 -68.750122
v -98.750122 35.499748 -69.665100
v -97.500252 35.499748 -70.000000
v -97.500252 34.249874 -69.665100
v -97.500252 33.334900 -68.750122
v -97.500252 33.000000 -67.500252
v 99.665100 34.249874 -67.500252
v 98.750122 33.334900 -67.500252
v 97.500252 33.000000 -67.500252
v 97.500252 33.334900 -68.750122
v 97.500252 34.249874 -69.665100
v 97.500252 35.499748 -70.000000
v 98.750122 35.499748 -69.665100
v 99.665100 35.499748 -68.750122
v 100.000000 35.499748 -67.500252
v -99.477119 34.419647 68.580353
v -98.580353 33.522881 68.580353
v -98.580353 34.419647 69.477119
v 98.580353 33.522881 68.580353
v 99.477119 34.419647 68.580353
v 98.580353 34.419647 69.477119
v -98.580353 57.477116 68.580353
v -99.477119 56.580353 68.580353
v -98.580353 56.580353 69.477119
v 99.477119 56.580353 68.580353
v 98.580353 57.477116 68.580353
v 98.580353 56.580353 69.477119
v -98.580353 56.580353 -69.477119
v -99.477119 56.580353 -68.580353
v -98.580353 57.477116 -68.580353
v 99.477119 56.580353 -68.580353
v 98.580353 56.580353 -69.477119
v 98.580353 57.477116 -68.580353
v -98.580353 33.522881 -68.580353
v -99.477119 34.419647 -68.580353
v -98.580353 34.419647 -69.477119
v 99.477119 34.419647 -68.580353
v 98.580353 33.522881 -68.580353
v 98.580353 34.419647 -69.477119
v -88.827446 66.787323 -58.227161
v -89.204933 67.441162 -58.227161
v -89.783272 67.926453 -58.227161
v -90.492729 68.184662 -58.227161
v -91.247704 68.184662 -58.227161
v -91.957146 67.926453 -58.227161
v -92.535492 67.441162 -58.227161
v -92.912979 66.787323 -58.227161
v -93.044083 66.043823 -58.227161
v -92.912979 65.300323 -58.227161
v -92.535500 64.646492 -58.227161
v -91.957146 64.161194 -58.227161
v -91.247704 63.902981 -58.227161
v -90.492729 63.902981 -58.227161
v -89.783272 64.161194 -58.227161
v -89.204941 64.646492 -58.227161
v -88.827446 65.300323 -58.227161
v -88.696342 66.043823 -58.227161
v -88.827446 66.787323 58.227161
v -89.204933 67.441162 58.227161
v -89.783272 67.926453 58.227161
v -90.492729 68.184662 58.227161
v -91.247704 68.184662 58.227161
v -91.957146 67.926453 58.227161
v -92.535492 67.441162 58.227161
v -92.912979 66.787323 58.227161
v -93.044083 66.043823 58.227161
v -92.912979 65.300323 58.227161
v -92.535500 64.646492 58.227161
v -91.957146 64.161194 58.227161
v -91.247704 63.902981 58.227161
v -90.492729 63.902981 58.227161
v -89.783272 64.161194 58.227161
v -89.204941 64.646492 58.227161
v -88.827446 65.300323 58.227161
v -88.696342 66.043823 58.227161
v -88.827446 66.787323 -58.756512
v -89.204933 67.441162 -58.756512
v -90.870216 66.043823 -58.756512
v -89.783272 67.926453 -58.756512
v -90.492729 68.184662 -58.756512
v -91.247704 68.184662 -58.756512
v -91.957146 67.926453 -58.756512
v -92.535492 67.441162 -58.756512
v -92.912979 66.787323 -58.756512
v -93.044083 66.043823 -58.756512
v -92.912979 65.300323 -58.756512
v -92.535500 64.646492 -58.756512
v -91.957146 64.161194 -58.756512
v -91.247704 63.902981 -58.756512
v -90.492729 63.902981 -58.756512
v -89.783272 64.161194 -58.756512
v -89.204941 64.646492 -58.756512
v -88.827446 65.300323 -58.756512
v -88.696342 66.043823 -58.756512
v -88.827446 66.787323 58.756512
v -89.204933 67.441162 58.756512
v -90.870186 66.043839 58.756512
v -89.783272 67.926453 58.756512
v -90.492729 68.184662 58.756512
v -91.247704 68.184662 58.756512
v -91.957146 67.926453 58.756512
v -92.535492 67.441162 58.756512
v -92.912979 66.787323 58.756512
v -93.044083 66.043823 58.756512
v -92.912979 65.300323 58.756512
v -92.535500 64.646492 58.756512
v -91.957146 64.161194 58.756512
v -91.247704 63.902981 58.756512
v -90.492729 63.902981 58.756512
v -89.783272 64.161194 58.756512
v -89.204941 64.646492 58.756512
v -88.827446 65.300323 58.756512
v -88.696342 66.043823 58.756512
v -84.734955 68.276871 -59.550507
v -83.858116 68.596024 -59.326321
v -83.216217 68.829636 -58.713818
v -82.981277 68.915154 -57.877121
v -85.868698 70.240593 -59.550507
v -85.153893 70.840385 -59.326321
v -84.630623 71.279472 -58.713818
v -84.439087 71.440186 -57.877121
v -87.605705 71.698105 -59.550507
v -87.139153 72.506195 -59.326321
v -86.797607 73.097778 -58.713818
v -86.672600 73.314293 -57.877121
v -89.736450 72.473656 -59.550507
v -89.574425 73.392586 -59.326321
v -89.455818 74.065277 -58.713818
v -89.412392 74.311516 -57.877121
v -92.003960 72.473656 -59.550507
v -92.165993 73.392586 -59.326321
v -92.284615 74.065277 -58.713818
v -92.328026 74.311516 -57.877121
v -94.134712 71.698120 -59.550507
v -94.601280 72.506226 -59.326321
v -94.942810 73.097794 -58.713818
v -95.067833 73.314316 -57.877121
v -95.871735 70.240593 -59.550507
v -96.586540 70.840385 -59.326321
v -97.109810 71.279472 -58.713818
v -97.301346 71.440186 -57.877121
v -97.005478 68.276886 -59.550507
v -97.882317 68.596024 -59.326321
v -98.524208 68.829643 -58.713818
v -98.759155 68.915154 -57.877121
v -97.399231 66.043823 -59.550507
v -98.332321 66.043823 -59.326321
v -99.015427 66.043823 -58.713818
v -99.265450 66.043823 -57.877121
v -97.005478 63.810768 -59.550507
v -97.882317 63.491623 -59.326321
v -98.524208 63.257996 -58.713818
v -98.759155 63.172482 -57.877121
v -95.871735 61.847054 -59.550507
v -96.586540 61.247265 -59.326321
v -97.109810 60.808197 -58.713818
v -97.301346 60.647480 -57.877121
v -94.134712 60.389530 -59.550507
v -94.601280 59.581436 -59.326321
v -94.942810 58.989868 -58.713818
v -95.067833 58.773346 -57.877121
v -92.003960 59.613998 -59.550507
v -92.165993 58.695076 -59.326321
v -92.284615 58.022362 -58.713818
v -92.328026 57.776138 -57.877121
v -89.736450 59.613998 -59.550507
v -89.574440 58.695076 -59.326321
v -89.455818 58.022362 -58.713818
v -89.412407 57.776138 -57.877121
v -87.605705 60.389530 -59.550507
v -87.139153 59.581436 -59.326321
v -86.797607 58.989868 -58.713818
v -86.672600 58.773346 -57.877121
v -85.868698 61.847050 -59.550507
v -85.153893 61.247261 -59.326321
v -84.630623 60.808186 -58.713818
v -84.439087 60.647476 -57.877121
v -84.734955 63.810760 -59.550507
v -83.858116 63.491623 -59.326321
v -83.216217 63.257992 -58.713818
v -82.981277 63.172482 -57.877121
v -84.341202 66.043823 -59.550507
v -83.408089 66.043823 -59.326321
v -82.725006 66.043823 -58.713818
v -82.474983 66.043823 -57.877121
v -82.981277 68.915154 57.877121
v -83.216217 68.829636 58.713818
v -83.858116 68.596024 59.326321
v -84.734955 68.276871 59.550507
v -84.439087 71.440186 57.877121
v -84.630623 71.279472 58.713818
v -85.153893 70.840385 59.326321
v -85.868698 70.240593 59.550507
v -86.672600 73.314293 57.877121
v -86.797607 73.097778 58.713818
v -87.139153 72.506195 59.326321
v -87.605705 71.698105 59.550507
v -89.412392 74.311516 57.877121
v -89.455818 74.065277 58.713818
v -89.574425 73.392586 59.326321
v -89.736450 72.473656 59.550507
v -92.328026 74.311516 57.877121
v -92.284615 74.065277 58.713818
v -92.165993 73.392586 59.326321
v -92.003960 72.473656 59.550507
v -95.067833 73.314316 57.877121
v -94.942810 73.097794 58.713818
v -94.601280 72.506226 59.326321
v -94.134712 71.698120 59.550507
v -97.301346 71.440186 57.877121
v -97.109810 71.279472 58.713818
v -96.586540 70.840385 59.326321
v -95.871735 70.240593 59.550507
v -98.759155 68.915154 57.877121
v -98.524208 68.829643 58.713818
v -97.882317 68.596024 59.326321
v -97.005478 68.276886 59.550507
v -99.265450 66.043823 57.877121
v -99.015427 66.043823 58.713818
v -98.332321 66.043823 59.326321
v -97.399231 66.043823 59.550507
v -98.759155 63.172482 57.877121
v -98.524208 63.257996 58.713818
v -97.882317 63.491623 59.326321
v -97.005478 63.810768 59.550507
v -97.301346 60.647480 57.877121
v -97.109810 60.808197 58.713818
v -96.586540 61.247265 59.326321
v -95.871735 61.847054 59.550507
v -95.067833 58.773346 57.877121
v -94.942810 58.989868 58.713818
v -94.601280 59.581436 59.326321
v -94.134712 60.389530 59.550507
v -92.328026 57.776138 57.877121
v -92.284615 58.022362 58.713818
v -92.165993 58.695068 59.326321
v -92.003960 59.613998 59.550507
v -89.412407 57.776138 57.877121
v -89.455818 58.022362 58.713818
v -89.574440 58.695068 59.326321
v -89.736450 59.613998 59.550507
v -86.672600 58.773346 57.877121
v -86.797607 58.989868 58.713818
v -87.139153 59.581436 59.326321
v -87.605705 60.389530 59.550507
v -84.439087 60.647476 57.877121
v -84.630623 60.808186 58.713818
v -85.153893 61.247261 59.326321
v -85.868698 61.847050 59.550507
v -82.981277 63.172482 57.877121
v -83.216217 63.257992 58.713818
v -83.858116 63.491623 59.326321
v -84.734955 63.810760 59.550507
v -82.474983 66.043823 57.877121
v -82.725006 66.043823 58.713818
v -83.408089 66.043823 59.326321
v -84.341202 66.043823 59.550507
v 90.000000 0.000000 -69.946426
v 110.000000 0.000000 -69.946426
v 90.000000 80.000000 -69.946426
v 110.000000 80.000000 -69.946426
v 90.000000 80.000000 -89.946426
v 110.000000 80.000000 -89.946426
v 90.000000 0.000000 -89.946426
v 110.000000 0.000000 -89.946426
v 90.000000 72.000000 -69.946426
v 90.000000 72.000000 -89.946426
v 110.000000 72.000000 -89.946426
v 110.000000 72.000000 -69.946426
v 90.000000 76.000000 -89.946426
v 90.000000 76.000000 -69.946426
v 110.000000 76.000000 -69.946426
v 110.000000 76.000000 -89.946426
v 88.500000 76.000000 -91.446426
v 88.500000 76.000000 -68.446426
v 111.500000 76.000000 -91.446426
v 111.500000 76.000000 -68.446426
v 89.249924 79.717896 -69.196350
v 88.708771 79.291306 -68.655212
v 88.500000 78.634613 -68.446426
v 88.500000 78.634613 -91.446426
v 88.708771 79.291306 -91.237671
v 89.249924 79.717896 -90.696503
v 111.500000 78.634613 -91.446426
v 111.291237 79.291306 -91.237671
v 110.750076 79.717896 -90.696503
v 111.500000 78.634613 -68.446426
v 111.291237 79.291306 -68.655212
v 110.750076 79.717896 -69.196350
v -109.925194 0.000000 -69.946426
v -89.925194 0.000000 -69.946426
v -109.925194 104.902885 -69.946426
v -89.925194 104.902885 -69.946426
v -109.925194 104.902885 -89.946426
v -89.925194 104.902885 -89.946426
v -109.925194 0.000000 -89.946426
v -89.925194 0.000000 -89.946426
v -109.925194 94.412598 -69.946426
v -109.925194 94.412598 -89.946426
v -89.925194 94.412598 -89.946426
v -89.925194 94.412598 -69.946426
v -111.425194 94.412598 -68.446426
v -111.425194 94.412598 -91.446426
v -88.425194 94.412598 -91.446426
v -88.425194 94.412598 -68.446426
v -110.675270 104.288208 -69.196350
v -111.224586 103.578682 -68.647034
v -111.425194 102.704086 -68.446426
v -111.425194 102.704086 -91.446426
v -111.224586 103.578682 -91.245819
v -110.675270 104.288208 -90.696503
v -88.425194 102.704086 -91.446426
v -88.625801 103.578682 -91.245819
v -89.175117 104.288208 -90.696503
v -88.425194 102.704086 -68.446426
v -88.625801 103.578682 -68.647034
v -89.175117 104.288208 -69.196350
v -90.000008 32.500000 -70.000481
v 90.000008 32.500000 -70.000481
v -90.000008 47.500000 -70.000481
v 90.000008 47.500000 -70.000481
v -90.000008 32.500000 -75.000481
v 90.000008 32.500000 -75.000481
v -90.000008 47.500000 -73.000679
v -90.000008 47.232079 -74.000580
v -90.000008 46.500099 -74.732552
v -90.000008 45.500198 -75.000481
v 90.000008 45.500198 -75.000481
v 90.000008 46.500099 -74.732552
v 90.000008 47.232079 -74.000580
v 90.000008 47.500000 -73.000679
v -109.925194 0.000000 89.773743
v -89.925194 0.000000 89.773743
v -109.925194 104.902885 89.773743
v -89.925194 104.902885 89.773743
v -109.925194 104.902885 69.773743
v -89.925194 104.902885 69.773743
v -109.925194 0.000000 69.773743
v -89.925194 0.000000 69.773743
v -109.925194 94.412598 89.773743
v -109.925194 94.412598 69.773743
v -89.925194 94.412598 69.773743
v -89.925194 94.412598 89.773743
v -111.425194 94.412598 91.273743
v -111.425194 94.412598 68.273743
v -88.425194 94.412598 68.273743
v -88.425194 94.412598 91.273743
v -110.675270 104.288208 90.523827
v -111.224586 103.578682 91.073143
v -111.425194 102.704086 91.273743
v -111.425194 102.704086 68.273743
v -111.224586 103.578682 68.474358
v -110.675270 104.288208 69.023674
v -88.425194 102.704086 68.273743
v -88.625801 103.578682 68.474358
v -89.175117 104.288208 69.023674
v -88.425194 102.704086 91.273743
v -88.625801 103.578682 91.073143
v -89.175117 104.288208 90.523827
v -104.953094 15.215588 -70.000000
v -104.953094 15.215588 70.000000
v -99.953087 15.215588 -70.000000
v -99.953087 15.215588 70.000000
v -104.953094 87.612549 -70.000000
v -104.587006 88.496353 -70.000000
v -103.703217 88.862427 -70.000000
v -103.703217 88.862427 70.000000
v -104.587006 88.496353 70.000000
v -104.953094 87.612549 70.000000
v -101.202965 88.862427 -70.000000
v -100.319168 88.496353 -70.000000
v -99.953087 87.612549 -70.000000
v -99.953087 87.612549 70.000000
v -100.319168 88.496353 70.000000
v -101.202965 88.862427 70.000000
v 90.000000 0.000000 89.773743
v 110.000000 0.000000 89.773743
v 90.000000 80.000000 89.773743
v 110.000000 80.000000 89.773743
v 90.000000 80.000000 69.773743
v 110.000000 80.000000 69.773743
v 90.000000 0.000000 69.773743
v 110.000000 0.000000 69.773743
v 90.000000 72.000000 89.773743
v 90.000000 72.000000 69.773743
v 110.000000 72.000000 69.773743
v 110.000000 72.000000 89.773743
v 90.000000 76.000000 69.773743
v 90.000000 76.000000 89.773743
v 110.000000 76.000000 89.773743
v 110.000000 76.000000 69.773743
v 88.500000 76.000000 68.273743
v 88.500000 76.000000 91.273743
v 111.500000 76.000000 68.273743
v 111.500000 76.000000 91.273743
v 89.249924 79.717896 90.523827
v 88.708771 79.291306 91.064972
v 88.500000 78.634613 91.273743
v 88.500000 78.634613 68.273743
v 88.708771 79.291306 68.482513
v 89.249924 79.717896 69.023674
v 111.500000 78.634613 68.273743
v 111.291237 79.291306 68.482513
v 110.750076 79.717896 69.023674
v 111.500000 78.634613 91.273743
v 111.291237 79.291306 91.064972
v 110.750076 79.717896 90.523827
vt 0.739519 0.341524
vt 0.739519 0.001992
vt 0.764041 0.341524
vt 0.764041 0.001992
vt 0.775725 0.341524
vt 0.775725 0.001992
vt 0.781384 0.341524
vt 0.781384 0.001992
vt 0.788928 0.341524
vt 0.788928 0.001992
vt 0.817222 0.341524
vt 0.817222 0.001992
vt 0.823696 0.341524
vt 0.823696 0.001992
vt 0.833128 0.341524
vt 0.833128 0.001992
vt 0.773839 0.341524
vt 0.773839 0.001992
vt 0.772458 0.341524
vt 0.772458 0.001992
vt 0.765927 0.341524
vt 0.765927 0.001992
vt 0.529960 0.693486
vt 0.529963 0.667257
vt 0.538767 0.667264
vt 0.538763 0.693488
vt 0.529964 0.641030
vt 0.538769 0.641040
vt 0.529964 0.614803
vt 0.538770 0.614814
vt 0.529962 0.588579
vt 0.538769 0.588587
vt 0.529958 0.562354
vt 0.538764 0.562359
vt 0.529951 0.536129
vt 0.538756 0.536130
vt 0.529947 0.509904
vt 0.538751 0.509901
vt 0.529946 0.483678
vt 0.538750 0.483672
vt 0.529947 0.457450
vt 0.538752 0.457442
vt 0.529950 0.431222
vt 0.538755 0.431211
vt 0.529950 0.404995
vt 0.538757 0.404979
vt 0.529944 0.378767
vt 0.538746 0.378758
vt 0.565210 0.693496
vt 0.565219 0.667269
vt 0.574029 0.667280
vt 0.574016 0.693504
vt 0.565217 0.641044
vt 0.574027 0.641054
vt 0.565212 0.614817
vt 0.574021 0.614825
vt 0.565206 0.588588
vt 0.574015 0.588592
vt 0.565198 0.562356
vt 0.574007 0.562358
vt 0.565188 0.536127
vt 0.573996 0.536122
vt 0.565183 0.509899
vt 0.573991 0.509889
vt 0.565182 0.483670
vt 0.573991 0.483659
vt 0.565186 0.457439
vt 0.573995 0.457430
vt 0.565192 0.431207
vt 0.574002 0.431202
vt 0.565202 0.404972
vt 0.574013 0.404971
vt 0.565216 0.378745
vt 0.574029 0.378745
vt 0.600496 0.693504
vt 0.600484 0.667279
vt 0.609297 0.667272
vt 0.609307 0.693493
vt 0.600475 0.641048
vt 0.609284 0.641041
vt 0.600463 0.614818
vt 0.609272 0.614812
vt 0.600454 0.588586
vt 0.609262 0.588582
vt 0.600446 0.562352
vt 0.609255 0.562350
vt 0.600443 0.536118
vt 0.609254 0.536119
vt 0.600446 0.509886
vt 0.609258 0.509888
vt 0.600453 0.483657
vt 0.609267 0.483660
vt 0.600461 0.457431
vt 0.609278 0.457436
vt 0.600472 0.431206
vt 0.609290 0.431214
vt 0.600487 0.404986
vt 0.609306 0.404993
vt 0.600507 0.378771
vt 0.609318 0.378774
vt 0.644503 0.667258
vt 0.644516 0.693474
vt 0.644493 0.641031
vt 0.644485 0.614804
vt 0.644478 0.588576
vt 0.644474 0.562348
vt 0.644474 0.536120
vt 0.644478 0.509894
vt 0.644485 0.483669
vt 0.644494 0.457447
vt 0.644505 0.431226
vt 0.644518 0.405007
vt 0.644530 0.378793
vt 0.679711 0.667247
vt 0.679718 0.693468
vt 0.679702 0.641025
vt 0.679697 0.614800
vt 0.679693 0.588574
vt 0.679692 0.562348
vt 0.679693 0.536123
vt 0.679697 0.509898
vt 0.679703 0.483675
vt 0.679711 0.457454
vt 0.679719 0.431234
vt 0.679731 0.405016
vt 0.679737 0.378799
vt 0.714917 0.667245
vt 0.714920 0.693467
vt 0.714913 0.641022
vt 0.714909 0.614799
vt 0.714908 0.588575
vt 0.714908 0.562351
vt 0.714909 0.536127
vt 0.714913 0.509903
vt 0.714919 0.483680
vt 0.714926 0.457459
vt 0.714934 0.431239
vt 0.714943 0.405019
vt 0.714947 0.378801
vt 0.750123 0.667246
vt 0.750122 0.693469
vt 0.750123 0.641023
vt 0.750123 0.614801
vt 0.750122 0.588579
vt 0.750123 0.562355
vt 0.750125 0.536132
vt 0.750129 0.509908
vt 0.750134 0.483685
vt 0.750141 0.457463
vt 0.750148 0.431241
vt 0.750155 0.405019
vt 0.750157 0.378802
vt 0.785331 0.667250
vt 0.785326 0.693474
vt 0.785335 0.641028
vt 0.785337 0.614806
vt 0.785338 0.588583
vt 0.785339 0.562361
vt 0.785341 0.536137
vt 0.785344 0.509914
vt 0.785349 0.483691
vt 0.785355 0.457467
vt 0.785362 0.431243
vt 0.785370 0.405019
vt 0.785369 0.378801
vt 0.820537 0.667259
vt 0.820527 0.693484
vt 0.820545 0.641037
vt 0.820549 0.614813
vt 0.820550 0.588589
vt 0.820550 0.562366
vt 0.820551 0.536143
vt 0.820554 0.509920
vt 0.820559 0.483696
vt 0.820565 0.457472
vt 0.820571 0.431246
vt 0.820578 0.405017
vt 0.820580 0.378796
vt 0.846942 0.693502
vt 0.846976 0.667275
vt 0.855785 0.667289
vt 0.855757 0.693515
vt 0.846984 0.641048
vt 0.855796 0.641056
vt 0.846990 0.614820
vt 0.855801 0.614824
vt 0.846994 0.588595
vt 0.855805 0.588594
vt 0.846997 0.562370
vt 0.855809 0.562367
vt 0.847000 0.536145
vt 0.855812 0.536141
vt 0.847004 0.509922
vt 0.855817 0.509918
vt 0.847009 0.483698
vt 0.855823 0.483695
vt 0.847017 0.457474
vt 0.855830 0.457473
vt 0.847024 0.431249
vt 0.855837 0.431251
vt 0.847033 0.405022
vt 0.855847 0.405028
vt 0.847057 0.378799
vt 0.855864 0.378805
vt 0.882228 0.693524
vt 0.882227 0.667299
vt 0.891033 0.667293
vt 0.891030 0.693520
vt 0.882236 0.641066
vt 0.891041 0.641065
vt 0.882244 0.614834
vt 0.891048 0.614837
vt 0.882251 0.588603
vt 0.891056 0.588609
vt 0.882258 0.562374
vt 0.891063 0.562382
vt 0.882264 0.536148
vt 0.891069 0.536156
vt 0.882270 0.509924
vt 0.891075 0.509931
vt 0.882276 0.483701
vt 0.891082 0.483705
vt 0.882282 0.457478
vt 0.891088 0.457480
vt 0.882289 0.431256
vt 0.891095 0.431254
vt 0.882296 0.405032
vt 0.891101 0.405029
vt 0.882301 0.378806
vt 0.891105 0.378803
vt 0.917459 0.693517
vt 0.917456 0.667292
vt 0.926258 0.667290
vt 0.926260 0.693517
vt 0.917459 0.641068
vt 0.926260 0.641067
vt 0.917466 0.614842
vt 0.926267 0.614844
vt 0.917475 0.588617
vt 0.926276 0.588620
vt 0.917485 0.562391
vt 0.926286 0.562395
vt 0.917493 0.536165
vt 0.926295 0.536169
vt 0.917500 0.509939
vt 0.926302 0.509942
vt 0.917506 0.483712
vt 0.926308 0.483715
vt 0.917513 0.457486
vt 0.926315 0.457487
vt 0.917519 0.431258
vt 0.926321 0.431259
vt 0.917524 0.405029
vt 0.926326 0.405029
vt 0.917525 0.378800
vt 0.926327 0.378798
vt 0.512349 0.693488
vt 0.512349 0.667258
vt 0.521151 0.667260
vt 0.521150 0.693487
vt 0.512352 0.641028
vt 0.521154 0.641033
vt 0.512353 0.614801
vt 0.521157 0.614807
vt 0.512352 0.588576
vt 0.521156 0.588582
vt 0.512348 0.562353
vt 0.521152 0.562357
vt 0.512342 0.536128
vt 0.521146 0.536131
vt 0.512338 0.509903
vt 0.521141 0.509903
vt 0.512337 0.483678
vt 0.521140 0.483675
vt 0.512338 0.457453
vt 0.521141 0.457447
vt 0.512340 0.431229
vt 0.521143 0.431220
vt 0.512338 0.405004
vt 0.521141 0.404993
vt 0.512329 0.378777
vt 0.521130 0.378771
vt 0.503545 0.693488
vt 0.503545 0.667259
vt 0.503548 0.641030
vt 0.503550 0.614804
vt 0.503551 0.588579
vt 0.503548 0.562355
vt 0.503543 0.536130
vt 0.503539 0.509903
vt 0.503538 0.483677
vt 0.503538 0.457451
vt 0.503538 0.431226
vt 0.503535 0.405004
vt 0.503525 0.378780
vt 0.899849 0.693520
vt 0.899845 0.667297
vt 0.908650 0.667290
vt 0.908650 0.693517
vt 0.899850 0.641068
vt 0.908654 0.641065
vt 0.899858 0.614838
vt 0.908662 0.614841
vt 0.899866 0.588610
vt 0.908670 0.588616
vt 0.899875 0.562382
vt 0.908679 0.562390
vt 0.899882 0.536157
vt 0.908686 0.536165
vt 0.899889 0.509931
vt 0.908693 0.509938
vt 0.899895 0.483706
vt 0.908699 0.483711
vt 0.899902 0.457482
vt 0.908705 0.457484
vt 0.899908 0.431257
vt 0.908712 0.431256
vt 0.899914 0.405031
vt 0.908717 0.405028
vt 0.899916 0.378803
vt 0.908719 0.378800
vt 0.864594 0.693520
vt 0.864604 0.667292
vt 0.873411 0.667294
vt 0.873399 0.693521
vt 0.864615 0.641059
vt 0.873421 0.641064
vt 0.864623 0.614827
vt 0.873428 0.614832
vt 0.864628 0.588597
vt 0.873434 0.588602
vt 0.864633 0.562370
vt 0.873439 0.562374
vt 0.864638 0.536144
vt 0.873445 0.536148
vt 0.864643 0.509920
vt 0.873450 0.509923
vt 0.864648 0.483697
vt 0.873456 0.483699
vt 0.864654 0.457475
vt 0.873462 0.457476
vt 0.864661 0.431253
vt 0.873469 0.431253
vt 0.864670 0.405031
vt 0.873477 0.405030
vt 0.864683 0.378808
vt 0.873487 0.378806
vt 0.547580 0.693489
vt 0.547586 0.667261
vt 0.556392 0.667273
vt 0.556384 0.693495
vt 0.547586 0.641035
vt 0.556393 0.641048
vt 0.547584 0.614810
vt 0.556392 0.614821
vt 0.547580 0.588584
vt 0.556388 0.588591
vt 0.547574 0.562356
vt 0.556382 0.562359
vt 0.547567 0.536130
vt 0.556372 0.536127
vt 0.547562 0.509903
vt 0.556367 0.509897
vt 0.547561 0.483675
vt 0.556366 0.483667
vt 0.547563 0.457445
vt 0.556368 0.457436
vt 0.547567 0.431213
vt 0.556373 0.431204
vt 0.547572 0.404982
vt 0.556380 0.404968
vt 0.547573 0.378754
vt 0.556376 0.378745
vt 0.582851 0.693503
vt 0.582860 0.667277
vt 0.591660 0.667281
vt 0.591655 0.693506
vt 0.582853 0.641051
vt 0.591652 0.641052
vt 0.582844 0.614821
vt 0.591644 0.614821
vt 0.582835 0.588588
vt 0.591636 0.588589
vt 0.582825 0.562355
vt 0.591628 0.562355
vt 0.582807 0.536122
vt 0.591618 0.536119
vt 0.582802 0.509892
vt 0.591617 0.509885
vt 0.582804 0.483662
vt 0.591620 0.483654
vt 0.582810 0.457434
vt 0.591627 0.457427
vt 0.582818 0.431205
vt 0.591636 0.431204
vt 0.582830 0.404972
vt 0.591652 0.404982
vt 0.582858 0.378746
vt 0.591672 0.378763
vt 0.829334 0.693490
vt 0.829353 0.667262
vt 0.838163 0.667273
vt 0.838135 0.693499
vt 0.829362 0.641039
vt 0.838172 0.641043
vt 0.829366 0.614815
vt 0.838178 0.614817
vt 0.829368 0.588592
vt 0.838180 0.588590
vt 0.829370 0.562368
vt 0.838182 0.562365
vt 0.829372 0.536145
vt 0.838185 0.536141
vt 0.829376 0.509922
vt 0.838189 0.509918
vt 0.829381 0.483698
vt 0.838194 0.483695
vt 0.829388 0.457473
vt 0.838201 0.457472
vt 0.829395 0.431247
vt 0.838208 0.431248
vt 0.829402 0.405020
vt 0.838215 0.405023
vt 0.829413 0.378793
vt 0.838230 0.378798
vt 0.062557 0.642362
vt 0.062557 0.378282
vt 0.161713 0.642362
vt 0.161713 0.378282
vt 0.045101 0.642362
vt 0.045101 0.378282
vt 0.054532 0.642362
vt 0.054532 0.378282
vt 0.101027 0.646110
vt 0.101027 0.910190
vt 0.001870 0.646110
vt 0.001870 0.910190
vt 0.117621 0.646110
vt 0.117621 0.910190
vt 0.108190 0.646110
vt 0.108190 0.910190
vt 0.493722 0.642362
vt 0.493722 0.378282
vt 0.494289 0.642362
vt 0.494289 0.378282
vt 0.203347 0.971311
vt 0.203347 0.961879
vt 0.206176 0.971311
vt 0.206176 0.961879
vt 0.485436 0.642362
vt 0.485436 0.378282
vt 0.486002 0.642362
vt 0.486002 0.378282
vt 0.215326 0.961879
vt 0.215326 0.971310
vt 0.212496 0.961879
vt 0.212496 0.971310
vt 0.126923 0.646110
vt 0.126923 0.910190
vt 0.125225 0.646110
vt 0.125225 0.910190
vt 0.043403 0.378282
vt 0.043403 0.642362
vt 0.133809 0.910190
vt 0.133809 0.646110
vt 0.135507 0.910190
vt 0.135507 0.646110
vt 0.056230 0.642362
vt 0.056230 0.378282
vt 0.493157 0.642362
vt 0.493157 0.378282
vt 0.492742 0.642362
vt 0.492742 0.378282
vt 0.124659 0.646110
vt 0.124659 0.910190
vt 0.494854 0.378282
vt 0.494854 0.642362
vt 0.495269 0.378282
vt 0.495269 0.642362
vt 0.042837 0.378282
vt 0.042837 0.642362
vt 0.136073 0.646110
vt 0.136073 0.910190
vt 0.484456 0.378282
vt 0.484870 0.378282
vt 0.484456 0.642362
vt 0.484870 0.642362
vt 0.486568 0.378282
vt 0.486568 0.642362
vt 0.486982 0.378282
vt 0.486982 0.642362
vt 0.056796 0.642362
vt 0.056796 0.378282
vt 0.203347 0.973008
vt 0.206176 0.973008
vt 0.203498 0.973574
vt 0.206025 0.973574
vt 0.205610 0.973988
vt 0.203913 0.973988
vt 0.205045 0.974140
vt 0.204478 0.974140
vt 0.212496 0.973008
vt 0.215326 0.973008
vt 0.215174 0.973574
vt 0.212648 0.973574
vt 0.214760 0.973988
vt 0.213062 0.973988
vt 0.214194 0.974140
vt 0.213628 0.974140
vt 0.215326 0.960181
vt 0.212496 0.960181
vt 0.215174 0.959615
vt 0.212648 0.959615
vt 0.213062 0.959201
vt 0.214760 0.959201
vt 0.213628 0.959050
vt 0.214194 0.959050
vt 0.206176 0.960181
vt 0.203347 0.960181
vt 0.203498 0.959615
vt 0.206025 0.959615
vt 0.203913 0.959201
vt 0.205610 0.959201
vt 0.204478 0.959050
vt 0.205045 0.959050
vt 0.260604 0.372176
vt 0.260604 0.374534
vt 0.005954 0.372176
vt 0.005954 0.374534
vt 0.142959 0.650193
vt 0.144685 0.650193
vt 0.142959 0.904843
vt 0.144685 0.904843
vt 0.147042 0.650193
vt 0.147042 0.904843
vt 0.273412 0.372176
vt 0.271055 0.372176
vt 0.273412 0.004350
vt 0.271055 0.004350
vt 0.264687 0.372176
vt 0.262961 0.372176
vt 0.264687 0.004350
vt 0.262961 0.004350
vt 0.260604 0.004350
vt 0.147042 0.647836
vt 0.184769 0.650193
vt 0.184769 0.647836
vt 0.147042 0.646110
vt 0.184769 0.646110
vt 0.273412 0.374534
vt 0.311139 0.374534
vt 0.311139 0.372176
vt 0.200111 0.904843
vt 0.197753 0.904843
vt 0.200111 0.650193
vt 0.197753 0.650193
vt 0.196027 0.904843
vt 0.196027 0.650193
vt 0.260604 0.001992
vt 0.005954 0.001992
vt 0.005954 0.004350
vt 0.273412 0.001992
vt 0.311139 0.004350
vt 0.311139 0.001992
vt 0.200111 0.908926
vt 0.200111 0.907200
vt 0.237837 0.908926
vt 0.237837 0.907200
vt 0.237837 0.904843
vt 0.187127 0.650193
vt 0.184769 0.904843
vt 0.187127 0.904843
vt 0.188852 0.650193
vt 0.188852 0.904843
vt 0.324547 0.374534
vt 0.324547 0.372176
vt 0.579196 0.374534
vt 0.579196 0.372176
vt 0.322189 0.372176
vt 0.324547 0.004350
vt 0.322189 0.004350
vt 0.320463 0.372176
vt 0.320463 0.004350
vt 0.313497 0.372176
vt 0.313497 0.004350
vt 0.324547 0.001992
vt 0.579196 0.004350
vt 0.579196 0.001992
vt 0.241921 0.904843
vt 0.240195 0.904843
vt 0.241921 0.650193
vt 0.240195 0.650193
vt 0.237837 0.650193
vt 0.184769 0.907200
vt 0.147042 0.907200
vt 0.184769 0.908926
vt 0.147042 0.908926
vt 0.591822 0.374534
vt 0.591822 0.372176
vt 0.629548 0.374534
vt 0.629548 0.372176
vt 0.589464 0.372176
vt 0.591822 0.004350
vt 0.589464 0.004350
vt 0.583280 0.372176
vt 0.581554 0.372176
vt 0.583280 0.004350
vt 0.581554 0.004350
vt 0.591822 0.001992
vt 0.629548 0.004350
vt 0.629548 0.001992
vt 0.237837 0.646110
vt 0.237837 0.647836
vt 0.200111 0.646110
vt 0.200111 0.647836
vt 0.003596 0.372176
vt 0.003596 0.004350
vt 0.001870 0.372176
vt 0.001870 0.004350
vt 0.631906 0.372176
vt 0.631906 0.004350
vt 0.145005 0.648156
vt 0.143313 0.648156
vt 0.262641 0.374214
vt 0.264333 0.374214
vt 0.271375 0.374214
vt 0.145005 0.646464
vt 0.262641 0.002312
vt 0.196382 0.906880
vt 0.198073 0.906880
vt 0.198073 0.908572
vt 0.271375 0.002312
vt 0.264333 0.002312
vt 0.322509 0.374214
vt 0.188498 0.648156
vt 0.186806 0.648156
vt 0.186806 0.646464
vt 0.313176 0.374214
vt 0.320818 0.374214
vt 0.239875 0.906880
vt 0.241566 0.906880
vt 0.322509 0.002312
vt 0.320818 0.002312
vt 0.313176 0.002312
vt 0.239875 0.908572
vt 0.589784 0.374214
vt 0.186806 0.908572
vt 0.186806 0.906880
vt 0.188498 0.906880
vt 0.581234 0.374214
vt 0.582925 0.374214
vt 0.239875 0.648156
vt 0.239875 0.646464
vt 0.589784 0.002312
vt 0.582925 0.002312
vt 0.581234 0.002312
vt 0.241566 0.648156
vt 0.003917 0.374214
vt 0.143313 0.906880
vt 0.145005 0.906880
vt 0.145005 0.908572
vt 0.631586 0.374214
vt 0.002225 0.374214
vt 0.198073 0.648156
vt 0.196382 0.648156
vt 0.003917 0.002312
vt 0.002225 0.002312
vt 0.631586 0.002312
vt 0.198073 0.646464
vt 0.223050 0.960011
vt 0.224283 0.959299
vt 0.225684 0.963150
vt 0.222135 0.961101
vt 0.221649 0.962439
vt 0.221649 0.963862
vt 0.222135 0.965199
vt 0.223050 0.966290
vt 0.224283 0.967001
vt 0.225684 0.967248
vt 0.227086 0.967001
vt 0.228319 0.966290
vt 0.229234 0.965199
vt 0.229720 0.963862
vt 0.229720 0.962439
vt 0.229234 0.961101
vt 0.228319 0.960011
vt 0.227086 0.959299
vt 0.225684 0.959052
vt 0.241726 0.959298
vt 0.242959 0.960010
vt 0.240324 0.963150
vt 0.243874 0.961101
vt 0.244361 0.962438
vt 0.244361 0.963862
vt 0.243874 0.965200
vt 0.242959 0.966290
vt 0.241726 0.967002
vt 0.240324 0.967249
vt 0.238922 0.967002
vt 0.237689 0.966290
vt 0.236774 0.965200
vt 0.236287 0.963862
vt 0.236287 0.962438
vt 0.236774 0.961101
vt 0.237689 0.960010
vt 0.238922 0.959298
vt 0.240324 0.959051
vt 0.253112 0.906274
vt 0.251689 0.906274
vt 0.251689 0.905276
vt 0.253112 0.905276
vt 0.254535 0.906274
vt 0.254535 0.905276
vt 0.255958 0.906274
vt 0.255958 0.905276
vt 0.257381 0.906274
vt 0.257382 0.905277
vt 0.258805 0.906275
vt 0.258805 0.905277
vt 0.260228 0.906275
vt 0.260228 0.905277
vt 0.261651 0.906275
vt 0.261651 0.905277
vt 0.263074 0.906275
vt 0.263074 0.905277
vt 0.264497 0.906275
vt 0.264497 0.905278
vt 0.265920 0.906276
vt 0.265920 0.905278
vt 0.267344 0.906276
vt 0.267344 0.905278
vt 0.268767 0.906276
vt 0.268767 0.905278
vt 0.270190 0.906276
vt 0.270190 0.905278
vt 0.271613 0.906276
vt 0.271613 0.905279
vt 0.247419 0.906273
vt 0.245996 0.906273
vt 0.245996 0.905275
vt 0.247419 0.905275
vt 0.248842 0.906273
vt 0.248843 0.905275
vt 0.250266 0.906273
vt 0.250266 0.905276
vt 0.255633 0.902150
vt 0.257057 0.902150
vt 0.257057 0.903148
vt 0.255633 0.903148
vt 0.258480 0.902150
vt 0.258480 0.903148
vt 0.259903 0.902150
vt 0.259903 0.903148
vt 0.261327 0.902150
vt 0.261327 0.903148
vt 0.262750 0.902150
vt 0.262750 0.903148
vt 0.264173 0.902150
vt 0.264173 0.903148
vt 0.265597 0.902150
vt 0.265597 0.903148
vt 0.267020 0.902150
vt 0.267020 0.903148
vt 0.268444 0.902150
vt 0.268443 0.903148
vt 0.269867 0.902150
vt 0.269867 0.903148
vt 0.271290 0.902150
vt 0.271290 0.903148
vt 0.245670 0.902149
vt 0.247093 0.902149
vt 0.247093 0.903147
vt 0.245670 0.903147
vt 0.248516 0.902149
vt 0.248516 0.903147
vt 0.249940 0.902149
vt 0.249940 0.903147
vt 0.251363 0.902149
vt 0.251363 0.903148
vt 0.252787 0.902150
vt 0.252787 0.903148
vt 0.254210 0.902150
vt 0.254210 0.903148
vt 0.146240 0.970426
vt 0.144982 0.971153
vt 0.139594 0.964732
vt 0.143373 0.962549
vt 0.144047 0.972266
vt 0.136788 0.968075
vt 0.143551 0.973631
vt 0.135296 0.972176
vt 0.143551 0.975084
vt 0.135296 0.976540
vt 0.144047 0.976450
vt 0.136788 0.980641
vt 0.144982 0.977563
vt 0.139594 0.983984
vt 0.146240 0.978290
vt 0.143373 0.986166
vt 0.147671 0.978542
vt 0.147671 0.986924
vt 0.149102 0.978290
vt 0.151969 0.986166
vt 0.150360 0.977563
vt 0.155748 0.983984
vt 0.151294 0.976450
vt 0.158554 0.980641
vt 0.151791 0.975084
vt 0.160046 0.976540
vt 0.151791 0.973631
vt 0.160046 0.972176
vt 0.151294 0.972266
vt 0.158554 0.968075
vt 0.150360 0.971153
vt 0.155748 0.964732
vt 0.149102 0.970426
vt 0.151969 0.962549
vt 0.147671 0.970174
vt 0.147671 0.961792
vt 0.345426 0.650634
vt 0.350923 0.650635
vt 0.350888 0.868872
vt 0.345391 0.868872
vt 0.356420 0.650636
vt 0.356385 0.868873
vt 0.257474 0.650620
vt 0.262971 0.650621
vt 0.262936 0.868859
vt 0.257439 0.868858
vt 0.268468 0.650622
vt 0.268433 0.868859
vt 0.273965 0.650623
vt 0.273930 0.868860
vt 0.279462 0.650624
vt 0.279427 0.868861
vt 0.284959 0.650624
vt 0.284924 0.868862
vt 0.290456 0.650625
vt 0.290421 0.868863
vt 0.295953 0.650626
vt 0.295918 0.868864
vt 0.301450 0.650627
vt 0.301415 0.868865
vt 0.306947 0.650628
vt 0.306912 0.868865
vt 0.312444 0.650629
vt 0.312409 0.868866
vt 0.317941 0.650630
vt 0.317906 0.868867
vt 0.323438 0.650630
vt 0.323403 0.868868
vt 0.328935 0.650631
vt 0.328900 0.868869
vt 0.334432 0.650632
vt 0.334397 0.868870
vt 0.339929 0.650633
vt 0.339894 0.868871
vt 0.186738 0.962550
vt 0.190517 0.964732
vt 0.185129 0.971153
vt 0.183871 0.970426
vt 0.193322 0.968075
vt 0.186063 0.972266
vt 0.194815 0.972176
vt 0.186560 0.973631
vt 0.194815 0.976540
vt 0.186560 0.975084
vt 0.193322 0.980641
vt 0.186063 0.976450
vt 0.190517 0.983984
vt 0.185129 0.977563
vt 0.186738 0.986166
vt 0.183871 0.978289
vt 0.182440 0.986924
vt 0.182440 0.978542
vt 0.178142 0.986166
vt 0.181009 0.978289
vt 0.174363 0.983984
vt 0.179750 0.977563
vt 0.171557 0.980641
vt 0.178816 0.976450
vt 0.170065 0.976540
vt 0.178319 0.975084
vt 0.170065 0.972176
vt 0.178319 0.973631
vt 0.171557 0.968075
vt 0.178816 0.972266
vt 0.174363 0.964732
vt 0.179750 0.971153
vt 0.178142 0.962550
vt 0.181009 0.970426
vt 0.182440 0.961792
vt 0.182440 0.970174
vt 0.948146 0.036019
vt 0.952691 0.032497
vt 0.963682 0.048236
vt 0.958810 0.051290
vt 0.142759 0.960862
vt 0.147671 0.959996
vt 0.859619 0.298036
vt 0.859940 0.296337
vt 0.865009 0.297997
vt 0.864262 0.299558
vt 0.936018 0.021883
vt 0.940191 0.017927
vt 0.854740 0.297756
vt 0.854615 0.296031
vt 0.138439 0.963356
vt 0.922546 0.009021
vt 0.926305 0.004671
vt 0.849953 0.298737
vt 0.849390 0.297101
vt 0.135233 0.967177
vt 0.915163 0.305794
vt 0.911737 0.301177
vt 0.926122 0.289346
vt 0.929991 0.293600
vt 0.845577 0.300911
vt 0.844613 0.299475
vt 0.133527 0.971864
vt 0.939262 0.276145
vt 0.943534 0.279994
vt 0.839510 0.328857
vt 0.840902 0.327829
vt 0.844288 0.331352
vt 0.843206 0.332702
vt 0.133527 0.976852
vt 0.951025 0.261705
vt 0.955658 0.265110
vt 0.848464 0.333889
vt 0.847765 0.335472
vt 0.135233 0.981539
vt 0.961296 0.246167
vt 0.966245 0.249095
vt 0.853151 0.335271
vt 0.852881 0.336980
vt 0.138439 0.985360
vt 0.969974 0.229686
vt 0.975188 0.232108
vt 0.858036 0.335404
vt 0.858213 0.337125
vt 0.142759 0.987854
vt 0.976971 0.212425
vt 0.982401 0.214317
vt 0.862792 0.334281
vt 0.863404 0.335899
vt 0.147671 0.988720
vt 0.982220 0.194554
vt 0.987811 0.195898
vt 0.867100 0.331976
vt 0.868107 0.333383
vt 0.152583 0.987854
vt 0.985668 0.176250
vt 0.991364 0.177033
vt 0.870674 0.328643
vt 0.872007 0.329745
vt 0.156903 0.985360
vt 0.987281 0.157695
vt 0.993027 0.157907
vt 0.873273 0.324505
vt 0.874845 0.325228
vt 0.160109 0.981539
vt 0.987044 0.139071
vt 0.992782 0.138711
vt 0.874725 0.319839
vt 0.876429 0.320135
vt 0.161815 0.976852
vt 0.984958 0.120562
vt 0.990632 0.119635
vt 0.874931 0.314957
vt 0.876655 0.314806
vt 0.161815 0.971864
vt 0.981044 0.102352
vt 0.986598 0.100866
vt 0.873880 0.310185
vt 0.875507 0.309597
vt 0.160109 0.967177
vt 0.975341 0.084621
vt 0.980720 0.082591
vt 0.871639 0.305842
vt 0.873061 0.304857
vt 0.156903 0.963356
vt 0.967905 0.067544
vt 0.973056 0.064989
vt 0.868360 0.302219
vt 0.869482 0.300902
vt 0.152583 0.960862
vt 0.187352 0.960862
vt 0.182440 0.959996
vt 0.963787 0.208501
vt 0.961832 0.206865
vt 0.966807 0.200277
vt 0.968915 0.201709
vt 0.885982 0.307746
vt 0.886387 0.306065
vt 0.891245 0.306586
vt 0.891285 0.308315
vt 0.191671 0.963356
vt 0.881002 0.305836
vt 0.881825 0.304315
vt 0.958010 0.214749
vt 0.956227 0.212928
vt 0.194877 0.967177
vt 0.874617 0.277963
vt 0.873134 0.277072
vt 0.876448 0.272894
vt 0.877653 0.274135
vt 0.951641 0.220392
vt 0.950047 0.218403
vt 0.196583 0.971864
vt 0.880723 0.269705
vt 0.881570 0.271213
vt 0.950070 0.088809
vt 0.951664 0.086820
vt 0.958031 0.092466
vt 0.956248 0.094287
vt 0.196583 0.976852
vt 0.885673 0.267718
vt 0.886105 0.269393
vt 0.963806 0.098716
vt 0.961851 0.100351
vt 0.194877 0.981539
vt 0.890967 0.267067
vt 0.890954 0.268797
vt 0.968932 0.105509
vt 0.966824 0.106941
vt 0.191671 0.985360
vt 0.896250 0.267796
vt 0.895795 0.269464
vt 0.973358 0.112777
vt 0.971118 0.113993
vt 0.187352 0.987853
vt 0.901171 0.269854
vt 0.900302 0.271350
vt 0.977040 0.120449
vt 0.974690 0.121436
vt 0.182440 0.988719
vt 0.905399 0.273106
vt 0.904176 0.274329
vt 0.979942 0.128449
vt 0.977505 0.129198
vt 0.177528 0.987853
vt 0.908652 0.277332
vt 0.907156 0.278201
vt 0.982035 0.136697
vt 0.979536 0.137201
vt 0.173208 0.985360
vt 0.910712 0.282252
vt 0.909044 0.282708
vt 0.983298 0.145113
vt 0.980762 0.145365
vt 0.170002 0.981539
vt 0.911442 0.287535
vt 0.909713 0.287548
vt 0.983720 0.153612
vt 0.981171 0.153611
vt 0.168296 0.976852
vt 0.910794 0.292829
vt 0.909118 0.292398
vt 0.983295 0.162111
vt 0.980759 0.161857
vt 0.168296 0.971864
vt 0.908809 0.297780
vt 0.907300 0.296934
vt 0.982029 0.170526
vt 0.979530 0.170022
vt 0.170002 0.967177
vt 0.905622 0.302056
vt 0.904380 0.300851
vt 0.979933 0.178774
vt 0.977497 0.178024
vt 0.173208 0.963356
vt 0.901444 0.305372
vt 0.900553 0.303889
vt 0.977028 0.186772
vt 0.974679 0.185784
vt 0.177528 0.960862
vt 0.896556 0.307506
vt 0.896075 0.305844
vt 0.973343 0.194443
vt 0.971104 0.193226
vt 0.732199 0.696709
vt 0.769925 0.696709
vt 0.732199 0.832521
vt 0.769925 0.832521
vt 0.136234 0.954099
vt 0.136234 0.916373
vt 0.173960 0.954099
vt 0.173960 0.916373
vt 0.776118 0.704254
vt 0.813844 0.704254
vt 0.776118 0.840066
vt 0.813844 0.840066
vt 0.089891 0.960282
vt 0.127616 0.960282
vt 0.089891 0.998008
vt 0.127616 0.998008
vt 0.820037 0.696709
vt 0.857762 0.696709
vt 0.820037 0.832521
vt 0.857762 0.832521
vt 0.863955 0.696709
vt 0.901681 0.696709
vt 0.863955 0.832521
vt 0.901681 0.832521
vt 0.863955 0.840066
vt 0.901681 0.840066
vt 0.732199 0.840066
vt 0.769925 0.840066
vt 0.820037 0.840066
vt 0.857762 0.840066
vt 0.776118 0.696709
vt 0.813844 0.696709
vt 0.506523 0.920015
vt 0.544249 0.920015
vt 0.503694 0.922844
vt 0.547078 0.922844
vt 0.506523 0.882289
vt 0.503694 0.879459
vt 0.544249 0.882289
vt 0.547078 0.879459
vt 0.309450 0.873670
vt 0.310689 0.874064
vt 0.309450 0.917055
vt 0.310689 0.916661
vt 0.311493 0.875085
vt 0.311493 0.915640
vt 0.304480 0.917055
vt 0.304480 0.873670
vt 0.492963 0.922844
vt 0.492963 0.879459
vt 0.497933 0.922844
vt 0.497933 0.879459
vt 0.291707 0.917055
vt 0.291707 0.873670
vt 0.296676 0.917055
vt 0.296676 0.873670
vt 0.479756 0.922844
vt 0.479756 0.879459
vt 0.484725 0.922844
vt 0.484725 0.879459
vt 0.134819 0.955514
vt 0.175375 0.955514
vt 0.175375 0.914958
vt 0.134819 0.914958
vt 0.491725 0.922450
vt 0.491725 0.879853
vt 0.176395 0.956535
vt 0.176395 0.913937
vt 0.297915 0.874064
vt 0.297915 0.916661
vt 0.298720 0.875085
vt 0.298720 0.915640
vt 0.133798 0.956535
vt 0.133798 0.913937
vt 0.485964 0.922450
vt 0.485964 0.879853
vt 0.556525 0.697696
vt 0.594251 0.697696
vt 0.556525 0.875785
vt 0.594251 0.875785
vt 0.184607 0.952851
vt 0.184607 0.915125
vt 0.222333 0.952851
vt 0.222333 0.915125
vt 0.600444 0.697696
vt 0.638170 0.697696
vt 0.600444 0.875785
vt 0.638170 0.875785
vt 0.001870 0.993137
vt 0.001870 0.955411
vt 0.039596 0.993137
vt 0.039596 0.955411
vt 0.644362 0.697696
vt 0.682088 0.697696
vt 0.644362 0.875785
vt 0.682088 0.875785
vt 0.688281 0.696709
vt 0.726007 0.696709
vt 0.688281 0.874798
vt 0.726007 0.874798
vt 0.601770 0.920088
vt 0.639495 0.920088
vt 0.598940 0.922918
vt 0.642325 0.922918
vt 0.601770 0.882362
vt 0.598940 0.879533
vt 0.639495 0.882362
vt 0.642325 0.879533
vt 0.358442 0.873670
vt 0.360092 0.874049
vt 0.358442 0.917055
vt 0.360092 0.916676
vt 0.361430 0.875085
vt 0.361430 0.915640
vt 0.342802 0.917055
vt 0.342802 0.873670
vt 0.577539 0.922918
vt 0.577539 0.879533
vt 0.593179 0.922918
vt 0.593179 0.879533
vt 0.317254 0.917055
vt 0.317254 0.873670
vt 0.332894 0.917055
vt 0.332894 0.873670
vt 0.552839 0.922918
vt 0.552839 0.879533
vt 0.568479 0.922918
vt 0.568479 0.879533
vt 0.362590 0.876500
vt 0.362590 0.914225
vt 0.223748 0.954266
vt 0.223748 0.913710
vt 0.337042 0.876500
vt 0.337042 0.914225
vt 0.335882 0.875085
vt 0.335882 0.915640
vt 0.183192 0.913710
vt 0.183192 0.954266
vt 0.575890 0.922539
vt 0.575890 0.879911
vt 0.224784 0.955302
vt 0.224784 0.912674
vt 0.334544 0.874049
vt 0.334544 0.916676
vt 0.182156 0.955302
vt 0.182156 0.912674
vt 0.570129 0.922539
vt 0.570129 0.879911
vt 0.638873 0.341524
vt 0.638873 0.001992
vt 0.667167 0.341524
vt 0.667167 0.001992
vt 0.673641 0.341524
vt 0.673641 0.001992
vt 0.679301 0.341524
vt 0.679301 0.001992
vt 0.691997 0.341524
vt 0.691997 0.001992
vt 0.716519 0.341524
vt 0.716519 0.001992
vt 0.723050 0.341524
vt 0.723050 0.001992
vt 0.732481 0.341524
vt 0.732481 0.001992
vt 0.690111 0.341524
vt 0.690111 0.001992
vt 0.682567 0.341524
vt 0.681187 0.341524
vt 0.682567 0.001992
vt 0.681187 0.001992
vt 0.380851 0.646110
vt 0.418577 0.646110
vt 0.380851 0.824199
vt 0.418577 0.824199
vt 0.232995 0.952851
vt 0.232995 0.915125
vt 0.270721 0.952851
vt 0.270721 0.915125
vt 0.424770 0.646110
vt 0.462495 0.646110
vt 0.424770 0.824199
vt 0.462495 0.824199
vt 0.041954 0.951663
vt 0.041954 0.913938
vt 0.079680 0.951663
vt 0.079680 0.913938
vt 0.468688 0.697623
vt 0.506414 0.697623
vt 0.468688 0.875712
vt 0.506414 0.875712
vt 0.512607 0.697623
vt 0.550332 0.697623
vt 0.512607 0.875712
vt 0.550332 0.875712
vt 0.722564 0.919101
vt 0.760290 0.919101
vt 0.719735 0.921930
vt 0.763119 0.921930
vt 0.722564 0.881375
vt 0.719735 0.878546
vt 0.760290 0.881375
vt 0.763119 0.878546
vt 0.383991 0.873670
vt 0.385640 0.874049
vt 0.383991 0.917055
vt 0.385640 0.916676
vt 0.386979 0.875085
vt 0.386979 0.915640
vt 0.368351 0.917055
vt 0.368351 0.873670
vt 0.698334 0.921930
vt 0.698334 0.878546
vt 0.713974 0.921930
vt 0.713974 0.878546
vt 0.671136 0.922918
vt 0.671136 0.879533
vt 0.686776 0.922918
vt 0.686776 0.879533
vt 0.648085 0.922918
vt 0.648085 0.879533
vt 0.663725 0.922918
vt 0.663725 0.879533
vt 0.388138 0.876500
vt 0.388138 0.914225
vt 0.272136 0.954266
vt 0.272136 0.913710
vt 0.690924 0.882362
vt 0.690924 0.920088
vt 0.689764 0.880948
vt 0.689764 0.921503
vt 0.231581 0.913710
vt 0.231581 0.954266
vt 0.696684 0.921552
vt 0.696684 0.878924
vt 0.273172 0.955302
vt 0.273172 0.912674
vt 0.688426 0.879911
vt 0.688426 0.922539
vt 0.230544 0.955302
vt 0.230544 0.912674
vt 0.665375 0.922539
vt 0.665375 0.879911
vt 0.340466 0.642362
vt 0.340466 0.378282
vt 0.477028 0.642362
vt 0.477028 0.378282
vt 0.328322 0.642362
vt 0.328322 0.378282
vt 0.333039 0.642362
vt 0.333039 0.378282
vt 0.319228 0.378282
vt 0.319228 0.642362
vt 0.182666 0.378282
vt 0.182666 0.642362
vt 0.176906 0.378282
vt 0.176906 0.642362
vt 0.167474 0.378282
vt 0.167474 0.642362
vt 0.326655 0.642362
vt 0.326655 0.378282
vt 0.478695 0.642362
vt 0.478695 0.378282
vt 0.320895 0.378282
vt 0.320895 0.642362
vt 0.334706 0.642362
vt 0.334706 0.378282
vt 0.899339 0.843814
vt 0.937065 0.843814
vt 0.899339 0.979627
vt 0.937065 0.979627
vt 0.087876 0.954099
vt 0.087876 0.916373
vt 0.125602 0.954099
vt 0.125602 0.916373
vt 0.855853 0.851359
vt 0.893579 0.851359
vt 0.855853 0.987172
vt 0.893579 0.987172
vt 0.045972 0.960282
vt 0.083698 0.960282
vt 0.045972 0.998008
vt 0.083698 0.998008
vt 0.812366 0.843814
vt 0.850092 0.843814
vt 0.812366 0.979627
vt 0.850092 0.979627
vt 0.768880 0.843814
vt 0.806606 0.843814
vt 0.768880 0.979627
vt 0.806606 0.979627
vt 0.768880 0.987172
vt 0.806606 0.987172
vt 0.899339 0.987172
vt 0.937065 0.987172
vt 0.812366 0.987172
vt 0.850092 0.987172
vt 0.855853 0.843814
vt 0.893579 0.843814
vt 0.433440 0.920015
vt 0.471166 0.920015
vt 0.430611 0.922844
vt 0.473995 0.922844
vt 0.433440 0.882289
vt 0.430611 0.879459
vt 0.471166 0.882289
vt 0.473995 0.879459
vt 0.283902 0.873670
vt 0.285141 0.874064
vt 0.283902 0.917055
vt 0.285141 0.916661
vt 0.285946 0.875085
vt 0.285946 0.915640
vt 0.278933 0.917055
vt 0.278933 0.873670
vt 0.419880 0.871331
vt 0.419880 0.827947
vt 0.424850 0.871331
vt 0.424850 0.827947
vt 0.393899 0.871331
vt 0.393899 0.827947
vt 0.398868 0.871331
vt 0.398868 0.827947
vt 0.406673 0.871331
vt 0.406673 0.827947
vt 0.411642 0.871331
vt 0.411642 0.827947
vt 0.086461 0.955514
vt 0.127017 0.955514
vt 0.127017 0.914958
vt 0.086461 0.914958
vt 0.418642 0.870937
vt 0.418642 0.828340
vt 0.128038 0.956535
vt 0.128038 0.913938
vt 0.400107 0.828340
vt 0.400107 0.870937
vt 0.400912 0.829361
vt 0.400912 0.869917
vt 0.085441 0.956535
vt 0.085441 0.913938
vt 0.412881 0.870937
vt 0.412881 0.828340
vn 0.000000 0.000000 1.000000
vn 0.000000 0.000000 1.000000
vn 0.000000 0.019135 0.999817
vn 0.000000 0.019135 0.999817
vn 0.000000 0.997764 0.066830
vn 0.000000 0.997764 0.066830
vn 0.000000 1.000000 0.000000
vn 0.000000 1.000000 0.000000
vn 0.000000 0.000000 -1.000000
vn 0.000000 0.000000 -1.000000
vn 0.000000 0.000000 -1.000000
vn 0.000000 0.000000 -1.000000
vn 0.000000 -1.000000 0.000000
vn 0.000000 -1.000000 0.000000
vn 0.000000 -1.000000 0.000000
vn 0.000000 -1.000000 0.000000
vn 0.000000 0.866026 0.500000
vn 0.000000 0.866025 0.500000
vn 0.000000 0.707104 0.707109
vn 0.000000 0.707104 0.707109
vn 0.000000 0.258831 0.965923
vn 0.000000 0.258833 0.965922
vn -0.015322 0.021420 0.999653
vn -0.012336 0.024067 0.999634
vn -0.009981 0.042966 0.999027
vn -0.013153 0.038015 0.999191
vn -0.007531 0.029589 0.999534
vn -0.005143 0.052808 0.998591
vn -0.004494 0.035235 0.999369
vn -0.002517 0.061545 0.998101
vn -0.002609 0.040420 0.999179
vn -0.001140 0.068121 0.997676
vn -0.001504 0.044999 0.998986
vn -0.000322 0.073010 0.997331
vn -0.000242 0.049280 0.998785
vn 0.000694 0.076653 0.997057
vn 0.000930 0.053023 0.998593
vn 0.001309 0.078418 0.996920
vn 0.000962 0.055019 0.998485
vn 0.000827 0.078671 0.996900
vn -0.000548 0.055729 0.998446
vn -0.000383 0.079562 0.996830
vn -0.003419 0.057582 0.998335
vn -0.002560 0.082322 0.996602
vn -0.006662 0.061121 0.998108
vn -0.005559 0.086254 0.996258
vn -0.008230 0.063148 0.997970
vn -0.007107 0.088344 0.996065
vn -0.002769 0.347450 0.937694
vn -0.002458 0.343552 0.939131
vn -0.003719 0.511610 0.859210
vn -0.004907 0.507258 0.861780
vn -0.001687 0.337912 0.941176
vn -0.001983 0.520936 0.853593
vn -0.001466 0.335026 0.942208
vn -0.001493 0.531394 0.847123
vn -0.002302 0.332811 0.942991
vn -0.002059 0.543274 0.839553
vn -0.002951 0.331410 0.943482
vn -0.002589 0.556261 0.831004
vn -0.001797 0.332718 0.943025
vn -0.001701 0.567754 0.823197
vn -0.000187 0.336810 0.941572
vn -0.000762 0.575979 0.817464
vn 0.000014 0.341205 0.939989
vn -0.000954 0.582388 0.812911
vn -0.000605 0.344852 0.938657
vn -0.001481 0.589203 0.807984
vn -0.002102 0.348239 0.937404
vn -0.002517 0.597679 0.801731
vn -0.004738 0.351880 0.936033
vn -0.004254 0.609103 0.793080
vn -0.006293 0.353872 0.935273
vn -0.005261 0.615725 0.787944
vn 0.010954 0.999861 0.012597
vn 0.009723 0.999920 0.008128
vn 0.009380 0.999161 -0.039867
vn 0.010529 0.999108 -0.040889
vn 0.008206 0.999966 -0.000129
vn 0.008061 0.999243 -0.038070
vn 0.007216 0.999949 -0.007083
vn 0.006831 0.999313 -0.036425
vn 0.006360 0.999900 -0.012605
vn 0.005547 0.999389 -0.034518
vn 0.005406 0.999839 -0.017137
vn 0.004567 0.999464 -0.032414
vn 0.003915 0.999761 -0.021517
vn 0.003113 0.999538 -0.030248
vn 0.002806 0.999651 -0.026276
vn 0.002529 0.999596 -0.028316
vn 0.003127 0.999474 -0.032274
vn 0.003514 0.999632 -0.026879
vn 0.005249 0.999202 -0.039593
vn 0.005254 0.999668 -0.025214
vn 0.009440 0.998877 -0.046433
vn 0.007599 0.999732 -0.021883
vn 0.015021 0.998830 -0.045960
vn 0.008202 0.999851 -0.015172
vn 0.017794 0.998937 -0.042519
vn 0.007331 0.999916 -0.010733
vn 0.006795 0.999504 -0.030744
vn 0.007398 0.999445 -0.032489
vn 0.006075 0.999600 -0.027634
vn 0.004861 0.999678 -0.024921
vn 0.003542 0.999746 -0.022246
vn 0.002760 0.999801 -0.019741
vn 0.001664 0.999843 -0.017662
vn 0.001385 0.999871 -0.016033
vn 0.002186 0.999894 -0.014386
vn 0.003238 0.999921 -0.012147
vn 0.004448 0.999950 -0.008968
vn 0.003958 0.999980 -0.004975
vn 0.002767 0.999992 -0.002841
vn 0.002853 0.999908 -0.013275
vn 0.002814 0.999889 -0.014599
vn 0.002831 0.999938 -0.010774
vn 0.001950 0.999961 -0.008639
vn 0.000979 0.999975 -0.006984
vn 0.000637 0.999983 -0.005776
vn 0.000269 0.999987 -0.005028
vn 0.000235 0.999989 -0.004586
vn 0.000503 0.999992 -0.003978
vn 0.000757 0.999995 -0.002990
vn 0.000998 0.999998 -0.001651
vn 0.000573 1.000000 -0.000463
vn 0.000039 1.000000 -0.000029
vn 0.000424 0.999998 -0.002005
vn 0.000478 0.999997 -0.002572
vn 0.000066 1.000000 -0.000478
vn -0.000344 0.999999 0.001316
vn -0.000383 0.999997 0.002537
vn -0.000215 0.999995 0.003113
vn -0.000131 0.999994 0.003426
vn -0.000198 0.999993 0.003726
vn -0.000185 0.999992 0.004067
vn -0.000145 0.999990 0.004372
vn -0.000287 0.999989 0.004760
vn -0.000626 0.999985 0.005518
vn -0.000844 0.999981 0.006026
vn -0.002746 0.999989 0.003726
vn -0.002255 0.999996 0.001885
vn -0.003574 0.999966 0.007380
vn -0.003209 0.999939 0.010557
vn -0.002162 0.999914 0.012928
vn -0.001193 0.999893 0.014552
vn -0.000718 0.999879 0.015572
vn -0.000843 0.999866 0.016372
vn -0.000699 0.999854 0.017078
vn -0.000886 0.999839 0.017902
vn -0.001635 0.999813 0.019280
vn -0.002948 0.999765 0.021489
vn -0.003818 0.999732 0.022833
vn -0.009793 0.999817 0.016448
vn -0.009528 0.999871 0.012940
vn -0.009123 0.999708 0.022379
vn -0.006902 0.999631 0.026286
vn -0.004851 0.999571 0.028869
vn -0.002906 0.999524 0.030728
vn -0.001789 0.999486 0.032003
vn -0.001640 0.999460 0.032833
vn -0.001574 0.999434 0.033609
vn -0.002490 0.999388 0.034885
vn -0.004134 0.999313 0.036835
vn -0.006565 0.999199 0.039472
vn -0.008123 0.999127 0.040971
vn -0.015521 0.999382 0.031527
vn -0.016185 0.999476 0.028045
vn -0.012656 0.999265 0.036188
vn -0.008946 0.999245 0.037794
vn -0.006285 0.999245 0.038333
vn -0.003890 0.999251 0.038507
vn -0.002438 0.999250 0.038633
vn -0.001998 0.999250 0.038666
vn -0.002214 0.999242 0.038855
vn -0.003607 0.999220 0.039314
vn -0.005691 0.999193 0.039770
vn -0.008557 0.999163 0.040003
vn -0.010287 0.999146 0.040016
vn 0.000974 0.803040 -0.595925
vn 0.000877 0.792126 -0.610358
vn 0.005981 0.472849 -0.881123
vn 0.007088 0.478347 -0.878142
vn 0.000597 0.772706 -0.634764
vn 0.004077 0.461687 -0.887033
vn 0.000321 0.757199 -0.653184
vn 0.002761 0.450735 -0.892654
vn 0.000170 0.743612 -0.668611
vn 0.001808 0.440995 -0.897508
vn 0.000129 0.731065 -0.682308
vn 0.001150 0.432914 -0.901434
vn 0.000139 0.719190 -0.694813
vn 0.000786 0.426228 -0.904616
vn 0.000194 0.707840 -0.706373
vn 0.000674 0.420228 -0.907418
vn 0.000444 0.696641 -0.717420
vn 0.000906 0.414672 -0.909970
vn 0.000956 0.684833 -0.728700
vn 0.001561 0.409941 -0.912111
vn 0.001745 0.671551 -0.740957
vn 0.002659 0.406539 -0.913630
vn 0.003099 0.655398 -0.755277
vn 0.004355 0.405799 -0.913952
vn 0.003989 0.646301 -0.763072
vn 0.005404 0.406358 -0.913698
vn 0.010726 0.106774 -0.994226
vn 0.009196 0.104654 -0.994466
vn 0.010255 0.070615 -0.997451
vn 0.011798 0.072709 -0.997283
vn 0.006757 0.100811 -0.994883
vn 0.007443 0.067170 -0.997714
vn 0.004562 0.098298 -0.995147
vn 0.004675 0.065290 -0.997855
vn 0.001571 0.096826 -0.995300
vn 0.001770 0.063914 -0.997954
vn -0.000044 0.094785 -0.995498
vn 0.000641 0.061421 -0.998112
vn 0.000059 0.091817 -0.995776
vn 0.000962 0.057734 -0.998331
vn 0.000120 0.088466 -0.996079
vn 0.001084 0.053576 -0.998563
vn 0.000275 0.084721 -0.996405
vn 0.001328 0.049323 -0.998782
vn 0.000438 0.080275 -0.996773
vn 0.001749 0.044708 -0.998999
vn 0.001379 0.074023 -0.997256
vn 0.003361 0.039113 -0.999229
vn 0.004432 0.063911 -0.997946
vn 0.007358 0.032644 -0.999440
vn 0.006599 0.057597 -0.998318
vn 0.010003 0.029292 -0.999521
vn 0.014710 0.034591 -0.999293
vn 0.012591 0.034322 -0.999332
vn 0.012661 0.031793 -0.999414
vn 0.014814 0.031952 -0.999380
vn 0.008573 0.033372 -0.999406
vn 0.008777 0.030442 -0.999498
vn 0.005738 0.031143 -0.999499
vn 0.006221 0.027355 -0.999606
vn 0.004152 0.027659 -0.999609
vn 0.004761 0.023484 -0.999713
vn 0.003990 0.023932 -0.999706
vn 0.004550 0.019896 -0.999792
vn 0.004386 0.020572 -0.999779
vn 0.004876 0.016754 -0.999848
vn 0.004309 0.017334 -0.999841
vn 0.004832 0.013417 -0.999898
vn 0.004687 0.013788 -0.999894
vn 0.005275 0.009668 -0.999939
vn 0.005411 0.010302 -0.999932
vn 0.005914 0.006463 -0.999962
vn 0.007380 0.007258 -0.999946
vn 0.007827 0.004459 -0.999959
vn 0.011333 0.004790 -0.999924
vn 0.011661 0.003532 -0.999926
vn 0.013675 0.003753 -0.999899
vn 0.013833 0.003347 -0.999899
vn -0.018014 0.003111 0.999833
vn -0.015131 0.005170 0.999872
vn -0.013826 0.013777 0.999810
vn -0.016740 0.011641 0.999792
vn -0.010429 0.009346 0.999902
vn -0.009096 0.018048 0.999796
vn -0.007328 0.013555 0.999881
vn -0.006007 0.022296 0.999733
vn -0.005260 0.017671 0.999830
vn -0.003978 0.026469 0.999642
vn -0.003993 0.021625 0.999758
vn -0.002762 0.030533 0.999530
vn -0.002654 0.025414 0.999674
vn -0.001464 0.034510 0.999403
vn -0.001298 0.029114 0.999575
vn -0.000121 0.038443 0.999261
vn -0.000473 0.032822 0.999461
vn 0.000517 0.041771 0.999127
vn -0.001272 0.036090 0.999348
vn -0.000708 0.043641 0.999047
vn -0.004420 0.038057 0.999266
vn -0.004046 0.044881 0.998984
vn -0.008421 0.039338 0.999191
vn -0.007728 0.047202 0.998855
vn -0.010397 0.040052 0.999144
vn -0.009428 0.048787 0.998765
vn -0.018628 -0.001062 0.999826
vn -0.015771 0.000931 0.999875
vn -0.011093 0.005028 0.999926
vn -0.007985 0.009228 0.999925
vn -0.005897 0.013395 0.999893
vn -0.004598 0.017449 0.999837
vn -0.003235 0.021317 0.999768
vn -0.001872 0.025033 0.999685
vn -0.001056 0.028707 0.999587
vn -0.001706 0.032439 0.999472
vn -0.004588 0.035208 0.999369
vn -0.008634 0.036327 0.999303
vn -0.010766 0.036564 0.999273
vn 0.013003 0.052973 -0.998511
vn 0.011377 0.051128 -0.998627
vn 0.012221 0.040401 -0.999109
vn 0.014120 0.041386 -0.999044
vn 0.007992 0.048434 -0.998794
vn 0.008290 0.039115 -0.999200
vn 0.004773 0.047291 -0.998870
vn 0.005034 0.038071 -0.999262
vn 0.002243 0.045925 -0.998942
vn 0.003044 0.035734 -0.999357
vn 0.001641 0.042980 -0.999075
vn 0.002817 0.032184 -0.999478
vn 0.002155 0.039065 -0.999234
vn 0.003337 0.028445 -0.999590
vn 0.002241 0.035167 -0.999379
vn 0.003295 0.025089 -0.999680
vn 0.002491 0.031473 -0.999502
vn 0.003576 0.021841 -0.999755
vn 0.003091 0.027617 -0.999614
vn 0.004313 0.018266 -0.999824
vn 0.004972 0.023431 -0.999713
vn 0.006290 0.014312 -0.999878
vn 0.009071 0.019057 -0.999777
vn 0.010383 0.010249 -0.999894
vn 0.011677 0.016847 -0.999790
vn 0.012932 0.008242 -0.999882
vn 0.008431 0.278141 -0.960503
vn 0.007321 0.274651 -0.961516
vn 0.008262 0.164904 -0.986275
vn 0.009656 0.167427 -0.985837
vn 0.005423 0.268131 -0.963367
vn 0.006095 0.160345 -0.987042
vn 0.003920 0.262241 -0.964994
vn 0.004381 0.156827 -0.987616
vn 0.002182 0.257954 -0.966155
vn 0.001791 0.155016 -0.987910
vn 0.000826 0.256255 -0.966609
vn 0.000001 0.154446 -0.988001
vn 0.000405 0.255429 -0.966828
vn -0.000143 0.153466 -0.988154
vn 0.000334 0.254149 -0.967165
vn -0.000134 0.151894 -0.988397
vn 0.000418 0.252917 -0.967488
vn -0.000091 0.150114 -0.988669
vn 0.000661 0.252618 -0.967566
vn -0.000085 0.148089 -0.988974
vn 0.001114 0.254182 -0.967156
vn 0.000175 0.145178 -0.989406
vn 0.001711 0.258133 -0.966108
vn 0.001323 0.138226 -0.990400
vn 0.002029 0.260709 -0.965415
vn 0.002183 0.133101 -0.991100
vn -0.008055 0.078984 0.996843
vn -0.005577 0.088399 0.996069
vn -0.001541 0.196366 0.980529
vn -0.002179 0.190992 0.981589
vn -0.001990 0.103636 0.994613
vn -0.000380 0.203270 0.979123
vn -0.000434 0.113182 0.993574
vn 0.000062 0.204979 0.978766
vn 0.000041 0.119064 0.992887
vn -0.000367 0.204131 0.978943
vn 0.000196 0.122015 0.992528
vn -0.000933 0.201291 0.979531
vn 0.000594 0.122389 0.992482
vn -0.000660 0.198477 0.980105
vn 0.000827 0.121598 0.992579
vn 0.000164 0.198264 0.980149
vn 0.000552 0.121792 0.992555
vn 0.000397 0.200519 0.979690
vn -0.000116 0.123675 0.992323
vn -0.000076 0.203406 0.979094
vn -0.001824 0.126788 0.991928
vn -0.001589 0.206357 0.978476
vn -0.004705 0.130515 0.991435
vn -0.004374 0.209614 0.977774
vn -0.006310 0.132453 0.991169
vn -0.006018 0.211343 0.977393
vn -0.000045 0.788595 0.614913
vn 0.000541 0.798456 0.602054
vn 0.006393 0.977492 0.210874
vn 0.007041 0.975101 0.221648
vn 0.001335 0.815701 0.578472
vn 0.005536 0.981605 0.190840
vn 0.001533 0.830020 0.557731
vn 0.005022 0.984861 0.173272
vn 0.001329 0.843406 0.537274
vn 0.004632 0.987506 0.157515
vn 0.000595 0.856082 0.516840
vn 0.003728 0.989719 0.142978
vn -0.000435 0.866831 0.498602
vn 0.001946 0.991732 0.128314
vn -0.001272 0.875396 0.483405
vn 0.000474 0.993637 0.112626
vn -0.001625 0.883133 0.469120
vn 0.000296 0.995376 0.096055
vn -0.001383 0.891580 0.452861
vn 0.001658 0.996987 0.077554
vn -0.000508 0.902085 0.431558
vn 0.004986 0.998506 0.054417
vn 0.001758 0.917043 0.398784
vn 0.011414 0.999620 0.025076
vn 0.003399 0.925705 0.378230
vn 0.015536 0.999840 0.008868
vn -0.021336 0.999348 0.029140
vn -0.017918 0.999597 0.022016
vn -0.009774 0.981335 -0.192056
vn -0.012369 0.985411 -0.169741
vn -0.011788 0.999909 0.006625
vn -0.005786 0.973234 -0.229741
vn -0.007759 0.999935 -0.008312
vn -0.003746 0.966486 -0.256693
vn -0.005263 0.999782 -0.020224
vn -0.002570 0.960653 -0.277738
vn -0.003333 0.999562 -0.029413
vn -0.001703 0.955425 -0.295228
vn -0.002208 0.999332 -0.036479
vn -0.001177 0.950547 -0.310579
vn -0.001775 0.999095 -0.042500
vn -0.000917 0.945645 -0.325199
vn -0.002148 0.998798 -0.048963
vn -0.000914 0.940319 -0.340292
vn -0.003239 0.998352 -0.057290
vn -0.001187 0.934087 -0.357042
vn -0.004902 0.997657 -0.068240
vn -0.001686 0.926369 -0.376612
vn -0.007069 0.996584 -0.082285
vn -0.002340 0.916411 -0.400231
vn -0.008236 0.995895 -0.090140
vn -0.002688 0.910656 -0.413158
vn -1.000000 0.000000 0.000000
vn -1.000000 0.000000 0.000000
vn -1.000000 0.000000 0.000000
vn -1.000000 0.000000 0.000000
vn 0.000000 1.000000 0.000000
vn 0.000000 1.000000 0.000000
vn 0.000000 1.000000 0.000000
vn 0.000000 1.000000 0.000000
vn 1.000000 0.000000 0.000000
vn 1.000000 0.000000 0.000000
vn 1.000000 0.000000 0.000000
vn 1.000000 0.000000 0.000000
vn 0.000000 -1.000000 0.000000
vn 0.000000 -1.000000 0.000000
vn 0.000000 -1.000000 0.000000
vn 0.000000 -1.000000 0.000000
vn -0.991150 -0.132746 0.000000
vn -0.991147 -0.132770 0.000000
vn -0.991147 0.132772 0.000000
vn -0.991150 0.132748 0.000000
vn 0.000000 0.000000 1.000000
vn 0.000000 0.000000 1.000000
vn 0.000000 0.000000 1.000000
vn 0.000000 0.000000 1.000000
vn 0.991147 -0.132769 0.000000
vn 0.991150 -0.132748 0.000000
vn 0.991150 0.132750 0.000000
vn 0.991147 0.132771 0.000000
vn 0.000000 0.000000 -1.000000
vn 0.000000 0.000000 -1.000000
vn 0.000000 0.000000 -1.000000
vn 0.000000 0.000000 -1.000000
vn 0.000000 -1.000000 0.000000
vn 0.000000 -1.000000 0.000000
vn -0.066829 -0.997764 0.000000
vn -0.066828 -0.997764 0.000000
vn -0.066829 0.997764 0.000000
vn -0.066828 0.997764 0.000000
vn 0.000000 -1.000000 0.000000
vn 0.000000 -1.000000 0.000000
vn 0.066829 -0.997764 0.000000
vn 0.066828 -0.997764 0.000000
vn 0.066829 0.997764 0.000000
vn 0.066828 0.997764 0.000000
vn -0.866037 -0.499979 0.000000
vn -0.866026 -0.500000 0.000000
vn -0.707123 -0.707091 0.000000
vn -0.707123 -0.707091 0.000000
vn -0.258825 -0.965924 0.000000
vn -0.258814 -0.965927 0.000000
vn -0.866034 0.499985 0.000000
vn -0.866022 0.500005 0.000000
vn -0.707123 0.707091 0.000000
vn -0.707123 0.707091 0.000000
vn -0.258825 0.965924 0.000000
vn -0.258814 0.965927 0.000000
vn 0.258803 -0.965930 0.000000
vn 0.258814 -0.965927 0.000000
vn 0.707123 -0.707091 0.000000
vn 0.866036 -0.499982 0.000000
vn 0.707123 -0.707091 0.000000
vn 0.866027 -0.499997 0.000000
vn 0.866024 0.500002 0.000000
vn 0.866033 0.499988 0.000000
vn 0.707123 0.707091 0.000000
vn 0.707123 0.707091 0.000000
vn 0.258814 0.965927 0.000000
vn 0.258803 0.965930 0.000000
vn 0.000000 0.000000 1.000000
vn 0.000000 0.000000 1.000000
vn 0.000000 0.000000 1.000000
vn 0.000000 0.000000 1.000000
vn 0.000000 0.000000 1.000000
vn 0.000000 0.000000 1.000000
vn 0.000000 0.000000 1.000000
vn 0.000000 0.000000 1.000000
vn 0.000000 0.000000 -1.000000
vn 0.000000 0.000000 -1.000000
vn 0.000000 0.000000 -1.000000
vn 0.000000 0.000000 -1.000000
vn 0.000000 0.000000 -1.000000
vn 0.000000 0.000000 -1.000000
vn 0.000000 0.000000 -1.000000
vn 0.000000 0.000000 -1.000000
vn 0.000000 0.000000 -1.000000
vn 0.000000 0.000000 -1.000000
vn 0.000000 0.000000 -1.000000
vn 0.000000 0.000000 -1.000000
vn 0.000000 0.000000 -1.000000
vn 0.000000 0.000000 -1.000000
vn 0.000000 0.000000 -1.000000
vn 0.000000 0.000000 -1.000000
vn 0.000000 0.000000 1.000000
vn 0.000000 0.000000 1.000000
vn 0.000000 0.000000 1.000000
vn 0.000000 0.000000 1.000000
vn 0.000000 0.000000 1.000000
vn 0.000000 0.000000 1.000000
vn 0.000000 0.000000 1.000000
vn 0.000000 0.000000 1.000000
vn -0.001706 -0.999996 0.002457
vn -0.499976 -0.866037 0.001883
vn -0.001706 -0.999996 -0.002457
vn -0.499969 -0.866041 -0.001883
vn -0.707107 -0.707104 0.001826
vn -0.707101 -0.707110 -0.001826
vn -0.965926 -0.258813 0.001548
vn -0.999873 -0.015722 0.002421
vn -0.965923 -0.258823 -0.001548
vn -0.999873 -0.015723 -0.002421
vn -0.001681 -0.015733 0.999875
vn -0.001074 -0.258816 0.965926
vn 0.001681 -0.015734 0.999875
vn 0.001074 -0.258817 0.965926
vn -0.001267 -0.707109 0.707104
vn -0.001306 -0.866036 0.499980
vn 0.001267 -0.707107 0.707106
vn 0.001306 -0.866035 0.499981
vn 0.001706 -0.999996 0.002457
vn -0.965877 -0.010023 0.258807
vn -0.999873 0.015723 0.002421
vn -0.965878 0.010022 0.258804
vn -0.707058 -0.011793 0.707057
vn -0.707057 -0.011915 0.707056
vn -0.707058 0.011793 0.707057
vn -0.707057 0.011915 0.707056
vn -0.258807 -0.010022 0.965877
vn -0.258807 0.010022 0.965877
vn -0.001681 0.015734 0.999875
vn 0.999873 -0.015723 0.002421
vn 0.965923 -0.258823 0.001548
vn 0.999873 -0.015722 -0.002421
vn 0.965926 -0.258813 -0.001548
vn 0.707101 -0.707110 0.001826
vn 0.499969 -0.866041 0.001883
vn 0.707107 -0.707104 -0.001826
vn 0.499976 -0.866037 -0.001883
vn 0.001706 -0.999996 -0.002457
vn 0.258807 -0.010022 0.965877
vn 0.001681 0.015733 0.999875
vn 0.258807 0.010022 0.965877
vn 0.707057 -0.011915 0.707056
vn 0.707058 -0.011793 0.707057
vn 0.707058 0.011915 0.707056
vn 0.707058 0.011793 0.707057
vn 0.965878 -0.010022 0.258805
vn 0.965877 0.010023 0.258806
vn 0.999873 0.015722 0.002421
vn -0.965924 0.258822 0.001548
vn -0.999873 0.015722 -0.002421
vn -0.965927 0.258812 -0.001548
vn -0.707100 0.707111 0.001826
vn -0.499969 0.866041 0.001883
vn -0.707106 0.707106 -0.001826
vn -0.499976 0.866037 -0.001883
vn -0.001706 0.999996 0.002457
vn -0.001706 0.999996 -0.002457
vn -0.001306 0.866036 0.499981
vn 0.001706 0.999996 0.002457
vn 0.001306 0.866035 0.499982
vn -0.001267 0.707109 0.707104
vn 0.001267 0.707109 0.707104
vn -0.001074 0.258816 0.965926
vn 0.001074 0.258816 0.965926
vn 0.499976 0.866037 0.001883
vn 0.001706 0.999996 -0.002457
vn 0.499969 0.866041 -0.001883
vn 0.707106 0.707106 0.001826
vn 0.707100 0.707111 -0.001826
vn 0.965927 0.258812 0.001548
vn 0.965924 0.258822 -0.001548
vn 0.999873 0.015723 -0.002421
vn -0.965877 0.010023 -0.258806
vn -0.965878 -0.010022 -0.258805
vn -0.707058 0.011793 -0.707057
vn -0.707058 0.011915 -0.707056
vn -0.707058 -0.011793 -0.707057
vn -0.707057 -0.011915 -0.707056
vn -0.258807 0.010022 -0.965877
vn -0.001681 0.015733 -0.999875
vn -0.258807 -0.010022 -0.965877
vn -0.001681 -0.015734 -0.999875
vn -0.001074 0.258816 -0.965926
vn 0.001681 0.015734 -0.999875
vn 0.001074 0.258816 -0.965926
vn -0.001267 0.707109 -0.707104
vn -0.001306 0.866035 -0.499982
vn 0.001267 0.707109 -0.707104
vn 0.001306 0.866036 -0.499981
vn 0.258807 0.010022 -0.965877
vn 0.001681 -0.015733 -0.999875
vn 0.258807 -0.010022 -0.965877
vn 0.707057 0.011915 -0.707056
vn 0.707058 0.011793 -0.707057
vn 0.707057 -0.011915 -0.707056
vn 0.707058 -0.011793 -0.707057
vn 0.965878 0.010022 -0.258804
vn 0.965877 -0.010023 -0.258807
vn -0.001306 -0.866035 -0.499981
vn 0.001306 -0.866036 -0.499980
vn -0.001267 -0.707107 -0.707106
vn 0.001267 -0.707109 -0.707104
vn -0.001074 -0.258817 -0.965926
vn 0.001074 -0.258816 -0.965926
vn -0.946103 -0.229010 0.229007
vn -0.691991 -0.510460 0.510469
vn -0.510258 -0.692296 0.510258
vn -0.198218 -0.959906 0.198216
vn -0.511369 -0.509350 0.692144
vn -0.229011 -0.229004 0.946103
vn 0.198219 -0.959907 0.198214
vn 0.510258 -0.692296 0.510258
vn 0.691991 -0.510460 0.510469
vn 0.946103 -0.229010 0.229007
vn 0.511369 -0.509350 0.692144
vn 0.229011 -0.229004 0.946103
vn -0.198218 0.959905 0.198220
vn -0.510256 0.692297 0.510258
vn -0.691988 0.510462 0.510472
vn -0.946103 0.229009 0.229005
vn -0.511370 0.509351 0.692143
vn -0.229010 0.229004 0.946103
vn 0.946103 0.229009 0.229005
vn 0.691987 0.510462 0.510473
vn 0.510256 0.692297 0.510258
vn 0.198218 0.959906 0.198216
vn 0.511370 0.509351 0.692143
vn 0.229010 0.229004 0.946103
vn -0.229010 0.229004 -0.946103
vn -0.511370 0.509351 -0.692143
vn -0.691987 0.510462 -0.510473
vn -0.946103 0.229009 -0.229005
vn -0.510256 0.692297 -0.510258
vn -0.198218 0.959906 -0.198216
vn 0.946103 0.229009 -0.229005
vn 0.691988 0.510462 -0.510472
vn 0.511370 0.509351 -0.692143
vn 0.229010 0.229004 -0.946103
vn 0.510256 0.692297 -0.510258
vn 0.198218 0.959905 -0.198220
vn -0.198219 -0.959907 -0.198214
vn -0.510258 -0.692296 -0.510258
vn -0.691991 -0.510460 -0.510469
vn -0.946103 -0.229010 -0.229007
vn -0.511369 -0.509350 -0.692144
vn -0.229011 -0.229004 -0.946103
vn 0.946103 -0.229010 -0.229007
vn 0.691991 -0.510460 -0.510469
vn 0.510258 -0.692296 -0.510258
vn 0.198218 -0.959906 -0.198216
vn 0.511369 -0.509350 -0.692144
vn 0.229011 -0.229004 -0.946103
vn 0.000005 0.000000 -1.000000
vn 0.000005 0.000000 -1.000000
vn 0.000000 0.000000 -1.000000
vn 0.000000 0.000000 -1.000000
vn 0.000000 0.000000 -1.000000
vn 0.000000 0.000000 -1.000000
vn 0.000000 0.000000 -1.000000
vn -0.000002 0.000000 -1.000000
vn -0.000002 0.000000 -1.000000
vn 0.000000 0.000000 -1.000000
vn 0.000000 0.000000 -1.000000
vn 0.000000 0.000000 -1.000000
vn 0.000000 0.000000 -1.000000
vn 0.000000 0.000000 -1.000000
vn 0.000000 0.000000 -1.000000
vn 0.000000 0.000000 -1.000000
vn 0.000000 0.000000 -1.000000
vn 0.000000 0.000000 -1.000000
vn 0.000000 0.000000 -1.000000
vn 0.000000 0.000000 1.000000
vn 0.000000 0.000000 1.000000
vn -0.000000 0.000000 1.000000
vn 0.000005 0.000000 1.000000
vn 0.000005 0.000000 1.000000
vn -0.000005 0.000000 1.000000
vn -0.000005 0.000000 1.000000
vn 0.000000 0.000000 1.000000
vn 0.000000 0.000000 1.000000
vn 0.000000 0.000000 1.000000
vn 0.000002 0.000000 1.000000
vn 0.000002 0.000000 1.000000
vn 0.000000 0.000000 1.000000
vn 0.000000 0.000000 1.000000
vn 0.000000 0.000000 1.000000
vn 0.000000 0.000000 1.000000
vn -0.000005 0.000000 1.000000
vn -0.000005 0.000000 1.000000
vn 0.000000 0.000000 1.000000
vn 0.766052 0.642779 0.000000
vn 0.939693 0.342021 0.000000
vn 0.939693 0.342021 0.000000
vn 0.766052 0.642779 0.000000
vn 0.499997 0.866027 0.000000
vn 0.499997 0.866027 0.000000
vn 0.173642 0.984809 0.000000
vn 0.173642 0.984809 0.000000
vn -0.173644 0.984808 0.000000
vn -0.173644 0.984808 0.000000
vn -0.499999 0.866026 0.000000
vn -0.499999 0.866026 0.000000
vn -0.766049 0.642782 0.000000
vn -0.766049 0.642782 0.000000
vn -0.939693 0.342021 0.000000
vn -0.939693 0.342021 0.000000
vn -1.000000 0.000000 0.000000
vn -1.000000 0.000000 0.000000
vn -0.939693 -0.342018 0.000000
vn -0.939693 -0.342018 0.000000
vn -0.766049 -0.642782 0.000000
vn -0.766049 -0.642782 0.000000
vn -0.500002 -0.866024 0.000000
vn -0.500002 -0.866024 0.000000
vn -0.173647 -0.984808 0.000000
vn -0.173647 -0.984808 0.000000
vn 0.173644 -0.984808 0.000000
vn 0.173644 -0.984808 0.000000
vn 0.500004 -0.866023 0.000000
vn 0.500004 -0.866023 0.000000
vn 0.766052 -0.642779 0.000000
vn 0.766052 -0.642779 0.000000
vn 0.939690 -0.342026 0.000000
vn 0.939690 -0.342026 0.000000
vn 1.000000 0.000000 0.000000
vn 1.000000 0.000000 0.000000
vn 0.939693 0.342021 0.000000
vn 0.766052 0.642779 0.000000
vn 0.766052 0.642779 0.000000
vn 0.939693 0.342021 0.000000
vn 0.499997 0.866027 0.000000
vn 0.499997 0.866027 0.000000
vn 0.173642 0.984809 0.000000
vn 0.173642 0.984809 0.000000
vn -0.173644 0.984808 0.000000
vn -0.173644 0.984808 0.000000
vn -0.499999 0.866026 0.000000
vn -0.499999 0.866026 0.000000
vn -0.766049 0.642782 0.000000
vn -0.766049 0.642782 0.000000
vn -0.939693 0.342021 0.000000
vn -0.939693 0.342021 0.000000
vn -1.000000 0.000000 0.000000
vn -1.000000 0.000000 0.000000
vn -0.939693 -0.342018 0.000000
vn -0.939693 -0.342018 0.000000
vn -0.766049 -0.642782 0.000000
vn -0.766049 -0.642782 0.000000
vn -0.500002 -0.866024 0.000000
vn -0.500002 -0.866024 0.000000
vn -0.173647 -0.984808 0.000000
vn -0.173647 -0.984808 0.000000
vn 0.173644 -0.984808 0.000000
vn 0.173644 -0.984808 0.000000
vn 0.500004 -0.866023 0.000000
vn 0.500004 -0.866023 0.000000
vn 0.766052 -0.642779 0.000000
vn 0.766052 -0.642779 0.000000
vn 0.939690 -0.342026 0.000000
vn 0.939690 -0.342026 0.000000
vn 1.000000 0.000000 0.000000
vn 1.000000 0.000000 0.000000
vn -0.273200 -0.099437 -0.956804
vn -0.222714 -0.186878 -0.956805
vn -0.106981 -0.089767 -0.990200
vn -0.131233 -0.047766 -0.990200
vn -0.145365 -0.251783 -0.956804
vn -0.069827 -0.120945 -0.990200
vn -0.050485 -0.286316 -0.956804
vn -0.024250 -0.137532 -0.990200
vn 0.050485 -0.286315 -0.956805
vn 0.024251 -0.137532 -0.990200
vn 0.145365 -0.251782 -0.956805
vn 0.069827 -0.120944 -0.990200
vn 0.222713 -0.186879 -0.956805
vn 0.106981 -0.089768 -0.990200
vn 0.273199 -0.099437 -0.956805
vn 0.131233 -0.047765 -0.990200
vn 0.290732 -0.000000 -0.956805
vn 0.139655 -0.000000 -0.990200
vn 0.273200 0.099437 -0.956804
vn 0.131232 0.047765 -0.990200
vn 0.222714 0.186880 -0.956804
vn 0.106979 0.089768 -0.990201
vn 0.145366 0.251781 -0.956805
vn 0.069827 0.120944 -0.990200
vn 0.050485 0.286315 -0.956805
vn 0.024251 0.137532 -0.990200
vn -0.050485 0.286316 -0.956804
vn -0.024251 0.137533 -0.990200
vn -0.145367 0.251782 -0.956804
vn -0.069828 0.120944 -0.990200
vn -0.222714 0.186877 -0.956805
vn -0.106982 0.089766 -0.990200
vn -0.273199 0.099437 -0.956804
vn -0.131232 0.047765 -0.990200
vn -0.290732 -0.000000 -0.956805
vn -0.139654 -0.000000 -0.990200
vn 0.939691 0.342018 -0.002046
vn 0.766042 0.642787 -0.002046
vn 0.766042 0.642787 0.002046
vn 0.939691 0.342018 0.002046
vn 0.499998 0.866024 -0.002046
vn 0.499998 0.866024 0.002046
vn 0.173651 0.984805 -0.002046
vn 0.173651 0.984805 0.002046
vn -0.173647 0.984806 -0.002046
vn -0.173647 0.984806 0.002046
vn -0.499996 0.866025 -0.002046
vn -0.499996 0.866025 0.002046
vn -0.766044 0.642785 -0.002046
vn -0.766044 0.642785 0.002046
vn -0.939692 0.342017 -0.002046
vn -0.939692 0.342017 0.002046
vn -0.999998 0.000000 -0.002046
vn -0.999998 0.000000 0.002046
vn -0.939691 -0.342018 -0.002046
vn -0.939691 -0.342018 0.002046
vn -0.766042 -0.642787 -0.002046
vn -0.766042 -0.642787 0.002046
vn -0.499998 -0.866024 -0.002046
vn -0.499998 -0.866024 0.002046
vn -0.173648 -0.984806 -0.002046
vn -0.173648 -0.984806 0.002046
vn 0.173648 -0.984806 -0.002046
vn 0.173648 -0.984806 0.002046
vn 0.499998 -0.866024 -0.002046
vn 0.499998 -0.866024 0.002046
vn 0.766042 -0.642787 -0.002046
vn 0.766042 -0.642787 0.002046
vn 0.939691 -0.342019 -0.002046
vn 0.939691 -0.342019 0.002046
vn 0.999998 0.000000 -0.002046
vn 0.999998 0.000000 0.002046
vn -0.131234 -0.047766 0.990200
vn -0.106982 -0.089767 0.990200
vn -0.222716 -0.186878 0.956804
vn -0.273200 -0.099437 0.956804
vn -0.069828 -0.120945 0.990200
vn -0.145367 -0.251782 0.956804
vn -0.024251 -0.137532 0.990200
vn -0.050486 -0.286315 0.956804
vn 0.024251 -0.137531 0.990200
vn 0.050485 -0.286315 0.956805
vn 0.069826 -0.120944 0.990200
vn 0.145365 -0.251782 0.956805
vn 0.106980 -0.089768 0.990200
vn 0.222713 -0.186879 0.956805
vn 0.131233 -0.047765 0.990200
vn 0.273198 -0.099436 0.956805
vn 0.139654 0.000000 0.990200
vn 0.290731 0.000000 0.956805
vn 0.131232 0.047766 0.990200
vn 0.273200 0.099437 0.956804
vn 0.106980 0.089768 0.990200
vn 0.222714 0.186879 0.956804
vn 0.069826 0.120944 0.990200
vn 0.145365 0.251781 0.956805
vn 0.024250 0.137532 0.990200
vn 0.050484 0.286315 0.956805
vn -0.024250 0.137533 0.990200
vn -0.050484 0.286316 0.956804
vn -0.069827 0.120944 0.990200
vn -0.145366 0.251782 0.956805
vn -0.106981 0.089767 0.990201
vn -0.222714 0.186877 0.956805
vn -0.131233 0.047765 0.990200
vn -0.273199 0.099437 0.956804
vn -0.139654 0.000000 0.990200
vn -0.290732 0.000000 0.956805
vn 0.900353 0.327701 -0.286314
vn 0.958137 -0.000000 -0.286310
vn 0.463481 0.168693 -0.869901
vn 0.493224 0.000000 -0.869902
vn 0.627336 0.228328 -0.744524
vn 0.667594 0.000000 -0.744525
vn 0.733973 0.615879 -0.286314
vn 0.377833 0.317038 -0.869902
vn 0.511407 0.429121 -0.744525
vn 0.479065 0.829773 -0.286311
vn 0.246612 0.427145 -0.869902
vn 0.333796 0.578152 -0.744527
vn 0.148278 0.840922 -0.520446
vn 0.085650 0.485734 -0.869900
vn -0.148276 0.840925 -0.520442
vn -0.085647 0.485736 -0.869900
vn -0.479062 0.829772 -0.286319
vn -0.246613 0.427147 -0.869901
vn -0.333798 0.578159 -0.744520
vn -0.733974 0.615874 -0.286323
vn -0.377833 0.317039 -0.869902
vn -0.511408 0.429124 -0.744523
vn -0.900353 0.327700 -0.286316
vn -0.463479 0.168693 -0.869902
vn -0.627331 0.228328 -0.744528
vn -0.958136 -0.000000 -0.286313
vn -0.493223 -0.000000 -0.869903
vn -0.667590 -0.000000 -0.744529
vn -0.900352 -0.327701 -0.286317
vn -0.463483 -0.168692 -0.869900
vn -0.627334 -0.228329 -0.744525
vn -0.733974 -0.615875 -0.286322
vn -0.377835 -0.317039 -0.869900
vn -0.511410 -0.429123 -0.744522
vn -0.479067 -0.829770 -0.286315
vn -0.246613 -0.427147 -0.869901
vn -0.333794 -0.578156 -0.744525
vn -0.166380 -0.943581 -0.286308
vn -0.085647 -0.485733 -0.869901
vn -0.115926 -0.657449 -0.744528
vn 0.166379 -0.943580 -0.286311
vn 0.085648 -0.485733 -0.869901
vn 0.115927 -0.657449 -0.744528
vn 0.479068 -0.829770 -0.286312
vn 0.246612 -0.427149 -0.869900
vn 0.333796 -0.578155 -0.744524
vn 0.733975 -0.615878 -0.286312
vn 0.377831 -0.317040 -0.869902
vn 0.511405 -0.429123 -0.744526
vn 0.900354 -0.327702 -0.286310
vn 0.463477 -0.168692 -0.869903
vn 0.627332 -0.228330 -0.744527
vn 0.463479 0.168693 0.869902
vn 0.493224 -0.000000 0.869903
vn 0.900353 0.327701 0.286314
vn 0.958137 -0.000000 0.286310
vn 0.627334 0.228328 0.744526
vn 0.667594 -0.000000 0.744525
vn 0.377831 0.317039 0.869902
vn 0.511405 0.429121 0.744527
vn 0.733973 0.615879 0.286317
vn 0.246613 0.427144 0.869902
vn 0.333796 0.578152 0.744527
vn 0.479064 0.829772 0.286314
vn 0.085650 0.485734 0.869900
vn 0.148278 0.840922 0.520446
vn -0.085647 0.485736 0.869900
vn -0.148276 0.840924 0.520442
vn -0.246614 0.427147 0.869901
vn -0.333798 0.578159 0.744520
vn -0.479063 0.829771 0.286319
vn -0.377834 0.317039 0.869901
vn -0.511409 0.429124 0.744522
vn -0.733975 0.615875 0.286321
vn -0.463480 0.168692 0.869902
vn -0.627332 0.228328 0.744527
vn -0.900354 0.327700 0.286315
vn -0.493223 -0.000000 0.869903
vn -0.667589 -0.000000 0.744530
vn -0.958136 -0.000000 0.286313
vn -0.463482 -0.168692 0.869901
vn -0.627334 -0.228329 0.744526
vn -0.900352 -0.327701 0.286317
vn -0.377835 -0.317040 0.869900
vn -0.511410 -0.429124 0.744522
vn -0.733974 -0.615875 0.286322
vn -0.246613 -0.427147 0.869901
vn -0.333796 -0.578158 0.744523
vn -0.479068 -0.829770 0.286315
vn -0.085647 -0.485734 0.869901
vn -0.148279 -0.840925 0.520441
vn 0.085648 -0.485734 0.869901
vn 0.148279 -0.840924 0.520442
vn 0.246613 -0.427148 0.869900
vn 0.333797 -0.578155 0.744524
vn 0.479068 -0.829771 0.286310
vn 0.377832 -0.317039 0.869902
vn 0.511405 -0.429121 0.744526
vn 0.733974 -0.615881 0.286310
vn 0.463478 -0.168692 0.869903
vn 0.627332 -0.228330 0.744527
vn 0.900353 -0.327704 0.286311
vn 0.000000 0.000000 1.000000
vn 0.000000 0.000000 1.000000
vn 0.000000 0.000000 1.000000
vn 0.000000 0.000000 1.000000
vn -0.018702 0.999623 0.020081
vn 0.020082 0.999623 0.018702
vn -0.020081 0.999623 -0.018702
vn 0.018702 0.999623 -0.020081
vn 0.000000 0.000000 -1.000000
vn 0.000000 0.000000 -1.000000
vn 0.000000 0.000000 -1.000000
vn 0.000000 0.000000 -1.000000
vn 0.000000 -1.000000 0.000000
vn 0.000000 -1.000000 0.000000
vn 0.000000 -1.000000 0.000000
vn 0.000000 -1.000000 0.000000
vn 1.000000 0.000000 0.000000
vn 1.000000 0.000000 0.000000
vn 1.000000 0.000000 0.000000
vn 1.000000 0.000000 0.000000
vn -1.000000 0.000000 0.000000
vn -1.000000 0.000000 0.000000
vn -1.000000 0.000000 0.000000
vn -1.000000 0.000000 0.000000
vn -1.000000 0.000000 0.000000
vn -1.000000 0.000000 0.000000
vn 0.000000 0.000000 1.000000
vn 0.000000 0.000000 1.000000
vn 1.000000 0.000000 0.000000
vn 1.000000 0.000000 0.000000
vn 0.000000 0.000000 -1.000000
vn 0.000000 0.000000 -1.000000
vn 0.000000 -1.000000 0.000000
vn 0.000000 -1.000000 0.000000
vn 0.000000 -1.000000 0.000000
vn 0.000000 -1.000000 0.000000
vn 0.000000 -1.000000 0.000000
vn 0.000000 -1.000000 0.000000
vn 0.000000 -1.000000 0.000000
vn 0.000000 -1.000000 0.000000
vn -0.998569 0.053476 0.000000
vn -0.952999 0.302972 0.000000
vn -0.998611 0.052688 0.000000
vn -0.953001 0.302967 0.000000
vn -0.619079 0.785329 0.000000
vn -0.301092 0.907409 0.293177
vn -0.619073 0.785333 0.000000
vn -0.293170 0.907414 -0.301082
vn -1.000000 0.000000 0.000000
vn -1.000000 0.000000 0.000000
vn 0.000000 0.053472 -0.998569
vn 0.000000 0.052684 -0.998611
vn 0.000000 0.000000 -1.000000
vn 0.000000 0.000000 -1.000000
vn 1.000000 0.000000 0.000000
vn 1.000000 0.000000 0.000000
vn 0.998611 0.052684 0.000000
vn 0.998569 0.053477 0.000000
vn 0.000000 0.000000 1.000000
vn 0.000000 0.000000 1.000000
vn 0.000000 0.052692 0.998611
vn 0.000000 0.053480 0.998569
vn 0.301086 0.907413 -0.293169
vn 0.293172 0.907412 0.301088
vn 0.000000 0.302949 -0.953007
vn 0.000000 0.302951 -0.953006
vn 0.000000 0.785345 -0.619059
vn 0.000000 0.785338 -0.619068
vn 0.953000 0.302972 0.000000
vn 0.953005 0.302955 0.000000
vn 0.619071 0.785335 0.000000
vn 0.619068 0.785338 0.000000
vn 0.000000 0.785319 0.619091
vn 0.000000 0.785329 0.619078
vn 0.000000 0.302989 0.952994
vn 0.000000 0.302992 0.952993
vn 0.000000 0.000000 1.000000
vn 0.000000 0.000000 1.000000
vn 0.000000 0.000000 1.000000
vn 0.000000 0.000000 1.000000
vn 0.000000 1.000000 0.000000
vn 0.000000 1.000000 0.000000
vn 0.000000 1.000000 0.000000
vn 0.000000 1.000000 0.000000
vn 0.000000 0.000000 -1.000000
vn 0.000000 0.000000 -1.000000
vn 0.000000 0.000000 -1.000000
vn 0.000000 0.000000 -1.000000
vn 0.000000 -1.000000 0.000000
vn 0.000000 -1.000000 0.000000
vn 0.000000 -1.000000 0.000000
vn 0.000000 -1.000000 0.000000
vn 1.000000 0.000000 0.000000
vn 1.000000 0.000000 0.000000
vn 1.000000 0.000000 0.000000
vn 1.000000 0.000000 0.000000
vn -1.000000 0.000000 0.000000
vn -1.000000 0.000000 0.000000
vn -1.000000 0.000000 0.000000
vn -1.000000 0.000000 0.000000
vn 0.000000 -1.000000 0.000000
vn 0.000000 -1.000000 0.000000
vn 0.000000 -1.000000 0.000000
vn 0.000000 -1.000000 0.000000
vn 0.000000 -1.000000 0.000000
vn 0.000000 -1.000000 0.000000
vn 0.000000 -1.000000 0.000000
vn 0.000000 -1.000000 0.000000
vn -0.999818 0.019074 0.000000
vn -0.928565 0.371171 0.000000
vn -0.999824 0.018777 0.000000
vn -0.929705 0.368306 0.000000
vn -0.748750 0.662853 0.000000
vn -0.745017 0.667045 0.000000
vn -1.000000 0.000000 0.000000
vn -1.000000 0.000000 0.000000
vn 0.000000 0.019073 -0.999818
vn 0.000000 0.018776 -0.999824
vn 0.000000 0.000000 -1.000000
vn 0.000000 0.000000 -1.000000
vn 1.000000 0.000000 0.000000
vn 1.000000 0.000000 0.000000
vn 0.999824 0.018776 0.000000
vn 0.999818 0.019074 0.000000
vn 0.000000 0.000000 1.000000
vn 0.000000 0.000000 1.000000
vn 0.000000 0.018776 0.999824
vn 0.000000 0.019073 0.999818
vn -0.633841 0.773463 0.000000
vn -0.633849 0.773457 0.000000
vn 0.000000 0.773474 -0.633827
vn 0.000000 0.773459 -0.633846
vn 0.000000 0.662857 -0.748746
vn 0.000000 0.667046 -0.745017
vn 0.633843 0.773462 0.000000
vn 0.633843 0.773462 0.000000
vn 0.748754 0.662848 0.000000
vn 0.745012 0.667051 0.000000
vn 0.000000 0.773474 0.633827
vn 0.000000 0.773459 0.633846
vn 0.000000 0.662855 0.748748
vn 0.000000 0.667048 0.745015
vn 0.000000 0.371161 -0.928568
vn 0.000000 0.368305 -0.929705
vn 0.928566 0.371167 0.000000
vn 0.929706 0.368302 0.000000
vn 0.000000 0.368306 0.929705
vn 0.000000 0.371160 0.928569
vn 0.000000 0.000000 1.000000
vn 0.000000 0.000000 1.000000
vn 0.000000 0.000000 1.000000
vn 0.000000 0.000000 1.000000
vn 0.000000 1.000000 0.000000
vn 0.000000 1.000000 0.000000
vn 0.000000 0.997764 -0.066830
vn 0.000000 0.997764 -0.066830
vn 0.000000 0.019134 -0.999817
vn 0.000000 0.019134 -0.999817
vn 0.000000 0.000000 -1.000000
vn 0.000000 0.000000 -1.000000
vn 0.000000 -1.000000 0.000000
vn 0.000000 -1.000000 0.000000
vn 0.000000 -1.000000 0.000000
vn 0.000000 -1.000000 0.000000
vn 0.000000 0.258826 -0.965924
vn 0.000000 0.258825 -0.965924
vn 0.000000 0.707104 -0.707109
vn 0.000000 0.866024 -0.500002
vn 0.000000 0.707104 -0.707109
vn 0.000000 0.866025 -0.500001
vn 0.000000 0.000000 1.000000
vn 0.000000 0.000000 1.000000
vn 0.000000 0.000000 1.000000
vn 0.000000 0.000000 1.000000
vn 0.000000 1.000000 0.000000
vn 0.000000 1.000000 0.000000
vn 0.000000 1.000000 0.000000
vn 0.000000 1.000000 0.000000
vn 0.000000 0.000000 -1.000000
vn 0.000000 0.000000 -1.000000
vn 0.000000 0.000000 -1.000000
vn 0.000000 0.000000 -1.000000
vn 0.000000 -1.000000 0.000000
vn 0.000000 -1.000000 0.000000
vn 0.000000 -1.000000 0.000000
vn 0.000000 -1.000000 0.000000
vn 1.000000 0.000000 0.000000
vn 1.000000 0.000000 0.000000
vn 1.000000 0.000000 0.000000
vn 1.000000 0.000000 0.000000
vn -1.000000 0.000000 0.000000
vn -1.000000 0.000000 0.000000
vn -1.000000 0.000000 0.000000
vn -1.000000 0.000000 0.000000
vn 0.000000 -1.000000 0.000000
vn 0.000000 -1.000000 0.000000
vn 0.000000 -1.000000 0.000000
vn 0.000000 -1.000000 0.000000
vn 0.000000 -1.000000 0.000000
vn 0.000000 -1.000000 0.000000
vn 0.000000 -1.000000 0.000000
vn 0.000000 -1.000000 0.000000
vn -0.999818 0.019074 0.000000
vn -0.928565 0.371171 0.000000
vn -0.999824 0.018775 0.000000
vn -0.929707 0.368299 0.000000
vn -0.748751 0.662851 0.000000
vn -0.745014 0.667049 0.000000
vn -1.000000 0.000000 0.000000
vn -1.000000 0.000000 0.000000
vn 0.000000 0.019073 -0.999818
vn 0.000000 0.018777 -0.999824
vn 0.000000 0.000000 -1.000000
vn 0.000000 0.000000 -1.000000
vn 1.000000 0.000000 0.000000
vn 1.000000 0.000000 0.000000
vn 0.999824 0.018776 0.000000
vn 0.999818 0.019073 0.000000
vn 0.000000 0.000000 1.000000
vn 0.000000 0.000000 1.000000
vn 0.000000 0.018775 0.999824
vn 0.000000 0.019072 0.999818
vn -0.633846 0.773459 0.000000
vn -0.633838 0.773466 0.000000
vn 0.000000 0.773471 -0.633831
vn 0.000000 0.773456 -0.633850
vn 0.000000 0.662855 -0.748748
vn 0.000000 0.667044 -0.745018
vn 0.633841 0.773464 0.000000
vn 0.633843 0.773462 0.000000
vn 0.748754 0.662848 0.000000
vn 0.745012 0.667051 0.000000
vn 0.000000 0.773478 0.633824
vn 0.000000 0.773462 0.633843
vn 0.000000 0.662856 0.748747
vn 0.000000 0.667049 0.745014
vn 0.000000 0.371166 -0.928567
vn 0.000000 0.368309 -0.929703
vn 0.928569 0.371160 0.000000
vn 0.929704 0.368306 0.000000
vn 0.000000 0.368301 0.929707
vn 0.000000 0.371155 0.928571
vn -1.000000 0.000000 0.000000
vn -1.000000 0.000000 0.000000
vn -0.999987 0.004996 0.000000
vn -0.999988 0.004996 0.000000
vn -0.107549 0.994200 0.000000
vn -0.107548 0.994200 0.000000
vn 0.107549 0.994200 0.000000
vn 0.107548 0.994200 0.000000
vn 0.999988 0.004995 0.000000
vn 0.999987 0.004996 0.000000
vn 1.000000 0.000000 0.000000
vn 1.000000 0.000000 0.000000
vn 0.000000 -1.000000 0.000000
vn 0.000000 -1.000000 0.000000
vn 0.000000 -1.000000 0.000000
vn 0.000000 -1.000000 0.000000
vn -0.382680 0.923881 0.000000
vn -0.382680 0.923881 0.000000
vn -0.923879 0.382685 0.000000
vn -0.923874 0.382697 0.000000
vn 0.923884 0.382672 0.000000
vn 0.923879 0.382685 0.000000
vn 0.382680 0.923881 0.000000
vn 0.382675 0.923883 0.000000
vn 0.000000 0.000000 1.000000
vn 0.000000 0.000000 1.000000
vn 0.000000 0.000000 1.000000
vn 0.000000 0.000000 1.000000
vn -0.018702 0.999623 0.020081
vn 0.020081 0.999623 0.018702
vn -0.020081 0.999623 -0.018702
vn 0.018702 0.999623 -0.020081
vn 0.000000 0.000000 -1.000000
vn 0.000000 0.000000 -1.000000
vn 0.000000 0.000000 -1.000000
vn 0.000000 0.000000 -1.000000
vn 0.000000 -1.000000 0.000000
vn 0.000000 -1.000000 0.000000
vn 0.000000 -1.000000 0.000000
vn 0.000000 -1.000000 0.000000
vn 1.000000 0.000000 0.000000
vn 1.000000 0.000000 0.000000
vn 1.000000 0.000000 0.000000
vn 1.000000 0.000000 0.000000
vn -1.000000 0.000000 0.000000
vn -1.000000 0.000000 0.000000
vn -1.000000 0.000000 0.000000
vn -1.000000 0.000000 0.000000
vn -1.000000 0.000000 0.000000
vn -1.000000 0.000000 0.000000
vn 0.000000 0.000000 1.000000
vn 0.000000 0.000000 1.000000
vn 1.000000 0.000000 0.000000
vn 1.000000 0.000000 0.000000
vn 0.000000 0.000000 -1.000000
vn 0.000000 0.000000 -1.000000
vn 0.000000 -1.000000 0.000000
vn 0.000000 -1.000000 0.000000
vn 0.000000 -1.000000 0.000000
vn 0.000000 -1.000000 0.000000
vn 0.000000 -1.000000 0.000000
vn 0.000000 -1.000000 0.000000
vn 0.000000 -1.000000 0.000000
vn 0.000000 -1.000000 0.000000
vn -0.998569 0.053476 0.000000
vn -0.952999 0.302972 0.000000
vn -0.998611 0.052687 0.000000
vn -0.953001 0.302968 0.000000
vn -0.619071 0.785335 0.000000
vn -0.301088 0.907411 0.293174
vn -0.619078 0.785330 0.000000
vn -0.293172 0.907413 -0.301086
vn -1.000000 0.000000 0.000000
vn -1.000000 0.000000 0.000000
vn 0.000000 0.053476 -0.998569
vn 0.000000 0.052688 -0.998611
vn 0.000000 0.000000 -1.000000
vn 0.000000 0.000000 -1.000000
vn 1.000000 0.000000 0.000000
vn 1.000000 0.000000 0.000000
vn 0.998611 0.052685 0.000000
vn 0.998569 0.053476 0.000000
vn 0.000000 0.000000 1.000000
vn 0.000000 0.000000 1.000000
vn 0.000000 0.052688 0.998611
vn 0.000000 0.053476 0.998569
vn 0.301092 0.907410 -0.293174
vn 0.293166 0.907415 0.301085
vn 0.000000 0.302969 -0.953000
vn 0.000000 0.302971 -0.953000
vn 0.000000 0.785341 -0.619064
vn 0.000000 0.785333 -0.619073
vn 0.952999 0.302972 0.000000
vn 0.953005 0.302954 0.000000
vn 0.619086 0.785323 0.000000
vn 0.619060 0.785343 0.000000
vn 0.000000 0.785324 0.619085
vn 0.000000 0.785333 0.619073
vn 0.000000 0.302969 0.953001
vn 0.000000 0.302972 0.953000
s 1
g polySurface9
usemtl initialShadingGroup
f 1/1/1 2/2/2 7/3/3
f 7/3/3 2/2/2 14/4/4
s 2
f 10/5/5 11/6/6 3/7/7
f 3/7/7 11/6/6 4/8/8
s 3
f 3/9/9 4/10/10 5/11/11
f 5/11/11 4/10/10 6/12/12
s 4
f 5/13/13 6/14/14 1/15/15
f 1/15/15 6/14/14 2/16/16
s 2
f 10/5/5 9/17/17 11/6/6
f 11/6/6 9/17/17 12/18/18
f 9/17/17 8/19/19 12/18/18
f 12/18/18 8/19/19 13/20/20
s 1
f 8/21/21 7/3/3 13/22/22
f 13/22/22 7/3/3 14/4/4
s 5
f 197/23/23 198/24/24 29/25/25 28/26/26
f 198/24/24 199/27/27 30/28/28 29/25/25
f 199/27/27 200/29/29 31/30/30 30/28/28
f 200/29/29 201/31/31 32/32/32 31/30/30
f 201/31/31 202/33/33 33/34/34 32/32/32
f 202/33/33 203/35/35 34/36/36 33/34/34
f 203/35/35 204/37/37 35/38/38 34/36/36
f 204/37/37 205/39/39 36/40/40 35/38/38
f 205/39/39 206/41/41 37/42/42 36/40/40
f 206/41/41 207/43/43 38/44/44 37/42/42
f 207/43/43 208/45/45 39/46/46 38/44/44
f 208/45/45 209/47/47 40/48/48 39/46/46
f 314/49/49 315/50/50 42/51/51 41/52/52
f 315/50/50 316/53/53 43/54/54 42/51/51
f 316/53/53 317/55/55 44/56/56 43/54/54
f 317/55/55 318/57/57 45/58/58 44/56/56
f 318/57/57 319/59/59 46/60/60 45/58/58
f 319/59/59 320/61/61 47/62/62 46/60/60
f 320/61/61 321/63/63 48/64/64 47/62/62
f 321/63/63 322/65/65 49/66/66 48/64/64
f 322/65/65 323/67/67 50/68/68 49/66/66
f 323/67/67 324/69/69 51/70/70 50/68/68
f 324/69/69 325/71/71 52/72/72 51/70/70
f 325/71/71 326/73/73 53/74/74 52/72/72
f 366/75/75 367/76/76 55/77/77 54/78/78
f 367/76/76 368/79/79 56/80/80 55/77/77
f 368/79/79 369/81/81 57/82/82 56/80/80
f 369/81/81 370/83/83 58/84/84 57/82/82
f 370/83/83 371/85/85 59/86/86 58/84/84
f 371/85/85 372/87/87 60/88/88 59/86/86
f 372/87/87 373/89/89 61/90/90 60/88/88
f 373/89/89 374/91/91 62/92/92 61/90/90
f 374/91/91 375/93/93 63/94/94 62/92/92
f 375/93/93 376/95/95 64/96/96 63/94/94
f 376/95/95 377/97/97 65/98/98 64/96/96
f 377/97/97 378/99/99 66/100/100 65/98/98
f 54/78/78 55/77/77 68/101/101 67/102/102
f 55/77/77 56/80/80 69/103/103 68/101/101
f 56/80/80 57/82/82 70/104/104 69/103/103
f 57/82/82 58/84/84 71/105/105 70/104/104
f 58/84/84 59/86/86 72/106/106 71/105/105
f 59/86/86 60/88/88 73/107/107 72/106/106
f 60/88/88 61/90/90 74/108/108 73/107/107
f 61/90/90 62/92/92 75/109/109 74/108/108
f 62/92/92 63/94/94 76/110/110 75/109/109
f 63/94/94 64/96/96 77/111/111 76/110/110
f 64/96/96 65/98/98 78/112/112 77/111/111
f 65/98/98 66/100/100 79/113/113 78/112/112
f 67/102/102 68/101/101 81/114/114 80/115/115
f 68/101/101 69/103/103 82/116/116 81/114/114
f 69/103/103 70/104/104 83/117/117 82/116/116
f 70/104/104 71/105/105 84/118/118 83/117/117
f 71/105/105 72/106/106 85/119/119 84/118/118
f 72/106/106 73/107/107 86/120/120 85/119/119
f 73/107/107 74/108/108 87/121/121 86/120/120
f 74/108/108 75/109/109 88/122/122 87/121/121
f 75/109/109 76/110/110 89/123/123 88/122/122
f 76/110/110 77/111/111 90/124/124 89/123/123
f 77/111/111 78/112/112 91/125/125 90/124/124
f 78/112/112 79/113/113 92/126/126 91/125/125
f 80/115/115 81/114/114 94/127/127 93/128/128
f 81/114/114 82/116/116 95/129/129 94/127/127
f 82/116/116 83/117/117 96/130/130 95/129/129
f 83/117/117 84/118/118 97/131/131 96/130/130
f 84/118/118 85/119/119 98/132/132 97/131/131
f 85/119/119 86/120/120 99/133/133 98/132/132
f 86/120/120 87/121/121 100/134/134 99/133/133
f 87/121/121 88/122/122 101/135/135 100/134/134
f 88/122/122 89/123/123 102/136/136 101/135/135
f 89/123/123 90/124/124 103/137/137 102/136/136
f 90/124/124 91/125/125 104/138/138 103/137/137
f 91/125/125 92/126/126 105/139/139 104/138/138
f 93/128/128 94/127/127 107/140/140 106/141/141
f 94/127/127 95/129/129 108/142/142 107/140/140
f 95/129/129 96/130/130 109/143/143 108/142/142
f 96/130/130 97/131/131 110/144/144 109/143/143
f 97/131/131 98/132/132 111/145/145 110/144/144
f 98/132/132 99/133/133 112/146/146 111/145/145
f 99/133/133 100/134/134 113/147/147 112/146/146
f 100/134/134 101/135/135 114/148/148 113/147/147
f 101/135/135 102/136/136 115/149/149 114/148/148
f 102/136/136 103/137/137 116/150/150 115/149/149
f 103/137/137 104/138/138 117/151/151 116/150/150
f 104/138/138 105/139/139 118/152/152 117/151/151
f 106/141/141 107/140/140 120/153/153 119/154/154
f 107/140/140 108/142/142 121/155/155 120/153/153
f 108/142/142 109/143/143 122/156/156 121/155/155
f 109/143/143 110/144/144 123/157/157 122/156/156
f 110/144/144 111/145/145 124/158/158 123/157/157
f 111/145/145 112/146/146 125/159/159 124/158/158
f 112/146/146 113/147/147 126/160/160 125/159/159
f 113/147/147 114/148/148 127/161/161 126/160/160
f 114/148/148 115/149/149 128/162/162 127/161/161
f 115/149/149 116/150/150 129/163/163 128/162/162
f 116/150/150 117/151/151 130/164/164 129/163/163
f 117/151/151 118/152/152 131/165/165 130/164/164
f 119/154/154 120/153/153 133/166/166 132/167/167
f 120/153/153 121/155/155 134/168/168 133/166/166
f 121/155/155 122/156/156 135/169/169 134/168/168
f 122/156/156 123/157/157 136/170/170 135/169/169
f 123/157/157 124/158/158 137/171/171 136/170/170
f 124/158/158 125/159/159 138/172/172 137/171/171
f 125/159/159 126/160/160 139/173/173 138/172/172
f 126/160/160 127/161/161 140/174/174 139/173/173
f 127/161/161 128/162/162 141/175/175 140/174/174
f 128/162/162 129/163/163 142/176/176 141/175/175
f 129/163/163 130/164/164 143/177/177 142/176/176
f 130/164/164 131/165/165 144/178/178 143/177/177
f 392/179/179 393/180/180 146/181/181 145/182/182
f 393/180/180 394/183/183 147/184/184 146/181/181
f 394/183/183 395/185/185 148/186/186 147/184/184
f 395/185/185 396/187/187 149/188/188 148/186/186
f 396/187/187 397/189/189 150/190/190 149/188/188
f 397/189/189 398/191/191 151/192/192 150/190/190
f 398/191/191 399/193/193 152/194/194 151/192/192
f 399/193/193 400/195/195 153/196/196 152/194/194
f 400/195/195 401/197/197 154/198/198 153/196/196
f 401/197/197 402/199/199 155/200/200 154/198/198
f 402/199/199 403/201/201 156/202/202 155/200/200
f 403/201/201 404/203/203 157/204/204 156/202/202
f 275/205/205 276/206/206 159/207/207 158/208/208
f 276/206/206 277/209/209 160/210/210 159/207/207
f 277/209/209 278/211/211 161/212/212 160/210/210
f 278/211/211 279/213/213 162/214/214 161/212/212
f 279/213/213 280/215/215 163/216/216 162/214/214
f 280/215/215 281/217/217 164/218/218 163/216/216
f 281/217/217 282/219/219 165/220/220 164/218/218
f 282/219/219 283/221/221 166/222/222 165/220/220
f 283/221/221 284/223/223 167/224/224 166/222/222
f 284/223/223 285/225/225 168/226/226 167/224/224
f 285/225/225 286/227/227 169/228/228 168/226/226
f 286/227/227 287/229/229 170/230/230 169/228/228
f 236/231/231 237/232/232 172/233/233 171/234/234
f 237/232/232 238/235/235 173/236/236 172/233/233
f 238/235/235 239/237/237 174/238/238 173/236/236
f 239/237/237 240/239/239 175/240/240 174/238/238
f 240/239/239 241/241/241 176/242/242 175/240/240
f 241/241/241 242/243/243 177/244/244 176/242/242
f 242/243/243 243/245/245 178/246/246 177/244/244
f 243/245/245 244/247/247 179/248/248 178/246/246
f 244/247/247 245/249/249 180/250/250 179/248/248
f 245/249/249 246/251/251 181/252/252 180/250/250
f 246/251/251 247/253/253 182/254/254 181/252/252
f 247/253/253 248/255/255 183/256/256 182/254/254
f 210/257/257 211/258/258 185/259/259 184/260/260
f 211/258/258 212/261/261 186/262/262 185/259/259
f 212/261/261 213/263/263 187/264/264 186/262/262
f 213/263/263 214/265/265 188/266/266 187/264/264
f 214/265/265 215/267/267 189/268/268 188/266/266
f 215/267/267 216/269/269 190/270/270 189/268/268
f 216/269/269 217/271/271 191/272/272 190/270/270
f 217/271/271 218/273/273 192/274/274 191/272/272
f 218/273/273 219/275/275 193/276/276 192/274/274
f 219/275/275 220/277/277 194/278/278 193/276/276
f 220/277/277 221/279/279 195/280/280 194/278/278
f 221/279/279 222/281/281 196/282/282 195/280/280
f 184/260/260 185/259/259 198/24/24 197/23/23
f 185/259/259 186/262/262 199/27/27 198/24/24
f 186/262/262 187/264/264 200/29/29 199/27/27
f 187/264/264 188/266/266 201/31/31 200/29/29
f 188/266/266 189/268/268 202/33/33 201/31/31
f 189/268/268 190/270/270 203/35/35 202/33/33
f 190/270/270 191/272/272 204/37/37 203/35/35
f 191/272/272 192/274/274 205/39/39 204/37/37
f 192/274/274 193/276/276 206/41/41 205/39/39
f 193/276/276 194/278/278 207/43/43 206/41/41
f 194/278/278 195/280/280 208/45/45 207/43/43
f 195/280/280 196/282/282 209/47/47 208/45/45
f 15/283/283 16/284/284 211/258/258 210/257/257
f 16/284/284 17/285/285 212/261/261 211/258/258
f 17/285/285 18/286/286 213/263/263 212/261/261
f 18/286/286 19/287/287 214/265/265 213/263/263
f 19/287/287 20/288/288 215/267/267 214/265/265
f 20/288/288 21/289/289 216/269/269 215/267/267
f 21/289/289 22/290/290 217/271/271 216/269/269
f 22/290/290 23/291/291 218/273/273 217/271/271
f 23/291/291 24/292/292 219/275/275 218/273/273
f 24/292/292 25/293/293 220/277/277 219/275/275
f 25/293/293 26/294/294 221/279/279 220/277/277
f 26/294/294 27/295/295 222/281/281 221/279/279
f 249/296/296 250/297/297 224/298/298 223/299/299
f 250/297/297 251/300/300 225/301/301 224/298/298
f 251/300/300 252/302/302 226/303/303 225/301/301
f 252/302/302 253/304/304 227/305/305 226/303/303
f 253/304/304 254/306/306 228/307/307 227/305/305
f 254/306/306 255/308/308 229/309/309 228/307/307
f 255/308/308 256/310/310 230/311/311 229/309/309
f 256/310/310 257/312/312 231/313/313 230/311/311
f 257/312/312 258/314/314 232/315/315 231/313/313
f 258/314/314 259/316/316 233/317/317 232/315/315
f 259/316/316 260/318/318 234/319/319 233/317/317
f 260/318/318 261/320/320 235/321/321 234/319/319
f 223/299/299 224/298/298 237/232/232 236/231/231
f 224/298/298 225/301/301 238/235/235 237/232/232
f 225/301/301 226/303/303 239/237/237 238/235/235
f 226/303/303 227/305/305 240/239/239 239/237/237
f 227/305/305 228/307/307 241/241/241 240/239/239
f 228/307/307 229/309/309 242/243/243 241/241/241
f 229/309/309 230/311/311 243/245/245 242/243/243
f 230/311/311 231/313/313 244/247/247 243/245/245
f 231/313/313 232/315/315 245/249/249 244/247/247
f 232/315/315 233/317/317 246/251/251 245/249/249
f 233/317/317 234/319/319 247/253/253 246/251/251
f 234/319/319 235/321/321 248/255/255 247/253/253
f 158/208/208 159/207/207 250/297/297 249/296/296
f 159/207/207 160/210/210 251/300/300 250/297/297
f 160/210/210 161/212/212 252/302/302 251/300/300
f 161/212/212 162/214/214 253/304/304 252/302/302
f 162/214/214 163/216/216 254/306/306 253/304/304
f 163/216/216 164/218/218 255/308/308 254/306/306
f 164/218/218 165/220/220 256/310/310 255/308/308
f 165/220/220 166/222/222 257/312/312 256/310/310
f 166/222/222 167/224/224 258/314/314 257/312/312
f 167/224/224 168/226/226 259/316/316 258/314/314
f 168/226/226 169/228/228 260/318/318 259/316/316
f 169/228/228 170/230/230 261/320/320 260/318/318
f 288/322/322 289/323/323 263/324/324 262/325/325
f 289/323/323 290/326/326 264/327/327 263/324/324
f 290/326/326 291/328/328 265/329/329 264/327/327
f 291/328/328 292/330/330 266/331/331 265/329/329
f 292/330/330 293/332/332 267/333/333 266/331/331
f 293/332/332 294/334/334 268/335/335 267/333/333
f 294/334/334 295/336/336 269/337/337 268/335/335
f 295/336/336 296/338/338 270/339/339 269/337/337
f 296/338/338 297/340/340 271/341/341 270/339/339
f 297/340/340 298/342/342 272/343/343 271/341/341
f 298/342/342 299/344/344 273/345/345 272/343/343
f 299/344/344 300/346/346 274/347/347 273/345/345
f 262/325/325 263/324/324 276/206/206 275/205/205
f 263/324/324 264/327/327 277/209/209 276/206/206
f 264/327/327 265/329/329 278/211/211 277/209/209
f 265/329/329 266/331/331 279/213/213 278/211/211
f 266/331/331 267/333/333 280/215/215 279/213/213
f 267/333/333 268/335/335 281/217/217 280/215/215
f 268/335/335 269/337/337 282/219/219 281/217/217
f 269/337/337 270/339/339 283/221/221 282/219/219
f 270/339/339 271/341/341 284/223/223 283/221/221
f 271/341/341 272/343/343 285/225/225 284/223/223
f 272/343/343 273/345/345 286/227/227 285/225/225
f 273/345/345 274/347/347 287/229/229 286/227/227
f 145/182/182 146/181/181 289/323/323 288/322/322
f 146/181/181 147/184/184 290/326/326 289/323/323
f 147/184/184 148/186/186 291/328/328 290/326/326
f 148/186/186 149/188/188 292/330/330 291/328/328
f 149/188/188 150/190/190 293/332/332 292/330/330
f 150/190/190 151/192/192 294/334/334 293/332/332
f 151/192/192 152/194/194 295/336/336 294/334/334
f 152/194/194 153/196/196 296/338/338 295/336/336
f 153/196/196 154/198/198 297/340/340 296/338/338
f 154/198/198 155/200/200 298/342/342 297/340/340
f 155/200/200 156/202/202 299/344/344 298/342/342
f 156/202/202 157/204/204 300/346/346 299/344/344
f 327/348/348 328/349/349 302/350/350 301/351/351
f 328/349/349 329/352/352 303/353/353 302/350/350
f 329/352/352 330/354/354 304/355/355 303/353/353
f 330/354/354 331/356/356 305/357/357 304/355/355
f 331/356/356 332/358/358 306/359/359 305/357/357
f 332/358/358 333/360/360 307/361/361 306/359/359
f 333/360/360 334/362/362 308/363/363 307/361/361
f 334/362/362 335/364/364 309/365/365 308/363/363
f 335/364/364 336/366/366 310/367/367 309/365/365
f 336/366/366 337/368/368 311/369/369 310/367/367
f 337/368/368 338/370/370 312/371/371 311/369/369
f 338/370/370 339/372/372 313/373/373 312/371/371
f 301/351/351 302/350/350 315/50/50 314/49/49
f 302/350/350 303/353/353 316/53/53 315/50/50
f 303/353/353 304/355/355 317/55/55 316/53/53
f 304/355/355 305/357/357 318/57/57 317/55/55
f 305/357/357 306/359/359 319/59/59 318/57/57
f 306/359/359 307/361/361 320/61/61 319/59/59
f 307/361/361 308/363/363 321/63/63 320/61/61
f 308/363/363 309/365/365 322/65/65 321/63/63
f 309/365/365 310/367/367 323/67/67 322/65/65
f 310/367/367 311/369/369 324/69/69 323/67/67
f 311/369/369 312/371/371 325/71/71 324/69/69
f 312/371/371 313/373/373 326/73/73 325/71/71
f 28/26/26 29/25/25 328/349/349 327/348/348
f 29/25/25 30/28/28 329/352/352 328/349/349
f 30/28/28 31/30/30 330/354/354 329/352/352
f 31/30/30 32/32/32 331/356/356 330/354/354
f 32/32/32 33/34/34 332/358/358 331/356/356
f 33/34/34 34/36/36 333/360/360 332/358/358
f 34/36/36 35/38/38 334/362/362 333/360/360
f 35/38/38 36/40/40 335/364/364 334/362/362
f 36/40/40 37/42/42 336/366/366 335/364/364
f 37/42/42 38/44/44 337/368/368 336/366/366
f 38/44/44 39/46/46 338/370/370 337/368/368
f 39/46/46 40/48/48 339/372/372 338/370/370
f 353/374/374 354/375/375 341/376/376 340/377/377
f 354/375/375 355/378/378 342/379/379 341/376/376
f 355/378/378 356/380/380 343/381/381 342/379/379
f 356/380/380 357/382/382 344/383/383 343/381/381
f 357/382/382 358/384/384 345/385/385 344/383/383
f 358/384/384 359/386/386 346/387/387 345/385/385
f 359/386/386 360/388/388 347/389/389 346/387/387
f 360/388/388 361/390/390 348/391/391 347/389/389
f 361/390/390 362/392/392 349/393/393 348/391/391
f 362/392/392 363/394/394 350/395/395 349/393/393
f 363/394/394 364/396/396 351/397/397 350/395/395
f 364/396/396 365/398/398 352/399/399 351/397/397
f 41/52/52 42/51/51 354/375/375 353/374/374
f 42/51/51 43/54/54 355/378/378 354/375/375
f 43/54/54 44/56/56 356/380/380 355/378/378
f 44/56/56 45/58/58 357/382/382 356/380/380
f 45/58/58 46/60/60 358/384/384 357/382/382
f 46/60/60 47/62/62 359/386/386 358/384/384
f 47/62/62 48/64/64 360/388/388 359/386/386
f 48/64/64 49/66/66 361/390/390 360/388/388
f 49/66/66 50/68/68 362/392/392 361/390/390
f 50/68/68 51/70/70 363/394/394 362/392/392
f 51/70/70 52/72/72 364/396/396 363/394/394
f 52/72/72 53/74/74 365/398/398 364/396/396
f 340/377/377 341/376/376 367/76/76 366/75/75
f 341/376/376 342/379/379 368/79/79 367/76/76
f 342/379/379 343/381/381 369/81/81 368/79/79
f 343/381/381 344/383/383 370/83/83 369/81/81
f 344/383/383 345/385/385 371/85/85 370/83/83
f 345/385/385 346/387/387 372/87/87 371/85/85
f 346/387/387 347/389/389 373/89/89 372/87/87
f 347/389/389 348/391/391 374/91/91 373/89/89
f 348/391/391 349/393/393 375/93/93 374/91/91
f 349/393/393 350/395/395 376/95/95 375/93/93
f 350/395/395 351/397/397 377/97/97 376/95/95
f 351/397/397 352/399/399 378/99/99 377/97/97
f 405/400/400 406/401/401 380/402/402 379/403/403
f 406/401/401 407/404/404 381/405/405 380/402/402
f 407/404/404 408/406/406 382/407/407 381/405/405
f 408/406/406 409/408/408 383/409/409 382/407/407
f 409/408/408 410/410/410 384/411/411 383/409/409
f 410/410/410 411/412/412 385/413/413 384/411/411
f 411/412/412 412/414/414 386/415/415 385/413/413
f 412/414/414 413/416/416 387/417/417 386/415/415
f 413/416/416 414/418/418 388/419/419 387/417/417
f 414/418/418 415/420/420 389/421/421 388/419/419
f 415/420/420 416/422/422 390/423/423 389/421/421
f 416/422/422 417/424/424 391/425/425 390/423/423
f 379/403/403 380/402/402 393/180/180 392/179/179
f 380/402/402 381/405/405 394/183/183 393/180/180
f 381/405/405 382/407/407 395/185/185 394/183/183
f 382/407/407 383/409/409 396/187/187 395/185/185
f 383/409/409 384/411/411 397/189/189 396/187/187
f 384/411/411 385/413/413 398/191/191 397/189/189
f 385/413/413 386/415/415 399/193/193 398/191/191
f 386/415/415 387/417/417 400/195/195 399/193/193
f 387/417/417 388/419/419 401/197/197 400/195/195
f 388/419/419 389/421/421 402/199/199 401/197/197
f 389/421/421 390/423/423 403/201/201 402/199/199
f 390/423/423 391/425/425 404/203/203 403/201/201
f 132/167/167 133/166/166 406/401/401 405/400/400
f 133/166/166 134/168/168 407/404/404 406/401/401
f 134/168/168 135/169/169 408/406/406 407/404/404
f 135/169/169 136/170/170 409/408/408 408/406/406
f 136/170/170 137/171/171 410/410/410 409/408/408
f 137/171/171 138/172/172 411/412/412 410/410/410
f 138/172/172 139/173/173 412/414/414 411/412/412
f 139/173/173 140/174/174 413/416/416 412/414/414
f 140/174/174 141/175/175 414/418/418 413/416/416
f 141/175/175 142/176/176 415/420/420 414/418/418
f 142/176/176 143/177/177 416/422/422 415/420/420
f 143/177/177 144/178/178 417/424/424 416/422/422
s 12
f 418/426/426 419/427/427 420/428/428
f 420/428/428 419/427/427 421/429/429
s 13
f 426/430/430 427/431/431 429/432/432
f 429/432/432 427/431/431 428/433/433
s 14
f 422/434/434 423/435/435 424/436/436
f 424/436/436 423/435/435 425/437/437
s 15
f 424/438/438 425/439/439 418/440/440
f 418/440/440 425/439/439 419/441/441
s 16
f 430/442/442 434/443/443 442/444/444
f 442/444/444 434/443/443 440/445/445
s 17
f 421/446/446 423/447/447 427/448/448
f 427/448/448 423/447/447 428/449/449
s 18
f 450/450/450 446/451/451 458/452/452
f 458/452/452 446/451/451 456/453/453
s 19
f 422/454/454 420/455/455 429/456/456
f 429/456/456 420/455/455 426/457/457
s 20
f 420/458/458 421/459/459 431/460/460
f 431/460/460 421/459/459 437/461/461
s 13
f 427/431/431 426/430/430 441/462/462
f 441/462/462 426/430/430 445/463/463
s 21
f 423/464/464 422/465/465 451/466/466
f 451/466/466 422/465/465 449/467/467
s 13
f 429/432/432 428/433/433 457/468/468
f 457/468/468 428/433/433 461/469/469
s 16
f 430/442/442 433/470/470 434/443/443
f 434/443/443 433/470/470 435/471/471
f 433/470/470 432/472/472 435/471/471
f 435/471/471 432/472/472 436/473/473
s 20
f 432/474/474 431/460/460 436/475/475
f 436/475/475 431/460/460 437/461/461
s 16
f 440/445/445 439/476/476 442/444/444
f 442/444/444 439/476/476 443/477/477
f 439/476/476 438/478/478 443/477/477
f 443/477/477 438/478/478 444/479/479
s 13
f 438/480/480 441/462/462 444/481/481
f 444/481/481 441/462/462 445/463/463
s 21
f 449/467/467 448/482/482 451/466/466
f 451/466/466 448/482/482 452/483/483
s 18
f 448/484/484 447/485/485 452/486/486
f 452/486/486 447/485/485 453/487/487
f 447/485/485 446/451/451 453/487/487
f 453/487/487 446/451/451 450/450/450
f 456/453/453 455/488/488 458/452/452
f 458/452/452 455/488/488 459/489/489
f 455/488/488 454/490/490 459/489/489
f 459/489/489 454/490/490 460/491/491
s 13
f 454/492/492 457/468/468 460/493/493
f 460/493/493 457/468/468 461/469/469
s 17
f 421/446/446 427/448/448 437/494/494
f 427/448/448 441/495/495 437/494/494
f 437/494/494 441/495/495 436/496/496
f 441/495/495 438/497/497 436/496/496
f 438/497/497 439/498/498 436/496/496
f 436/496/496 439/498/498 435/499/499
f 439/498/498 440/500/500 435/499/499
f 440/500/500 434/501/501 435/499/499
s 19
f 426/457/457 420/455/455 445/502/502
f 420/455/455 431/503/503 445/502/502
f 431/503/503 432/504/504 445/502/502
f 445/502/502 432/504/504 444/505/505
f 432/504/504 433/506/506 444/505/505
f 444/505/505 433/506/506 443/507/507
f 433/506/506 430/508/508 443/507/507
f 430/508/508 442/509/509 443/507/507
f 422/454/454 429/456/456 449/510/510
f 429/456/456 457/511/511 449/510/510
f 449/510/510 457/511/511 448/512/512
f 457/511/511 454/513/513 448/512/512
f 454/513/513 455/514/514 448/512/512
f 448/512/512 455/514/514 447/515/515
f 455/514/514 456/516/516 447/515/515
f 456/516/516 446/517/517 447/515/515
s 17
f 428/449/449 423/447/447 461/518/518
f 423/447/447 451/519/519 461/518/518
f 451/519/519 452/520/520 461/518/518
f 461/518/518 452/520/520 460/521/521
f 452/520/520 453/522/522 460/521/521
f 460/521/521 453/522/522 459/523/523
f 453/522/522 450/524/524 459/523/523
f 450/524/524 458/525/525 459/523/523
s 23
f 464/526/526 463/527/527 524/528/528
f 524/528/528 463/527/527 516/529/529
f 463/530/527 462/531/530 516/532/529
f 516/532/529 462/531/530 517/533/531
s 24
f 462/531/532 470/534/533 517/533/534
f 517/533/534 470/534/533 518/535/535
s 25
f 467/536/536 466/537/537 476/538/538
f 476/538/538 466/537/537 477/539/539
s 23
f 466/540/540 465/541/541 477/542/542
f 477/542/542 465/541/541 478/543/543
f 465/541/541 464/526/526 478/543/543
f 478/543/543 464/526/526 479/544/544
s 24
f 470/534/533 469/545/545 482/546/546
f 482/546/546 469/545/545 483/547/547
s 23
f 469/545/548 468/548/549 483/547/550
f 483/547/550 468/548/549 484/549/551
s 25
f 468/550/552 467/536/536 484/551/553
f 484/551/553 467/536/536 485/552/554
s 30
f 473/553/555 472/554/556 533/555/557
f 533/555/557 472/554/556 525/556/558
s 23
f 472/554/559 471/557/560 525/556/561
f 525/556/561 471/557/560 526/558/562
f 471/559/560 479/544/544 526/560/562
f 526/560/562 479/544/544 527/561/563
s 25
f 476/538/538 475/562/564 494/563/565
f 494/563/565 475/562/564 495/564/566
s 23
f 475/565/567 474/566/568 495/567/569
f 495/567/569 474/566/568 496/568/570
s 30
f 474/566/571 473/553/555 496/568/572
f 496/568/572 473/553/555 497/569/573
s 24
f 482/546/546 481/570/574 500/571/575
f 500/571/575 481/570/574 501/572/576
s 23
f 481/570/577 480/573/578 501/572/579
f 501/572/579 480/573/578 502/574/580
f 480/575/578 488/576/581 502/577/580
f 502/577/580 488/576/581 503/578/582
f 488/576/581 487/579/583 491/580/584
f 491/580/584 487/579/583 492/581/585
f 487/579/583 486/582/586 492/581/585
f 492/581/585 486/582/586 493/583/587
s 25
f 486/584/588 485/552/554 493/585/589
f 493/585/589 485/552/554 494/563/565
s 23
f 491/580/584 490/586/590 512/587/591
f 512/587/591 490/586/590 513/588/592
f 490/589/590 489/590/593 513/591/592
f 513/591/592 489/590/593 514/592/594
s 30
f 489/590/595 497/569/573 514/592/596
f 514/592/596 497/569/573 515/593/597
s 24
f 500/571/575 499/594/598 518/535/535
f 518/535/535 499/594/598 519/595/599
s 23
f 499/594/600 498/596/601 519/595/602
f 519/595/602 498/596/601 520/597/603
s 41
f 498/598/604 506/599/605 520/600/606
f 520/600/606 506/599/605 521/601/607
f 506/599/605 505/602/608 509/603/609
f 509/603/609 505/602/608 510/604/610
s 23
f 505/605/611 504/606/612 510/607/613
f 510/607/613 504/606/612 511/608/614
f 504/606/612 503/578/582 511/608/614
f 511/608/614 503/578/582 512/587/591
s 41
f 509/603/609 508/609/615 530/610/616
f 530/610/616 508/609/615 531/611/617
s 23
f 508/612/618 507/613/619 531/614/620
f 531/614/620 507/613/619 532/615/621
s 30
f 507/613/622 515/593/597 532/615/623
f 532/615/623 515/593/597 533/555/557
s 23
f 524/528/528 523/616/624 527/561/563
f 527/561/563 523/616/624 528/617/625
f 523/616/624 522/618/626 528/617/625
f 528/617/625 522/618/626 529/619/627
s 41
f 522/620/628 521/601/607 529/621/629
f 529/621/629 521/601/607 530/610/616
s 25
f 467/536/536 476/538/538 485/552/554
f 485/552/554 476/538/538 494/563/565
s 23
f 488/576/581 491/580/584 503/578/582
f 503/578/582 491/580/584 512/587/591
s 41
f 506/599/605 509/603/609 521/601/607
f 521/601/607 509/603/609 530/610/616
s 23
f 524/528/528 527/561/563 464/526/526
f 464/526/526 527/561/563 479/544/544
s 30
f 473/553/555 533/555/557 497/569/573
f 497/569/573 533/555/557 515/593/597
s 24
f 518/535/535 470/534/533 500/571/575
f 500/571/575 470/534/533 482/546/546
f 469/545/545 470/534/533 534/622/630
f 534/622/630 470/534/533 462/531/532
s 23
f 534/622/631 462/531/530 535/623/632
f 535/623/632 462/531/530 463/530/527
f 464/526/526 465/541/541 463/527/527
f 463/527/527 465/541/541 535/624/633
f 465/541/541 466/540/540 535/624/632
f 535/624/632 466/540/540 536/625/634
s 25
f 466/537/537 467/536/536 536/626/635
f 536/626/635 467/536/536 468/550/552
s 23
f 468/548/549 469/545/548 536/627/634
f 536/627/634 469/545/548 534/622/631
f 534/622/631 535/623/632 536/627/634
f 479/544/544 471/559/560 478/543/543
f 478/543/543 471/559/560 537/628/636
f 471/557/560 472/554/559 537/629/637
f 537/629/637 472/554/559 538/630/638
s 30
f 472/554/556 473/553/555 538/630/639
f 538/630/639 473/553/555 474/566/571
s 23
f 538/630/638 474/566/568 539/631/640
f 539/631/640 474/566/568 475/565/567
s 25
f 475/562/564 476/538/538 539/632/641
f 539/632/641 476/538/538 477/539/539
s 23
f 539/633/640 477/542/542 537/628/637
f 537/628/637 477/542/542 478/543/543
f 537/629/637 538/630/638 539/631/640
f 488/576/581 480/575/578 487/579/583
f 487/579/583 480/575/578 540/634/642
f 480/573/578 481/570/577 540/635/643
f 540/635/643 481/570/577 541/636/644
s 24
f 481/570/574 482/546/546 541/636/645
f 541/636/645 482/546/546 483/547/547
s 23
f 541/636/644 483/547/550 542/637/646
f 542/637/646 483/547/550 484/549/551
s 25
f 484/551/553 485/552/554 542/638/647
f 542/638/647 485/552/554 486/584/588
s 23
f 542/639/646 486/582/586 540/634/643
f 540/634/643 486/582/586 487/579/583
f 540/635/643 541/636/644 542/637/646
s 30
f 496/568/572 497/569/573 543/640/648
f 543/640/648 497/569/573 489/590/595
s 23
f 543/640/649 489/590/593 544/641/650
f 544/641/650 489/590/593 490/589/590
f 491/580/584 492/581/585 490/586/590
f 490/586/590 492/581/585 544/642/651
f 492/581/585 493/583/587 544/642/650
f 544/642/650 493/583/587 545/643/652
s 25
f 493/585/589 494/563/565 545/644/653
f 545/644/653 494/563/565 495/564/566
s 23
f 495/567/569 496/568/570 545/645/652
f 545/645/652 496/568/570 543/640/649
f 543/640/649 544/641/650 545/645/652
s 41
f 505/602/608 506/599/605 546/646/654
f 546/646/654 506/599/605 498/598/604
s 23
f 498/596/601 499/594/600 546/647/655
f 546/647/655 499/594/600 547/648/656
s 24
f 499/594/598 500/571/575 547/648/657
f 547/648/657 500/571/575 501/572/576
s 23
f 547/648/656 501/572/579 548/649/658
f 548/649/658 501/572/579 502/574/580
f 503/578/582 504/606/612 502/577/580
f 502/577/580 504/606/612 548/650/659
f 504/606/612 505/605/611 548/650/658
f 548/650/658 505/605/611 546/651/655
f 546/647/655 547/648/656 548/649/658
s 30
f 514/592/596 515/593/597 549/652/660
f 549/652/660 515/593/597 507/613/622
s 23
f 549/652/661 507/613/619 550/653/662
f 550/653/662 507/613/619 508/612/618
s 41
f 508/609/615 509/603/609 550/654/663
f 550/654/663 509/603/609 510/604/610
s 23
f 550/655/662 510/607/613 551/656/664
f 551/656/664 510/607/613 511/608/614
f 512/587/591 513/588/592 511/608/614
f 511/608/614 513/588/592 551/656/665
f 513/591/592 514/592/594 551/657/664
f 551/657/664 514/592/594 549/652/661
f 549/652/661 550/653/662 551/657/664
f 524/528/528 516/529/529 523/616/624
f 523/616/624 516/529/529 552/658/666
f 516/532/529 517/533/531 552/659/667
f 552/659/667 517/533/531 553/660/668
s 24
f 517/533/534 518/535/535 553/660/669
f 553/660/669 518/535/535 519/595/599
s 23
f 553/660/668 519/595/602 554/661/670
f 554/661/670 519/595/602 520/597/603
s 41
f 520/600/606 521/601/607 554/662/671
f 554/662/671 521/601/607 522/620/628
s 23
f 554/663/670 522/618/626 552/658/667
f 552/658/667 522/618/626 523/616/624
f 552/659/667 553/660/668 554/661/670
s 30
f 532/615/623 533/555/557 555/664/672
f 555/664/672 533/555/557 525/556/558
s 23
f 555/664/673 525/556/561 556/665/674
f 556/665/674 525/556/561 526/558/562
f 527/561/563 528/617/625 526/560/562
f 526/560/562 528/617/625 556/666/675
f 528/617/625 529/619/627 556/666/674
f 556/666/674 529/619/627 557/667/676
s 41
f 529/621/629 530/610/616 557/668/677
f 557/668/677 530/610/616 531/611/617
s 23
f 531/614/620 532/615/621 557/669/676
f 557/669/676 532/615/621 555/664/673
f 555/664/673 556/665/674 557/669/676
s 48
f 595/670/678 594/671/679 596/672/680
f 597/673/681 595/670/678 596/672/680
f 598/674/682 597/673/681 596/672/680
f 599/675/683 598/674/682 596/672/680
f 600/676/684 599/675/683 596/672/680
f 601/677/685 600/676/684 596/672/680
f 602/678/686 601/677/685 596/672/680
f 603/679/687 602/678/686 596/672/680
f 604/680/688 603/679/687 596/672/680
f 605/681/689 604/680/688 596/672/680
f 606/682/690 605/681/689 596/672/680
f 607/683/691 606/682/690 596/672/680
f 608/684/692 607/683/691 596/672/680
f 609/685/693 608/684/692 596/672/680
f 610/686/694 609/685/693 596/672/680
f 611/687/695 610/686/694 596/672/680
f 612/688/696 611/687/695 596/672/680
f 594/671/679 612/688/696 596/672/680
s 49
f 613/689/697 614/690/698 615/691/699
f 614/690/698 616/692/700 615/691/699
f 616/692/700 617/693/701 615/691/699
f 617/693/701 618/694/702 615/691/699
f 618/694/702 619/695/703 615/691/699
f 619/695/703 620/696/704 615/691/699
f 620/696/704 621/697/705 615/691/699
f 621/697/705 622/698/706 615/691/699
f 622/698/706 623/699/707 615/691/699
f 623/699/707 624/700/708 615/691/699
f 624/700/708 625/701/709 615/691/699
f 625/701/709 626/702/710 615/691/699
f 626/702/710 627/703/711 615/691/699
f 627/703/711 628/704/712 615/691/699
f 628/704/712 629/705/713 615/691/699
f 629/705/713 630/706/714 615/691/699
f 630/706/714 631/707/715 615/691/699
f 631/707/715 613/689/697 615/691/699
s 50
f 559/708/716 558/709/717 594/710/718 595/711/719
f 560/712/720 559/708/716 595/711/719 597/713/721
f 561/714/722 560/712/720 597/713/721 598/715/723
f 562/716/724 561/714/722 598/715/723 599/717/725
f 563/718/726 562/716/724 599/717/725 600/719/727
f 564/720/728 563/718/726 600/719/727 601/721/729
f 565/722/730 564/720/728 601/721/729 602/723/731
f 566/724/732 565/722/730 602/723/731 603/725/733
f 567/726/734 566/724/732 603/725/733 604/727/735
f 568/728/736 567/726/734 604/727/735 605/729/737
f 569/730/738 568/728/736 605/729/737 606/731/739
f 570/732/740 569/730/738 606/731/739 607/733/741
f 571/734/742 570/732/740 607/733/741 608/735/743
f 572/736/744 571/734/742 608/735/743 609/737/745
f 573/738/746 572/739/744 609/740/745 610/741/747
f 574/742/748 573/738/746 610/741/747 611/743/749
f 575/744/750 574/742/748 611/743/749 612/745/751
f 558/709/717 575/744/750 612/745/751 594/710/718
s 51
f 576/746/752 577/747/753 614/748/754 613/749/755
f 577/747/753 578/750/756 616/751/757 614/748/754
f 578/750/756 579/752/758 617/753/759 616/751/757
f 579/752/758 580/754/760 618/755/761 617/753/759
f 580/754/760 581/756/762 619/757/763 618/755/761
f 581/756/762 582/758/764 620/759/765 619/757/763
f 582/758/764 583/760/766 621/761/767 620/759/765
f 583/760/766 584/762/768 622/763/769 621/761/767
f 584/762/768 585/764/770 623/765/771 622/763/769
f 585/764/770 586/766/772 624/767/773 623/765/771
f 586/766/772 587/768/774 625/769/775 624/767/773
f 587/770/774 588/771/776 626/772/777 625/773/775
f 588/771/776 589/774/778 627/775/779 626/772/777
f 589/774/778 590/776/780 628/777/781 627/775/779
f 590/776/780 591/778/782 629/779/783 628/777/781
f 591/778/782 592/780/784 630/781/785 629/779/783
f 592/780/784 593/782/786 631/783/787 630/781/785
f 593/782/786 576/746/752 613/749/755 631/783/787
s 52
f 558/784/788 559/785/789 636/786/790 632/787/791
f 559/785/789 560/788/792 640/789/793 636/786/790
f 560/788/792 561/790/794 644/791/795 640/789/793
f 561/790/794 562/792/796 648/793/797 644/791/795
f 562/792/796 563/794/798 652/795/799 648/793/797
f 563/794/798 564/796/800 656/797/801 652/795/799
f 564/796/800 565/798/802 660/799/803 656/797/801
f 565/798/802 566/800/804 664/801/805 660/799/803
f 566/800/804 567/802/806 668/803/807 664/801/805
f 567/802/806 568/804/808 672/805/809 668/803/807
f 568/804/808 569/806/810 676/807/811 672/805/809
f 569/806/810 570/808/812 680/809/813 676/807/811
f 570/808/812 571/810/814 684/811/815 680/809/813
f 571/810/814 572/812/816 688/813/817 684/811/815
f 572/812/816 573/814/818 692/815/819 688/813/817
f 573/814/818 574/816/820 696/817/821 692/815/819
f 574/816/820 575/818/822 700/819/823 696/817/821
f 575/818/822 558/784/788 632/787/791 700/819/823
f 635/820/824 639/821/825 708/822/826 704/823/827
f 639/821/825 643/824/828 712/825/829 708/822/826
f 643/826/828 647/827/830 716/828/831 712/829/829
f 647/827/830 651/830/832 720/831/833 716/828/831
f 651/830/832 655/832/834 724/833/835 720/831/833
f 655/832/834 659/834/836 728/835/837 724/833/835
f 659/834/836 663/836/838 732/837/839 728/835/837
f 663/836/838 667/838/840 736/839/841 732/837/839
f 667/838/840 671/840/842 740/841/843 736/839/841
f 671/840/842 675/842/844 744/843/845 740/841/843
f 675/842/844 679/844/846 748/845/847 744/843/845
f 679/844/846 683/846/848 752/847/849 748/845/847
f 683/846/848 687/848/850 756/849/851 752/847/849
f 687/848/850 691/850/852 760/851/853 756/849/851
f 691/850/852 695/852/854 764/853/855 760/851/853
f 695/852/854 699/854/856 768/855/857 764/853/855
f 699/854/856 703/856/858 772/857/859 768/855/857
f 703/856/858 635/820/824 704/823/827 772/857/859
f 707/858/860 711/859/861 577/860/862 576/861/863
f 711/859/861 715/862/864 578/863/865 577/860/862
f 715/862/864 719/864/866 579/865/867 578/863/865
f 719/864/866 723/866/868 580/867/869 579/865/867
f 723/866/868 727/868/870 581/869/871 580/867/869
f 727/868/870 731/870/872 582/871/873 581/869/871
f 731/870/872 735/872/874 583/873/875 582/871/873
f 735/872/874 739/874/876 584/875/877 583/873/875
f 739/874/876 743/876/878 585/877/879 584/875/877
f 743/876/878 747/878/880 586/879/881 585/877/879
f 747/878/880 751/880/882 587/881/883 586/879/881
f 751/880/882 755/882/884 588/883/885 587/881/883
f 755/882/884 759/884/886 589/885/887 588/883/885
f 759/884/886 763/886/888 590/887/889 589/885/887
f 763/886/888 767/888/890 591/889/891 590/887/889
f 767/888/890 771/890/892 592/891/893 591/889/891
f 771/890/892 775/892/894 593/893/895 592/891/893
f 775/892/894 707/858/860 576/861/863 593/893/895
f 634/894/896 635/895/824 703/896/858 702/897/897
f 632/787/791 633/898/898 701/899/899 700/819/823
f 633/900/898 634/901/900 702/902/901 701/903/899
f 635/895/824 634/894/896 638/904/902 639/905/825
f 634/901/900 633/900/898 637/906/903 638/907/904
f 633/898/898 632/787/791 636/786/790 637/908/903
f 639/905/825 638/904/902 642/909/905 643/910/828
f 638/907/904 637/906/903 641/911/906 642/912/907
f 637/908/903 636/786/790 640/789/793 641/913/906
f 643/914/828 642/915/905 646/916/908 647/917/830
f 642/912/907 641/911/906 645/918/909 646/919/908
f 641/913/906 640/789/793 644/791/795 645/920/909
f 647/917/830 646/916/908 650/921/910 651/922/832
f 646/923/908 645/924/909 649/925/911 650/926/910
f 645/920/909 644/791/795 648/793/797 649/927/911
f 651/922/832 650/921/910 654/928/912 655/929/834
f 650/926/910 649/925/911 653/930/913 654/931/914
f 649/927/911 648/793/797 652/795/799 653/932/913
f 655/929/834 654/928/912 658/933/915 659/934/836
f 654/931/914 653/930/913 657/935/916 658/936/917
f 653/932/913 652/795/799 656/797/801 657/937/916
f 659/934/836 658/933/915 662/938/918 663/939/838
f 658/936/917 657/935/916 661/940/919 662/941/920
f 657/937/916 656/797/801 660/799/803 661/942/919
f 663/939/838 662/938/918 666/943/921 667/944/840
f 662/941/920 661/940/919 665/945/922 666/946/923
f 661/942/919 660/799/803 664/801/805 665/947/922
f 667/944/840 666/943/921 670/948/924 671/949/842
f 666/946/923 665/945/922 669/950/925 670/951/926
f 665/947/922 664/801/805 668/803/807 669/952/925
f 671/949/842 670/948/924 674/953/927 675/954/844
f 670/951/926 669/950/925 673/955/928 674/956/929
f 669/952/925 668/803/807 672/805/809 673/957/928
f 675/954/844 674/953/927 678/958/930 679/959/846
f 674/956/929 673/955/928 677/960/931 678/961/932
f 673/957/928 672/805/809 676/807/811 677/962/931
f 679/959/846 678/958/930 682/963/933 683/964/848
f 678/961/932 677/960/931 681/965/934 682/966/935
f 677/962/931 676/807/811 680/809/813 681/967/934
f 683/964/848 682/963/933 686/968/936 687/969/850
f 682/966/935 681/965/934 685/970/937 686/971/938
f 681/967/934 680/809/813 684/811/815 685/972/937
f 687/969/850 686/968/936 690/973/939 691/974/852
f 686/971/938 685/970/937 689/975/940 690/976/941
f 685/972/937 684/811/815 688/813/817 689/977/940
f 691/974/852 690/973/939 694/978/942 695/979/854
f 690/976/941 689/975/940 693/980/943 694/981/944
f 689/977/940 688/813/817 692/815/819 693/982/943
f 695/979/854 694/978/942 698/983/945 699/984/856
f 694/981/944 693/980/943 697/985/946 698/986/947
f 693/982/943 692/815/819 696/817/821 697/987/946
f 699/984/856 698/983/945 702/897/897 703/896/858
f 698/986/947 697/985/946 701/903/899 702/902/901
f 697/987/946 696/817/821 700/819/823 701/899/899
f 706/988/948 707/858/860 775/892/894 774/989/949
f 704/990/827 705/991/950 773/992/951 772/993/859
f 705/994/952 706/995/948 774/996/949 773/997/953
f 707/858/860 706/988/948 710/998/954 711/859/861
f 706/995/948 705/994/952 709/999/955 710/1000/954
f 705/991/950 704/990/827 708/1001/826 709/1002/956
f 711/859/861 710/998/954 714/1003/957 715/862/864
f 710/1004/954 709/1005/955 713/1006/958 714/1007/957
f 709/1002/956 708/1001/826 712/1008/829 713/1009/959
f 715/862/864 714/1003/957 718/1010/960 719/864/866
f 714/1007/957 713/1006/958 717/1011/961 718/1012/960
f 713/1013/959 712/1014/829 716/1015/831 717/1016/961
f 719/864/866 718/1010/960 722/1017/962 723/866/868
f 718/1012/960 717/1011/961 721/1018/963 722/1019/962
f 717/1016/961 716/1015/831 720/1020/833 721/1021/963
f 723/866/868 722/1017/962 726/1022/964 727/868/870
f 722/1019/962 721/1018/963 725/1023/965 726/1024/964
f 721/1021/963 720/1020/833 724/1025/835 725/1026/966
f 727/868/870 726/1022/964 730/1027/967 731/870/872
f 726/1024/964 725/1023/965 729/1028/968 730/1029/967
f 725/1026/966 724/1025/835 728/1030/837 729/1031/969
f 731/870/872 730/1027/967 734/1032/970 735/872/874
f 730/1029/967 729/1028/968 733/1033/971 734/1034/970
f 729/1031/969 728/1030/837 732/1035/839 733/1036/972
f 735/872/874 734/1032/970 738/1037/973 739/874/876
f 734/1034/970 733/1033/971 737/1038/974 738/1039/973
f 733/1036/972 732/1035/839 736/1040/841 737/1041/975
f 739/874/876 738/1037/973 742/1042/976 743/876/878
f 738/1039/973 737/1038/974 741/1043/977 742/1044/976
f 737/1041/975 736/1040/841 740/1045/843 741/1046/978
f 743/876/878 742/1042/976 746/1047/979 747/878/880
f 742/1044/976 741/1043/977 745/1048/980 746/1049/979
f 741/1046/978 740/1045/843 744/1050/845 745/1051/981
f 747/878/880 746/1047/979 750/1052/982 751/880/882
f 746/1049/979 745/1048/980 749/1053/983 750/1054/982
f 745/1051/981 744/1050/845 748/1055/847 749/1056/984
f 751/880/882 750/1052/982 754/1057/985 755/882/884
f 750/1054/982 749/1053/983 753/1058/986 754/1059/985
f 749/1056/984 748/1055/847 752/1060/849 753/1061/986
f 755/882/884 754/1057/985 758/1062/987 759/884/886
f 754/1059/985 753/1058/986 757/1063/988 758/1064/987
f 753/1061/986 752/1060/849 756/1065/851 757/1066/988
f 759/884/886 758/1062/987 762/1067/989 763/886/888
f 758/1064/987 757/1063/988 761/1068/990 762/1069/989
f 757/1066/988 756/1065/851 760/1070/853 761/1071/991
f 763/886/888 762/1067/989 766/1072/992 767/888/890
f 762/1069/989 761/1068/990 765/1073/993 766/1074/992
f 761/1071/991 760/1070/853 764/1075/855 765/1076/994
f 767/888/890 766/1072/992 770/1077/995 771/890/892
f 766/1074/992 765/1073/993 769/1078/996 770/1079/995
f 765/1076/994 764/1075/855 768/1080/857 769/1081/997
f 771/890/892 770/1077/995 774/989/949 775/892/894
f 770/1079/995 769/1078/996 773/997/953 774/996/949
f 769/1081/997 768/1080/857 772/993/859 773/992/951
s 55
f 776/1082/998 777/1083/999 784/1084/1000
f 784/1084/1000 777/1083/999 787/1085/1001
s 56
f 778/1086/1002 779/1087/1003 780/1088/1004
f 780/1088/1004 779/1087/1003 781/1089/1005
s 57
f 785/1090/1006 786/1091/1007 782/1092/1008
f 782/1092/1008 786/1091/1007 783/1093/1009
s 58
f 782/1094/1010 783/1095/1011 776/1096/1012
f 776/1096/1012 783/1095/1011 777/1097/1013
s 59
f 777/1098/1014 783/1099/1015 787/1100/1016
f 787/1100/1016 783/1099/1015 786/1101/1017
s 60
f 782/1102/1018 776/1103/1019 785/1104/1020
f 785/1104/1020 776/1103/1019 784/1105/1021
f 785/1104/1020 784/1105/1021 788/1106/1022
f 788/1106/1022 784/1105/1021 789/1107/1023
s 55
f 784/1084/1000 787/1085/1001 789/1108/1024
f 789/1108/1024 787/1085/1001 790/1109/1025
s 59
f 787/1100/1016 786/1101/1017 790/1110/1026
f 790/1110/1026 786/1101/1017 791/1111/1027
s 57
f 788/1112/1028 791/1113/1029 785/1090/1006
f 785/1090/1006 791/1113/1029 786/1091/1007
s 61
f 788/1114/1030 789/1115/1031 792/1116/1032
f 792/1116/1032 789/1115/1031 793/1117/1033
f 791/1118/1034 788/1114/1030 794/1119/1035
f 794/1119/1035 788/1114/1030 792/1116/1032
f 790/1120/1036 791/1118/1034 795/1121/1037
f 795/1121/1037 791/1118/1034 794/1119/1035
f 789/1115/1031 790/1120/1036 793/1117/1033
f 793/1117/1033 790/1120/1036 795/1121/1037
s 62
f 798/1122/1038 797/1123/1039 799/1124/1040
f 799/1124/1040 797/1123/1039 800/1125/1041
s 56
f 797/1123/1042 796/1126/1043 800/1125/1044
f 800/1125/1044 796/1126/1043 801/1127/1045
s 62
f 792/1128/1046 793/1129/1047 799/1124/1040
f 799/1124/1040 793/1129/1047 798/1122/1038
s 64
f 799/1130/1048 802/1131/1049 792/1132/1050
f 792/1132/1050 802/1131/1049 794/1133/1051
s 65
f 795/1134/1052 794/1135/1053 805/1136/1054
f 805/1136/1054 794/1135/1053 802/1137/1055
s 66
f 793/1138/1056 795/1139/1057 798/1140/1058
f 798/1140/1058 795/1139/1057 805/1141/1059
s 56
f 778/1086/1002 780/1088/1004 796/1142/1043
f 796/1142/1043 780/1088/1004 801/1143/1045
f 780/1088/1004 781/1089/1005 801/1143/1045
f 801/1143/1045 781/1089/1005 804/1144/1060
f 781/1089/1005 779/1087/1003 804/1144/1060
f 804/1144/1060 779/1087/1003 807/1145/1061
f 779/1087/1003 778/1086/1002 807/1145/1061
f 807/1145/1061 778/1086/1002 796/1142/1043
s 64
f 799/1130/1048 800/1146/1062 802/1131/1049
f 802/1131/1049 800/1146/1062 803/1147/1063
s 56
f 800/1148/1064 801/1143/1045 803/1149/1065
f 803/1149/1065 801/1143/1045 804/1144/1060
s 65
f 802/1137/1055 803/1150/1066 805/1136/1054
f 805/1136/1054 803/1150/1066 806/1151/1067
s 56
f 803/1150/1068 804/1152/1060 806/1151/1069
f 806/1151/1069 804/1152/1060 807/1153/1061
f 796/1142/1043 797/1154/1070 807/1145/1061
f 807/1145/1061 797/1154/1070 806/1155/1071
s 66
f 797/1156/1072 798/1140/1058 806/1157/1073
f 806/1157/1073 798/1140/1058 805/1141/1059
s 67
f 808/1158/1074 809/1159/1075 816/1160/1076
f 816/1160/1076 809/1159/1075 819/1161/1077
s 68
f 810/1162/1078 811/1163/1079 812/1164/1080
f 812/1164/1080 811/1163/1079 813/1165/1081
s 69
f 817/1166/1082 818/1167/1083 814/1168/1084
f 814/1168/1084 818/1167/1083 815/1169/1085
s 70
f 814/1170/1086 815/1171/1087 808/1172/1088
f 808/1172/1088 815/1171/1087 809/1173/1089
s 71
f 809/1174/1090 815/1175/1091 819/1176/1092
f 819/1176/1092 815/1175/1091 818/1177/1093
s 72
f 814/1178/1094 808/1179/1095 817/1180/1096
f 817/1180/1096 808/1179/1095 816/1181/1097
s 73
f 817/1182/1098 816/1183/1099 821/1184/1100
f 821/1184/1100 816/1183/1099 820/1185/1101
f 818/1186/1102 817/1182/1098 822/1187/1103
f 822/1187/1103 817/1182/1098 821/1184/1100
f 819/1188/1104 818/1186/1102 823/1189/1105
f 823/1189/1105 818/1186/1102 822/1187/1103
f 816/1183/1099 819/1188/1104 820/1185/1101
f 820/1185/1101 819/1188/1104 823/1189/1105
s 74
f 826/1190/1106 825/1191/1107 827/1192/1108
f 827/1192/1108 825/1191/1107 828/1193/1109
f 825/1191/1107 824/1194/1110 828/1193/1109
f 828/1193/1109 824/1194/1110 829/1195/1111
f 821/1196/1112 820/1197/1113 827/1192/1108
f 827/1192/1108 820/1197/1113 826/1190/1106
s 75
f 827/1198/1114 830/1199/1115 821/1200/1116
f 821/1200/1116 830/1199/1115 822/1201/1117
s 76
f 823/1202/1118 822/1203/1119 833/1204/1120
f 833/1204/1120 822/1203/1119 830/1205/1121
s 77
f 820/1206/1122 823/1207/1123 826/1208/1124
f 826/1208/1124 823/1207/1123 833/1209/1125
s 74
f 810/1210/1126 812/1211/1127 824/1194/1110
f 824/1194/1110 812/1211/1127 829/1195/1111
s 75
f 812/1164/1128 813/1165/1129 829/1212/1130
f 829/1212/1130 813/1165/1129 832/1213/1131
s 76
f 813/1214/1132 811/1215/1133 832/1216/1134
f 832/1216/1134 811/1215/1133 835/1217/1135
s 77
f 811/1163/1136 810/1162/1137 835/1218/1138
f 835/1218/1138 810/1162/1137 824/1219/1139
s 75
f 827/1198/1114 828/1220/1140 830/1199/1115
f 830/1199/1115 828/1220/1140 831/1221/1141
f 828/1222/1140 829/1212/1130 831/1223/1141
f 831/1223/1141 829/1212/1130 832/1213/1131
s 76
f 830/1205/1121 831/1224/1142 833/1204/1120
f 833/1204/1120 831/1224/1142 834/1225/1143
f 831/1224/1142 832/1216/1134 834/1225/1143
f 834/1225/1143 832/1216/1134 835/1217/1135
s 77
f 824/1219/1139 825/1226/1144 835/1218/1138
f 835/1218/1138 825/1226/1144 834/1227/1145
f 825/1228/1144 826/1208/1124 834/1229/1145
f 834/1229/1145 826/1208/1124 833/1209/1125
s 81
f 836/1230/1146 837/1231/1147 838/1232/1148
f 838/1232/1148 837/1231/1147 839/1233/1149
s 82
f 838/1234/1150 839/1235/1151 842/1236/1152
f 842/1236/1152 839/1235/1151 849/1237/1153
s 83
f 845/1238/1154 846/1239/1155 840/1240/1156
f 840/1240/1156 846/1239/1155 841/1241/1157
s 84
f 840/1242/1158 841/1243/1159 836/1244/1160
f 836/1244/1160 841/1243/1159 837/1245/1161
s 83
f 845/1238/1154 844/1246/1162 846/1239/1155
f 846/1239/1155 844/1246/1162 847/1247/1163
s 82
f 844/1248/1164 843/1249/1165 847/1250/1166
f 847/1250/1166 843/1249/1165 848/1251/1167
f 843/1249/1165 842/1236/1152 848/1251/1167
f 848/1251/1167 842/1236/1152 849/1237/1153
s 86
f 850/1252/1168 851/1253/1169 858/1254/1170
f 858/1254/1170 851/1253/1169 861/1255/1171
s 87
f 852/1256/1172 853/1257/1173 854/1258/1174
f 854/1258/1174 853/1257/1173 855/1259/1175
s 88
f 859/1260/1176 860/1261/1177 856/1262/1178
f 856/1262/1178 860/1261/1177 857/1263/1179
s 89
f 856/1264/1180 857/1265/1181 850/1266/1182
f 850/1266/1182 857/1265/1181 851/1267/1183
s 90
f 851/1268/1184 857/1269/1185 861/1270/1186
f 861/1270/1186 857/1269/1185 860/1271/1187
s 91
f 856/1272/1188 850/1273/1189 859/1274/1190
f 859/1274/1190 850/1273/1189 858/1275/1191
s 92
f 859/1276/1192 858/1277/1193 863/1278/1194
f 863/1278/1194 858/1277/1193 862/1279/1195
f 860/1280/1196 859/1276/1192 864/1281/1197
f 864/1281/1197 859/1276/1192 863/1278/1194
f 861/1282/1198 860/1280/1196 865/1283/1199
f 865/1283/1199 860/1280/1196 864/1281/1197
f 858/1277/1193 861/1282/1198 862/1279/1195
f 862/1279/1195 861/1282/1198 865/1283/1199
s 93
f 868/1284/1200 867/1285/1201 869/1286/1202
f 869/1286/1202 867/1285/1201 870/1287/1203
f 867/1285/1201 866/1288/1204 870/1287/1203
f 870/1287/1203 866/1288/1204 871/1289/1205
f 863/1290/1206 862/1291/1207 869/1286/1202
f 869/1286/1202 862/1291/1207 868/1284/1200
s 94
f 869/1292/1208 872/1293/1209 863/1294/1210
f 863/1294/1210 872/1293/1209 864/1295/1211
s 95
f 865/1296/1212 864/1297/1213 875/1298/1214
f 875/1298/1214 864/1297/1213 872/1299/1215
s 96
f 862/1300/1216 865/1301/1217 868/1302/1218
f 868/1302/1218 865/1301/1217 875/1303/1219
s 93
f 852/1304/1220 854/1305/1221 866/1288/1204
f 866/1288/1204 854/1305/1221 871/1289/1205
s 94
f 854/1258/1222 855/1259/1223 871/1306/1224
f 871/1306/1224 855/1259/1223 874/1307/1225
s 95
f 855/1308/1226 853/1309/1227 874/1310/1228
f 874/1310/1228 853/1309/1227 877/1311/1229
s 96
f 853/1257/1230 852/1256/1231 877/1312/1232
f 877/1312/1232 852/1256/1231 866/1313/1233
s 94
f 869/1292/1208 870/1314/1234 872/1293/1209
f 872/1293/1209 870/1314/1234 873/1315/1235
f 870/1316/1234 871/1306/1224 873/1317/1235
f 873/1317/1235 871/1306/1224 874/1307/1225
s 95
f 872/1299/1215 873/1318/1236 875/1298/1214
f 875/1298/1214 873/1318/1236 876/1319/1237
f 873/1318/1236 874/1310/1228 876/1319/1237
f 876/1319/1237 874/1310/1228 877/1311/1229
s 96
f 866/1313/1233 867/1320/1238 877/1312/1232
f 877/1312/1232 867/1320/1238 876/1321/1239
f 867/1322/1238 868/1302/1218 876/1323/1239
f 876/1323/1239 868/1302/1218 875/1303/1219
s 100
f 878/1324/1240 879/1325/1241 882/1326/1242
f 882/1326/1242 879/1325/1241 887/1327/1243
s 101
f 884/1328/1244 885/1329/1245 888/1330/1246
f 888/1330/1246 885/1329/1245 893/1331/1247
s 102
f 890/1332/1248 891/1333/1249 880/1334/1250
f 880/1334/1250 891/1333/1249 881/1335/1251
s 103
f 880/1336/1252 881/1337/1253 878/1338/1254
f 878/1338/1254 881/1337/1253 879/1339/1255
s 101
f 884/1328/1244 883/1340/1256 885/1329/1245
f 885/1329/1245 883/1340/1256 886/1341/1257
s 100
f 883/1342/1258 882/1326/1242 886/1343/1259
f 886/1343/1259 882/1326/1242 887/1327/1243
s 102
f 890/1332/1248 889/1344/1260 891/1333/1249
f 891/1333/1249 889/1344/1260 892/1345/1261
s 101
f 889/1346/1262 888/1330/1246 892/1347/1263
f 892/1347/1263 888/1330/1246 893/1331/1247
s 104
f 894/1348/1264 895/1349/1265 902/1350/1266
f 902/1350/1266 895/1349/1265 905/1351/1267
s 105
f 896/1352/1268 897/1353/1269 898/1354/1270
f 898/1354/1270 897/1353/1269 899/1355/1271
s 106
f 903/1356/1272 904/1357/1273 900/1358/1274
f 900/1358/1274 904/1357/1273 901/1359/1275
s 107
f 900/1360/1276 901/1361/1277 894/1362/1278
f 894/1362/1278 901/1361/1277 895/1363/1279
s 108
f 895/1364/1280 901/1365/1281 905/1366/1282
f 905/1366/1282 901/1365/1281 904/1367/1283
s 109
f 900/1368/1284 894/1369/1285 903/1370/1286
f 903/1370/1286 894/1369/1285 902/1371/1287
f 903/1370/1286 902/1371/1287 906/1372/1288
f 906/1372/1288 902/1371/1287 907/1373/1289
s 104
f 902/1350/1266 905/1351/1267 907/1374/1290
f 907/1374/1290 905/1351/1267 908/1375/1291
s 108
f 905/1366/1282 904/1367/1283 908/1376/1292
f 908/1376/1292 904/1367/1283 909/1377/1293
s 106
f 906/1378/1294 909/1379/1295 903/1356/1272
f 903/1356/1272 909/1379/1295 904/1357/1273
s 110
f 906/1380/1296 907/1381/1297 910/1382/1298
f 910/1382/1298 907/1381/1297 911/1383/1299
f 909/1384/1300 906/1380/1296 912/1385/1301
f 912/1385/1301 906/1380/1296 910/1382/1298
f 908/1386/1302 909/1384/1300 913/1387/1303
f 913/1387/1303 909/1384/1300 912/1385/1301
f 907/1381/1297 908/1386/1302 911/1383/1299
f 911/1383/1299 908/1386/1302 913/1387/1303
s 111
f 916/1388/1304 915/1389/1305 917/1390/1306
f 917/1390/1306 915/1389/1305 918/1391/1307
s 105
f 915/1389/1308 914/1392/1309 918/1391/1310
f 918/1391/1310 914/1392/1309 919/1393/1311
s 111
f 910/1394/1312 911/1395/1313 917/1390/1306
f 917/1390/1306 911/1395/1313 916/1388/1304
s 113
f 917/1396/1314 920/1397/1315 910/1398/1316
f 910/1398/1316 920/1397/1315 912/1399/1317
s 114
f 913/1400/1318 912/1401/1319 923/1402/1320
f 923/1402/1320 912/1401/1319 920/1403/1321
s 115
f 911/1404/1322 913/1405/1323 916/1406/1324
f 916/1406/1324 913/1405/1323 923/1407/1325
s 105
f 896/1352/1268 898/1354/1270 914/1408/1309
f 914/1408/1309 898/1354/1270 919/1409/1311
f 898/1354/1270 899/1355/1271 919/1409/1311
f 919/1409/1311 899/1355/1271 922/1410/1326
f 899/1355/1271 897/1353/1269 922/1410/1326
f 922/1410/1326 897/1353/1269 925/1411/1327
f 897/1353/1269 896/1352/1268 925/1411/1327
f 925/1411/1327 896/1352/1268 914/1408/1309
s 113
f 917/1396/1314 918/1412/1328 920/1397/1315
f 920/1397/1315 918/1412/1328 921/1413/1329
s 105
f 918/1414/1330 919/1409/1311 921/1415/1331
f 921/1415/1331 919/1409/1311 922/1410/1326
s 114
f 920/1403/1321 921/1416/1332 923/1402/1320
f 923/1402/1320 921/1416/1332 924/1417/1333
s 105
f 921/1416/1334 922/1418/1326 924/1417/1335
f 924/1417/1335 922/1418/1326 925/1419/1327
f 914/1408/1309 915/1420/1336 925/1411/1327
f 925/1411/1327 915/1420/1336 924/1421/1337
s 115
f 915/1422/1338 916/1406/1324 924/1423/1339
f 924/1423/1339 916/1406/1324 923/1407/1325
g default
v -90.000008 32.500000 75.090027
v 90.000008 32.500000 75.090027
v -90.000008 47.500000 70.090027
v 90.000008 47.500000 70.090027
v -90.000008 32.500000 70.090027
v 90.000008 32.500000 70.090027
v -90.000008 45.500198 75.090027
v -90.000008 46.500099 74.822090
v -90.000008 47.232079 74.090118
v -90.000008 47.500000 73.090210
v 90.000008 47.500000 73.090210
v 90.000008 47.232079 74.090118
v 90.000008 46.500099 74.822090
v 90.000008 45.500198 75.090027
v -80.363457 18.120846 76.126053
v -66.454567 18.257896 76.393852
v -52.544525 18.392754 76.582947
v -38.633106 18.525429 76.720665
v -24.720299 18.658138 76.822121
v -10.806474 18.793041 76.900490
v 3.107821 18.931240 76.963768
v 17.022457 19.072803 77.002113
v 30.937265 19.218452 77.025711
v 44.851898 19.368851 77.040199
v 58.765759 19.525578 77.080940
v 72.678154 19.688446 77.165131
v 86.588036 19.854321 77.311813
v -80.545616 36.798626 75.934555
v -66.637619 36.937645 76.120872
v -52.727821 37.069916 76.217827
v -38.817104 37.198105 76.262489
v -24.905380 37.326031 76.276482
v -10.992995 37.457150 76.276978
v 2.919421 37.592178 76.265701
v 16.831526 37.730289 76.230598
v 30.743168 37.873837 76.198639
v 44.654190 38.024166 76.184937
v 58.564987 38.180687 76.187996
v 72.475845 38.344509 76.230194
v 86.382111 38.510757 76.314774
v -80.721069 54.840282 72.014893
v -66.812729 55.012936 72.082939
v -52.902637 55.142708 72.089661
v -38.992973 55.262043 72.074928
v -25.084049 55.381748 72.056976
v -11.175022 55.511486 72.052109
v 2.736676 55.642101 72.032112
v 16.646858 55.761211 71.962013
v 30.554718 55.891094 71.888817
v 44.461685 56.028164 71.821823
v 58.367470 56.169483 71.765404
v 72.274673 56.320808 71.735168
v 86.180786 56.490067 71.738541
v -80.877792 60.665775 55.681099
v -66.972832 60.481289 55.543175
v -53.064079 60.338657 55.407883
v -39.156475 60.202068 55.272186
v -25.248423 60.096443 55.136749
v -11.340399 59.997860 55.002884
v 2.567423 59.920750 54.870701
v 16.475019 59.863991 54.739182
v 30.382387 59.811596 54.608093
v 44.289356 59.726044 54.477669
v 58.195763 59.613552 54.347279
v 72.102081 59.447338 54.216293
v 86.008118 59.296310 54.085316
v -81.064865 59.865246 37.015652
v -67.160759 59.756771 36.880474
v -53.251202 59.667324 36.743572
v -39.341976 59.580898 36.607040
v -25.432306 59.525467 36.470654
v -11.522339 59.476978 36.335484
v 2.387231 59.449375 36.201092
v 16.295837 59.441948 36.067490
v 30.203548 59.418415 35.934780
v 44.110477 59.381672 35.802502
v 58.016735 59.330875 35.670364
v 71.922752 59.268875 35.537220
v 85.826195 59.266705 35.404209
v -81.249489 59.376614 18.344482
v -67.342438 59.348598 18.207258
v -53.434631 59.309586 18.071499
v -39.524761 59.273159 17.934464
v -25.614380 59.267277 17.798040
v -11.704076 59.266850 17.662075
v 2.205850 59.266735 17.526838
v 16.115145 59.266705 17.392242
v 30.023540 59.266705 17.258268
v 43.931007 59.266705 17.124796
v 57.837517 59.266705 16.991503
v 71.743126 59.266705 16.856983
v 85.648033 59.266705 16.725235
v -81.432381 59.266705 -0.332034
v -67.524208 59.266705 -0.468539
v -53.615276 59.266705 -0.604622
v -39.706394 59.266705 -0.740504
v -25.796341 59.266705 -0.876791
v -11.886172 59.266705 -1.012809
v 2.023783 59.266705 -1.148441
v 15.933296 59.266705 -1.283634
v 29.842285 59.266705 -1.418468
v 43.750439 59.266743 -1.552951
v 57.657330 59.266811 -1.687349
v 71.564377 59.266705 -1.821690
v 85.469856 59.266705 -1.953888
v -81.614357 59.266705 -19.007807
v -67.705620 59.266705 -19.143917
v -53.796581 59.284328 -19.280088
v -39.887493 59.334316 -19.416052
v -25.978313 59.366306 -19.551842
v -12.068489 59.386055 -19.687826
v 1.841334 59.394108 -19.823601
v 15.750910 59.404449 -19.959097
v 29.660143 59.420216 -20.094278
v 43.568779 59.429340 -20.229561
v 57.477081 59.440891 -20.364407
v 71.385223 59.466480 -20.499256
v 85.290924 59.516586 -20.630976
v -81.796005 59.273045 -37.683121
v -67.887054 59.399532 -37.818897
v -53.979164 59.547371 -37.954235
v -40.070332 59.670002 -38.089027
v -26.160780 59.751961 -38.224129
v -12.251223 59.821148 -38.358776
v 1.658566 59.844975 -38.494553
v 15.568087 59.881184 -38.629448
v 29.477285 59.904282 -38.764675
v 43.386417 59.927670 -38.899765
v 57.295406 59.980747 -39.034100
v 71.204536 60.056183 -39.168892
v 85.109756 60.180397 -39.298222
v -81.981438 59.604382 -56.353241
v -68.073921 59.888577 -56.486824
v -54.165958 60.145695 -56.618839
v -40.255833 60.319595 -56.751831
v -26.345169 60.451241 -56.885139
v -12.434638 60.536739 -57.019276
v 1.475552 60.594231 -57.153797
v 15.385229 60.632088 -57.288727
v 29.294405 60.667614 -57.423367
v 43.202991 60.725773 -57.557030
v 57.111473 60.808781 -57.690071
v 71.020866 60.931557 -57.822895
v 84.925835 61.106663 -57.954437
v -82.144623 54.762165 -72.964478
v -68.237267 54.601368 -72.931656
v -54.328575 54.460079 -72.916473
v -40.419594 54.328674 -72.921608
v -26.510349 54.200420 -72.939682
v -12.600830 54.073223 -72.967949
v 1.308488 53.944950 -72.999466
v 15.217996 53.818485 -73.037460
v 29.127979 53.691456 -73.075546
v 43.038364 53.560986 -73.106956
v 56.948997 53.423470 -73.120392
v 70.859978 53.275951 -73.109238
v 84.769119 53.106831 -73.058159
v -82.332970 36.509159 -76.619049
v -68.423973 36.343868 -76.466637
v -54.514778 36.184067 -76.356102
v -40.605030 36.031906 -76.279251
v -26.694990 35.887550 -76.243179
v -12.784896 35.750851 -76.247818
v 1.125270 35.615940 -76.243637
v 15.035630 35.481853 -76.237213
v 28.946384 35.347481 -76.227867
v 42.857433 35.212017 -76.213364
v 56.768501 35.074886 -76.188843
v 70.679253 34.934582 -76.123352
v 84.588524 34.791477 -75.983368
v -82.535652 17.841370 -77.463654
v -68.625122 17.679832 -77.263969
v -54.712959 17.521599 -77.119644
v -40.799805 17.368938 -77.017807
v -26.886444 17.222260 -76.936874
v -12.973392 17.080894 -76.873535
v 0.938966 16.942459 -76.800819
v 14.850776 16.805637 -76.728165
v 28.762190 16.669289 -76.653168
v 42.673069 16.532139 -76.565926
v 56.583736 16.393562 -76.478661
v 70.494301 16.252960 -76.342613
v 84.404900 16.112278 -76.153709
v -80.454872 27.458710 76.113556
v -66.546211 27.596298 76.344940
v -52.636047 27.730797 76.494629
v -38.724857 27.862465 76.593315
v -24.812714 27.993820 76.656189
v -10.899954 28.127243 76.697792
v 3.013253 28.264172 76.725998
v 16.926498 28.404514 76.730270
v 30.839655 28.549091 76.719460
v 44.752289 28.698772 76.698654
v 58.664341 28.855785 76.721962
v 72.575600 29.019493 76.801414
v 86.483330 29.184921 76.925308
v -80.499954 32.131077 76.047989
v -66.589676 32.269386 76.259575
v -52.678661 32.402466 76.389450
v -38.767475 32.532146 76.468323
v -24.856178 32.661823 76.511314
v -10.944679 32.794392 76.532944
v 2.966841 32.930759 76.541374
v 16.878017 33.070244 76.526154
v 30.789154 33.213909 76.496223
v 44.700142 33.363785 76.478828
v 58.610779 33.520809 76.496620
v 72.521248 33.685184 76.558365
v 86.431541 33.853611 76.662361
v -80.409744 22.790447 76.138672
v -66.499924 22.927715 76.389442
v -52.588566 23.062183 76.558899
v -38.676674 23.194016 76.677277
v -24.764254 23.325817 76.759209
v -10.851554 23.459770 76.818535
v 3.061400 23.597210 76.863991
v 16.974459 23.738129 76.885078
v 30.887354 23.883331 76.891899
v 44.799896 24.033585 76.888763
v 58.712017 24.190365 76.911674
v 72.623726 24.354134 76.996719
v 86.534958 24.521118 77.137589
v -82.432526 27.175949 -77.135323
v -68.522804 27.013229 -76.943077
v -54.612827 26.853828 -76.802383
v -40.702145 26.701744 -76.723213
v -26.791084 26.556347 -76.677856
v -12.879803 26.416714 -76.651443
v 1.031406 26.279457 -76.608566
v 14.942666 26.143604 -76.564613
v 28.853949 26.008041 -76.523384
v 42.765415 25.871468 -76.472206
v 56.676861 25.733234 -76.408997
v 70.587746 25.592575 -76.301765
v 84.497444 25.451191 -76.121910
v -82.484077 22.506844 -77.315063
v -68.575035 22.345699 -77.112709
v -54.663548 22.187500 -76.974503
v -40.750790 22.035213 -76.889153
v -26.837891 21.888927 -76.827309
v -12.925621 21.748085 -76.781914
v 0.986125 21.610043 -76.721252
v 14.897487 21.473618 -76.665161
v 28.808519 21.337524 -76.607300
v 42.719276 21.200508 -76.539154
v 56.629978 21.061993 -76.456291
v 70.540588 20.921501 -76.329407
v 84.450706 20.780689 -76.134384
v -82.383858 31.839668 -76.912201
v -68.475945 31.678486 -76.739525
v -54.565056 31.519131 -76.609329
v -40.653271 31.366600 -76.528183
v -26.741417 31.221619 -76.490311
v -12.830283 31.082958 -76.480850
v 1.080386 30.946545 -76.456978
v 14.990848 30.811234 -76.430801
v 28.901245 30.675892 -76.401711
v 42.811531 30.539703 -76.367340
v 56.721760 30.401859 -76.321457
v 70.632225 30.261585 -76.233826
v 84.542274 30.119835 -76.073616
v -82.235298 45.806427 -75.599068
v -68.327271 45.636162 -75.488159
v -54.418686 45.478531 -75.417191
v -40.509396 45.329243 -75.365585
v -26.600309 45.186001 -75.334282
v -12.691286 45.053551 -75.359962
v 1.218055 44.922253 -75.385277
v 15.127894 44.791126 -75.409363
v 29.038044 44.659855 -75.434677
v 42.948425 44.527695 -75.460258
v 56.858810 44.394531 -75.487114
v 70.768929 44.259975 -75.512253
v 84.678345 44.121990 -75.516891
v -82.285469 41.161476 -76.211586
v -68.377663 40.998161 -76.078789
v -54.466770 40.839169 -75.987961
v -40.556423 40.687134 -75.918816
v -26.646229 40.543514 -75.889091
v -12.736197 40.408058 -75.903709
v 1.173565 40.274727 -75.916878
v 15.083314 40.142120 -75.930000
v 28.992998 40.009167 -75.940506
v 42.902725 39.875011 -75.946457
v 56.812572 39.739655 -75.952660
v 70.722878 39.601124 -75.929031
v 84.633003 39.458267 -75.829178
v -82.189026 50.373997 -74.618019
v -68.280624 50.210033 -74.541580
v -54.371105 50.055721 -74.490738
v -40.462532 49.910217 -74.458702
v -26.553989 49.770863 -74.446838
v -12.645269 49.635830 -74.456581
v 1.263826 49.505245 -74.482933
v 15.173322 49.375248 -74.510857
v 29.083103 49.244541 -74.537178
v 42.993279 49.112812 -74.563309
v 56.903519 48.979687 -74.589340
v 70.813049 48.844707 -74.615341
v 84.721817 48.711655 -74.658134
v -80.633842 46.121834 75.305855
v -66.725929 46.243324 75.272202
v -52.817131 46.361614 75.238472
v -38.907379 46.477421 75.196510
v -24.996632 46.597000 75.158981
v -11.085218 46.724289 75.130310
v 2.826393 46.861042 75.118774
v 16.737675 47.001179 75.099174
v 30.647766 47.144238 75.065903
v 44.556709 47.292194 75.031967
v 58.465405 47.445366 75.006210
v 72.375511 47.607227 75.008789
v 86.281288 47.777920 75.058990
v -80.675850 50.628113 74.034607
v -66.765976 50.750198 73.999329
v -52.856968 50.872269 73.987640
v -38.948196 50.990696 73.968201
v -25.039516 51.115963 73.959801
v -11.130393 51.252544 73.969055
v 2.779072 51.394855 73.976677
v 16.688597 51.531521 73.944603
v 30.597324 51.670361 73.892075
v 44.505386 51.815434 73.842987
v 58.413326 51.965542 73.804535
v 72.321991 52.125729 73.794426
v 86.229317 52.303265 73.822487
v -80.589706 41.471214 75.733688
v -66.678856 41.608803 75.860847
v -52.768452 41.735355 75.891144
v -38.858379 41.857418 75.887566
v -24.948261 41.980900 75.869934
v -11.037817 42.110073 75.850510
v 2.872483 42.243824 75.819504
v 16.782591 42.382233 75.788452
v 30.692644 42.526566 75.763840
v 44.602276 42.676350 75.741928
v 58.511662 42.831383 75.729614
v 72.421272 42.995171 75.751801
v 86.330193 43.167942 75.815750
v -80.788994 60.498722 65.031082
v -66.881729 60.411045 64.887642
v -52.973675 60.338879 64.750938
v -39.065540 60.273670 64.613380
v -25.157873 60.215019 64.475899
v -11.250604 60.157665 64.342339
v 2.656146 60.120876 64.215401
v 16.563013 60.106926 64.088623
v 30.470688 60.107571 63.960735
v 44.379002 60.097996 63.831467
v 58.288067 60.054302 63.700844
v 72.198608 59.929600 63.569740
v 86.103271 59.606953 63.440735
v -80.753410 58.687298 69.336487
v -66.843918 58.743206 69.247978
v -52.935532 58.791142 69.154808
v -39.026798 58.834919 69.053223
v -25.117825 58.874115 68.946266
v -11.210764 58.907970 68.839417
v 2.694545 58.959003 68.741074
v 16.599680 59.049648 68.641808
v 30.506601 59.149055 68.537140
v 44.414581 59.245502 68.429718
v 58.324169 59.333889 68.322792
v 72.236588 59.405777 68.219780
v 86.145096 59.459599 68.115425
v -80.832863 60.846058 60.352757
v -66.926300 60.681072 60.214355
v -53.018188 60.553310 60.075878
v -39.110390 60.432823 59.938343
v -25.202499 60.331047 59.801846
v -11.294624 60.232250 59.667637
v 2.612868 60.156025 59.536476
v 16.519974 60.095348 59.406673
v 30.427179 60.047306 59.276844
v 44.335178 59.977871 59.147339
v 58.243637 59.860073 59.018452
v 72.150711 59.651569 58.890743
v 86.053185 59.381996 58.759007
v -82.082092 59.920078 -65.688164
v -68.171768 60.113300 -65.827660
v -54.257313 60.196697 -65.955544
v -40.345142 60.236027 -66.084251
v -26.433176 60.254185 -66.213982
v -12.521963 60.257595 -66.345177
v 1.388673 60.250607 -66.476891
v 15.298916 60.236408 -66.608025
v 29.208473 60.216335 -66.737366
v 43.117313 60.196987 -66.864189
v 57.025818 60.180462 -66.986519
v 70.933876 60.172146 -67.103790
v 84.841988 60.185608 -67.225464
v -82.104828 58.486645 -70.135277
v -68.196655 58.364082 -70.161842
v -54.289803 58.272793 -70.214584
v -40.380749 58.185963 -70.284042
v -26.471638 58.097408 -70.360710
v -12.562178 58.005390 -70.441917
v 1.347505 57.909771 -70.524147
v 15.257380 57.810238 -70.605164
v 29.167803 57.707546 -70.683159
v 43.078983 57.599361 -70.752457
v 56.990742 57.486633 -70.809013
v 70.903580 57.366863 -70.846832
v 84.812477 57.222607 -70.850410
v -82.031631 59.805737 -61.020596
v -68.123993 60.168751 -61.154911
v -54.214081 60.406071 -61.287842
v -40.303165 60.551510 -61.422050
v -26.391994 60.652012 -61.557556
v -12.481008 60.714245 -61.693672
v 1.429428 60.752033 -61.829670
v 15.339381 60.780502 -61.965397
v 29.248804 60.808670 -62.100620
v 43.157688 60.847118 -62.235352
v 57.065926 60.906612 -62.369053
v 70.973976 60.994892 -62.502670
v 84.882576 61.106468 -62.639961
v 99.915627 19.716408 -70.000000
v 99.915627 19.716408 70.000000
v 99.915627 72.283592 -70.000000
v 99.915627 72.283592 70.000000
v 104.915619 72.283592 -70.000000
v 104.915619 72.283592 70.000000
v 104.915619 19.716408 -70.000000
v 104.915619 19.716408 70.000000
v 99.915627 73.783592 -70.000000
v 99.915627 73.783592 70.000000
v 104.915619 73.783592 70.000000
v 104.915619 73.783592 -70.000000
v 98.415627 72.883537 -70.000000
v 99.015556 72.283592 -70.000000
v 98.715591 72.363968 -70.000000
v 98.496002 72.583565 -70.000000
v 98.415627 72.883537 70.000000
v 98.496002 72.583565 70.000000
v 98.715591 72.363968 70.000000
v 99.015556 72.283592 70.000000
v 98.715591 73.703217 70.000000
v 98.496002 73.483620 70.000000
v 98.415627 73.183655 70.000000
v 99.015556 73.783592 70.000000
v 98.415627 73.183655 -70.000000
v 98.496002 73.483620 -70.000000
v 98.715591 73.703217 -70.000000
v 99.015556 73.783592 -70.000000
v 106.415619 72.883537 -70.000000
v 106.335243 72.583565 -70.000000
v 106.115654 72.363968 -70.000000
v 105.815674 72.283592 -70.000000
v 106.415619 72.883537 70.000000
v 105.815674 72.283592 70.000000
v 106.115654 72.363968 70.000000
v 106.335243 72.583565 70.000000
v 106.115654 73.703217 -70.000000
v 106.335243 73.483620 -70.000000
v 106.415619 73.183655 -70.000000
v 105.815674 73.783592 -70.000000
v 106.415619 73.183655 70.000000
v 106.335243 73.483620 70.000000
v 106.115654 73.703217 70.000000
v 105.815674 73.783592 70.000000
v -99.665100 34.249874 67.500252
v -98.750122 33.334900 67.500252
v -97.500252 33.000000 67.500252
v -97.500252 33.334900 68.750122
v -97.500252 34.249874 69.665100
v -97.500252 35.499748 70.000000
v -98.750122 35.499748 69.665100
v -99.665100 35.499748 68.750122
v -100.000000 35.499748 67.500252
v 98.750122 33.334900 67.500252
v 99.665100 34.249874 67.500252
v 100.000000 35.499748 67.500252
v 99.665100 35.499748 68.750122
v 98.750122 35.499748 69.665100
v 97.500252 35.499748 70.000000
v 97.500252 34.249874 69.665100
v 97.500252 33.334900 68.750122
v 97.500252 33.000000 67.500252
v -98.750122 57.665096 67.500252
v -99.665100 56.750126 67.500252
v -100.000000 55.500248 67.500252
v -99.665100 55.500248 68.750122
v -98.750122 55.500248 69.665100
v -97.500252 55.500248 70.000000
v -97.500252 56.750126 69.665100
v -97.500252 57.665096 68.750122
v -97.500252 58.000000 67.500252
v 99.665100 56.750126 67.500252
v 98.750122 57.665096 67.500252
v 97.500252 58.000000 67.500252
v 97.500252 57.665096 68.750122
v 97.500252 56.750126 69.665100
v 97.500252 55.500248 70.000000
v 98.750122 55.500248 69.665100
v 99.665100 55.500248 68.750122
v 100.000000 55.500248 67.500252
v -98.750122 55.500248 -69.665100
v -99.665100 55.500248 -68.750122
v -100.000000 55.500248 -67.500252
v -99.665100 56.750126 -67.500252
v -98.750122 57.665096 -67.500252
v -97.500252 58.000000 -67.500252
v -97.500252 57.665096 -68.750122
v -97.500252 56.750126 -69.665100
v -97.500252 55.500248 -70.000000
v 99.665100 55.500248 -68.750122
v 98.750122 55.500248 -69.665100
v 97.500252 55.500248 -70.000000
v 97.500252 56.750126 -69.665100
v 97.500252 57.665096 -68.750122
v 97.500252 58.000000 -67.500252
v 98.750122 57.665096 -67.500252
v 99.665100 56.750126 -67.500252
v 100.000000 55.500248 -67.500252
v -98.750122 33.334900 -67.500252
v -99.665100 34.249874 -67.500252
v -100.000000 35.499748 -67.500252
v -99.665100 35.499748 -68.750122
v -98.750122 35.499748 -69.665100
v -97.500252 35.499748 -70.000000
v -97.500252 34.249874 -69.665100
v -97.500252 33.334900 -68.750122
v -97.500252 33.000000 -67.500252
v 99.665100 34.249874 -67.500252
v 98.750122 33.334900 -67.500252
v 97.500252 33.000000 -67.500252
v 97.500252 33.334900 -68.750122
v 97.500252 34.249874 -69.665100
v 97.500252 35.499748 -70.000000
v 98.750122 35.499748 -69.665100
v 99.665100 35.499748 -68.750122
v 100.000000 35.499748 -67.500252
v -99.477119 34.419647 68.580353
v -98.580353 33.522881 68.580353
v -98.580353 34.419647 69.477119
v 98.580353 33.522881 68.580353
v 99.477119 34.419647 68.580353
v 98.580353 34.419647 69.477119
v -98.580353 57.477116 68.580353
v -99.477119 56.580353 68.580353
v -98.580353 56.580353 69.477119
v 99.477119 56.580353 68.580353
v 98.580353 57.477116 68.580353
v 98.580353 56.580353 69.477119
v -98.580353 56.580353 -69.477119
v -99.477119 56.580353 -68.580353
v -98.580353 57.477116 -68.580353
v 99.477119 56.580353 -68.580353
v 98.580353 56.580353 -69.477119
v 98.580353 57.477116 -68.580353
v -98.580353 33.522881 -68.580353
v -99.477119 34.419647 -68.580353
v -98.580353 34.419647 -69.477119
v 99.477119 34.419647 -68.580353
v 98.580353 33.522881 -68.580353
v 98.580353 34.419647 -69.477119
v -88.827446 66.787323 -58.227161
v -89.204933 67.441162 -58.227161
v -89.783272 67.926453 -58.227161
v -90.492729 68.184662 -58.227161
v -91.247704 68.184662 -58.227161
v -91.957146 67.926453 -58.227161
v -92.535492 67.441162 -58.227161
v -92.912979 66.787323 -58.227161
v -93.044083 66.043823 -58.227161
v -92.912979 65.300323 -58.227161
v -92.535500 64.646492 -58.227161
v -91.957146 64.161194 -58.227161
v -91.247704 63.902981 -58.227161
v -90.492729 63.902981 -58.227161
v -89.783272 64.161194 -58.227161
v -89.204941 64.646492 -58.227161
v -88.827446 65.300323 -58.227161
v -88.696342 66.043823 -58.227161
v -88.827446 66.787323 58.227161
v -89.204933 67.441162 58.227161
v -89.783272 67.926453 58.227161
v -90.492729 68.184662 58.227161
v -91.247704 68.184662 58.227161
v -91.957146 67.926453 58.227161
v -92.535492 67.441162 58.227161
v -92.912979 66.787323 58.227161
v -93.044083 66.043823 58.227161
v -92.912979 65.300323 58.227161
v -92.535500 64.646492 58.227161
v -91.957146 64.161194 58.227161
v -91.247704 63.902981 58.227161
v -90.492729 63.902981 58.227161
v -89.783272 64.161194 58.227161
v -89.204941 64.646492 58.227161
v -88.827446 65.300323 58.227161
v -88.696342 66.043823 58.227161
v -88.827446 66.787323 -58.756512
v -89.204933 67.441162 -58.756512
v -90.870216 66.043823 -58.756512
v -89.783272 67.926453 -58.756512
v -90.492729 68.184662 -58.756512
v -91.247704 68.184662 -58.756512
v -91.957146 67.926453 -58.756512
v -92.535492 67.441162 -58.756512
v -92.912979 66.787323 -58.756512
v -93.044083 66.043823 -58.756512
v -92.912979 65.300323 -58.756512
v -92.535500 64.646492 -58.756512
v -91.957146 64.161194 -58.756512
v -91.247704 63.902981 -58.756512
v -90.492729 63.902981 -58.756512
v -89.783272 64.161194 -58.756512
v -89.204941 64.646492 -58.756512
v -88.827446 65.300323 -58.756512
v -88.696342 66.043823 -58.756512
v -88.827446 66.787323 58.756512
v -89.204933 67.441162 58.756512
v -90.870186 66.043839 58.756512
v -89.783272 67.926453 58.756512
v -90.492729 68.184662 58.756512
v -91.247704 68.184662 58.756512
v -91.957146 67.926453 58.756512
v -92.535492 67.441162 58.756512
v -92.912979 66.787323 58.756512
v -93.044083 66.043823 58.756512
v -92.912979 65.300323 58.756512
v -92.535500 64.646492 58.756512
v -91.957146 64.161194 58.756512
v -91.247704 63.902981 58.756512
v -90.492729 63.902981 58.756512
v -89.783272 64.161194 58.756512
v -89.204941 64.646492 58.756512
v -88.827446 65.300323 58.756512
v -88.696342 66.043823 58.756512
v -84.734955 68.276871 -59.550507
v -83.858116 68.596024 -59.326321
v -83.216217 68.829636 -58.713818
v -82.981277 68.915154 -57.877121
v -85.868698 70.240593 -59.550507
v -85.153893 70.840385 -59.326321
v -84.630623 71.279472 -58.713818
v -84.439087 71.440186 -57.877121
v -87.605705 71.698105 -59.550507
v -87.139153 72.506195 -59.326321
v -86.797607 73.097778 -58.713818
v -86.672600 73.314293 -57.877121
v -89.736450 72.473656 -59.550507
v -89.574425 73.392586 -59.326321
v -89.455818 74.065277 -58.713818
v -89.412392 74.311516 -57.877121
v -92.003960 72.473656 -59.550507
v -92.165993 73.392586 -59.326321
v -92.284615 74.065277 -58.713818
v -92.328026 74.311516 -57.877121
v -94.134712 71.698120 -59.550507
v -94.601280 72.506226 -59.326321
v -94.942810 73.097794 -58.713818
v -95.067833 73.314316 -57.877121
v -95.871735 70.240593 -59.550507
v -96.586540 70.840385 -59.326321
v -97.109810 71.279472 -58.713818
v -97.301346 71.440186 -57.877121
v -97.005478 68.276886 -59.550507
v -97.882317 68.596024 -59.326321
v -98.524208 68.829643 -58.713818
v -98.759155 68.915154 -57.877121
v -97.399231 66.043823 -59.550507
v -98.332321 66.043823 -59.326321
v -99.015427 66.043823 -58.713818
v -99.265450 66.043823 -57.877121
v -97.005478 63.810768 -59.550507
v -97.882317 63.491623 -59.326321
v -98.524208 63.257996 -58.713818
v -98.759155 63.172482 -57.877121
v -95.871735 61.847054 -59.550507
v -96.586540 61.247265 -59.326321
v -97.109810 60.808197 -58.713818
v -97.301346 60.647480 -57.877121
v -94.134712 60.389530 -59.550507
v -94.601280 59.581436 -59.326321
v -94.942810 58.989868 -58.713818
v -95.067833 58.773346 -57.877121
v -92.003960 59.613998 -59.550507
v -92.165993 58.695076 -59.326321
v -92.284615 58.022362 -58.713818
v -92.328026 57.776138 -57.877121
v -89.736450 59.613998 -59.550507
v -89.574440 58.695076 -59.326321
v -89.455818 58.022362 -58.713818
v -89.412407 57.776138 -57.877121
v -87.605705 60.389530 -59.550507
v -87.139153 59.581436 -59.326321
v -86.797607 58.989868 -58.713818
v -86.672600 58.773346 -57.877121
v -85.868698 61.847050 -59.550507
v -85.153893 61.247261 -59.326321
v -84.630623 60.808186 -58.713818
v -84.439087 60.647476 -57.877121
v -84.734955 63.810760 -59.550507
v -83.858116 63.491623 -59.326321
v -83.216217 63.257992 -58.713818
v -82.981277 63.172482 -57.877121
v -84.341202 66.043823 -59.550507
v -83.408089 66.043823 -59.326321
v -82.725006 66.043823 -58.713818
v -82.474983 66.043823 -57.877121
v -82.981277 68.915154 57.877121
v -83.216217 68.829636 58.713818
v -83.858116 68.596024 59.326321
v -84.734955 68.276871 59.550507
v -84.439087 71.440186 57.877121
v -84.630623 71.279472 58.713818
v -85.153893 70.840385 59.326321
v -85.868698 70.240593 59.550507
v -86.672600 73.314293 57.877121
v -86.797607 73.097778 58.713818
v -87.139153 72.506195 59.326321
v -87.605705 71.698105 59.550507
v -89.412392 74.311516 57.877121
v -89.455818 74.065277 58.713818
v -89.574425 73.392586 59.326321
v -89.736450 72.473656 59.550507
v -92.328026 74.311516 57.877121
v -92.284615 74.065277 58.713818
v -92.165993 73.392586 59.326321
v -92.003960 72.473656 59.550507
v -95.067833 73.314316 57.877121
v -94.942810 73.097794 58.713818
v -94.601280 72.506226 59.326321
v -94.134712 71.698120 59.550507
v -97.301346 71.440186 57.877121
v -97.109810 71.279472 58.713818
v -96.586540 70.840385 59.326321
v -95.871735 70.240593 59.550507
v -98.759155 68.915154 57.877121
v -98.524208 68.829643 58.713818
v -97.882317 68.596024 59.326321
v -97.005478 68.276886 59.550507
v -99.265450 66.043823 57.877121
v -99.015427 66.043823 58.713818
v -98.332321 66.043823 59.326321
v -97.399231 66.043823 59.550507
v -98.759155 63.172482 57.877121
v -98.524208 63.257996 58.713818
v -97.882317 63.491623 59.326321
v -97.005478 63.810768 59.550507
v -97.301346 60.647480 57.877121
v -97.109810 60.808197 58.713818
v -96.586540 61.247265 59.326321
v -95.871735 61.847054 59.550507
v -95.067833 58.773346 57.877121
v -94.942810 58.989868 58.713818
v -94.601280 59.581436 59.326321
v -94.134712 60.389530 59.550507
v -92.328026 57.776138 57.877121
v -92.284615 58.022362 58.713818
v -92.165993 58.695068 59.326321
v -92.003960 59.613998 59.550507
v -89.412407 57.776138 57.877121
v -89.455818 58.022362 58.713818
v -89.574440 58.695068 59.326321
v -89.736450 59.613998 59.550507
v -86.672600 58.773346 57.877121
v -86.797607 58.989868 58.713818
v -87.139153 59.581436 59.326321
v -87.605705 60.389530 59.550507
v -84.439087 60.647476 57.877121
v -84.630623 60.808186 58.713818
v -85.153893 61.247261 59.326321
v -85.868698 61.847050 59.550507
v -82.981277 63.172482 57.877121
v -83.216217 63.257992 58.713818
v -83.858116 63.491623 59.326321
v -84.734955 63.810760 59.550507
v -82.474983 66.043823 57.877121
v -82.725006 66.043823 58.713818
v -83.408089 66.043823 59.326321
v -84.341202 66.043823 59.550507
v 90.000000 0.000000 -69.946426
v 110.000000 0.000000 -69.946426
v 90.000000 80.000000 -69.946426
v 110.000000 80.000000 -69.946426
v 90.000000 80.000000 -89.946426
v 110.000000 80.000000 -89.946426
v 90.000000 0.000000 -89.946426
v 110.000000 0.000000 -89.946426
v 90.000000 72.000000 -69.946426
v 90.000000 72.000000 -89.946426
v 110.000000 72.000000 -89.946426
v 110.000000 72.000000 -69.946426
v 90.000000 76.000000 -89.946426
v 90.000000 76.000000 -69.946426
v 110.000000 76.000000 -69.946426
v 110.000000 76.000000 -89.946426
v 88.500000 76.000000 -91.446426
v 88.500000 76.000000 -68.446426
v 111.500000 76.000000 -91.446426
v 111.500000 76.000000 -68.446426
v 89.249924 79.717896 -69.196350
v 88.708771 79.291306 -68.655212
v 88.500000 78.634613 -68.446426
v 88.500000 78.634613 -91.446426
v 88.708771 79.291306 -91.237671
v 89.249924 79.717896 -90.696503
v 111.500000 78.634613 -91.446426
v 111.291237 79.291306 -91.237671
v 110.750076 79.717896 -90.696503
v 111.500000 78.634613 -68.446426
v 111.291237 79.291306 -68.655212
v 110.750076 79.717896 -69.196350
v -109.925194 0.000000 -69.946426
v -89.925194 0.000000 -69.946426
v -109.925194 104.902885 -69.946426
v -89.925194 104.902885 -69.946426
v -109.925194 104.902885 -89.946426
v -89.925194 104.902885 -89.946426
v -109.925194 0.000000 -89.946426
v -89.925194 0.000000 -89.946426
v -109.925194 94.412598 -69.946426
v -109.925194 94.412598 -89.946426
v -89.925194 94.412598 -89.946426
v -89.925194 94.412598 -69.946426
v -111.425194 94.412598 -68.446426
v -111.425194 94.412598 -91.446426
v -88.425194 94.412598 -91.446426
v -88.425194 94.412598 -68.446426
v -110.675270 104.288208 -69.196350
v -111.224586 103.578682 -68.647034
v -111.425194 102.704086 -68.446426
v -111.425194 102.704086 -91.446426
v -111.224586 103.578682 -91.245819
v -110.675270 104.288208 -90.696503
v -88.425194 102.704086 -91.446426
v -88.625801 103.578682 -91.245819
v -89.175117 104.288208 -90.696503
v -88.425194 102.704086 -68.446426
v -88.625801 103.578682 -68.647034
v -89.175117 104.288208 -69.196350
v -90.000008 32.500000 -70.000481
v 90.000008 32.500000 -70.000481
v -90.000008 47.500000 -70.000481
v 90.000008 47.500000 -70.000481
v -90.000008 32.500000 -75.000481
v 90.000008 32.500000 -75.000481
v -90.000008 47.500000 -73.000679
v -90.000008 47.232079 -74.000580
v -90.000008 46.500099 -74.732552
v -90.000008 45.500198 -75.000481
v 90.000008 45.500198 -75.000481
v 90.000008 46.500099 -74.732552
v 90.000008 47.232079 -74.000580
v 90.000008 47.500000 -73.000679
v -109.925194 0.000000 89.773743
v -89.925194 0.000000 89.773743
v -109.925194 104.902885 89.773743
v -89.925194 104.902885 89.773743
v -109.925194 104.902885 69.773743
v -89.925194 104.902885 69.773743
v -109.925194 0.000000 69.773743
v -89.925194 0.000000 69.773743
v -109.925194 94.412598 89.773743
v -109.925194 94.412598 69.773743
v -89.925194 94.412598 69.773743
v -89.925194 94.412598 89.773743
v -111.425194 94.412598 91.273743
v -111.425194 94.412598 68.273743
v -88.425194 94.412598 68.273743
v -88.425194 94.412598 91.273743
v -110.675270 104.288208 90.523827
v -111.224586 103.578682 91.073143
v -111.425194 102.704086 91.273743
v -111.425194 102.704086 68.273743
v -111.224586 103.578682 68.474358
v -110.675270 104.288208 69.023674
v -88.425194 102.704086 68.273743
v -88.625801 103.578682 68.474358
v -89.175117 104.288208 69.023674
v -88.425194 102.704086 91.273743
v -88.625801 103.578682 91.073143
v -89.175117 104.288208 90.523827
v -104.953094 15.215588 -70.000000
v -104.953094 15.215588 70.000000
v -99.953087 15.215588 -70.000000
v -99.953087 15.215588 70.000000
v -104.953094 87.612549 -70.000000
v -104.587006 88.496353 -70.000000
v -103.703217 88.862427 -70.000000
v -103.703217 88.862427 70.000000
v -104.587006 88.496353 70.000000
v -104.953094 87.612549 70.000000
v -101.202965 88.862427 -70.000000
v -100.319168 88.496353 -70.000000
v -99.953087 87.612549 -70.000000
v -99.953087 87.612549 70.000000
v -100.319168 88.496353 70.000000
v -101.202965 88.862427 70.000000
v 90.000000 0.000000 89.773743
v 110.000000 0.000000 89.773743
v 90.000000 80.000000 89.773743
v 110.000000 80.000000 89.773743
v 90.000000 80.000000 69.773743
v 110.000000 80.000000 69.773743
v 90.000000 0.000000 69.773743
v 110.000000 0.000000 69.773743
v 90.000000 72.000000 89.773743
v 90.000000 72.000000 69.773743
v 110.000000 72.000000 69.773743
v 110.000000 72.000000 89.773743
v 90.000000 76.000000 69.773743
v 90.000000 76.000000 89.773743
v 110.000000 76.000000 89.773743
v 110.000000 76.000000 69.773743
v 88.500000 76.000000 68.273743
v 88.500000 76.000000 91.273743
v 111.500000 76.000000 68.273743
v 111.500000 76.000000 91.273743
v 89.249924 79.717896 90.523827
v 88.708771 79.291306 91.064972
v 88.500000 78.634613 91.273743
v 88.500000 78.634613 68.273743
v 88.708771 79.291306 68.482513
v 89.249924 79.717896 69.023674
v 111.500000 78.634613 68.273743
v 111.291237 79.291306 68.482513
v 110.750076 79.717896 69.023674
v 111.500000 78.634613 91.273743
v 111.291237 79.291306 91.064972
v 110.750076 79.717896 90.523827
vt 0.739519 0.341524
vt 0.739519 0.001992
vt 0.764041 0.341524
vt 0.764041 0.001992
vt 0.775725 0.341524
vt 0.775725 0.001992
vt 0.781384 0.341524
vt 0.781384 0.001992
vt 0.788928 0.341524
vt 0.788928 0.001992
vt 0.817222 0.341524
vt 0.817222 0.001992
vt 0.823696 0.341524
vt 0.823696 0.001992
vt 0.833128 0.341524
vt 0.833128 0.001992
vt 0.773839 0.341524
vt 0.773839 0.001992
vt 0.772458 0.341524
vt 0.772458 0.001992
vt 0.765927 0.341524
vt 0.765927 0.001992
vt 0.529960 0.693486
vt 0.529963 0.667257
vt 0.538767 0.667264
vt 0.538763 0.693488
vt 0.529964 0.641030
vt 0.538769 0.641040
vt 0.529964 0.614803
vt 0.538770 0.614814
vt 0.529962 0.588579
vt 0.538769 0.588587
vt 0.529958 0.562354
vt 0.538764 0.562359
vt 0.529951 0.536129
vt 0.538756 0.536130
vt 0.529947 0.509904
vt 0.538751 0.509901
vt 0.529946 0.483678
vt 0.538750 0.483672
vt 0.529947 0.457450
vt 0.538752 0.457442
vt 0.529950 0.431222
vt 0.538755 0.431211
vt 0.529950 0.404995
vt 0.538757 0.404979
vt 0.529944 0.378767
vt 0.538746 0.378758
vt 0.565210 0.693496
vt 0.565219 0.667269
vt 0.574029 0.667280
vt 0.574016 0.693504
vt 0.565217 0.641044
vt 0.574027 0.641054
vt 0.565212 0.614817
vt 0.574021 0.614825
vt 0.565206 0.588588
vt 0.574015 0.588592
vt 0.565198 0.562356
vt 0.574007 0.562358
vt 0.565188 0.536127
vt 0.573996 0.536122
vt 0.565183 0.509899
vt 0.573991 0.509889
vt 0.565182 0.483670
vt 0.573991 0.483659
vt 0.565186 0.457439
vt 0.573995 0.457430
vt 0.565192 0.431207
vt 0.574002 0.431202
vt 0.565202 0.404972
vt 0.574013 0.404971
vt 0.565216 0.378745
vt 0.574029 0.378745
vt 0.600496 0.693504
vt 0.600484 0.667279
vt 0.609297 0.667272
vt 0.609307 0.693493
vt 0.600475 0.641048
vt 0.609284 0.641041
vt 0.600463 0.614818
vt 0.609272 0.614812
vt 0.600454 0.588586
vt 0.609262 0.588582
vt 0.600446 0.562352
vt 0.609255 0.562350
vt 0.600443 0.536118
vt 0.609254 0.536119
vt 0.600446 0.509886
vt 0.609258 0.509888
vt 0.600453 0.483657
vt 0.609267 0.483660
vt 0.600461 0.457431
vt 0.609278 0.457436
vt 0.600472 0.431206
vt 0.609290 0.431214
vt 0.600487 0.404986
vt 0.609306 0.404993
vt 0.600507 0.378771
vt 0.609318 0.378774
vt 0.644503 0.667258
vt 0.644516 0.693474
vt 0.644493 0.641031
vt 0.644485 0.614804
vt 0.644478 0.588576
vt 0.644474 0.562348
vt 0.644474 0.536120
vt 0.644478 0.509894
vt 0.644485 0.483669
vt 0.644494 0.457447
vt 0.644505 0.431226
vt 0.644518 0.405007
vt 0.644530 0.378793
vt 0.679711 0.667247
vt 0.679718 0.693468
vt 0.679702 0.641025
vt 0.679697 0.614800
vt 0.679693 0.588574
vt 0.679692 0.562348
vt 0.679693 0.536123
vt 0.679697 0.509898
vt 0.679703 0.483675
vt 0.679711 0.457454
vt 0.679719 0.431234
vt 0.679731 0.405016
vt 0.679737 0.378799
vt 0.714917 0.667245
vt 0.714920 0.693467
vt 0.714913 0.641022
vt 0.714909 0.614799
vt 0.714908 0.588575
vt 0.714908 0.562351
vt 0.714909 0.536127
vt 0.714913 0.509903
vt 0.714919 0.483680
vt 0.714926 0.457459
vt 0.714934 0.431239
vt 0.714943 0.405019
vt 0.714947 0.378801
vt 0.750123 0.667246
vt 0.750122 0.693469
vt 0.750123 0.641023
vt 0.750123 0.614801
vt 0.750122 0.588579
vt 0.750123 0.562355
vt 0.750125 0.536132
vt 0.750129 0.509908
vt 0.750134 0.483685
vt 0.750141 0.457463
vt 0.750148 0.431241
vt 0.750155 0.405019
vt 0.750157 0.378802
vt 0.785331 0.667250
vt 0.785326 0.693474
vt 0.785335 0.641028
vt 0.785337 0.614806
vt 0.785338 0.588583
vt 0.785339 0.562361
vt 0.785341 0.536137
vt 0.785344 0.509914
vt 0.785349 0.483691
vt 0.785355 0.457467
vt 0.785362 0.431243
vt 0.785370 0.405019
vt 0.785369 0.378801
vt 0.820537 0.667259
vt 0.820527 0.693484
vt 0.820545 0.641037
vt 0.820549 0.614813
vt 0.820550 0.588589
vt 0.820550 0.562366
vt 0.820551 0.536143
vt 0.820554 0.509920
vt 0.820559 0.483696
vt 0.820565 0.457472
vt 0.820571 0.431246
vt 0.820578 0.405017
vt 0.820580 0.378796
vt 0.846942 0.693502
vt 0.846976 0.667275
vt 0.855785 0.667289
vt 0.855757 0.693515
vt 0.846984 0.641048
vt 0.855796 0.641056
vt 0.846990 0.614820
vt 0.855801 0.614824
vt 0.846994 0.588595
vt 0.855805 0.588594
vt 0.846997 0.562370
vt 0.855809 0.562367
vt 0.847000 0.536145
vt 0.855812 0.536141
vt 0.847004 0.509922
vt 0.855817 0.509918
vt 0.847009 0.483698
vt 0.855823 0.483695
vt 0.847017 0.457474
vt 0.855830 0.457473
vt 0.847024 0.431249
vt 0.855837 0.431251
vt 0.847033 0.405022
vt 0.855847 0.405028
vt 0.847057 0.378799
vt 0.855864 0.378805
vt 0.882228 0.693524
vt 0.882227 0.667299
vt 0.891033 0.667293
vt 0.891030 0.693520
vt 0.882236 0.641066
vt 0.891041 0.641065
vt 0.882244 0.614834
vt 0.891048 0.614837
vt 0.882251 0.588603
vt 0.891056 0.588609
vt 0.882258 0.562374
vt 0.891063 0.562382
vt 0.882264 0.536148
vt 0.891069 0.536156
vt 0.882270 0.509924
vt 0.891075 0.509931
vt 0.882276 0.483701
vt 0.891082 0.483705
vt 0.882282 0.457478
vt 0.891088 0.457480
vt 0.882289 0.431256
vt 0.891095 0.431254
vt 0.882296 0.405032
vt 0.891101 0.405029
vt 0.882301 0.378806
vt 0.891105 0.378803
vt 0.917459 0.693517
vt 0.917456 0.667292
vt 0.926258 0.667290
vt 0.926260 0.693517
vt 0.917459 0.641068
vt 0.926260 0.641067
vt 0.917466 0.614842
vt 0.926267 0.614844
vt 0.917475 0.588617
vt 0.926276 0.588620
vt 0.917485 0.562391
vt 0.926286 0.562395
vt 0.917493 0.536165
vt 0.926295 0.536169
vt 0.917500 0.509939
vt 0.926302 0.509942
vt 0.917506 0.483712
vt 0.926308 0.483715
vt 0.917513 0.457486
vt 0.926315 0.457487
vt 0.917519 0.431258
vt 0.926321 0.431259
vt 0.917524 0.405029
vt 0.926326 0.405029
vt 0.917525 0.378800
vt 0.926327 0.378798
vt 0.512349 0.693488
vt 0.512349 0.667258
vt 0.521151 0.667260
vt 0.521150 0.693487
vt 0.512352 0.641028
vt 0.521154 0.641033
vt 0.512353 0.614801
vt 0.521157 0.614807
vt 0.512352 0.588576
vt 0.521156 0.588582
vt 0.512348 0.562353
vt 0.521152 0.562357
vt 0.512342 0.536128
vt 0.521146 0.536131
vt 0.512338 0.509903
vt 0.521141 0.509903
vt 0.512337 0.483678
vt 0.521140 0.483675
vt 0.512338 0.457453
vt 0.521141 0.457447
vt 0.512340 0.431229
vt 0.521143 0.431220
vt 0.512338 0.405004
vt 0.521141 0.404993
vt 0.512329 0.378777
vt 0.521130 0.378771
vt 0.503545 0.693488
vt 0.503545 0.667259
vt 0.503548 0.641030
vt 0.503550 0.614804
vt 0.503551 0.588579
vt 0.503548 0.562355
vt 0.503543 0.536130
vt 0.503539 0.509903
vt 0.503538 0.483677
vt 0.503538 0.457451
vt 0.503538 0.431226
vt 0.503535 0.405004
vt 0.503525 0.378780
vt 0.899849 0.693520
vt 0.899845 0.667297
vt 0.908650 0.667290
vt 0.908650 0.693517
vt 0.899850 0.641068
vt 0.908654 0.641065
vt 0.899858 0.614838
vt 0.908662 0.614841
vt 0.899866 0.588610
vt 0.908670 0.588616
vt 0.899875 0.562382
vt 0.908679 0.562390
vt 0.899882 0.536157
vt 0.908686 0.536165
vt 0.899889 0.509931
vt 0.908693 0.509938
vt 0.899895 0.483706
vt 0.908699 0.483711
vt 0.899902 0.457482
vt 0.908705 0.457484
vt 0.899908 0.431257
vt 0.908712 0.431256
vt 0.899914 0.405031
vt 0.908717 0.405028
vt 0.899916 0.378803
vt 0.908719 0.378800
vt 0.864594 0.693520
vt 0.864604 0.667292
vt 0.873411 0.667294
vt 0.873399 0.693521
vt 0.864615 0.641059
vt 0.873421 0.641064
vt 0.864623 0.614827
vt 0.873428 0.614832
vt 0.864628 0.588597
vt 0.873434 0.588602
vt 0.864633 0.562370
vt 0.873439 0.562374
vt 0.864638 0.536144
vt 0.873445 0.536148
vt 0.864643 0.509920
vt 0.873450 0.509923
vt 0.864648 0.483697
vt 0.873456 0.483699
vt 0.864654 0.457475
vt 0.873462 0.457476
vt 0.864661 0.431253
vt 0.873469 0.431253
vt 0.864670 0.405031
vt 0.873477 0.405030
vt 0.864683 0.378808
vt 0.873487 0.378806
vt 0.547580 0.693489
vt 0.547586 0.667261
vt 0.556392 0.667273
vt 0.556384 0.693495
vt 0.547586 0.641035
vt 0.556393 0.641048
vt 0.547584 0.614810
vt 0.556392 0.614821
vt 0.547580 0.588584
vt 0.556388 0.588591
vt 0.547574 0.562356
vt 0.556382 0.562359
vt 0.547567 0.536130
vt 0.556372 0.536127
vt 0.547562 0.509903
vt 0.556367 0.509897
vt 0.547561 0.483675
vt 0.556366 0.483667
vt 0.547563 0.457445
vt 0.556368 0.457436
vt 0.547567 0.431213
vt 0.556373 0.431204
vt 0.547572 0.404982
vt 0.556380 0.404968
vt 0.547573 0.378754
vt 0.556376 0.378745
vt 0.582851 0.693503
vt 0.582860 0.667277
vt 0.591660 0.667281
vt 0.591655 0.693506
vt 0.582853 0.641051
vt 0.591652 0.641052
vt 0.582844 0.614821
vt 0.591644 0.614821
vt 0.582835 0.588588
vt 0.591636 0.588589
vt 0.582825 0.562355
vt 0.591628 0.562355
vt 0.582807 0.536122
vt 0.591618 0.536119
vt 0.582802 0.509892
vt 0.591617 0.509885
vt 0.582804 0.483662
vt 0.591620 0.483654
vt 0.582810 0.457434
vt 0.591627 0.457427
vt 0.582818 0.431205
vt 0.591636 0.431204
vt 0.582830 0.404972
vt 0.591652 0.404982
vt 0.582858 0.378746
vt 0.591672 0.378763
vt 0.829334 0.693490
vt 0.829353 0.667262
vt 0.838163 0.667273
vt 0.838135 0.693499
vt 0.829362 0.641039
vt 0.838172 0.641043
vt 0.829366 0.614815
vt 0.838178 0.614817
vt 0.829368 0.588592
vt 0.838180 0.588590
vt 0.829370 0.562368
vt 0.838182 0.562365
vt 0.829372 0.536145
vt 0.838185 0.536141
vt 0.829376 0.509922
vt 0.838189 0.509918
vt 0.829381 0.483698
vt 0.838194 0.483695
vt 0.829388 0.457473
vt 0.838201 0.457472
vt 0.829395 0.431247
vt 0.838208 0.431248
vt 0.829402 0.405020
vt 0.838215 0.405023
vt 0.829413 0.378793
vt 0.838230 0.378798
vt 0.062557 0.642362
vt 0.062557 0.378282
vt 0.161713 0.642362
vt 0.161713 0.378282
vt 0.045101 0.642362
vt 0.045101 0.378282
vt 0.054532 0.642362
vt 0.054532 0.378282
vt 0.101027 0.646110
vt 0.101027 0.910190
vt 0.001870 0.646110
vt 0.001870 0.910190
vt 0.117621 0.646110
vt 0.117621 0.910190
vt 0.108190 0.646110
vt 0.108190 0.910190
vt 0.493722 0.642362
vt 0.493722 0.378282
vt 0.494289 0.642362
vt 0.494289 0.378282
vt 0.203347 0.971311
vt 0.203347 0.961879
vt 0.206176 0.971311
vt 0.206176 0.961879
vt 0.485436 0.642362
vt 0.485436 0.378282
vt 0.486002 0.642362
vt 0.486002 0.378282
vt 0.215326 0.961879
vt 0.215326 0.971310
vt 0.212496 0.961879
vt 0.212496 0.971310
vt 0.126923 0.646110
vt 0.126923 0.910190
vt 0.125225 0.646110
vt 0.125225 0.910190
vt 0.043403 0.378282
vt 0.043403 0.642362
vt 0.133809 0.910190
vt 0.133809 0.646110
vt 0.135507 0.910190
vt 0.135507 0.646110
vt 0.056230 0.642362
vt 0.056230 0.378282
vt 0.493157 0.642362
vt 0.493157 0.378282
vt 0.492742 0.642362
vt 0.492742 0.378282
vt 0.124659 0.646110
vt 0.124659 0.910190
vt 0.494854 0.378282
vt 0.494854 0.642362
vt 0.495269 0.378282
vt 0.495269 0.642362
vt 0.042837 0.378282
vt 0.042837 0.642362
vt 0.136073 0.646110
vt 0.136073 0.910190
vt 0.484456 0.378282
vt 0.484870 0.378282
vt 0.484456 0.642362
vt 0.484870 0.642362
vt 0.486568 0.378282
vt 0.486568 0.642362
vt 0.486982 0.378282
vt 0.486982 0.642362
vt 0.056796 0.642362
vt 0.056796 0.378282
vt 0.203347 0.973008
vt 0.206176 0.973008
vt 0.203498 0.973574
vt 0.206025 0.973574
vt 0.205610 0.973988
vt 0.203913 0.973988
vt 0.205045 0.974140
vt 0.204478 0.974140
vt 0.212496 0.973008
vt 0.215326 0.973008
vt 0.215174 0.973574
vt 0.212648 0.973574
vt 0.214760 0.973988
vt 0.213062 0.973988
vt 0.214194 0.974140
vt 0.213628 0.974140
vt 0.215326 0.960181
vt 0.212496 0.960181
vt 0.215174 0.959615
vt 0.212648 0.959615
vt 0.213062 0.959201
vt 0.214760 0.959201
vt 0.213628 0.959050
vt 0.214194 0.959050
vt 0.206176 0.960181
vt 0.203347 0.960181
vt 0.203498 0.959615
vt 0.206025 0.959615
vt 0.203913 0.959201
vt 0.205610 0.959201
vt 0.204478 0.959050
vt 0.205045 0.959050
vt 0.260604 0.372176
vt 0.260604 0.374534
vt 0.005954 0.372176
vt 0.005954 0.374534
vt 0.142959 0.650193
vt 0.144685 0.650193
vt 0.142959 0.904843
vt 0.144685 0.904843
vt 0.147042 0.650193
vt 0.147042 0.904843
vt 0.273412 0.372176
vt 0.271055 0.372176
vt 0.273412 0.004350
vt 0.271055 0.004350
vt 0.264687 0.372176
vt 0.262961 0.372176
vt 0.264687 0.004350
vt 0.262961 0.004350
vt 0.260604 0.004350
vt 0.147042 0.647836
vt 0.184769 0.650193
vt 0.184769 0.647836
vt 0.147042 0.646110
vt 0.184769 0.646110
vt 0.273412 0.374534
vt 0.311139 0.374534
vt 0.311139 0.372176
vt 0.200111 0.904843
vt 0.197753 0.904843
vt 0.200111 0.650193
vt 0.197753 0.650193
vt 0.196027 0.904843
vt 0.196027 0.650193
vt 0.260604 0.001992
vt 0.005954 0.001992
vt 0.005954 0.004350
vt 0.273412 0.001992
vt 0.311139 0.004350
vt 0.311139 0.001992
vt 0.200111 0.908926
vt 0.200111 0.907200
vt 0.237837 0.908926
vt 0.237837 0.907200
vt 0.237837 0.904843
vt 0.187127 0.650193
vt 0.184769 0.904843
vt 0.187127 0.904843
vt 0.188852 0.650193
vt 0.188852 0.904843
vt 0.324547 0.374534
vt 0.324547 0.372176
vt 0.579196 0.374534
vt 0.579196 0.372176
vt 0.322189 0.372176
vt 0.324547 0.004350
vt 0.322189 0.004350
vt 0.320463 0.372176
vt 0.320463 0.004350
vt 0.313497 0.372176
vt 0.313497 0.004350
vt 0.324547 0.001992
vt 0.579196 0.004350
vt 0.579196 0.001992
vt 0.241921 0.904843
vt 0.240195 0.904843
vt 0.241921 0.650193
vt 0.240195 0.650193
vt 0.237837 0.650193
vt 0.184769 0.907200
vt 0.147042 0.907200
vt 0.184769 0.908926
vt 0.147042 0.908926
vt 0.591822 0.374534
vt 0.591822 0.372176
vt 0.629548 0.374534
vt 0.629548 0.372176
vt 0.589464 0.372176
vt 0.591822 0.004350
vt 0.589464 0.004350
vt 0.583280 0.372176
vt 0.581554 0.372176
vt 0.583280 0.004350
vt 0.581554 0.004350
vt 0.591822 0.001992
vt 0.629548 0.004350
vt 0.629548 0.001992
vt 0.237837 0.646110
vt 0.237837 0.647836
vt 0.200111 0.646110
vt 0.200111 0.647836
vt 0.003596 0.372176
vt 0.003596 0.004350
vt 0.001870 0.372176
vt 0.001870 0.004350
vt 0.631906 0.372176
vt 0.631906 0.004350
vt 0.145005 0.648156
vt 0.143313 0.648156
vt 0.262641 0.374214
vt 0.264333 0.374214
vt 0.271375 0.374214
vt 0.145005 0.646464
vt 0.262641 0.002312
vt 0.196382 0.906880
vt 0.198073 0.906880
vt 0.198073 0.908572
vt 0.271375 0.002312
vt 0.264333 0.002312
vt 0.322509 0.374214
vt 0.188498 0.648156
vt 0.186806 0.648156
vt 0.186806 0.646464
vt 0.313176 0.374214
vt 0.320818 0.374214
vt 0.239875 0.906880
vt 0.241566 0.906880
vt 0.322509 0.002312
vt 0.320818 0.002312
vt 0.313176 0.002312
vt 0.239875 0.908572
vt 0.589784 0.374214
vt 0.186806 0.908572
vt 0.186806 0.906880
vt 0.188498 0.906880
vt 0.581234 0.374214
vt 0.582925 0.374214
vt 0.239875 0.648156
vt 0.239875 0.646464
vt 0.589784 0.002312
vt 0.582925 0.002312
vt 0.581234 0.002312
vt 0.241566 0.648156
vt 0.003917 0.374214
vt 0.143313 0.906880
vt 0.145005 0.906880
vt 0.145005 0.908572
vt 0.631586 0.374214
vt 0.002225 0.374214
vt 0.198073 0.648156
vt 0.196382 0.648156
vt 0.003917 0.002312
vt 0.002225 0.002312
vt 0.631586 0.002312
vt 0.198073 0.646464
vt 0.223050 0.960011
vt 0.224283 0.959299
vt 0.225684 0.963150
vt 0.222135 0.961101
vt 0.221649 0.962439
vt 0.221649 0.963862
vt 0.222135 0.965199
vt 0.223050 0.966290
vt 0.224283 0.967001
vt 0.225684 0.967248
vt 0.227086 0.967001
vt 0.228319 0.966290
vt 0.229234 0.965199
vt 0.229720 0.963862
vt 0.229720 0.962439
vt 0.229234 0.961101
vt 0.228319 0.960011
vt 0.227086 0.959299
vt 0.225684 0.959052
vt 0.241726 0.959298
vt 0.242959 0.960010
vt 0.240324 0.963150
vt 0.243874 0.961101
vt 0.244361 0.962438
vt 0.244361 0.963862
vt 0.243874 0.965200
vt 0.242959 0.966290
vt 0.241726 0.967002
vt 0.240324 0.967249
vt 0.238922 0.967002
vt 0.237689 0.966290
vt 0.236774 0.965200
vt 0.236287 0.963862
vt 0.236287 0.962438
vt 0.236774 0.961101
vt 0.237689 0.960010
vt 0.238922 0.959298
vt 0.240324 0.959051
vt 0.253112 0.906274
vt 0.251689 0.906274
vt 0.251689 0.905276
vt 0.253112 0.905276
vt 0.254535 0.906274
vt 0.254535 0.905276
vt 0.255958 0.906274
vt 0.255958 0.905276
vt 0.257381 0.906274
vt 0.257382 0.905277
vt 0.258805 0.906275
vt 0.258805 0.905277
vt 0.260228 0.906275
vt 0.260228 0.905277
vt 0.261651 0.906275
vt 0.261651 0.905277
vt 0.263074 0.906275
vt 0.263074 0.905277
vt 0.264497 0.906275
vt 0.264497 0.905278
vt 0.265920 0.906276
vt 0.265920 0.905278
vt 0.267344 0.906276
vt 0.267344 0.905278
vt 0.268767 0.906276
vt 0.268767 0.905278
vt 0.270190 0.906276
vt 0.270190 0.905278
vt 0.271613 0.906276
vt 0.271613 0.905279
vt 0.247419 0.906273
vt 0.245996 0.906273
vt 0.245996 0.905275
vt 0.247419 0.905275
vt 0.248842 0.906273
vt 0.248843 0.905275
vt 0.250266 0.906273
vt 0.250266 0.905276
vt 0.255633 0.902150
vt 0.257057 0.902150
vt 0.257057 0.903148
vt 0.255633 0.903148
vt 0.258480 0.902150
vt 0.258480 0.903148
vt 0.259903 0.902150
vt 0.259903 0.903148
vt 0.261327 0.902150
vt 0.261327 0.903148
vt 0.262750 0.902150
vt 0.262750 0.903148
vt 0.264173 0.902150
vt 0.264173 0.903148
vt 0.265597 0.902150
vt 0.265597 0.903148
vt 0.267020 0.902150
vt 0.267020 0.903148
vt 0.268444 0.902150
vt 0.268443 0.903148
vt 0.269867 0.902150
vt 0.269867 0.903148
vt 0.271290 0.902150
vt 0.271290 0.903148
vt 0.245670 0.902149
vt 0.247093 0.902149
vt 0.247093 0.903147
vt 0.245670 0.903147
vt 0.248516 0.902149
vt 0.248516 0.903147
vt 0.249940 0.902149
vt 0.249940 0.903147
vt 0.251363 0.902149
vt 0.251363 0.903148
vt 0.252787 0.902150
vt 0.252787 0.903148
vt 0.254210 0.902150
vt 0.254210 0.903148
vt 0.146240 0.970426
vt 0.144982 0.971153
vt 0.139594 0.964732
vt 0.143373 0.962549
vt 0.144047 0.972266
vt 0.136788 0.968075
vt 0.143551 0.973631
vt 0.135296 0.972176
vt 0.143551 0.975084
vt 0.135296 0.976540
vt 0.144047 0.976450
vt 0.136788 0.980641
vt 0.144982 0.977563
vt 0.139594 0.983984
vt 0.146240 0.978290
vt 0.143373 0.986166
vt 0.147671 0.978542
vt 0.147671 0.986924
vt 0.149102 0.978290
vt 0.151969 0.986166
vt 0.150360 0.977563
vt 0.155748 0.983984
vt 0.151294 0.976450
vt 0.158554 0.980641
vt 0.151791 0.975084
vt 0.160046 0.976540
vt 0.151791 0.973631
vt 0.160046 0.972176
vt 0.151294 0.972266
vt 0.158554 0.968075
vt 0.150360 0.971153
vt 0.155748 0.964732
vt 0.149102 0.970426
vt 0.151969 0.962549
vt 0.147671 0.970174
vt 0.147671 0.961792
vt 0.345426 0.650634
vt 0.350923 0.650635
vt 0.350888 0.868872
vt 0.345391 0.868872
vt 0.356420 0.650636
vt 0.356385 0.868873
vt 0.257474 0.650620
vt 0.262971 0.650621
vt 0.262936 0.868859
vt 0.257439 0.868858
vt 0.268468 0.650622
vt 0.268433 0.868859
vt 0.273965 0.650623
vt 0.273930 0.868860
vt 0.279462 0.650624
vt 0.279427 0.868861
vt 0.284959 0.650624
vt 0.284924 0.868862
vt 0.290456 0.650625
vt 0.290421 0.868863
vt 0.295953 0.650626
vt 0.295918 0.868864
vt 0.301450 0.650627
vt 0.301415 0.868865
vt 0.306947 0.650628
vt 0.306912 0.868865
vt 0.312444 0.650629
vt 0.312409 0.868866
vt 0.317941 0.650630
vt 0.317906 0.868867
vt 0.323438 0.650630
vt 0.323403 0.868868
vt 0.328935 0.650631
vt 0.328900 0.868869
vt 0.334432 0.650632
vt 0.334397 0.868870
vt 0.339929 0.650633
vt 0.339894 0.868871
vt 0.186738 0.962550
vt 0.190517 0.964732
vt 0.185129 0.971153
vt 0.183871 0.970426
vt 0.193322 0.968075
vt 0.186063 0.972266
vt 0.194815 0.972176
vt 0.186560 0.973631
vt 0.194815 0.976540
vt 0.186560 0.975084
vt 0.193322 0.980641
vt 0.186063 0.976450
vt 0.190517 0.983984
vt 0.185129 0.977563
vt 0.186738 0.986166
vt 0.183871 0.978289
vt 0.182440 0.986924
vt 0.182440 0.978542
vt 0.178142 0.986166
vt 0.181009 0.978289
vt 0.174363 0.983984
vt 0.179750 0.977563
vt 0.171557 0.980641
vt 0.178816 0.976450
vt 0.170065 0.976540
vt 0.178319 0.975084
vt 0.170065 0.972176
vt 0.178319 0.973631
vt 0.171557 0.968075
vt 0.178816 0.972266
vt 0.174363 0.964732
vt 0.179750 0.971153
vt 0.178142 0.962550
vt 0.181009 0.970426
vt 0.182440 0.961792
vt 0.182440 0.970174
vt 0.948146 0.036019
vt 0.952691 0.032497
vt 0.963682 0.048236
vt 0.958810 0.051290
vt 0.142759 0.960862
vt 0.147671 0.959996
vt 0.859619 0.298036
vt 0.859940 0.296337
vt 0.865009 0.297997
vt 0.864262 0.299558
vt 0.936018 0.021883
vt 0.940191 0.017927
vt 0.854740 0.297756
vt 0.854615 0.296031
vt 0.138439 0.963356
vt 0.922546 0.009021
vt 0.926305 0.004671
vt 0.849953 0.298737
vt 0.849390 0.297101
vt 0.135233 0.967177
vt 0.915163 0.305794
vt 0.911737 0.301177
vt 0.926122 0.289346
vt 0.929991 0.293600
vt 0.845577 0.300911
vt 0.844613 0.299475
vt 0.133527 0.971864
vt 0.939262 0.276145
vt 0.943534 0.279994
vt 0.839510 0.328857
vt 0.840902 0.327829
vt 0.844288 0.331352
vt 0.843206 0.332702
vt 0.133527 0.976852
vt 0.951025 0.261705
vt 0.955658 0.265110
vt 0.848464 0.333889
vt 0.847765 0.335472
vt 0.135233 0.981539
vt 0.961296 0.246167
vt 0.966245 0.249095
vt 0.853151 0.335271
vt 0.852881 0.336980
vt 0.138439 0.985360
vt 0.969974 0.229686
vt 0.975188 0.232108
vt 0.858036 0.335404
vt 0.858213 0.337125
vt 0.142759 0.987854
vt 0.976971 0.212425
vt 0.982401 0.214317
vt 0.862792 0.334281
vt 0.863404 0.335899
vt 0.147671 0.988720
vt 0.982220 0.194554
vt 0.987811 0.195898
vt 0.867100 0.331976
vt 0.868107 0.333383
vt 0.152583 0.987854
vt 0.985668 0.176250
vt 0.991364 0.177033
vt 0.870674 0.328643
vt 0.872007 0.329745
vt 0.156903 0.985360
vt 0.987281 0.157695
vt 0.993027 0.157907
vt 0.873273 0.324505
vt 0.874845 0.325228
vt 0.160109 0.981539
vt 0.987044 0.139071
vt 0.992782 0.138711
vt 0.874725 0.319839
vt 0.876429 0.320135
vt 0.161815 0.976852
vt 0.984958 0.120562
vt 0.990632 0.119635
vt 0.874931 0.314957
vt 0.876655 0.314806
vt 0.161815 0.971864
vt 0.981044 0.102352
vt 0.986598 0.100866
vt 0.873880 0.310185
vt 0.875507 0.309597
vt 0.160109 0.967177
vt 0.975341 0.084621
vt 0.980720 0.082591
vt 0.871639 0.305842
vt 0.873061 0.304857
vt 0.156903 0.963356
vt 0.967905 0.067544
vt 0.973056 0.064989
vt 0.868360 0.302219
vt 0.869482 0.300902
vt 0.152583 0.960862
vt 0.187352 0.960862
vt 0.182440 0.959996
vt 0.963787 0.208501
vt 0.961832 0.206865
vt 0.966807 0.200277
vt 0.968915 0.201709
vt 0.885982 0.307746
vt 0.886387 0.306065
vt 0.891245 0.306586
vt 0.891285 0.308315
vt 0.191671 0.963356
vt 0.881002 0.305836
vt 0.881825 0.304315
vt 0.958010 0.214749
vt 0.956227 0.212928
vt 0.194877 0.967177
vt 0.874617 0.277963
vt 0.873134 0.277072
vt 0.876448 0.272894
vt 0.877653 0.274135
vt 0.951641 0.220392
vt 0.950047 0.218403
vt 0.196583 0.971864
vt 0.880723 0.269705
vt 0.881570 0.271213
vt 0.950070 0.088809
vt 0.951664 0.086820
vt 0.958031 0.092466
vt 0.956248 0.094287
vt 0.196583 0.976852
vt 0.885673 0.267718
vt 0.886105 0.269393
vt 0.963806 0.098716
vt 0.961851 0.100351
vt 0.194877 0.981539
vt 0.890967 0.267067
vt 0.890954 0.268797
vt 0.968932 0.105509
vt 0.966824 0.106941
vt 0.191671 0.985360
vt 0.896250 0.267796
vt 0.895795 0.269464
vt 0.973358 0.112777
vt 0.971118 0.113993
vt 0.187352 0.987853
vt 0.901171 0.269854
vt 0.900302 0.271350
vt 0.977040 0.120449
vt 0.974690 0.121436
vt 0.182440 0.988719
vt 0.905399 0.273106
vt 0.904176 0.274329
vt 0.979942 0.128449
vt 0.977505 0.129198
vt 0.177528 0.987853
vt 0.908652 0.277332
vt 0.907156 0.278201
vt 0.982035 0.136697
vt 0.979536 0.137201
vt 0.173208 0.985360
vt 0.910712 0.282252
vt 0.909044 0.282708
vt 0.983298 0.145113
vt 0.980762 0.145365
vt 0.170002 0.981539
vt 0.911442 0.287535
vt 0.909713 0.287548
vt 0.983720 0.153612
vt 0.981171 0.153611
vt 0.168296 0.976852
vt 0.910794 0.292829
vt 0.909118 0.292398
vt 0.983295 0.162111
vt 0.980759 0.161857
vt 0.168296 0.971864
vt 0.908809 0.297780
vt 0.907300 0.296934
vt 0.982029 0.170526
vt 0.979530 0.170022
vt 0.170002 0.967177
vt 0.905622 0.302056
vt 0.904380 0.300851
vt 0.979933 0.178774
vt 0.977497 0.178024
vt 0.173208 0.963356
vt 0.901444 0.305372
vt 0.900553 0.303889
vt 0.977028 0.186772
vt 0.974679 0.185784
vt 0.177528 0.960862
vt 0.896556 0.307506
vt 0.896075 0.305844
vt 0.973343 0.194443
vt 0.971104 0.193226
vt 0.732199 0.696709
vt 0.769925 0.696709
vt 0.732199 0.832521
vt 0.769925 0.832521
vt 0.136234 0.954099
vt 0.136234 0.916373
vt 0.173960 0.954099
vt 0.173960 0.916373
vt 0.776118 0.704254
vt 0.813844 0.704254
vt 0.776118 0.840066
vt 0.813844 0.840066
vt 0.089891 0.960282
vt 0.127616 0.960282
vt 0.089891 0.998008
vt 0.127616 0.998008
vt 0.820037 0.696709
vt 0.857762 0.696709
vt 0.820037 0.832521
vt 0.857762 0.832521
vt 0.863955 0.696709
vt 0.901681 0.696709
vt 0.863955 0.832521
vt 0.901681 0.832521
vt 0.863955 0.840066
vt 0.901681 0.840066
vt 0.732199 0.840066
vt 0.769925 0.840066
vt 0.820037 0.840066
vt 0.857762 0.840066
vt 0.776118 0.696709
vt 0.813844 0.696709
vt 0.506523 0.920015
vt 0.544249 0.920015
vt 0.503694 0.922844
vt 0.547078 0.922844
vt 0.506523 0.882289
vt 0.503694 0.879459
vt 0.544249 0.882289
vt 0.547078 0.879459
vt 0.309450 0.873670
vt 0.310689 0.874064
vt 0.309450 0.917055
vt 0.310689 0.916661
vt 0.311493 0.875085
vt 0.311493 0.915640
vt 0.304480 0.917055
vt 0.304480 0.873670
vt 0.492963 0.922844
vt 0.492963 0.879459
vt 0.497933 0.922844
vt 0.497933 0.879459
vt 0.291707 0.917055
vt 0.291707 0.873670
vt 0.296676 0.917055
vt 0.296676 0.873670
vt 0.479756 0.922844
vt 0.479756 0.879459
vt 0.484725 0.922844
vt 0.484725 0.879459
vt 0.134819 0.955514
vt 0.175375 0.955514
vt 0.175375 0.914958
vt 0.134819 0.914958
vt 0.491725 0.922450
vt 0.491725 0.879853
vt 0.176395 0.956535
vt 0.176395 0.913937
vt 0.297915 0.874064
vt 0.297915 0.916661
vt 0.298720 0.875085
vt 0.298720 0.915640
vt 0.133798 0.956535
vt 0.133798 0.913937
vt 0.485964 0.922450
vt 0.485964 0.879853
vt 0.556525 0.697696
vt 0.594251 0.697696
vt 0.556525 0.875785
vt 0.594251 0.875785
vt 0.184607 0.952851
vt 0.184607 0.915125
vt 0.222333 0.952851
vt 0.222333 0.915125
vt 0.600444 0.697696
vt 0.638170 0.697696
vt 0.600444 0.875785
vt 0.638170 0.875785
vt 0.001870 0.993137
vt 0.001870 0.955411
vt 0.039596 0.993137
vt 0.039596 0.955411
vt 0.644362 0.697696
vt 0.682088 0.697696
vt 0.644362 0.875785
vt 0.682088 0.875785
vt 0.688281 0.696709
vt 0.726007 0.696709
vt 0.688281 0.874798
vt 0.726007 0.874798
vt 0.601770 0.920088
vt 0.639495 0.920088
vt 0.598940 0.922918
vt 0.642325 0.922918
vt 0.601770 0.882362
vt 0.598940 0.879533
vt 0.639495 0.882362
vt 0.642325 0.879533
vt 0.358442 0.873670
vt 0.360092 0.874049
vt 0.358442 0.917055
vt 0.360092 0.916676
vt 0.361430 0.875085
vt 0.361430 0.915640
vt 0.342802 0.917055
vt 0.342802 0.873670
vt 0.577539 0.922918
vt 0.577539 0.879533
vt 0.593179 0.922918
vt 0.593179 0.879533
vt 0.317254 0.917055
vt 0.317254 0.873670
vt 0.332894 0.917055
vt 0.332894 0.873670
vt 0.552839 0.922918
vt 0.552839 0.879533
vt 0.568479 0.922918
vt 0.568479 0.879533
vt 0.362590 0.876500
vt 0.362590 0.914225
vt 0.223748 0.954266
vt 0.223748 0.913710
vt 0.337042 0.876500
vt 0.337042 0.914225
vt 0.335882 0.875085
vt 0.335882 0.915640
vt 0.183192 0.913710
vt 0.183192 0.954266
vt 0.575890 0.922539
vt 0.575890 0.879911
vt 0.224784 0.955302
vt 0.224784 0.912674
vt 0.334544 0.874049
vt 0.334544 0.916676
vt 0.182156 0.955302
vt 0.182156 0.912674
vt 0.570129 0.922539
vt 0.570129 0.879911
vt 0.638873 0.341524
vt 0.638873 0.001992
vt 0.667167 0.341524
vt 0.667167 0.001992
vt 0.673641 0.341524
vt 0.673641 0.001992
vt 0.679301 0.341524
vt 0.679301 0.001992
vt 0.691997 0.341524
vt 0.691997 0.001992
vt 0.716519 0.341524
vt 0.716519 0.001992
vt 0.723050 0.341524
vt 0.723050 0.001992
vt 0.732481 0.341524
vt 0.732481 0.001992
vt 0.690111 0.341524
vt 0.690111 0.001992
vt 0.682567 0.341524
vt 0.681187 0.341524
vt 0.682567 0.001992
vt 0.681187 0.001992
vt 0.380851 0.646110
vt 0.418577 0.646110
vt 0.380851 0.824199
vt 0.418577 0.824199
vt 0.232995 0.952851
vt 0.232995 0.915125
vt 0.270721 0.952851
vt 0.270721 0.915125
vt 0.424770 0.646110
vt 0.462495 0.646110
vt 0.424770 0.824199
vt 0.462495 0.824199
vt 0.041954 0.951663
vt 0.041954 0.913938
vt 0.079680 0.951663
vt 0.079680 0.913938
vt 0.468688 0.697623
vt 0.506414 0.697623
vt 0.468688 0.875712
vt 0.506414 0.875712
vt 0.512607 0.697623
vt 0.550332 0.697623
vt 0.512607 0.875712
vt 0.550332 0.875712
vt 0.722564 0.919101
vt 0.760290 0.919101
vt 0.719735 0.921930
vt 0.763119 0.921930
vt 0.722564 0.881375
vt 0.719735 0.878546
vt 0.760290 0.881375
vt 0.763119 0.878546
vt 0.383991 0.873670
vt 0.385640 0.874049
vt 0.383991 0.917055
vt 0.385640 0.916676
vt 0.386979 0.875085
vt 0.386979 0.915640
vt 0.368351 0.917055
vt 0.368351 0.873670
vt 0.698334 0.921930
vt 0.698334 0.878546
vt 0.713974 0.921930
vt 0.713974 0.878546
vt 0.671136 0.922918
vt 0.671136 0.879533
vt 0.686776 0.922918
vt 0.686776 0.879533
vt 0.648085 0.922918
vt 0.648085 0.879533
vt 0.663725 0.922918
vt 0.663725 0.879533
vt 0.388138 0.876500
vt 0.388138 0.914225
vt 0.272136 0.954266
vt 0.272136 0.913710
vt 0.690924 0.882362
vt 0.690924 0.920088
vt 0.689764 0.880948
vt 0.689764 0.921503
vt 0.231581 0.913710
vt 0.231581 0.954266
vt 0.696684 0.921552
vt 0.696684 0.878924
vt 0.273172 0.955302
vt 0.273172 0.912674
vt 0.688426 0.879911
vt 0.688426 0.922539
vt 0.230544 0.955302
vt 0.230544 0.912674
vt 0.665375 0.922539
vt 0.665375 0.879911
vt 0.340466 0.642362
vt 0.340466 0.378282
vt 0.477028 0.642362
vt 0.477028 0.378282
vt 0.328322 0.642362
vt 0.328322 0.378282
vt 0.333039 0.642362
vt 0.333039 0.378282
vt 0.319228 0.378282
vt 0.319228 0.642362
vt 0.182666 0.378282
vt 0.182666 0.642362
vt 0.176906 0.378282
vt 0.176906 0.642362
vt 0.167474 0.378282
vt 0.167474 0.642362
vt 0.326655 0.642362
vt 0.326655 0.378282
vt 0.478695 0.642362
vt 0.478695 0.378282
vt 0.320895 0.378282
vt 0.320895 0.642362
vt 0.334706 0.642362
vt 0.334706 0.378282
vt 0.899339 0.843814
vt 0.937065 0.843814
vt 0.899339 0.979627
vt 0.937065 0.979627
vt 0.087876 0.954099
vt 0.087876 0.916373
vt 0.125602 0.954099
vt 0.125602 0.916373
vt 0.855853 0.851359
vt 0.893579 0.851359
vt 0.855853 0.987172
vt 0.893579 0.987172
vt 0.045972 0.960282
vt 0.083698 0.960282
vt 0.045972 0.998008
vt 0.083698 0.998008
vt 0.812366 0.843814
vt 0.850092 0.843814
vt 0.812366 0.979627
vt 0.850092 0.979627
vt 0.768880 0.843814
vt 0.806606 0.843814
vt 0.768880 0.979627
vt 0.806606 0.979627
vt 0.768880 0.987172
vt 0.806606 0.987172
vt 0.899339 0.987172
vt 0.937065 0.987172
vt 0.812366 0.987172
vt 0.850092 0.987172
vt 0.855853 0.843814
vt 0.893579 0.843814
vt 0.433440 0.920015
vt 0.471166 0.920015
vt 0.430611 0.922844
vt 0.473995 0.922844
vt 0.433440 0.882289
vt 0.430611 0.879459
vt 0.471166 0.882289
vt 0.473995 0.879459
vt 0.283902 0.873670
vt 0.285141 0.874064
vt 0.283902 0.917055
vt 0.285141 0.916661
vt 0.285946 0.875085
vt 0.285946 0.915640
vt 0.278933 0.917055
vt 0.278933 0.873670
vt 0.419880 0.871331
vt 0.419880 0.827947
vt 0.424850 0.871331
vt 0.424850 0.827947
vt 0.393899 0.871331
vt 0.393899 0.827947
vt 0.398868 0.871331
vt 0.398868 0.827947
vt 0.406673 0.871331
vt 0.406673 0.827947
vt 0.411642 0.871331
vt 0.411642 0.827947
vt 0.086461 0.955514
vt 0.127017 0.955514
vt 0.127017 0.914958
vt 0.086461 0.914958
vt 0.418642 0.870937
vt 0.418642 0.828340
vt 0.128038 0.956535
vt 0.128038 0.913938
vt 0.400107 0.828340
vt 0.400107 0.870937
vt 0.400912 0.829361
vt 0.400912 0.869917
vt 0.085441 0.956535
vt 0.085441 0.913938
vt 0.412881 0.870937
vt 0.412881 0.828340
vn 0.000000 0.000000 1.000000
vn 0.000000 0.000000 1.000000
vn 0.000000 0.019135 0.999817
vn 0.000000 0.019135 0.999817
vn 0.000000 0.997764 0.066830
vn 0.000000 0.997764 0.066830
vn 0.000000 1.000000 0.000000
vn 0.000000 1.000000 0.000000
vn 0.000000 0.000000 -1.000000
vn 0.000000 0.000000 -1.000000
vn 0.000000 0.000000 -1.000000
vn 0.000000 0.000000 -1.000000
vn 0.000000 -1.000000 0.000000
vn 0.000000 -1.000000 0.000000
vn 0.000000 -1.000000 0.000000
vn 0.000000 -1.000000 0.000000
vn 0.000000 0.866026 0.500000
vn 0.000000 0.866025 0.500000
vn 0.000000 0.707104 0.707109
vn 0.000000 0.707104 0.707109
vn 0.000000 0.258831 0.965923
vn 0.000000 0.258833 0.965922
vn -0.015322 0.021420 0.999653
vn -0.012336 0.024067 0.999634
vn -0.009981 0.042966 0.999027
vn -0.013153 0.038015 0.999191
vn -0.007531 0.029589 0.999534
vn -0.005143 0.052808 0.998591
vn -0.004494 0.035235 0.999369
vn -0.002517 0.061545 0.998101
vn -0.002609 0.040420 0.999179
vn -0.001140 0.068121 0.997676
vn -0.001504 0.044999 0.998986
vn -0.000322 0.073010 0.997331
vn -0.000242 0.049280 0.998785
vn 0.000694 0.076653 0.997057
vn 0.000930 0.053023 0.998593
vn 0.001309 0.078418 0.996920
vn 0.000962 0.055019 0.998485
vn 0.000827 0.078671 0.996900
vn -0.000548 0.055729 0.998446
vn -0.000383 0.079562 0.996830
vn -0.003419 0.057582 0.998335
vn -0.002560 0.082322 0.996602
vn -0.006662 0.061121 0.998108
vn -0.005559 0.086254 0.996258
vn -0.008230 0.063148 0.997970
vn -0.007107 0.088344 0.996065
vn -0.002769 0.347450 0.937694
vn -0.002458 0.343552 0.939131
vn -0.003719 0.511610 0.859210
vn -0.004907 0.507258 0.861780
vn -0.001687 0.337912 0.941176
vn -0.001983 0.520936 0.853593
vn -0.001466 0.335026 0.942208
vn -0.001493 0.531394 0.847123
vn -0.002302 0.332811 0.942991
vn -0.002059 0.543274 0.839553
vn -0.002951 0.331410 0.943482
vn -0.002589 0.556261 0.831004
vn -0.001797 0.332718 0.943025
vn -0.001701 0.567754 0.823197
vn -0.000187 0.336810 0.941572
vn -0.000762 0.575979 0.817464
vn 0.000014 0.341205 0.939989
vn -0.000954 0.582388 0.812911
vn -0.000605 0.344852 0.938657
vn -0.001481 0.589203 0.807984
vn -0.002102 0.348239 0.937404
vn -0.002517 0.597679 0.801731
vn -0.004738 0.351880 0.936033
vn -0.004254 0.609103 0.793080
vn -0.006293 0.353872 0.935273
vn -0.005261 0.615725 0.787944
vn 0.010954 0.999861 0.012597
vn 0.009723 0.999920 0.008128
vn 0.009380 0.999161 -0.039867
vn 0.010529 0.999108 -0.040889
vn 0.008206 0.999966 -0.000129
vn 0.008061 0.999243 -0.038070
vn 0.007216 0.999949 -0.007083
vn 0.006831 0.999313 -0.036425
vn 0.006360 0.999900 -0.012605
vn 0.005547 0.999389 -0.034518
vn 0.005406 0.999839 -0.017137
vn 0.004567 0.999464 -0.032414
vn 0.003915 0.999761 -0.021517
vn 0.003113 0.999538 -0.030248
vn 0.002806 0.999651 -0.026276
vn 0.002529 0.999596 -0.028316
vn 0.003127 0.999474 -0.032274
vn 0.003514 0.999632 -0.026879
vn 0.005249 0.999202 -0.039593
vn 0.005254 0.999668 -0.025214
vn 0.009440 0.998877 -0.046433
vn 0.007599 0.999732 -0.021883
vn 0.015021 0.998830 -0.045960
vn 0.008202 0.999851 -0.015172
vn 0.017794 0.998937 -0.042519
vn 0.007331 0.999916 -0.010733
vn 0.006795 0.999504 -0.030744
vn 0.007398 0.999445 -0.032489
vn 0.006075 0.999600 -0.027634
vn 0.004861 0.999678 -0.024921
vn 0.003542 0.999746 -0.022246
vn 0.002760 0.999801 -0.019741
vn 0.001664 0.999843 -0.017662
vn 0.001385 0.999871 -0.016033
vn 0.002186 0.999894 -0.014386
vn 0.003238 0.999921 -0.012147
vn 0.004448 0.999950 -0.008968
vn 0.003958 0.999980 -0.004975
vn 0.002767 0.999992 -0.002841
vn 0.002853 0.999908 -0.013275
vn 0.002814 0.999889 -0.014599
vn 0.002831 0.999938 -0.010774
vn 0.001950 0.999961 -0.008639
vn 0.000979 0.999975 -0.006984
vn 0.000637 0.999983 -0.005776
vn 0.000269 0.999987 -0.005028
vn 0.000235 0.999989 -0.004586
vn 0.000503 0.999992 -0.003978
vn 0.000757 0.999995 -0.002990
vn 0.000998 0.999998 -0.001651
vn 0.000573 1.000000 -0.000463
vn 0.000039 1.000000 -0.000029
vn 0.000424 0.999998 -0.002005
vn 0.000478 0.999997 -0.002572
vn 0.000066 1.000000 -0.000478
vn -0.000344 0.999999 0.001316
vn -0.000383 0.999997 0.002537
vn -0.000215 0.999995 0.003113
vn -0.000131 0.999994 0.003426
vn -0.000198 0.999993 0.003726
vn -0.000185 0.999992 0.004067
vn -0.000145 0.999990 0.004372
vn -0.000287 0.999989 0.004760
vn -0.000626 0.999985 0.005518
vn -0.000844 0.999981 0.006026
vn -0.002746 0.999989 0.003726
vn -0.002255 0.999996 0.001885
vn -0.003574 0.999966 0.007380
vn -0.003209 0.999939 0.010557
vn -0.002162 0.999914 0.012928
vn -0.001193 0.999893 0.014552
vn -0.000718 0.999879 0.015572
vn -0.000843 0.999866 0.016372
vn -0.000699 0.999854 0.017078
vn -0.000886 0.999839 0.017902
vn -0.001635 0.999813 0.019280
vn -0.002948 0.999765 0.021489
vn -0.003818 0.999732 0.022833
vn -0.009793 0.999817 0.016448
vn -0.009528 0.999871 0.012940
vn -0.009123 0.999708 0.022379
vn -0.006902 0.999631 0.026286
vn -0.004851 0.999571 0.028869
vn -0.002906 0.999524 0.030728
vn -0.001789 0.999486 0.032003
vn -0.001640 0.999460 0.032833
vn -0.001574 0.999434 0.033609
vn -0.002490 0.999388 0.034885
vn -0.004134 0.999313 0.036835
vn -0.006565 0.999199 0.039472
vn -0.008123 0.999127 0.040971
vn -0.015521 0.999382 0.031527
vn -0.016185 0.999476 0.028045
vn -0.012656 0.999265 0.036188
vn -0.008946 0.999245 0.037794
vn -0.006285 0.999245 0.038333
vn -0.003890 0.999251 0.038507
vn -0.002438 0.999250 0.038633
vn -0.001998 0.999250 0.038666
vn -0.002214 0.999242 0.038855
vn -0.003607 0.999220 0.039314
vn -0.005691 0.999193 0.039770
vn -0.008557 0.999163 0.040003
vn -0.010287 0.999146 0.040016
vn 0.000974 0.803040 -0.595925
vn 0.000877 0.792126 -0.610358
vn 0.005981 0.472849 -0.881123
vn 0.007088 0.478347 -0.878142
vn 0.000597 0.772706 -0.634764
vn 0.004077 0.461687 -0.887033
vn 0.000321 0.757199 -0.653184
vn 0.002761 0.450735 -0.892654
vn 0.000170 0.743612 -0.668611
vn 0.001808 0.440995 -0.897508
vn 0.000129 0.731065 -0.682308
vn 0.001150 0.432914 -0.901434
vn 0.000139 0.719190 -0.694813
vn 0.000786 0.426228 -0.904616
vn 0.000194 0.707840 -0.706373
vn 0.000674 0.420228 -0.907418
vn 0.000444 0.696641 -0.717420
vn 0.000906 0.414672 -0.909970
vn 0.000956 0.684833 -0.728700
vn 0.001561 0.409941 -0.912111
vn 0.001745 0.671551 -0.740957
vn 0.002659 0.406539 -0.913630
vn 0.003099 0.655398 -0.755277
vn 0.004355 0.405799 -0.913952
vn 0.003989 0.646301 -0.763072
vn 0.005404 0.406358 -0.913698
vn 0.010726 0.106774 -0.994226
vn 0.009196 0.104654 -0.994466
vn 0.010255 0.070615 -0.997451
vn 0.011798 0.072709 -0.997283
vn 0.006757 0.100811 -0.994883
vn 0.007443 0.067170 -0.997714
vn 0.004562 0.098298 -0.995147
vn 0.004675 0.065290 -0.997855
vn 0.001571 0.096826 -0.995300
vn 0.001770 0.063914 -0.997954
vn -0.000044 0.094785 -0.995498
vn 0.000641 0.061421 -0.998112
vn 0.000059 0.091817 -0.995776
vn 0.000962 0.057734 -0.998331
vn 0.000120 0.088466 -0.996079
vn 0.001084 0.053576 -0.998563
vn 0.000275 0.084721 -0.996405
vn 0.001328 0.049323 -0.998782
vn 0.000438 0.080275 -0.996773
vn 0.001749 0.044708 -0.998999
vn 0.001379 0.074023 -0.997256
vn 0.003361 0.039113 -0.999229
vn 0.004432 0.063911 -0.997946
vn 0.007358 0.032644 -0.999440
vn 0.006599 0.057597 -0.998318
vn 0.010003 0.029292 -0.999521
vn 0.014710 0.034591 -0.999293
vn 0.012591 0.034322 -0.999332
vn 0.012661 0.031793 -0.999414
vn 0.014814 0.031952 -0.999380
vn 0.008573 0.033372 -0.999406
vn 0.008777 0.030442 -0.999498
vn 0.005738 0.031143 -0.999499
vn 0.006221 0.027355 -0.999606
vn 0.004152 0.027659 -0.999609
vn 0.004761 0.023484 -0.999713
vn 0.003990 0.023932 -0.999706
vn 0.004550 0.019896 -0.999792
vn 0.004386 0.020572 -0.999779
vn 0.004876 0.016754 -0.999848
vn 0.004309 0.017334 -0.999841
vn 0.004832 0.013417 -0.999898
vn 0.004687 0.013788 -0.999894
vn 0.005275 0.009668 -0.999939
vn 0.005411 0.010302 -0.999932
vn 0.005914 0.006463 -0.999962
vn 0.007380 0.007258 -0.999946
vn 0.007827 0.004459 -0.999959
vn 0.011333 0.004790 -0.999924
vn 0.011661 0.003532 -0.999926
vn 0.013675 0.003753 -0.999899
vn 0.013833 0.003347 -0.999899
vn -0.018014 0.003111 0.999833
vn -0.015131 0.005170 0.999872
vn -0.013826 0.013777 0.999810
vn -0.016740 0.011641 0.999792
vn -0.010429 0.009346 0.999902
vn -0.009096 0.018048 0.999796
vn -0.007328 0.013555 0.999881
vn -0.006007 0.022296 0.999733
vn -0.005260 0.017671 0.999830
vn -0.003978 0.026469 0.999642
vn -0.003993 0.021625 0.999758
vn -0.002762 0.030533 0.999530
vn -0.002654 0.025414 0.999674
vn -0.001464 0.034510 0.999403
vn -0.001298 0.029114 0.999575
vn -0.000121 0.038443 0.999261
vn -0.000473 0.032822 0.999461
vn 0.000517 0.041771 0.999127
vn -0.001272 0.036090 0.999348
vn -0.000708 0.043641 0.999047
vn -0.004420 0.038057 0.999266
vn -0.004046 0.044881 0.998984
vn -0.008421 0.039338 0.999191
vn -0.007728 0.047202 0.998855
vn -0.010397 0.040052 0.999144
vn -0.009428 0.048787 0.998765
vn -0.018628 -0.001062 0.999826
vn -0.015771 0.000931 0.999875
vn -0.011093 0.005028 0.999926
vn -0.007985 0.009228 0.999925
vn -0.005897 0.013395 0.999893
vn -0.004598 0.017449 0.999837
vn -0.003235 0.021317 0.999768
vn -0.001872 0.025033 0.999685
vn -0.001056 0.028707 0.999587
vn -0.001706 0.032439 0.999472
vn -0.004588 0.035208 0.999369
vn -0.008634 0.036327 0.999303
vn -0.010766 0.036564 0.999273
vn 0.013003 0.052973 -0.998511
vn 0.011377 0.051128 -0.998627
vn 0.012221 0.040401 -0.999109
vn 0.014120 0.041386 -0.999044
vn 0.007992 0.048434 -0.998794
vn 0.008290 0.039115 -0.999200
vn 0.004773 0.047291 -0.998870
vn 0.005034 0.038071 -0.999262
vn 0.002243 0.045925 -0.998942
vn 0.003044 0.035734 -0.999357
vn 0.001641 0.042980 -0.999075
vn 0.002817 0.032184 -0.999478
vn 0.002155 0.039065 -0.999234
vn 0.003337 0.028445 -0.999590
vn 0.002241 0.035167 -0.999379
vn 0.003295 0.025089 -0.999680
vn 0.002491 0.031473 -0.999502
vn 0.003576 0.021841 -0.999755
vn 0.003091 0.027617 -0.999614
vn 0.004313 0.018266 -0.999824
vn 0.004972 0.023431 -0.999713
vn 0.006290 0.014312 -0.999878
vn 0.009071 0.019057 -0.999777
vn 0.010383 0.010249 -0.999894
vn 0.011677 0.016847 -0.999790
vn 0.012932 0.008242 -0.999882
vn 0.008431 0.278141 -0.960503
vn 0.007321 0.274651 -0.961516
vn 0.008262 0.164904 -0.986275
vn 0.009656 0.167427 -0.985837
vn 0.005423 0.268131 -0.963367
vn 0.006095 0.160345 -0.987042
vn 0.003920 0.262241 -0.964994
vn 0.004381 0.156827 -0.987616
vn 0.002182 0.257954 -0.966155
vn 0.001791 0.155016 -0.987910
vn 0.000826 0.256255 -0.966609
vn 0.000001 0.154446 -0.988001
vn 0.000405 0.255429 -0.966828
vn -0.000143 0.153466 -0.988154
vn 0.000334 0.254149 -0.967165
vn -0.000134 0.151894 -0.988397
vn 0.000418 0.252917 -0.967488
vn -0.000091 0.150114 -0.988669
vn 0.000661 0.252618 -0.967566
vn -0.000085 0.148089 -0.988974
vn 0.001114 0.254182 -0.967156
vn 0.000175 0.145178 -0.989406
vn 0.001711 0.258133 -0.966108
vn 0.001323 0.138226 -0.990400
vn 0.002029 0.260709 -0.965415
vn 0.002183 0.133101 -0.991100
vn -0.008055 0.078984 0.996843
vn -0.005577 0.088399 0.996069
vn -0.001541 0.196366 0.980529
vn -0.002179 0.190992 0.981589
vn -0.001990 0.103636 0.994613
vn -0.000380 0.203270 0.979123
vn -0.000434 0.113182 0.993574
vn 0.000062 0.204979 0.978766
vn 0.000041 0.119064 0.992887
vn -0.000367 0.204131 0.978943
vn 0.000196 0.122015 0.992528
vn -0.000933 0.201291 0.979531
vn 0.000594 0.122389 0.992482
vn -0.000660 0.198477 0.980105
vn 0.000827 0.121598 0.992579
vn 0.000164 0.198264 0.980149
vn 0.000552 0.121792 0.992555
vn 0.000397 0.200519 0.979690
vn -0.000116 0.123675 0.992323
vn -0.000076 0.203406 0.979094
vn -0.001824 0.126788 0.991928
vn -0.001589 0.206357 0.978476
vn -0.004705 0.130515 0.991435
vn -0.004374 0.209614 0.977774
vn -0.006310 0.132453 0.991169
vn -0.006018 0.211343 0.977393
vn -0.000045 0.788595 0.614913
vn 0.000541 0.798456 0.602054
vn 0.006393 0.977492 0.210874
vn 0.007041 0.975101 0.221648
vn 0.001335 0.815701 0.578472
vn 0.005536 0.981605 0.190840
vn 0.001533 0.830020 0.557731
vn 0.005022 0.984861 0.173272
vn 0.001329 0.843406 0.537274
vn 0.004632 0.987506 0.157515
vn 0.000595 0.856082 0.516840
vn 0.003728 0.989719 0.142978
vn -0.000435 0.866831 0.498602
vn 0.001946 0.991732 0.128314
vn -0.001272 0.875396 0.483405
vn 0.000474 0.993637 0.112626
vn -0.001625 0.883133 0.469120
vn 0.000296 0.995376 0.096055
vn -0.001383 0.891580 0.452861
vn 0.001658 0.996987 0.077554
vn -0.000508 0.902085 0.431558
vn 0.004986 0.998506 0.054417
vn 0.001758 0.917043 0.398784
vn 0.011414 0.999620 0.025076
vn 0.003399 0.925705 0.378230
vn 0.015536 0.999840 0.008868
vn -0.021336 0.999348 0.029140
vn -0.017918 0.999597 0.022016
vn -0.009774 0.981335 -0.192056
vn -0.012369 0.985411 -0.169741
vn -0.011788 0.999909 0.006625
vn -0.005786 0.973234 -0.229741
vn -0.007759 0.999935 -0.008312
vn -0.003746 0.966486 -0.256693
vn -0.005263 0.999782 -0.020224
vn -0.002570 0.960653 -0.277738
vn -0.003333 0.999562 -0.029413
vn -0.001703 0.955425 -0.295228
vn -0.002208 0.999332 -0.036479
vn -0.001177 0.950547 -0.310579
vn -0.001775 0.999095 -0.042500
vn -0.000917 0.945645 -0.325199
vn -0.002148 0.998798 -0.048963
vn -0.000914 0.940319 -0.340292
vn -0.003239 0.998352 -0.057290
vn -0.001187 0.934087 -0.357042
vn -0.004902 0.997657 -0.068240
vn -0.001686 0.926369 -0.376612
vn -0.007069 0.996584 -0.082285
vn -0.002340 0.916411 -0.400231
vn -0.008236 0.995895 -0.090140
vn -0.002688 0.910656 -0.413158
vn -1.000000 0.000000 0.000000
vn -1.000000 0.000000 0.000000
vn -1.000000 0.000000 0.000000
vn -1.000000 0.000000 0.000000
vn 0.000000 1.000000 0.000000
vn 0.000000 1.000000 0.000000
vn 0.000000 1.000000 0.000000
vn 0.000000 1.000000 0.000000
vn 1.000000 0.000000 0.000000
vn 1.000000 0.000000 0.000000
vn 1.000000 0.000000 0.000000
vn 1.000000 0.000000 0.000000
vn 0.000000 -1.000000 0.000000
vn 0.000000 -1.000000 0.000000
vn 0.000000 -1.000000 0.000000
vn 0.000000 -1.000000 0.000000
vn -0.991150 -0.132746 0.000000
vn -0.991147 -0.132770 0.000000
vn -0.991147 0.132772 0.000000
vn -0.991150 0.132748 0.000000
vn 0.000000 0.000000 1.000000
vn 0.000000 0.000000 1.000000
vn 0.000000 0.000000 1.000000
vn 0.000000 0.000000 1.000000
vn 0.991147 -0.132769 0.000000
vn 0.991150 -0.132748 0.000000
vn 0.991150 0.132750 0.000000
vn 0.991147 0.132771 0.000000
vn 0.000000 0.000000 -1.000000
vn 0.000000 0.000000 -1.000000
vn 0.000000 0.000000 -1.000000
vn 0.000000 0.000000 -1.000000
vn 0.000000 -1.000000 0.000000
vn 0.000000 -1.000000 0.000000
vn -0.066829 -0.997764 0.000000
vn -0.066828 -0.997764 0.000000
vn -0.066829 0.997764 0.000000
vn -0.066828 0.997764 0.000000
vn 0.000000 -1.000000 0.000000
vn 0.000000 -1.000000 0.000000
vn 0.066829 -0.997764 0.000000
vn 0.066828 -0.997764 0.000000
vn 0.066829 0.997764 0.000000
vn 0.066828 0.997764 0.000000
vn -0.866037 -0.499979 0.000000
vn -0.866026 -0.500000 0.000000
vn -0.707123 -0.707091 0.000000
vn -0.707123 -0.707091 0.000000
vn -0.258825 -0.965924 0.000000
vn -0.258814 -0.965927 0.000000
vn -0.866034 0.499985 0.000000
vn -0.866022 0.500005 0.000000
vn -0.707123 0.707091 0.000000
vn -0.707123 0.707091 0.000000
vn -0.258825 0.965924 0.000000
vn -0.258814 0.965927 0.000000
vn 0.258803 -0.965930 0.000000
vn 0.258814 -0.965927 0.000000
vn 0.707123 -0.707091 0.000000
vn 0.866036 -0.499982 0.000000
vn 0.707123 -0.707091 0.000000
vn 0.866027 -0.499997 0.000000
vn 0.866024 0.500002 0.000000
vn 0.866033 0.499988 0.000000
vn 0.707123 0.707091 0.000000
vn 0.707123 0.707091 0.000000
vn 0.258814 0.965927 0.000000
vn 0.258803 0.965930 0.000000
vn 0.000000 0.000000 1.000000
vn 0.000000 0.000000 1.000000
vn 0.000000 0.000000 1.000000
vn 0.000000 0.000000 1.000000
vn 0.000000 0.000000 1.000000
vn 0.000000 0.000000 1.000000
vn 0.000000 0.000000 1.000000
vn 0.000000 0.000000 1.000000
vn 0.000000 0.000000 -1.000000
vn 0.000000 0.000000 -1.000000
vn 0.000000 0.000000 -1.000000
vn 0.000000 0.000000 -1.000000
vn 0.000000 0.000000 -1.000000
vn 0.000000 0.000000 -1.000000
vn 0.000000 0.000000 -1.000000
vn 0.000000 0.000000 -1.000000
vn 0.000000 0.000000 -1.000000
vn 0.000000 0.000000 -1.000000
vn 0.000000 0.000000 -1.000000
vn 0.000000 0.000000 -1.000000
vn 0.000000 0.000000 -1.000000
vn 0.000000 0.000000 -1.000000
vn 0.000000 0.000000 -1.000000
vn 0.000000 0.000000 -1.000000
vn 0.000000 0.000000 1.000000
vn 0.000000 0.000000 1.000000
vn 0.000000 0.000000 1.000000
vn 0.000000 0.000000 1.000000
vn 0.000000 0.000000 1.000000
vn 0.000000 0.000000 1.000000
vn 0.000000 0.000000 1.000000
vn 0.000000 0.000000 1.000000
vn -0.001706 -0.999996 0.002457
vn -0.499976 -0.866037 0.001883
vn -0.001706 -0.999996 -0.002457
vn -0.499969 -0.866041 -0.001883
vn -0.707107 -0.707104 0.001826
vn -0.707101 -0.707110 -0.001826
vn -0.965926 -0.258813 0.001548
vn -0.999873 -0.015722 0.002421
vn -0.965923 -0.258823 -0.001548
vn -0.999873 -0.015723 -0.002421
vn -0.001681 -0.015733 0.999875
vn -0.001074 -0.258816 0.965926
vn 0.001681 -0.015734 0.999875
vn 0.001074 -0.258817 0.965926
vn -0.001267 -0.707109 0.707104
vn -0.001306 -0.866036 0.499980
vn 0.001267 -0.707107 0.707106
vn 0.001306 -0.866035 0.499981
vn 0.001706 -0.999996 0.002457
vn -0.965877 -0.010023 0.258807
vn -0.999873 0.015723 0.002421
vn -0.965878 0.010022 0.258804
vn -0.707058 -0.011793 0.707057
vn -0.707057 -0.011915 0.707056
vn -0.707058 0.011793 0.707057
vn -0.707057 0.011915 0.707056
vn -0.258807 -0.010022 0.965877
vn -0.258807 0.010022 0.965877
vn -0.001681 0.015734 0.999875
vn 0.999873 -0.015723 0.002421
vn 0.965923 -0.258823 0.001548
vn 0.999873 -0.015722 -0.002421
vn 0.965926 -0.258813 -0.001548
vn 0.707101 -0.707110 0.001826
vn 0.499969 -0.866041 0.001883
vn 0.707107 -0.707104 -0.001826
vn 0.499976 -0.866037 -0.001883
vn 0.001706 -0.999996 -0.002457
vn 0.258807 -0.010022 0.965877
vn 0.001681 0.015733 0.999875
vn 0.258807 0.010022 0.965877
vn 0.707057 -0.011915 0.707056
vn 0.707058 -0.011793 0.707057
vn 0.707058 0.011915 0.707056
vn 0.707058 0.011793 0.707057
vn 0.965878 -0.010022 0.258805
vn 0.965877 0.010023 0.258806
vn 0.999873 0.015722 0.002421
vn -0.965924 0.258822 0.001548
vn -0.999873 0.015722 -0.002421
vn -0.965927 0.258812 -0.001548
vn -0.707100 0.707111 0.001826
vn -0.499969 0.866041 0.001883
vn -0.707106 0.707106 -0.001826
vn -0.499976 0.866037 -0.001883
vn -0.001706 0.999996 0.002457
vn -0.001706 0.999996 -0.002457
vn -0.001306 0.866036 0.499981
vn 0.001706 0.999996 0.002457
vn 0.001306 0.866035 0.499982
vn -0.001267 0.707109 0.707104
vn 0.001267 0.707109 0.707104
vn -0.001074 0.258816 0.965926
vn 0.001074 0.258816 0.965926
vn 0.499976 0.866037 0.001883
vn 0.001706 0.999996 -0.002457
vn 0.499969 0.866041 -0.001883
vn 0.707106 0.707106 0.001826
vn 0.707100 0.707111 -0.001826
vn 0.965927 0.258812 0.001548
vn 0.965924 0.258822 -0.001548
vn 0.999873 0.015723 -0.002421
vn -0.965877 0.010023 -0.258806
vn -0.965878 -0.010022 -0.258805
vn -0.707058 0.011793 -0.707057
vn -0.707058 0.011915 -0.707056
vn -0.707058 -0.011793 -0.707057
vn -0.707057 -0.011915 -0.707056
vn -0.258807 0.010022 -0.965877
vn -0.001681 0.015733 -0.999875
vn -0.258807 -0.010022 -0.965877
vn -0.001681 -0.015734 -0.999875
vn -0.001074 0.258816 -0.965926
vn 0.001681 0.015734 -0.999875
vn 0.001074 0.258816 -0.965926
vn -0.001267 0.707109 -0.707104
vn -0.001306 0.866035 -0.499982
vn 0.001267 0.707109 -0.707104
vn 0.001306 0.866036 -0.499981
vn 0.258807 0.010022 -0.965877
vn 0.001681 -0.015733 -0.999875
vn 0.258807 -0.010022 -0.965877
vn 0.707057 0.011915 -0.707056
vn 0.707058 0.011793 -0.707057
vn 0.707057 -0.011915 -0.707056
vn 0.707058 -0.011793 -0.707057
vn 0.965878 0.010022 -0.258804
vn 0.965877 -0.010023 -0.258807
vn -0.001306 -0.866035 -0.499981
vn 0.001306 -0.866036 -0.499980
vn -0.001267 -0.707107 -0.707106
vn 0.001267 -0.707109 -0.707104
vn -0.001074 -0.258817 -0.965926
vn 0.001074 -0.258816 -0.965926
vn -0.946103 -0.229010 0.229007
vn -0.691991 -0.510460 0.510469
vn -0.510258 -0.692296 0.510258
vn -0.198218 -0.959906 0.198216
vn -0.511369 -0.509350 0.692144
vn -0.229011 -0.229004 0.946103
vn 0.198219 -0.959907 0.198214
vn 0.510258 -0.692296 0.510258
vn 0.691991 -0.510460 0.510469
vn 0.946103 -0.229010 0.229007
vn 0.511369 -0.509350 0.692144
vn 0.229011 -0.229004 0.946103
vn -0.198218 0.959905 0.198220
vn -0.510256 0.692297 0.510258
vn -0.691988 0.510462 0.510472
vn -0.946103 0.229009 0.229005
vn -0.511370 0.509351 0.692143
vn -0.229010 0.229004 0.946103
vn 0.946103 0.229009 0.229005
vn 0.691987 0.510462 0.510473
vn 0.510256 0.692297 0.510258
vn 0.198218 0.959906 0.198216
vn 0.511370 0.509351 0.692143
vn 0.229010 0.229004 0.946103
vn -0.229010 0.229004 -0.946103
vn -0.511370 0.509351 -0.692143
vn -0.691987 0.510462 -0.510473
vn -0.946103 0.229009 -0.229005
vn -0.510256 0.692297 -0.510258
vn -0.198218 0.959906 -0.198216
vn 0.946103 0.229009 -0.229005
vn 0.691988 0.510462 -0.510472
vn 0.511370 0.509351 -0.692143
vn 0.229010 0.229004 -0.946103
vn 0.510256 0.692297 -0.510258
vn 0.198218 0.959905 -0.198220
vn -0.198219 -0.959907 -0.198214
vn -0.510258 -0.692296 -0.510258
vn -0.691991 -0.510460 -0.510469
vn -0.946103 -0.229010 -0.229007
vn -0.511369 -0.509350 -0.692144
vn -0.229011 -0.229004 -0.946103
vn 0.946103 -0.229010 -0.229007
vn 0.691991 -0.510460 -0.510469
vn 0.510258 -0.692296 -0.510258
vn 0.198218 -0.959906 -0.198216
vn 0.511369 -0.509350 -0.692144
vn 0.229011 -0.229004 -0.946103
vn 0.000005 0.000000 -1.000000
vn 0.000005 0.000000 -1.000000
vn 0.000000 0.000000 -1.000000
vn 0.000000 0.000000 -1.000000
vn 0.000000 0.000000 -1.000000
vn 0.000000 0.000000 -1.000000
vn 0.000000 0.000000 -1.000000
vn -0.000002 0.000000 -1.000000
vn -0.000002 0.000000 -1.000000
vn 0.000000 0.000000 -1.000000
vn 0.000000 0.000000 -1.000000
vn 0.000000 0.000000 -1.000000
vn 0.000000 0.000000 -1.000000
vn 0.000000 0.000000 -1.000000
vn 0.000000 0.000000 -1.000000
vn 0.000000 0.000000 -1.000000
vn 0.000000 0.000000 -1.000000
vn 0.000000 0.000000 -1.000000
vn 0.000000 0.000000 -1.000000
vn 0.000000 0.000000 1.000000
vn 0.000000 0.000000 1.000000
vn -0.000000 0.000000 1.000000
vn 0.000005 0.000000 1.000000
vn 0.000005 0.000000 1.000000
vn -0.000005 0.000000 1.000000
vn -0.000005 0.000000 1.000000
vn 0.000000 0.000000 1.000000
vn 0.000000 0.000000 1.000000
vn 0.000000 0.000000 1.000000
vn 0.000002 0.000000 1.000000
vn 0.000002 0.000000 1.000000
vn 0.000000 0.000000 1.000000
vn 0.000000 0.000000 1.000000
vn 0.000000 0.000000 1.000000
vn 0.000000 0.000000 1.000000
vn -0.000005 0.000000 1.000000
vn -0.000005 0.000000 1.000000
vn 0.000000 0.000000 1.000000
vn 0.766052 0.642779 0.000000
vn 0.939693 0.342021 0.000000
vn 0.939693 0.342021 0.000000
vn 0.766052 0.642779 0.000000
vn 0.499997 0.866027 0.000000
vn 0.499997 0.866027 0.000000
vn 0.173642 0.984809 0.000000
vn 0.173642 0.984809 0.000000
vn -0.173644 0.984808 0.000000
vn -0.173644 0.984808 0.000000
vn -0.499999 0.866026 0.000000
vn -0.499999 0.866026 0.000000
vn -0.766049 0.642782 0.000000
vn -0.766049 0.642782 0.000000
vn -0.939693 0.342021 0.000000
vn -0.939693 0.342021 0.000000
vn -1.000000 0.000000 0.000000
vn -1.000000 0.000000 0.000000
vn -0.939693 -0.342018 0.000000
vn -0.939693 -0.342018 0.000000
vn -0.766049 -0.642782 0.000000
vn -0.766049 -0.642782 0.000000
vn -0.500002 -0.866024 0.000000
vn -0.500002 -0.866024 0.000000
vn -0.173647 -0.984808 0.000000
vn -0.173647 -0.984808 0.000000
vn 0.173644 -0.984808 0.000000
vn 0.173644 -0.984808 0.000000
vn 0.500004 -0.866023 0.000000
vn 0.500004 -0.866023 0.000000
vn 0.766052 -0.642779 0.000000
vn 0.766052 -0.642779 0.000000
vn 0.939690 -0.342026 0.000000
vn 0.939690 -0.342026 0.000000
vn 1.000000 0.000000 0.000000
vn 1.000000 0.000000 0.000000
vn 0.939693 0.342021 0.000000
vn 0.766052 0.642779 0.000000
vn 0.766052 0.642779 0.000000
vn 0.939693 0.342021 0.000000
vn 0.499997 0.866027 0.000000
vn 0.499997 0.866027 0.000000
vn 0.173642 0.984809 0.000000
vn 0.173642 0.984809 0.000000
vn -0.173644 0.984808 0.000000
vn -0.173644 0.984808 0.000000
vn -0.499999 0.866026 0.000000
vn -0.499999 0.866026 0.000000
vn -0.766049 0.642782 0.000000
vn -0.766049 0.642782 0.000000
vn -0.939693 0.342021 0.000000
vn -0.939693 0.342021 0.000000
vn -1.000000 0.000000 0.000000
vn -1.000000 0.000000 0.000000
vn -0.939693 -0.342018 0.000000
vn -0.939693 -0.342018 0.000000
vn -0.766049 -0.642782 0.000000
vn -0.766049 -0.642782 0.000000
vn -0.500002 -0.866024 0.000000
vn -0.500002 -0.866024 0.000000
vn -0.173647 -0.984808 0.000000
vn -0.173647 -0.984808 0.000000
vn 0.173644 -0.984808 0.000000
vn 0.173644 -0.984808 0.000000
vn 0.500004 -0.866023 0.000000
vn 0.500004 -0.866023 0.000000
vn 0.766052 -0.642779 0.000000
vn 0.766052 -0.642779 0.000000
vn 0.939690 -0.342026 0.000000
vn 0.939690 -0.342026 0.000000
vn 1.000000 0.000000 0.000000
vn 1.000000 0.000000 0.000000
vn -0.273200 -0.099437 -0.956804
vn -0.222714 -0.186878 -0.956805
vn -0.106981 -0.089767 -0.990200
vn -0.131233 -0.047766 -0.990200
vn -0.145365 -0.251783 -0.956804
vn -0.069827 -0.120945 -0.990200
vn -0.050485 -0.286316 -0.956804
vn -0.024250 -0.137532 -0.990200
vn 0.050485 -0.286315 -0.956805
vn 0.024251 -0.137532 -0.990200
vn 0.145365 -0.251782 -0.956805
vn 0.069827 -0.120944 -0.990200
vn 0.222713 -0.186879 -0.956805
vn 0.106981 -0.089768 -0.990200
vn 0.273199 -0.099437 -0.956805
vn 0.131233 -0.047765 -0.990200
vn 0.290732 -0.000000 -0.956805
vn 0.139655 -0.000000 -0.990200
vn 0.273200 0.099437 -0.956804
vn 0.131232 0.047765 -0.990200
vn 0.222714 0.186880 -0.956804
vn 0.106979 0.089768 -0.990201
vn 0.145366 0.251781 -0.956805
vn 0.069827 0.120944 -0.990200
vn 0.050485 0.286315 -0.956805
vn 0.024251 0.137532 -0.990200
vn -0.050485 0.286316 -0.956804
vn -0.024251 0.137533 -0.990200
vn -0.145367 0.251782 -0.956804
vn -0.069828 0.120944 -0.990200
vn -0.222714 0.186877 -0.956805
vn -0.106982 0.089766 -0.990200
vn -0.273199 0.099437 -0.956804
vn -0.131232 0.047765 -0.990200
vn -0.290732 -0.000000 -0.956805
vn -0.139654 -0.000000 -0.990200
vn 0.939691 0.342018 -0.002046
vn 0.766042 0.642787 -0.002046
vn 0.766042 0.642787 0.002046
vn 0.939691 0.342018 0.002046
vn 0.499998 0.866024 -0.002046
vn 0.499998 0.866024 0.002046
vn 0.173651 0.984805 -0.002046
vn 0.173651 0.984805 0.002046
vn -0.173647 0.984806 -0.002046
vn -0.173647 0.984806 0.002046
vn -0.499996 0.866025 -0.002046
vn -0.499996 0.866025 0.002046
vn -0.766044 0.642785 -0.002046
vn -0.766044 0.642785 0.002046
vn -0.939692 0.342017 -0.002046
vn -0.939692 0.342017 0.002046
vn -0.999998 0.000000 -0.002046
vn -0.999998 0.000000 0.002046
vn -0.939691 -0.342018 -0.002046
vn -0.939691 -0.342018 0.002046
vn -0.766042 -0.642787 -0.002046
vn -0.766042 -0.642787 0.002046
vn -0.499998 -0.866024 -0.002046
vn -0.499998 -0.866024 0.002046
vn -0.173648 -0.984806 -0.002046
vn -0.173648 -0.984806 0.002046
vn 0.173648 -0.984806 -0.002046
vn 0.173648 -0.984806 0.002046
vn 0.499998 -0.866024 -0.002046
vn 0.499998 -0.866024 0.002046
vn 0.766042 -0.642787 -0.002046
vn 0.766042 -0.642787 0.002046
vn 0.939691 -0.342019 -0.002046
vn 0.939691 -0.342019 0.002046
vn 0.999998 0.000000 -0.002046
vn 0.999998 0.000000 0.002046
vn -0.131234 -0.047766 0.990200
vn -0.106982 -0.089767 0.990200
vn -0.222716 -0.186878 0.956804
vn -0.273200 -0.099437 0.956804
vn -0.069828 -0.120945 0.990200
vn -0.145367 -0.251782 0.956804
vn -0.024251 -0.137532 0.990200
vn -0.050486 -0.286315 0.956804
vn 0.024251 -0.137531 0.990200
vn 0.050485 -0.286315 0.956805
vn 0.069826 -0.120944 0.990200
vn 0.145365 -0.251782 0.956805
vn 0.106980 -0.089768 0.990200
vn 0.222713 -0.186879 0.956805
vn 0.131233 -0.047765 0.990200
vn 0.273198 -0.099436 0.956805
vn 0.139654 0.000000 0.990200
vn 0.290731 0.000000 0.956805
vn 0.131232 0.047766 0.990200
vn 0.273200 0.099437 0.956804
vn 0.106980 0.089768 0.990200
vn 0.222714 0.186879 0.956804
vn 0.069826 0.120944 0.990200
vn 0.145365 0.251781 0.956805
vn 0.024250 0.137532 0.990200
vn 0.050484 0.286315 0.956805
vn -0.024250 0.137533 0.990200
vn -0.050484 0.286316 0.956804
vn -0.069827 0.120944 0.990200
vn -0.145366 0.251782 0.956805
vn -0.106981 0.089767 0.990201
vn -0.222714 0.186877 0.956805
vn -0.131233 0.047765 0.990200
vn -0.273199 0.099437 0.956804
vn -0.139654 0.000000 0.990200
vn -0.290732 0.000000 0.956805
vn 0.900353 0.327701 -0.286314
vn 0.958137 -0.000000 -0.286310
vn 0.463481 0.168693 -0.869901
vn 0.493224 0.000000 -0.869902
vn 0.627336 0.228328 -0.744524
vn 0.667594 0.000000 -0.744525
vn 0.733973 0.615879 -0.286314
vn 0.377833 0.317038 -0.869902
vn 0.511407 0.429121 -0.744525
vn 0.479065 0.829773 -0.286311
vn 0.246612 0.427145 -0.869902
vn 0.333796 0.578152 -0.744527
vn 0.148278 0.840922 -0.520446
vn 0.085650 0.485734 -0.869900
vn -0.148276 0.840925 -0.520442
vn -0.085647 0.485736 -0.869900
vn -0.479062 0.829772 -0.286319
vn -0.246613 0.427147 -0.869901
vn -0.333798 0.578159 -0.744520
vn -0.733974 0.615874 -0.286323
vn -0.377833 0.317039 -0.869902
vn -0.511408 0.429124 -0.744523
vn -0.900353 0.327700 -0.286316
vn -0.463479 0.168693 -0.869902
vn -0.627331 0.228328 -0.744528
vn -0.958136 -0.000000 -0.286313
vn -0.493223 -0.000000 -0.869903
vn -0.667590 -0.000000 -0.744529
vn -0.900352 -0.327701 -0.286317
vn -0.463483 -0.168692 -0.869900
vn -0.627334 -0.228329 -0.744525
vn -0.733974 -0.615875 -0.286322
vn -0.377835 -0.317039 -0.869900
vn -0.511410 -0.429123 -0.744522
vn -0.479067 -0.829770 -0.286315
vn -0.246613 -0.427147 -0.869901
vn -0.333794 -0.578156 -0.744525
vn -0.166380 -0.943581 -0.286308
vn -0.085647 -0.485733 -0.869901
vn -0.115926 -0.657449 -0.744528
vn 0.166379 -0.943580 -0.286311
vn 0.085648 -0.485733 -0.869901
vn 0.115927 -0.657449 -0.744528
vn 0.479068 -0.829770 -0.286312
vn 0.246612 -0.427149 -0.869900
vn 0.333796 -0.578155 -0.744524
vn 0.733975 -0.615878 -0.286312
vn 0.377831 -0.317040 -0.869902
vn 0.511405 -0.429123 -0.744526
vn 0.900354 -0.327702 -0.286310
vn 0.463477 -0.168692 -0.869903
vn 0.627332 -0.228330 -0.744527
vn 0.463479 0.168693 0.869902
vn 0.493224 -0.000000 0.869903
vn 0.900353 0.327701 0.286314
vn 0.958137 -0.000000 0.286310
vn 0.627334 0.228328 0.744526
vn 0.667594 -0.000000 0.744525
vn 0.377831 0.317039 0.869902
vn 0.511405 0.429121 0.744527
vn 0.733973 0.615879 0.286317
vn 0.246613 0.427144 0.869902
vn 0.333796 0.578152 0.744527
vn 0.479064 0.829772 0.286314
vn 0.085650 0.485734 0.869900
vn 0.148278 0.840922 0.520446
vn -0.085647 0.485736 0.869900
vn -0.148276 0.840924 0.520442
vn -0.246614 0.427147 0.869901
vn -0.333798 0.578159 0.744520
vn -0.479063 0.829771 0.286319
vn -0.377834 0.317039 0.869901
vn -0.511409 0.429124 0.744522
vn -0.733975 0.615875 0.286321
vn -0.463480 0.168692 0.869902
vn -0.627332 0.228328 0.744527
vn -0.900354 0.327700 0.286315
vn -0.493223 -0.000000 0.869903
vn -0.667589 -0.000000 0.744530
vn -0.958136 -0.000000 0.286313
vn -0.463482 -0.168692 0.869901
vn -0.627334 -0.228329 0.744526
vn -0.900352 -0.327701 0.286317
vn -0.377835 -0.317040 0.869900
vn -0.511410 -0.429124 0.744522
vn -0.733974 -0.615875 0.286322
vn -0.246613 -0.427147 0.869901
vn -0.333796 -0.578158 0.744523
vn -0.479068 -0.829770 0.286315
vn -0.085647 -0.485734 0.869901
vn -0.148279 -0.840925 0.520441
vn 0.085648 -0.485734 0.869901
vn 0.148279 -0.840924 0.520442
vn 0.246613 -0.427148 0.869900
vn 0.333797 -0.578155 0.744524
vn 0.479068 -0.829771 0.286310
vn 0.377832 -0.317039 0.869902
vn 0.511405 -0.429121 0.744526
vn 0.733974 -0.615881 0.286310
vn 0.463478 -0.168692 0.869903
vn 0.627332 -0.228330 0.744527
vn 0.900353 -0.327704 0.286311
vn 0.000000 0.000000 1.000000
vn 0.000000 0.000000 1.000000
vn 0.000000 0.000000 1.000000
vn 0.000000 0.000000 1.000000
vn -0.018702 0.999623 0.020081
vn 0.020082 0.999623 0.018702
vn -0.020081 0.999623 -0.018702
vn 0.018702 0.999623 -0.020081
vn 0.000000 0.000000 -1.000000
vn 0.000000 0.000000 -1.000000
vn 0.000000 0.000000 -1.000000
vn 0.000000 0.000000 -1.000000
vn 0.000000 -1.000000 0.000000
vn 0.000000 -1.000000 0.000000
vn 0.000000 -1.000000 0.000000
vn 0.000000 -1.000000 0.000000
vn 1.000000 0.000000 0.000000
vn 1.000000 0.000000 0.000000
vn 1.000000 0.000000 0.000000
vn 1.000000 0.000000 0.000000
vn -1.000000 0.000000 0.000000
vn -1.000000 0.000000 0.000000
vn -1.000000 0.000000 0.000000
vn -1.000000 0.000000 0.000000
vn -1.000000 0.000000 0.000000
vn -1.000000 0.000000 0.000000
vn 0.000000 0.000000 1.000000
vn 0.000000 0.000000 1.000000
vn 1.000000 0.000000 0.000000
vn 1.000000 0.000000 0.000000
vn 0.000000 0.000000 -1.000000
vn 0.000000 0.000000 -1.000000
vn 0.000000 -1.000000 0.000000
vn 0.000000 -1.000000 0.000000
vn 0.000000 -1.000000 0.000000
vn 0.000000 -1.000000 0.000000
vn 0.000000 -1.000000 0.000000
vn 0.000000 -1.000000 0.000000
vn 0.000000 -1.000000 0.000000
vn 0.000000 -1.000000 0.000000
vn -0.998569 0.053476 0.000000
vn -0.952999 0.302972 0.000000
vn -0.998611 0.052688 0.000000
vn -0.953001 0.302967 0.000000
vn -0.619079 0.785329 0.000000
vn -0.301092 0.907409 0.293177
vn -0.619073 0.785333 0.000000
vn -0.293170 0.907414 -0.301082
vn -1.000000 0.000000 0.000000
vn -1.000000 0.000000 0.000000
vn 0.000000 0.053472 -0.998569
vn 0.000000 0.052684 -0.998611
vn 0.000000 0.000000 -1.000000
vn 0.000000 0.000000 -1.000000
vn 1.000000 0.000000 0.000000
vn 1.000000 0.000000 0.000000
vn 0.998611 0.052684 0.000000
vn 0.998569 0.053477 0.000000
vn 0.000000 0.000000 1.000000
vn 0.000000 0.000000 1.000000
vn 0.000000 0.052692 0.998611
vn 0.000000 0.053480 0.998569
vn 0.301086 0.907413 -0.293169
vn 0.293172 0.907412 0.301088
vn 0.000000 0.302949 -0.953007
vn 0.000000 0.302951 -0.953006
vn 0.000000 0.785345 -0.619059
vn 0.000000 0.785338 -0.619068
vn 0.953000 0.302972 0.000000
vn 0.953005 0.302955 0.000000
vn 0.619071 0.785335 0.000000
vn 0.619068 0.785338 0.000000
vn 0.000000 0.785319 0.619091
vn 0.000000 0.785329 0.619078
vn 0.000000 0.302989 0.952994
vn 0.000000 0.302992 0.952993
vn 0.000000 0.000000 1.000000
vn 0.000000 0.000000 1.000000
vn 0.000000 0.000000 1.000000
vn 0.000000 0.000000 1.000000
vn 0.000000 1.000000 0.000000
vn 0.000000 1.000000 0.000000
vn 0.000000 1.000000 0.000000
vn 0.000000 1.000000 0.000000
vn 0.000000 0.000000 -1.000000
vn 0.000000 0.000000 -1.000000
vn 0.000000 0.000000 -1.000000
vn 0.000000 0.000000 -1.000000
vn 0.000000 -1.000000 0.000000
vn 0.000000 -1.000000 0.000000
vn 0.000000 -1.000000 0.000000
vn 0.000000 -1.000000 0.000000
vn 1.000000 0.000000 0.000000
vn 1.000000 0.000000 0.000000
vn 1.000000 0.000000 0.000000
vn 1.000000 0.000000 0.000000
vn -1.000000 0.000000 0.000000
vn -1.000000 0.000000 0.000000
vn -1.000000 0.000000 0.000000
vn -1.000000 0.000000 0.000000
vn 0.000000 -1.000000 0.000000
vn 0.000000 -1.000000 0.000000
vn 0.000000 -1.000000 0.000000
vn 0.000000 -1.000000 0.000000
vn 0.000000 -1.000000 0.000000
vn 0.000000 -1.000000 0.000000
vn 0.000000 -1.000000 0.000000
vn 0.000000 -1.000000 0.000000
vn -0.999818 0.019074 0.000000
vn -0.928565 0.371171 0.000000
vn -0.999824 0.018777 0.000000
vn -0.929705 0.368306 0.000000
vn -0.748750 0.662853 0.000000
vn -0.745017 0.667045 0.000000
vn -1.000000 0.000000 0.000000
vn -1.000000 0.000000 0.000000
vn 0.000000 0.019073 -0.999818
vn 0.000000 0.018776 -0.999824
vn 0.000000 0.000000 -1.000000
vn 0.000000 0.000000 -1.000000
vn 1.000000 0.000000 0.000000
vn 1.000000 0.000000 0.000000
vn 0.999824 0.018776 0.000000
vn 0.999818 0.019074 0.000000
vn 0.000000 0.000000 1.000000
vn 0.000000 0.000000 1.000000
vn 0.000000 0.018776 0.999824
vn 0.000000 0.019073 0.999818
vn -0.633841 0.773463 0.000000
vn -0.633849 0.773457 0.000000
vn 0.000000 0.773474 -0.633827
vn 0.000000 0.773459 -0.633846
vn 0.000000 0.662857 -0.748746
vn 0.000000 0.667046 -0.745017
vn 0.633843 0.773462 0.000000
vn 0.633843 0.773462 0.000000
vn 0.748754 0.662848 0.000000
vn 0.745012 0.667051 0.000000
vn 0.000000 0.773474 0.633827
vn 0.000000 0.773459 0.633846
vn 0.000000 0.662855 0.748748
vn 0.000000 0.667048 0.745015
vn 0.000000 0.371161 -0.928568
vn 0.000000 0.368305 -0.929705
vn 0.928566 0.371167 0.000000
vn 0.929706 0.368302 0.000000
vn 0.000000 0.368306 0.929705
vn 0.000000 0.371160 0.928569
vn 0.000000 0.000000 1.000000
vn 0.000000 0.000000 1.000000
vn 0.000000 0.000000 1.000000
vn 0.000000 0.000000 1.000000
vn 0.000000 1.000000 0.000000
vn 0.000000 1.000000 0.000000
vn 0.000000 0.997764 -0.066830
vn 0.000000 0.997764 -0.066830
vn 0.000000 0.019134 -0.999817
vn 0.000000 0.019134 -0.999817
vn 0.000000 0.000000 -1.000000
vn 0.000000 0.000000 -1.000000
vn 0.000000 -1.000000 0.000000
vn 0.000000 -1.000000 0.000000
vn 0.000000 -1.000000 0.000000
vn 0.000000 -1.000000 0.000000
vn 0.000000 0.258826 -0.965924
vn 0.000000 0.258825 -0.965924
vn 0.000000 0.707104 -0.707109
vn 0.000000 0.866024 -0.500002
vn 0.000000 0.707104 -0.707109
vn 0.000000 0.866025 -0.500001
vn 0.000000 0.000000 1.000000
vn 0.000000 0.000000 1.000000
vn 0.000000 0.000000 1.000000
vn 0.000000 0.000000 1.000000
vn 0.000000 1.000000 0.000000
vn 0.000000 1.000000 0.000000
vn 0.000000 1.000000 0.000000
vn 0.000000 1.000000 0.000000
vn 0.000000 0.000000 -1.000000
vn 0.000000 0.000000 -1.000000
vn 0.000000 0.000000 -1.000000
vn 0.000000 0.000000 -1.000000
vn 0.000000 -1.000000 0.000000
vn 0.000000 -1.000000 0.000000
vn 0.000000 -1.000000 0.000000
vn 0.000000 -1.000000 0.000000
vn 1.000000 0.000000 0.000000
vn 1.000000 0.000000 0.000000
vn 1.000000 0.000000 0.000000
vn 1.000000 0.000000 0.000000
vn -1.000000 0.000000 0.000000
vn -1.000000 0.000000 0.000000
vn -1.000000 0.000000 0.000000
vn -1.000000 0.000000 0.000000
vn 0.000000 -1.000000 0.000000
vn 0.000000 -1.000000 0.000000
vn 0.000000 -1.000000 0.000000
vn 0.000000 -1.000000 0.000000
vn 0.000000 -1.000000 0.000000
vn 0.000000 -1.000000 0.000000
vn 0.000000 -1.000000 0.000000
vn 0.000000 -1.000000 0.000000
vn -0.999818 0.019074 0.000000
vn -0.928565 0.371171 0.000000
vn -0.999824 0.018775 0.000000
vn -0.929707 0.368299 0.000000
vn -0.748751 0.662851 0.000000
vn -0.745014 0.667049 0.000000
vn -1.000000 0.000000 0.000000
vn -1.000000 0.000000 0.000000
vn 0.000000 0.019073 -0.999818
vn 0.000000 0.018777 -0.999824
vn 0.000000 0.000000 -1.000000
vn 0.000000 0.000000 -1.000000
vn 1.000000 0.000000 0.000000
vn 1.000000 0.000000 0.000000
vn 0.999824 0.018776 0.000000
vn 0.999818 0.019073 0.000000
vn 0.000000 0.000000 1.000000
vn 0.000000 0.000000 1.000000
vn 0.000000 0.018775 0.999824
vn 0.000000 0.019072 0.999818
vn -0.633846 0.773459 0.000000
vn -0.633838 0.773466 0.000000
vn 0.000000 0.773471 -0.633831
vn 0.000000 0.773456 -0.633850
vn 0.000000 0.662855 -0.748748
vn 0.000000 0.667044 -0.745018
vn 0.633841 0.773464 0.000000
vn 0.633843 0.773462 0.000000
vn 0.748754 0.662848 0.000000
vn 0.745012 0.667051 0.000000
vn 0.000000 0.773478 0.633824
vn 0.000000 0.773462 0.633843
vn 0.000000 0.662856 0.748747
vn 0.000000 0.667049 0.745014
vn 0.000000 0.371166 -0.928567
vn 0.000000 0.368309 -0.929703
vn 0.928569 0.371160 0.000000
vn 0.929704 0.368306 0.000000
vn 0.000000 0.368301 0.929707
vn 0.000000 0.371155 0.928571
vn -1.000000 0.000000 0.000000
vn -1.000000 0.000000 0.000000
vn -0.999987 0.004996 0.000000
vn -0.999988 0.004996 0.000000
vn -0.107549 0.994200 0.000000
vn -0.107548 0.994200 0.000000
vn 0.107549 0.994200 0.000000
vn 0.107548 0.994200 0.000000
vn 0.999988 0.004995 0.000000
vn 0.999987 0.004996 0.000000
vn 1.000000 0.000000 0.000000
vn 1.000000 0.000000 0.000000
vn 0.000000 -1.000000 0.000000
vn 0.000000 -1.000000 0.000000
vn 0.000000 -1.000000 0.000000
vn 0.000000 -1.000000 0.000000
vn -0.382680 0.923881 0.000000
vn -0.382680 0.923881 0.000000
vn -0.923879 0.382685 0.000000
vn -0.923874 0.382697 0.000000
vn 0.923884 0.382672 0.000000
vn 0.923879 0.382685 0.000000
vn 0.382680 0.923881 0.000000
vn 0.382675 0.923883 0.000000
vn 0.000000 0.000000 1.000000
vn 0.000000 0.000000 1.000000
vn 0.000000 0.000000 1.000000
vn 0.000000 0.000000 1.000000
vn -0.018702 0.999623 0.020081
vn 0.020081 0.999623 0.018702
vn -0.020081 0.999623 -0.018702
vn 0.018702 0.999623 -0.020081
vn 0.000000 0.000000 -1.000000
vn 0.000000 0.000000 -1.000000
vn 0.000000 0.000000 -1.000000
vn 0.000000 0.000000 -1.000000
vn 0.000000 -1.000000 0.000000
vn 0.000000 -1.000000 0.000000
vn 0.000000 -1.000000 0.000000
vn 0.000000 -1.000000 0.000000
vn 1.000000 0.000000 0.000000
vn 1.000000 0.000000 0.000000
vn 1.000000 0.000000 0.000000
vn 1.000000 0.000000 0.000000
vn -1.000000 0.000000 0.000000
vn -1.000000 0.000000 0.000000
vn -1.000000 0.000000 0.000000
vn -1.000000 0.000000 0.000000
vn -1.000000 0.000000 0.000000
vn -1.000000 0.000000 0.000000
vn 0.000000 0.000000 1.000000
vn 0.000000 0.000000 1.000000
vn 1.000000 0.000000 0.000000
vn 1.000000 0.000000 0.000000
vn 0.000000 0.000000 -1.000000
vn 0.000000 0.000000 -1.000000
vn 0.000000 -1.000000 0.000000
vn 0.000000 -1.000000 0.000000
vn 0.000000 -1.000000 0.000000
vn 0.000000 -1.000000 0.000000
vn 0.000000 -1.000000 0.000000
vn 0.000000 -1.000000 0.000000
vn 0.000000 -1.000000 0.000000
vn 0.000000 -1.000000 0.000000
vn -0.998569 0.053476 0.000000
vn -0.952999 0.302972 0.000000
vn -0.998611 0.052687 0.000000
vn -0.953001 0.302968 0.000000
vn -0.619071 0.785335 0.000000
vn -0.301088 0.907411 0.293174
vn -0.619078 0.785330 0.000000
vn -0.293172 0.907413 -0.301086
vn -1.000000 0.000000 0.000000
vn -1.000000 0.000000 0.000000
vn 0.000000 0.053476 -0.998569
vn 0.000000 0.052688 -0.998611
vn 0.000000 0.000000 -1.000000
vn 0.000000 0.000000 -1.000000
vn 1.000000 0.000000 0.000000
vn 1.000000 0.000000 0.000000
vn 0.998611 0.052685 0.000000
vn 0.998569 0.053476 0.000000
vn 0.000000 0.000000 1.000000
vn 0.000000 0.000000 1.000000
vn 0.000000 0.052688 0.998611
vn 0.000000 0.053476 0.998569
vn 0.301092 0.907410 -0.293174
vn 0.293166 0.907415 0.301085
vn 0.000000 0.302969 -0.953000
vn 0.000000 0.302971 -0.953000
vn 0.000000 0.785341 -0.619064
vn 0.000000 0.785333 -0.619073
vn 0.952999 0.302972 0.000000
vn 0.953005 0.302954 0.000000
vn 0.619086 0.785323 0.000000
vn 0.619060 0.785343 0.000000
vn 0.000000 0.785324 0.619085
vn 0.000000 0.785333 0.619073
vn 0.000000 0.302969 0.953001
vn 0.000000 0.302972 0.953000
s 1
g polySurface12
usemtl initialShadingGroup
f 926/1424/1340 927/1425/1341 932/1426/1342
f 932/1426/1342 927/1425/1341 939/1427/1343
s 2
f 935/1428/1344 936/1429/1345 928/1430/1346
f 928/1430/1346 936/1429/1345 929/1431/1347
s 3
f 928/1432/1348 929/1433/1349 930/1434/1350
f 930/1434/1350 929/1433/1349 931/1435/1351
s 4
f 930/1436/1352 931/1437/1353 926/1438/1354
f 926/1438/1354 931/1437/1353 927/1439/1355
s 2
f 935/1428/1344 934/1440/1356 936/1429/1345
f 936/1429/1345 934/1440/1356 937/1441/1357
f 934/1440/1356 933/1442/1358 937/1441/1357
f 937/1441/1357 933/1442/1358 938/1443/1359
s 1
f 933/1444/1360 932/1426/1342 938/1445/1361
f 938/1445/1361 932/1426/1342 939/1427/1343
s 5
f 1122/1446/1362 1123/1447/1363 954/1448/1364 953/1449/1365
f 1123/1447/1363 1124/1450/1366 955/1451/1367 954/1448/1364
f 1124/1450/1366 1125/1452/1368 956/1453/1369 955/1451/1367
f 1125/1452/1368 1126/1454/1370 957/1455/1371 956/1453/1369
f 1126/1454/1370 1127/1456/1372 958/1457/1373 957/1455/1371
f 1127/1456/1372 1128/1458/1374 959/1459/1375 958/1457/1373
f 1128/1458/1374 1129/1460/1376 960/1461/1377 959/1459/1375
f 1129/1460/1376 1130/1462/1378 961/1463/1379 960/1461/1377
f 1130/1462/1378 1131/1464/1380 962/1465/1381 961/1463/1379
f 1131/1464/1380 1132/1466/1382 963/1467/1383 962/1465/1381
f 1132/1466/1382 1133/1468/1384 964/1469/1385 963/1467/1383
f 1133/1468/1384 1134/1470/1386 965/1471/1387 964/1469/1385
f 1239/1472/1388 1240/1473/1389 967/1474/1390 966/1475/1391
f 1240/1473/1389 1241/1476/1392 968/1477/1393 967/1474/1390
f 1241/1476/1392 1242/1478/1394 969/1479/1395 968/1477/1393
f 1242/1478/1394 1243/1480/1396 970/1481/1397 969/1479/1395
f 1243/1480/1396 1244/1482/1398 971/1483/1399 970/1481/1397
f 1244/1482/1398 1245/1484/1400 972/1485/1401 971/1483/1399
f 1245/1484/1400 1246/1486/1402 973/1487/1403 972/1485/1401
f 1246/1486/1402 1247/1488/1404 974/1489/1405 973/1487/1403
f 1247/1488/1404 1248/1490/1406 975/1491/1407 974/1489/1405
f 1248/1490/1406 1249/1492/1408 976/1493/1409 975/1491/1407
f 1249/1492/1408 1250/1494/1410 977/1495/1411 976/1493/1409
f 1250/1494/1410 1251/1496/1412 978/1497/1413 977/1495/1411
f 1291/1498/1414 1292/1499/1415 980/1500/1416 979/1501/1417
f 1292/1499/1415 1293/1502/1418 981/1503/1419 980/1500/1416
f 1293/1502/1418 1294/1504/1420 982/1505/1421 981/1503/1419
f 1294/1504/1420 1295/1506/1422 983/1507/1423 982/1505/1421
f 1295/1506/1422 1296/1508/1424 984/1509/1425 983/1507/1423
f 1296/1508/1424 1297/1510/1426 985/1511/1427 984/1509/1425
f 1297/1510/1426 1298/1512/1428 986/1513/1429 985/1511/1427
f 1298/1512/1428 1299/1514/1430 987/1515/1431 986/1513/1429
f 1299/1514/1430 1300/1516/1432 988/1517/1433 987/1515/1431
f 1300/1516/1432 1301/1518/1434 989/1519/1435 988/1517/1433
f 1301/1518/1434 1302/1520/1436 990/1521/1437 989/1519/1435
f 1302/1520/1436 1303/1522/1438 991/1523/1439 990/1521/1437
f 979/1501/1417 980/1500/1416 993/1524/1440 992/1525/1441
f 980/1500/1416 981/1503/1419 994/1526/1442 993/1524/1440
f 981/1503/1419 982/1505/1421 995/1527/1443 994/1526/1442
f 982/1505/1421 983/1507/1423 996/1528/1444 995/1527/1443
f 983/1507/1423 984/1509/1425 997/1529/1445 996/1528/1444
f 984/1509/1425 985/1511/1427 998/1530/1446 997/1529/1445
f 985/1511/1427 986/1513/1429 999/1531/1447 998/1530/1446
f 986/1513/1429 987/1515/1431 1000/1532/1448 999/1531/1447
f 987/1515/1431 988/1517/1433 1001/1533/1449 1000/1532/1448
f 988/1517/1433 989/1519/1435 1002/1534/1450 1001/1533/1449
f 989/1519/1435 990/1521/1437 1003/1535/1451 1002/1534/1450
f 990/1521/1437 991/1523/1439 1004/1536/1452 1003/1535/1451
f 992/1525/1441 993/1524/1440 1006/1537/1453 1005/1538/1454
f 993/1524/1440 994/1526/1442 1007/1539/1455 1006/1537/1453
f 994/1526/1442 995/1527/1443 1008/1540/1456 1007/1539/1455
f 995/1527/1443 996/1528/1444 1009/1541/1457 1008/1540/1456
f 996/1528/1444 997/1529/1445 1010/1542/1458 1009/1541/1457
f 997/1529/1445 998/1530/1446 1011/1543/1459 1010/1542/1458
f 998/1530/1446 999/1531/1447 1012/1544/1460 1011/1543/1459
f 999/1531/1447 1000/1532/1448 1013/1545/1461 1012/1544/1460
f 1000/1532/1448 1001/1533/1449 1014/1546/1462 1013/1545/1461
f 1001/1533/1449 1002/1534/1450 1015/1547/1463 1014/1546/1462
f 1002/1534/1450 1003/1535/1451 1016/1548/1464 1015/1547/1463
f 1003/1535/1451 1004/1536/1452 1017/1549/1465 1016/1548/1464
f 1005/1538/1454 1006/1537/1453 1019/1550/1466 1018/1551/1467
f 1006/1537/1453 1007/1539/1455 1020/1552/1468 1019/1550/1466
f 1007/1539/1455 1008/1540/1456 1021/1553/1469 1020/1552/1468
f 1008/1540/1456 1009/1541/1457 1022/1554/1470 1021/1553/1469
f 1009/1541/1457 1010/1542/1458 1023/1555/1471 1022/1554/1470
f 1010/1542/1458 1011/1543/1459 1024/1556/1472 1023/1555/1471
f 1011/1543/1459 1012/1544/1460 1025/1557/1473 1024/1556/1472
f 1012/1544/1460 1013/1545/1461 1026/1558/1474 1025/1557/1473
f 1013/1545/1461 1014/1546/1462 1027/1559/1475 1026/1558/1474
f 1014/1546/1462 1015/1547/1463 1028/1560/1476 1027/1559/1475
f 1015/1547/1463 1016/1548/1464 1029/1561/1477 1028/1560/1476
f 1016/1548/1464 1017/1549/1465 1030/1562/1478 1029/1561/1477
f 1018/1551/1467 1019/1550/1466 1032/1563/1479 1031/1564/1480
f 1019/1550/1466 1020/1552/1468 1033/1565/1481 1032/1563/1479
f 1020/1552/1468 1021/1553/1469 1034/1566/1482 1033/1565/1481
f 1021/1553/1469 1022/1554/1470 1035/1567/1483 1034/1566/1482
f 1022/1554/1470 1023/1555/1471 1036/1568/1484 1035/1567/1483
f 1023/1555/1471 1024/1556/1472 1037/1569/1485 1036/1568/1484
f 1024/1556/1472 1025/1557/1473 1038/1570/1486 1037/1569/1485
f 1025/1557/1473 1026/1558/1474 1039/1571/1487 1038/1570/1486
f 1026/1558/1474 1027/1559/1475 1040/1572/1488 1039/1571/1487
f 1027/1559/1475 1028/1560/1476 1041/1573/1489 1040/1572/1488
f 1028/1560/1476 1029/1561/1477 1042/1574/1490 1041/1573/1489
f 1029/1561/1477 1030/1562/1478 1043/1575/1491 1042/1574/1490
f 1031/1564/1480 1032/1563/1479 1045/1576/1492 1044/1577/1493
f 1032/1563/1479 1033/1565/1481 1046/1578/1494 1045/1576/1492
f 1033/1565/1481 1034/1566/1482 1047/1579/1495 1046/1578/1494
f 1034/1566/1482 1035/1567/1483 1048/1580/1496 1047/1579/1495
f 1035/1567/1483 1036/1568/1484 1049/1581/1497 1048/1580/1496
f 1036/1568/1484 1037/1569/1485 1050/1582/1498 1049/1581/1497
f 1037/1569/1485 1038/1570/1486 1051/1583/1499 1050/1582/1498
f 1038/1570/1486 1039/1571/1487 1052/1584/1500 1051/1583/1499
f 1039/1571/1487 1040/1572/1488 1053/1585/1501 1052/1584/1500
f 1040/1572/1488 1041/1573/1489 1054/1586/1502 1053/1585/1501
f 1041/1573/1489 1042/1574/1490 1055/1587/1503 1054/1586/1502
f 1042/1574/1490 1043/1575/1491 1056/1588/1504 1055/1587/1503
f 1044/1577/1493 1045/1576/1492 1058/1589/1505 1057/1590/1506
f 1045/1576/1492 1046/1578/1494 1059/1591/1507 1058/1589/1505
f 1046/1578/1494 1047/1579/1495 1060/1592/1508 1059/1591/1507
f 1047/1579/1495 1048/1580/1496 1061/1593/1509 1060/1592/1508
f 1048/1580/1496 1049/1581/1497 1062/1594/1510 1061/1593/1509
f 1049/1581/1497 1050/1582/1498 1063/1595/1511 1062/1594/1510
f 1050/1582/1498 1051/1583/1499 1064/1596/1512 1063/1595/1511
f 1051/1583/1499 1052/1584/1500 1065/1597/1513 1064/1596/1512
f 1052/1584/1500 1053/1585/1501 1066/1598/1514 1065/1597/1513
f 1053/1585/1501 1054/1586/1502 1067/1599/1515 1066/1598/1514
f 1054/1586/1502 1055/1587/1503 1068/1600/1516 1067/1599/1515
f 1055/1587/1503 1056/1588/1504 1069/1601/1517 1068/1600/1516
f 1317/1602/1518 1318/1603/1519 1071/1604/1520 1070/1605/1521
f 1318/1603/1519 1319/1606/1522 1072/1607/1523 1071/1604/1520
f 1319/1606/1522 1320/1608/1524 1073/1609/1525 1072/1607/1523
f 1320/1608/1524 1321/1610/1526 1074/1611/1527 1073/1609/1525
f 1321/1610/1526 1322/1612/1528 1075/1613/1529 1074/1611/1527
f 1322/1612/1528 1323/1614/1530 1076/1615/1531 1075/1613/1529
f 1323/1614/1530 1324/1616/1532 1077/1617/1533 1076/1615/1531
f 1324/1616/1532 1325/1618/1534 1078/1619/1535 1077/1617/1533
f 1325/1618/1534 1326/1620/1536 1079/1621/1537 1078/1619/1535
f 1326/1620/1536 1327/1622/1538 1080/1623/1539 1079/1621/1537
f 1327/1622/1538 1328/1624/1540 1081/1625/1541 1080/1623/1539
f 1328/1624/1540 1329/1626/1542 1082/1627/1543 1081/1625/1541
f 1200/1628/1544 1201/1629/1545 1084/1630/1546 1083/1631/1547
f 1201/1629/1545 1202/1632/1548 1085/1633/1549 1084/1630/1546
f 1202/1632/1548 1203/1634/1550 1086/1635/1551 1085/1633/1549
f 1203/1634/1550 1204/1636/1552 1087/1637/1553 1086/1635/1551
f 1204/1636/1552 1205/1638/1554 1088/1639/1555 1087/1637/1553
f 1205/1638/1554 1206/1640/1556 1089/1641/1557 1088/1639/1555
f 1206/1640/1556 1207/1642/1558 1090/1643/1559 1089/1641/1557
f 1207/1642/1558 1208/1644/1560 1091/1645/1561 1090/1643/1559
f 1208/1644/1560 1209/1646/1562 1092/1647/1563 1091/1645/1561
f 1209/1646/1562 1210/1648/1564 1093/1649/1565 1092/1647/1563
f 1210/1648/1564 1211/1650/1566 1094/1651/1567 1093/1649/1565
f 1211/1650/1566 1212/1652/1568 1095/1653/1569 1094/1651/1567
f 1161/1654/1570 1162/1655/1571 1097/1656/1572 1096/1657/1573
f 1162/1655/1571 1163/1658/1574 1098/1659/1575 1097/1656/1572
f 1163/1658/1574 1164/1660/1576 1099/1661/1577 1098/1659/1575
f 1164/1660/1576 1165/1662/1578 1100/1663/1579 1099/1661/1577
f 1165/1662/1578 1166/1664/1580 1101/1665/1581 1100/1663/1579
f 1166/1664/1580 1167/1666/1582 1102/1667/1583 1101/1665/1581
f 1167/1666/1582 1168/1668/1584 1103/1669/1585 1102/1667/1583
f 1168/1668/1584 1169/1670/1586 1104/1671/1587 1103/1669/1585
f 1169/1670/1586 1170/1672/1588 1105/1673/1589 1104/1671/1587
f 1170/1672/1588 1171/1674/1590 1106/1675/1591 1105/1673/1589
f 1171/1674/1590 1172/1676/1592 1107/1677/1593 1106/1675/1591
f 1172/1676/1592 1173/1678/1594 1108/1679/1595 1107/1677/1593
f 1135/1680/1596 1136/1681/1597 1110/1682/1598 1109/1683/1599
f 1136/1681/1597 1137/1684/1600 1111/1685/1601 1110/1682/1598
f 1137/1684/1600 1138/1686/1602 1112/1687/1603 1111/1685/1601
f 1138/1686/1602 1139/1688/1604 1113/1689/1605 1112/1687/1603
f 1139/1688/1604 1140/1690/1606 1114/1691/1607 1113/1689/1605
f 1140/1690/1606 1141/1692/1608 1115/1693/1609 1114/1691/1607
f 1141/1692/1608 1142/1694/1610 1116/1695/1611 1115/1693/1609
f 1142/1694/1610 1143/1696/1612 1117/1697/1613 1116/1695/1611
f 1143/1696/1612 1144/1698/1614 1118/1699/1615 1117/1697/1613
f 1144/1698/1614 1145/1700/1616 1119/1701/1617 1118/1699/1615
f 1145/1700/1616 1146/1702/1618 1120/1703/1619 1119/1701/1617
f 1146/1702/1618 1147/1704/1620 1121/1705/1621 1120/1703/1619
f 1109/1683/1599 1110/1682/1598 1123/1447/1363 1122/1446/1362
f 1110/1682/1598 1111/1685/1601 1124/1450/1366 1123/1447/1363
f 1111/1685/1601 1112/1687/1603 1125/1452/1368 1124/1450/1366
f 1112/1687/1603 1113/1689/1605 1126/1454/1370 1125/1452/1368
f 1113/1689/1605 1114/1691/1607 1127/1456/1372 1126/1454/1370
f 1114/1691/1607 1115/1693/1609 1128/1458/1374 1127/1456/1372
f 1115/1693/1609 1116/1695/1611 1129/1460/1376 1128/1458/1374
f 1116/1695/1611 1117/1697/1613 1130/1462/1378 1129/1460/1376
f 1117/1697/1613 1118/1699/1615 1131/1464/1380 1130/1462/1378
f 1118/1699/1615 1119/1701/1617 1132/1466/1382 1131/1464/1380
f 1119/1701/1617 1120/1703/1619 1133/1468/1384 1132/1466/1382
f 1120/1703/1619 1121/1705/1621 1134/1470/1386 1133/1468/1384
f 940/1706/1622 941/1707/1623 1136/1681/1597 1135/1680/1596
f 941/1707/1623 942/1708/1624 1137/1684/1600 1136/1681/1597
f 942/1708/1624 943/1709/1625 1138/1686/1602 1137/1684/1600
f 943/1709/1625 944/1710/1626 1139/1688/1604 1138/1686/1602
f 944/1710/1626 945/1711/1627 1140/1690/1606 1139/1688/1604
f 945/1711/1627 946/1712/1628 1141/1692/1608 1140/1690/1606
f 946/1712/1628 947/1713/1629 1142/1694/1610 1141/1692/1608
f 947/1713/1629 948/1714/1630 1143/1696/1612 1142/1694/1610
f 948/1714/1630 949/1715/1631 1144/1698/1614 1143/1696/1612
f 949/1715/1631 950/1716/1632 1145/1700/1616 1144/1698/1614
f 950/1716/1632 951/1717/1633 1146/1702/1618 1145/1700/1616
f 951/1717/1633 952/1718/1634 1147/1704/1620 1146/1702/1618
f 1174/1719/1635 1175/1720/1636 1149/1721/1637 1148/1722/1638
f 1175/1720/1636 1176/1723/1639 1150/1724/1640 1149/1721/1637
f 1176/1723/1639 1177/1725/1641 1151/1726/1642 1150/1724/1640
f 1177/1725/1641 1178/1727/1643 1152/1728/1644 1151/1726/1642
f 1178/1727/1643 1179/1729/1645 1153/1730/1646 1152/1728/1644
f 1179/1729/1645 1180/1731/1647 1154/1732/1648 1153/1730/1646
f 1180/1731/1647 1181/1733/1649 1155/1734/1650 1154/1732/1648
f 1181/1733/1649 1182/1735/1651 1156/1736/1652 1155/1734/1650
f 1182/1735/1651 1183/1737/1653 1157/1738/1654 1156/1736/1652
f 1183/1737/1653 1184/1739/1655 1158/1740/1656 1157/1738/1654
f 1184/1739/1655 1185/1741/1657 1159/1742/1658 1158/1740/1656
f 1185/1741/1657 1186/1743/1659 1160/1744/1660 1159/1742/1658
f 1148/1722/1638 1149/1721/1637 1162/1655/1571 1161/1654/1570
f 1149/1721/1637 1150/1724/1640 1163/1658/1574 1162/1655/1571
f 1150/1724/1640 1151/1726/1642 1164/1660/1576 1163/1658/1574
f 1151/1726/1642 1152/1728/1644 1165/1662/1578 1164/1660/1576
f 1152/1728/1644 1153/1730/1646 1166/1664/1580 1165/1662/1578
f 1153/1730/1646 1154/1732/1648 1167/1666/1582 1166/1664/1580
f 1154/1732/1648 1155/1734/1650 1168/1668/1584 1167/1666/1582
f 1155/1734/1650 1156/1736/1652 1169/1670/1586 1168/1668/1584
f 1156/1736/1652 1157/1738/1654 1170/1672/1588 1169/1670/1586
f 1157/1738/1654 1158/1740/1656 1171/1674/1590 1170/1672/1588
f 1158/1740/1656 1159/1742/1658 1172/1676/1592 1171/1674/1590
f 1159/1742/1658 1160/1744/1660 1173/1678/1594 1172/1676/1592
f 1083/1631/1547 1084/1630/1546 1175/1720/1636 1174/1719/1635
f 1084/1630/1546 1085/1633/1549 1176/1723/1639 1175/1720/1636
f 1085/1633/1549 1086/1635/1551 1177/1725/1641 1176/1723/1639
f 1086/1635/1551 1087/1637/1553 1178/1727/1643 1177/1725/1641
f 1087/1637/1553 1088/1639/1555 1179/1729/1645 1178/1727/1643
f 1088/1639/1555 1089/1641/1557 1180/1731/1647 1179/1729/1645
f 1089/1641/1557 1090/1643/1559 1181/1733/1649 1180/1731/1647
f 1090/1643/1559 1091/1645/1561 1182/1735/1651 1181/1733/1649
f 1091/1645/1561 1092/1647/1563 1183/1737/1653 1182/1735/1651
f 1092/1647/1563 1093/1649/1565 1184/1739/1655 1183/1737/1653
f 1093/1649/1565 1094/1651/1567 1185/1741/1657 1184/1739/1655
f 1094/1651/1567 1095/1653/1569 1186/1743/1659 1185/1741/1657
f 1213/1745/1661 1214/1746/1662 1188/1747/1663 1187/1748/1664
f 1214/1746/1662 1215/1749/1665 1189/1750/1666 1188/1747/1663
f 1215/1749/1665 1216/1751/1667 1190/1752/1668 1189/1750/1666
f 1216/1751/1667 1217/1753/1669 1191/1754/1670 1190/1752/1668
f 1217/1753/1669 1218/1755/1671 1192/1756/1672 1191/1754/1670
f 1218/1755/1671 1219/1757/1673 1193/1758/1674 1192/1756/1672
f 1219/1757/1673 1220/1759/1675 1194/1760/1676 1193/1758/1674
f 1220/1759/1675 1221/1761/1677 1195/1762/1678 1194/1760/1676
f 1221/1761/1677 1222/1763/1679 1196/1764/1680 1195/1762/1678
f 1222/1763/1679 1223/1765/1681 1197/1766/1682 1196/1764/1680
f 1223/1765/1681 1224/1767/1683 1198/1768/1684 1197/1766/1682
f 1224/1767/1683 1225/1769/1685 1199/1770/1686 1198/1768/1684
f 1187/1748/1664 1188/1747/1663 1201/1629/1545 1200/1628/1544
f 1188/1747/1663 1189/1750/1666 1202/1632/1548 1201/1629/1545
f 1189/1750/1666 1190/1752/1668 1203/1634/1550 1202/1632/1548
f 1190/1752/1668 1191/1754/1670 1204/1636/1552 1203/1634/1550
f 1191/1754/1670 1192/1756/1672 1205/1638/1554 1204/1636/1552
f 1192/1756/1672 1193/1758/1674 1206/1640/1556 1205/1638/1554
f 1193/1758/1674 1194/1760/1676 1207/1642/1558 1206/1640/1556
f 1194/1760/1676 1195/1762/1678 1208/1644/1560 1207/1642/1558
f 1195/1762/1678 1196/1764/1680 1209/1646/1562 1208/1644/1560
f 1196/1764/1680 1197/1766/1682 1210/1648/1564 1209/1646/1562
f 1197/1766/1682 1198/1768/1684 1211/1650/1566 1210/1648/1564
f 1198/1768/1684 1199/1770/1686 1212/1652/1568 1211/1650/1566
f 1070/1605/1521 1071/1604/1520 1214/1746/1662 1213/1745/1661
f 1071/1604/1520 1072/1607/1523 1215/1749/1665 1214/1746/1662
f 1072/1607/1523 1073/1609/1525 1216/1751/1667 1215/1749/1665
f 1073/1609/1525 1074/1611/1527 1217/1753/1669 1216/1751/1667
f 1074/1611/1527 1075/1613/1529 1218/1755/1671 1217/1753/1669
f 1075/1613/1529 1076/1615/1531 1219/1757/1673 1218/1755/1671
f 1076/1615/1531 1077/1617/1533 1220/1759/1675 1219/1757/1673
f 1077/1617/1533 1078/1619/1535 1221/1761/1677 1220/1759/1675
f 1078/1619/1535 1079/1621/1537 1222/1763/1679 1221/1761/1677
f 1079/1621/1537 1080/1623/1539 1223/1765/1681 1222/1763/1679
f 1080/1623/1539 1081/1625/1541 1224/1767/1683 1223/1765/1681
f 1081/1625/1541 1082/1627/1543 1225/1769/1685 1224/1767/1683
f 1252/1771/1687 1253/1772/1688 1227/1773/1689 1226/1774/1690
f 1253/1772/1688 1254/1775/1691 1228/1776/1692 1227/1773/1689
f 1254/1775/1691 1255/1777/1693 1229/1778/1694 1228/1776/1692
f 1255/1777/1693 1256/1779/1695 1230/1780/1696 1229/1778/1694
f 1256/1779/1695 1257/1781/1697 1231/1782/1698 1230/1780/1696
f 1257/1781/1697 1258/1783/1699 1232/1784/1700 1231/1782/1698
f 1258/1783/1699 1259/1785/1701 1233/1786/1702 1232/1784/1700
f 1259/1785/1701 1260/1787/1703 1234/1788/1704 1233/1786/1702
f 1260/1787/1703 1261/1789/1705 1235/1790/1706 1234/1788/1704
f 1261/1789/1705 1262/1791/1707 1236/1792/1708 1235/1790/1706
f 1262/1791/1707 1263/1793/1709 1237/1794/1710 1236/1792/1708
f 1263/1793/1709 1264/1795/1711 1238/1796/1712 1237/1794/1710
f 1226/1774/1690 1227/1773/1689 1240/1473/1389 1239/1472/1388
f 1227/1773/1689 1228/1776/1692 1241/1476/1392 1240/1473/1389
f 1228/1776/1692 1229/1778/1694 1242/1478/1394 1241/1476/1392
f 1229/1778/1694 1230/1780/1696 1243/1480/1396 1242/1478/1394
f 1230/1780/1696 1231/1782/1698 1244/1482/1398 1243/1480/1396
f 1231/1782/1698 1232/1784/1700 1245/1484/1400 1244/1482/1398
f 1232/1784/1700 1233/1786/1702 1246/1486/1402 1245/1484/1400
f 1233/1786/1702 1234/1788/1704 1247/1488/1404 1246/1486/1402
f 1234/1788/1704 1235/1790/1706 1248/1490/1406 1247/1488/1404
f 1235/1790/1706 1236/1792/1708 1249/1492/1408 1248/1490/1406
f 1236/1792/1708 1237/1794/1710 1250/1494/1410 1249/1492/1408
f 1237/1794/1710 1238/1796/1712 1251/1496/1412 1250/1494/1410
f 953/1449/1365 954/1448/1364 1253/1772/1688 1252/1771/1687
f 954/1448/1364 955/1451/1367 1254/1775/1691 1253/1772/1688
f 955/1451/1367 956/1453/1369 1255/1777/1693 1254/1775/1691
f 956/1453/1369 957/1455/1371 1256/1779/1695 1255/1777/1693
f 957/1455/1371 958/1457/1373 1257/1781/1697 1256/1779/1695
f 958/1457/1373 959/1459/1375 1258/1783/1699 1257/1781/1697
f 959/1459/1375 960/1461/1377 1259/1785/1701 1258/1783/1699
f 960/1461/1377 961/1463/1379 1260/1787/1703 1259/1785/1701
f 961/1463/1379 962/1465/1381 1261/1789/1705 1260/1787/1703
f 962/1465/1381 963/1467/1383 1262/1791/1707 1261/1789/1705
f 963/1467/1383 964/1469/1385 1263/1793/1709 1262/1791/1707
f 964/1469/1385 965/1471/1387 1264/1795/1711 1263/1793/1709
f 1278/1797/1713 1279/1798/1714 1266/1799/1715 1265/1800/1716
f 1279/1798/1714 1280/1801/1717 1267/1802/1718 1266/1799/1715
f 1280/1801/1717 1281/1803/1719 1268/1804/1720 1267/1802/1718
f 1281/1803/1719 1282/1805/1721 1269/1806/1722 1268/1804/1720
f 1282/1805/1721 1283/1807/1723 1270/1808/1724 1269/1806/1722
f 1283/1807/1723 1284/1809/1725 1271/1810/1726 1270/1808/1724
f 1284/1809/1725 1285/1811/1727 1272/1812/1728 1271/1810/1726
f 1285/1811/1727 1286/1813/1729 1273/1814/1730 1272/1812/1728
f 1286/1813/1729 1287/1815/1731 1274/1816/1732 1273/1814/1730
f 1287/1815/1731 1288/1817/1733 1275/1818/1734 1274/1816/1732
f 1288/1817/1733 1289/1819/1735 1276/1820/1736 1275/1818/1734
f 1289/1819/1735 1290/1821/1737 1277/1822/1738 1276/1820/1736
f 966/1475/1391 967/1474/1390 1279/1798/1714 1278/1797/1713
f 967/1474/1390 968/1477/1393 1280/1801/1717 1279/1798/1714
f 968/1477/1393 969/1479/1395 1281/1803/1719 1280/1801/1717
f 969/1479/1395 970/1481/1397 1282/1805/1721 1281/1803/1719
f 970/1481/1397 971/1483/1399 1283/1807/1723 1282/1805/1721
f 971/1483/1399 972/1485/1401 1284/1809/1725 1283/1807/1723
f 972/1485/1401 973/1487/1403 1285/1811/1727 1284/1809/1725
f 973/1487/1403 974/1489/1405 1286/1813/1729 1285/1811/1727
f 974/1489/1405 975/1491/1407 1287/1815/1731 1286/1813/1729
f 975/1491/1407 976/1493/1409 1288/1817/1733 1287/1815/1731
f 976/1493/1409 977/1495/1411 1289/1819/1735 1288/1817/1733
f 977/1495/1411 978/1497/1413 1290/1821/1737 1289/1819/1735
f 1265/1800/1716 1266/1799/1715 1292/1499/1415 1291/1498/1414
f 1266/1799/1715 1267/1802/1718 1293/1502/1418 1292/1499/1415
f 1267/1802/1718 1268/1804/1720 1294/1504/1420 1293/1502/1418
f 1268/1804/1720 1269/1806/1722 1295/1506/1422 1294/1504/1420
f 1269/1806/1722 1270/1808/1724 1296/1508/1424 1295/1506/1422
f 1270/1808/1724 1271/1810/1726 1297/1510/1426 1296/1508/1424
f 1271/1810/1726 1272/1812/1728 1298/1512/1428 1297/1510/1426
f 1272/1812/1728 1273/1814/1730 1299/1514/1430 1298/1512/1428
f 1273/1814/1730 1274/1816/1732 1300/1516/1432 1299/1514/1430
f 1274/1816/1732 1275/1818/1734 1301/1518/1434 1300/1516/1432
f 1275/1818/1734 1276/1820/1736 1302/1520/1436 1301/1518/1434
f 1276/1820/1736 1277/1822/1738 1303/1522/1438 1302/1520/1436
f 1330/1823/1739 1331/1824/1740 1305/1825/1741 1304/1826/1742
f 1331/1824/1740 1332/1827/1743 1306/1828/1744 1305/1825/1741
f 1332/1827/1743 1333/1829/1745 1307/1830/1746 1306/1828/1744
f 1333/1829/1745 1334/1831/1747 1308/1832/1748 1307/1830/1746
f 1334/1831/1747 1335/1833/1749 1309/1834/1750 1308/1832/1748
f 1335/1833/1749 1336/1835/1751 1310/1836/1752 1309/1834/1750
f 1336/1835/1751 1337/1837/1753 1311/1838/1754 1310/1836/1752
f 1337/1837/1753 1338/1839/1755 1312/1840/1756 1311/1838/1754
f 1338/1839/1755 1339/1841/1757 1313/1842/1758 1312/1840/1756
f 1339/1841/1757 1340/1843/1759 1314/1844/1760 1313/1842/1758
f 1340/1843/1759 1341/1845/1761 1315/1846/1762 1314/1844/1760
f 1341/1845/1761 1342/1847/1763 1316/1848/1764 1315/1846/1762
f 1304/1826/1742 1305/1825/1741 1318/1603/1519 1317/1602/1518
f 1305/1825/1741 1306/1828/1744 1319/1606/1522 1318/1603/1519
f 1306/1828/1744 1307/1830/1746 1320/1608/1524 1319/1606/1522
f 1307/1830/1746 1308/1832/1748 1321/1610/1526 1320/1608/1524
f 1308/1832/1748 1309/1834/1750 1322/1612/1528 1321/1610/1526
f 1309/1834/1750 1310/1836/1752 1323/1614/1530 1322/1612/1528
f 1310/1836/1752 1311/1838/1754 1324/1616/1532 1323/1614/1530
f 1311/1838/1754 1312/1840/1756 1325/1618/1534 1324/1616/1532
f 1312/1840/1756 1313/1842/1758 1326/1620/1536 1325/1618/1534
f 1313/1842/1758 1314/1844/1760 1327/1622/1538 1326/1620/1536
f 1314/1844/1760 1315/1846/1762 1328/1624/1540 1327/1622/1538
f 1315/1846/1762 1316/1848/1764 1329/1626/1542 1328/1624/1540
f 1057/1590/1506 1058/1589/1505 1331/1824/1740 1330/1823/1739
f 1058/1589/1505 1059/1591/1507 1332/1827/1743 1331/1824/1740
f 1059/1591/1507 1060/1592/1508 1333/1829/1745 1332/1827/1743
f 1060/1592/1508 1061/1593/1509 1334/1831/1747 1333/1829/1745
f 1061/1593/1509 1062/1594/1510 1335/1833/1749 1334/1831/1747
f 1062/1594/1510 1063/1595/1511 1336/1835/1751 1335/1833/1749
f 1063/1595/1511 1064/1596/1512 1337/1837/1753 1336/1835/1751
f 1064/1596/1512 1065/1597/1513 1338/1839/1755 1337/1837/1753
f 1065/1597/1513 1066/1598/1514 1339/1841/1757 1338/1839/1755
f 1066/1598/1514 1067/1599/1515 1340/1843/1759 1339/1841/1757
f 1067/1599/1515 1068/1600/1516 1341/1845/1761 1340/1843/1759
f 1068/1600/1516 1069/1601/1517 1342/1847/1763 1341/1845/1761
s 12
f 1343/1849/1765 1344/1850/1766 1345/1851/1767
f 1345/1851/1767 1344/1850/1766 1346/1852/1768
s 13
f 1351/1853/1769 1352/1854/1770 1354/1855/1771
f 1354/1855/1771 1352/1854/1770 1353/1856/1772
s 14
f 1347/1857/1773 1348/1858/1774 1349/1859/1775
f 1349/1859/1775 1348/1858/1774 1350/1860/1776
s 15
f 1349/1861/1777 1350/1862/1778 1343/1863/1779
f 1343/1863/1779 1350/1862/1778 1344/1864/1780
s 16
f 1355/1865/1781 1359/1866/1782 1367/1867/1783
f 1367/1867/1783 1359/1866/1782 1365/1868/1784
s 17
f 1346/1869/1785 1348/1870/1786 1352/1871/1787
f 1352/1871/1787 1348/1870/1786 1353/1872/1788
s 18
f 1375/1873/1789 1371/1874/1790 1383/1875/1791
f 1383/1875/1791 1371/1874/1790 1381/1876/1792
s 19
f 1347/1877/1793 1345/1878/1794 1354/1879/1795
f 1354/1879/1795 1345/1878/1794 1351/1880/1796
s 20
f 1345/1881/1797 1346/1882/1798 1356/1883/1799
f 1356/1883/1799 1346/1882/1798 1362/1884/1800
s 13
f 1352/1854/1770 1351/1853/1769 1366/1885/1801
f 1366/1885/1801 1351/1853/1769 1370/1886/1802
s 21
f 1348/1887/1803 1347/1888/1804 1376/1889/1805
f 1376/1889/1805 1347/1888/1804 1374/1890/1806
s 13
f 1354/1855/1771 1353/1856/1772 1382/1891/1807
f 1382/1891/1807 1353/1856/1772 1386/1892/1808
s 16
f 1355/1865/1781 1358/1893/1809 1359/1866/1782
f 1359/1866/1782 1358/1893/1809 1360/1894/1810
f 1358/1893/1809 1357/1895/1811 1360/1894/1810
f 1360/1894/1810 1357/1895/1811 1361/1896/1812
s 20
f 1357/1897/1813 1356/1883/1799 1361/1898/1814
f 1361/1898/1814 1356/1883/1799 1362/1884/1800
s 16
f 1365/1868/1784 1364/1899/1815 1367/1867/1783
f 1367/1867/1783 1364/1899/1815 1368/1900/1816
f 1364/1899/1815 1363/1901/1817 1368/1900/1816
f 1368/1900/1816 1363/1901/1817 1369/1902/1818
s 13
f 1363/1903/1819 1366/1885/1801 1369/1904/1820
f 1369/1904/1820 1366/1885/1801 1370/1886/1802
s 21
f 1374/1890/1806 1373/1905/1821 1376/1889/1805
f 1376/1889/1805 1373/1905/1821 1377/1906/1822
s 18
f 1373/1907/1823 1372/1908/1824 1377/1909/1825
f 1377/1909/1825 1372/1908/1824 1378/1910/1826
f 1372/1908/1824 1371/1874/1790 1378/1910/1826
f 1378/1910/1826 1371/1874/1790 1375/1873/1789
f 1381/1876/1792 1380/1911/1827 1383/1875/1791
f 1383/1875/1791 1380/1911/1827 1384/1912/1828
f 1380/1911/1827 1379/1913/1829 1384/1912/1828
f 1384/1912/1828 1379/1913/1829 1385/1914/1830
s 13
f 1379/1915/1831 1382/1891/1807 1385/1916/1832
f 1385/1916/1832 1382/1891/1807 1386/1892/1808
s 17
f 1346/1869/1785 1352/1871/1787 1362/1917/1833
f 1352/1871/1787 1366/1918/1834 1362/1917/1833
f 1362/1917/1833 1366/1918/1834 1361/1919/1835
f 1366/1918/1834 1363/1920/1836 1361/1919/1835
f 1363/1920/1836 1364/1921/1837 1361/1919/1835
f 1361/1919/1835 1364/1921/1837 1360/1922/1838
f 1364/1921/1837 1365/1923/1839 1360/1922/1838
f 1365/1923/1839 1359/1924/1840 1360/1922/1838
s 19
f 1351/1880/1796 1345/1878/1794 1370/1925/1841
f 1345/1878/1794 1356/1926/1842 1370/1925/1841
f 1356/1926/1842 1357/1927/1843 1370/1925/1841
f 1370/1925/1841 1357/1927/1843 1369/1928/1844
f 1357/1927/1843 1358/1929/1845 1369/1928/1844
f 1369/1928/1844 1358/1929/1845 1368/1930/1846
f 1358/1929/1845 1355/1931/1847 1368/1930/1846
f 1355/1931/1847 1367/1932/1848 1368/1930/1846
f 1347/1877/1793 1354/1879/1795 1374/1933/1849
f 1354/1879/1795 1382/1934/1850 1374/1933/1849
f 1374/1933/1849 1382/1934/1850 1373/1935/1851
f 1382/1934/1850 1379/1936/1852 1373/1935/1851
f 1379/1936/1852 1380/1937/1853 1373/1935/1851
f 1373/1935/1851 1380/1937/1853 1372/1938/1854
f 1380/1937/1853 1381/1939/1855 1372/1938/1854
f 1381/1939/1855 1371/1940/1856 1372/1938/1854
s 17
f 1353/1872/1788 1348/1870/1786 1386/1941/1857
f 1348/1870/1786 1376/1942/1858 1386/1941/1857
f 1376/1942/1858 1377/1943/1859 1386/1941/1857
f 1386/1941/1857 1377/1943/1859 1385/1944/1860
f 1377/1943/1859 1378/1945/1861 1385/1944/1860
f 1385/1944/1860 1378/1945/1861 1384/1946/1862
f 1378/1945/1861 1375/1947/1863 1384/1946/1862
f 1375/1947/1863 1383/1948/1864 1384/1946/1862
s 23
f 1389/1949/1865 1388/1950/1866 1449/1951/1867
f 1449/1951/1867 1388/1950/1866 1441/1952/1868
f 1388/1953/1866 1387/1954/1869 1441/1955/1868
f 1441/1955/1868 1387/1954/1869 1442/1956/1870
s 24
f 1387/1954/1871 1395/1957/1872 1442/1956/1873
f 1442/1956/1873 1395/1957/1872 1443/1958/1874
s 25
f 1392/1959/1875 1391/1960/1876 1401/1961/1877
f 1401/1961/1877 1391/1960/1876 1402/1962/1878
s 23
f 1391/1963/1879 1390/1964/1880 1402/1965/1881
f 1402/1965/1881 1390/1964/1880 1403/1966/1882
f 1390/1964/1880 1389/1949/1865 1403/1966/1882
f 1403/1966/1882 1389/1949/1865 1404/1967/1883
s 24
f 1395/1957/1872 1394/1968/1884 1407/1969/1885
f 1407/1969/1885 1394/1968/1884 1408/1970/1886
s 23
f 1394/1968/1887 1393/1971/1888 1408/1970/1889
f 1408/1970/1889 1393/1971/1888 1409/1972/1890
s 25
f 1393/1973/1891 1392/1959/1875 1409/1974/1892
f 1409/1974/1892 1392/1959/1875 1410/1975/1893
s 30
f 1398/1976/1894 1397/1977/1895 1458/1978/1896
f 1458/1978/1896 1397/1977/1895 1450/1979/1897
s 23
f 1397/1977/1898 1396/1980/1899 1450/1979/1900
f 1450/1979/1900 1396/1980/1899 1451/1981/1901
f 1396/1982/1899 1404/1967/1883 1451/1983/1901
f 1451/1983/1901 1404/1967/1883 1452/1984/1902
s 25
f 1401/1961/1877 1400/1985/1903 1419/1986/1904
f 1419/1986/1904 1400/1985/1903 1420/1987/1905
s 23
f 1400/1988/1906 1399/1989/1907 1420/1990/1908
f 1420/1990/1908 1399/1989/1907 1421/1991/1909
s 30
f 1399/1989/1910 1398/1976/1894 1421/1991/1911
f 1421/1991/1911 1398/1976/1894 1422/1992/1912
s 24
f 1407/1969/1885 1406/1993/1913 1425/1994/1914
f 1425/1994/1914 1406/1993/1913 1426/1995/1915
s 23
f 1406/1993/1916 1405/1996/1917 1426/1995/1918
f 1426/1995/1918 1405/1996/1917 1427/1997/1919
f 1405/1998/1917 1413/1999/1920 1427/2000/1919
f 1427/2000/1919 1413/1999/1920 1428/2001/1921
f 1413/1999/1920 1412/2002/1922 1416/2003/1923
f 1416/2003/1923 1412/2002/1922 1417/2004/1924
f 1412/2002/1922 1411/2005/1925 1417/2004/1924
f 1417/2004/1924 1411/2005/1925 1418/2006/1926
s 25
f 1411/2007/1927 1410/1975/1893 1418/2008/1928
f 1418/2008/1928 1410/1975/1893 1419/1986/1904
s 23
f 1416/2003/1923 1415/2009/1929 1437/2010/1930
f 1437/2010/1930 1415/2009/1929 1438/2011/1931
f 1415/2012/1929 1414/2013/1932 1438/2014/1931
f 1438/2014/1931 1414/2013/1932 1439/2015/1933
s 30
f 1414/2013/1934 1422/1992/1912 1439/2015/1935
f 1439/2015/1935 1422/1992/1912 1440/2016/1936
s 24
f 1425/1994/1914 1424/2017/1937 1443/1958/1874
f 1443/1958/1874 1424/2017/1937 1444/2018/1938
s 23
f 1424/2017/1939 1423/2019/1940 1444/2018/1941
f 1444/2018/1941 1423/2019/1940 1445/2020/1942
s 41
f 1423/2021/1943 1431/2022/1944 1445/2023/1945
f 1445/2023/1945 1431/2022/1944 1446/2024/1946
f 1431/2022/1944 1430/2025/1947 1434/2026/1948
f 1434/2026/1948 1430/2025/1947 1435/2027/1949
s 23
f 1430/2028/1950 1429/2029/1951 1435/2030/1952
f 1435/2030/1952 1429/2029/1951 1436/2031/1953
f 1429/2029/1951 1428/2001/1921 1436/2031/1953
f 1436/2031/1953 1428/2001/1921 1437/2010/1930
s 41
f 1434/2026/1948 1433/2032/1954 1455/2033/1955
f 1455/2033/1955 1433/2032/1954 1456/2034/1956
s 23
f 1433/2035/1957 1432/2036/1958 1456/2037/1959
f 1456/2037/1959 1432/2036/1958 1457/2038/1960
s 30
f 1432/2036/1961 1440/2016/1936 1457/2038/1962
f 1457/2038/1962 1440/2016/1936 1458/1978/1896
s 23
f 1449/1951/1867 1448/2039/1963 1452/1984/1902
f 1452/1984/1902 1448/2039/1963 1453/2040/1964
f 1448/2039/1963 1447/2041/1965 1453/2040/1964
f 1453/2040/1964 1447/2041/1965 1454/2042/1966
s 41
f 1447/2043/1967 1446/2024/1946 1454/2044/1968
f 1454/2044/1968 1446/2024/1946 1455/2033/1955
s 25
f 1392/1959/1875 1401/1961/1877 1410/1975/1893
f 1410/1975/1893 1401/1961/1877 1419/1986/1904
s 23
f 1413/1999/1920 1416/2003/1923 1428/2001/1921
f 1428/2001/1921 1416/2003/1923 1437/2010/1930
s 41
f 1431/2022/1944 1434/2026/1948 1446/2024/1946
f 1446/2024/1946 1434/2026/1948 1455/2033/1955
s 23
f 1449/1951/1867 1452/1984/1902 1389/1949/1865
f 1389/1949/1865 1452/1984/1902 1404/1967/1883
s 30
f 1398/1976/1894 1458/1978/1896 1422/1992/1912
f 1422/1992/1912 1458/1978/1896 1440/2016/1936
s 24
f 1443/1958/1874 1395/1957/1872 1425/1994/1914
f 1425/1994/1914 1395/1957/1872 1407/1969/1885
f 1394/1968/1884 1395/1957/1872 1459/2045/1969
f 1459/2045/1969 1395/1957/1872 1387/1954/1871
s 23
f 1459/2045/1970 1387/1954/1869 1460/2046/1971
f 1460/2046/1971 1387/1954/1869 1388/1953/1866
f 1389/1949/1865 1390/1964/1880 1388/1950/1866
f 1388/1950/1866 1390/1964/1880 1460/2047/1972
f 1390/1964/1880 1391/1963/1879 1460/2047/1971
f 1460/2047/1971 1391/1963/1879 1461/2048/1973
s 25
f 1391/1960/1876 1392/1959/1875 1461/2049/1974
f 1461/2049/1974 1392/1959/1875 1393/1973/1891
s 23
f 1393/1971/1888 1394/1968/1887 1461/2050/1973
f 1461/2050/1973 1394/1968/1887 1459/2045/1970
f 1459/2045/1970 1460/2046/1971 1461/2050/1973
f 1404/1967/1883 1396/1982/1899 1403/1966/1882
f 1403/1966/1882 1396/1982/1899 1462/2051/1975
f 1396/1980/1899 1397/1977/1898 1462/2052/1976
f 1462/2052/1976 1397/1977/1898 1463/2053/1977
s 30
f 1397/1977/1895 1398/1976/1894 1463/2053/1978
f 1463/2053/1978 1398/1976/1894 1399/1989/1910
s 23
f 1463/2053/1977 1399/1989/1907 1464/2054/1979
f 1464/2054/1979 1399/1989/1907 1400/1988/1906
s 25
f 1400/1985/1903 1401/1961/1877 1464/2055/1980
f 1464/2055/1980 1401/1961/1877 1402/1962/1878
s 23
f 1464/2056/1979 1402/1965/1881 1462/2051/1976
f 1462/2051/1976 1402/1965/1881 1403/1966/1882
f 1462/2052/1976 1463/2053/1977 1464/2054/1979
f 1413/1999/1920 1405/1998/1917 1412/2002/1922
f 1412/2002/1922 1405/1998/1917 1465/2057/1981
f 1405/1996/1917 1406/1993/1916 1465/2058/1982
f 1465/2058/1982 1406/1993/1916 1466/2059/1983
s 24
f 1406/1993/1913 1407/1969/1885 1466/2059/1984
f 1466/2059/1984 1407/1969/1885 1408/1970/1886
s 23
f 1466/2059/1983 1408/1970/1889 1467/2060/1985
f 1467/2060/1985 1408/1970/1889 1409/1972/1890
s 25
f 1409/1974/1892 1410/1975/1893 1467/2061/1986
f 1467/2061/1986 1410/1975/1893 1411/2007/1927
s 23
f 1467/2062/1985 1411/2005/1925 1465/2057/1982
f 1465/2057/1982 1411/2005/1925 1412/2002/1922
f 1465/2058/1982 1466/2059/1983 1467/2060/1985
s 30
f 1421/1991/1911 1422/1992/1912 1468/2063/1987
f 1468/2063/1987 1422/1992/1912 1414/2013/1934
s 23
f 1468/2063/1988 1414/2013/1932 1469/2064/1989
f 1469/2064/1989 1414/2013/1932 1415/2012/1929
f 1416/2003/1923 1417/2004/1924 1415/2009/1929
f 1415/2009/1929 1417/2004/1924 1469/2065/1990
f 1417/2004/1924 1418/2006/1926 1469/2065/1989
f 1469/2065/1989 1418/2006/1926 1470/2066/1991
s 25
f 1418/2008/1928 1419/1986/1904 1470/2067/1992
f 1470/2067/1992 1419/1986/1904 1420/1987/1905
s 23
f 1420/1990/1908 1421/1991/1909 1470/2068/1991
f 1470/2068/1991 1421/1991/1909 1468/2063/1988
f 1468/2063/1988 1469/2064/1989 1470/2068/1991
s 41
f 1430/2025/1947 1431/2022/1944 1471/2069/1993
f 1471/2069/1993 1431/2022/1944 1423/2021/1943
s 23
f 1423/2019/1940 1424/2017/1939 1471/2070/1994
f 1471/2070/1994 1424/2017/1939 1472/2071/1995
s 24
f 1424/2017/1937 1425/1994/1914 1472/2071/1996
f 1472/2071/1996 1425/1994/1914 1426/1995/1915
s 23
f 1472/2071/1995 1426/1995/1918 1473/2072/1997
f 1473/2072/1997 1426/1995/1918 1427/1997/1919
f 1428/2001/1921 1429/2029/1951 1427/2000/1919
f 1427/2000/1919 1429/2029/1951 1473/2073/1998
f 1429/2029/1951 1430/2028/1950 1473/2073/1997
f 1473/2073/1997 1430/2028/1950 1471/2074/1994
f 1471/2070/1994 1472/2071/1995 1473/2072/1997
s 30
f 1439/2015/1935 1440/2016/1936 1474/2075/1999
f 1474/2075/1999 1440/2016/1936 1432/2036/1961
s 23
f 1474/2075/2000 1432/2036/1958 1475/2076/2001
f 1475/2076/2001 1432/2036/1958 1433/2035/1957
s 41
f 1433/2032/1954 1434/2026/1948 1475/2077/2002
f 1475/2077/2002 1434/2026/1948 1435/2027/1949
s 23
f 1475/2078/2001 1435/2030/1952 1476/2079/2003
f 1476/2079/2003 1435/2030/1952 1436/2031/1953
f 1437/2010/1930 1438/2011/1931 1436/2031/1953
f 1436/2031/1953 1438/2011/1931 1476/2079/2004
f 1438/2014/1931 1439/2015/1933 1476/2080/2003
f 1476/2080/2003 1439/2015/1933 1474/2075/2000
f 1474/2075/2000 1475/2076/2001 1476/2080/2003
f 1449/1951/1867 1441/1952/1868 1448/2039/1963
f 1448/2039/1963 1441/1952/1868 1477/2081/2005
f 1441/1955/1868 1442/1956/1870 1477/2082/2006
f 1477/2082/2006 1442/1956/1870 1478/2083/2007
s 24
f 1442/1956/1873 1443/1958/1874 1478/2083/2008
f 1478/2083/2008 1443/1958/1874 1444/2018/1938
s 23
f 1478/2083/2007 1444/2018/1941 1479/2084/2009
f 1479/2084/2009 1444/2018/1941 1445/2020/1942
s 41
f 1445/2023/1945 1446/2024/1946 1479/2085/2010
f 1479/2085/2010 1446/2024/1946 1447/2043/1967
s 23
f 1479/2086/2009 1447/2041/1965 1477/2081/2006
f 1477/2081/2006 1447/2041/1965 1448/2039/1963
f 1477/2082/2006 1478/2083/2007 1479/2084/2009
s 30
f 1457/2038/1962 1458/1978/1896 1480/2087/2011
f 1480/2087/2011 1458/1978/1896 1450/1979/1897
s 23
f 1480/2087/2012 1450/1979/1900 1481/2088/2013
f 1481/2088/2013 1450/1979/1900 1451/1981/1901
f 1452/1984/1902 1453/2040/1964 1451/1983/1901
f 1451/1983/1901 1453/2040/1964 1481/2089/2014
f 1453/2040/1964 1454/2042/1966 1481/2089/2013
f 1481/2089/2013 1454/2042/1966 1482/2090/2015
s 41
f 1454/2044/1968 1455/2033/1955 1482/2091/2016
f 1482/2091/2016 1455/2033/1955 1456/2034/1956
s 23
f 1456/2037/1959 1457/2038/1960 1482/2092/2015
f 1482/2092/2015 1457/2038/1960 1480/2087/2012
f 1480/2087/2012 1481/2088/2013 1482/2092/2015
s 48
f 1520/2093/2017 1519/2094/2018 1521/2095/2019
f 1522/2096/2020 1520/2093/2017 1521/2095/2019
f 1523/2097/2021 1522/2096/2020 1521/2095/2019
f 1524/2098/2022 1523/2097/2021 1521/2095/2019
f 1525/2099/2023 1524/2098/2022 1521/2095/2019
f 1526/2100/2024 1525/2099/2023 1521/2095/2019
f 1527/2101/2025 1526/2100/2024 1521/2095/2019
f 1528/2102/2026 1527/2101/2025 1521/2095/2019
f 1529/2103/2027 1528/2102/2026 1521/2095/2019
f 1530/2104/2028 1529/2103/2027 1521/2095/2019
f 1531/2105/2029 1530/2104/2028 1521/2095/2019
f 1532/2106/2030 1531/2105/2029 1521/2095/2019
f 1533/2107/2031 1532/2106/2030 1521/2095/2019
f 1534/2108/2032 1533/2107/2031 1521/2095/2019
f 1535/2109/2033 1534/2108/2032 1521/2095/2019
f 1536/2110/2034 1535/2109/2033 1521/2095/2019
f 1537/2111/2035 1536/2110/2034 1521/2095/2019
f 1519/2094/2018 1537/2111/2035 1521/2095/2019
s 49
f 1538/2112/2036 1539/2113/2037 1540/2114/2038
f 1539/2113/2037 1541/2115/2039 1540/2114/2038
f 1541/2115/2039 1542/2116/2040 1540/2114/2038
f 1542/2116/2040 1543/2117/2041 1540/2114/2038
f 1543/2117/2041 1544/2118/2042 1540/2114/2038
f 1544/2118/2042 1545/2119/2043 1540/2114/2038
f 1545/2119/2043 1546/2120/2044 1540/2114/2038
f 1546/2120/2044 1547/2121/2045 1540/2114/2038
f 1547/2121/2045 1548/2122/2046 1540/2114/2038
f 1548/2122/2046 1549/2123/2047 1540/2114/2038
f 1549/2123/2047 1550/2124/2048 1540/2114/2038
f 1550/2124/2048 1551/2125/2049 1540/2114/2038
f 1551/2125/2049 1552/2126/2050 1540/2114/2038
f 1552/2126/2050 1553/2127/2051 1540/2114/2038
f 1553/2127/2051 1554/2128/2052 1540/2114/2038
f 1554/2128/2052 1555/2129/2053 1540/2114/2038
f 1555/2129/2053 1556/2130/2054 1540/2114/2038
f 1556/2130/2054 1538/2112/2036 1540/2114/2038
s 50
f 1484/2131/2055 1483/2132/2056 1519/2133/2057 1520/2134/2058
f 1485/2135/2059 1484/2131/2055 1520/2134/2058 1522/2136/2060
f 1486/2137/2061 1485/2135/2059 1522/2136/2060 1523/2138/2062
f 1487/2139/2063 1486/2137/2061 1523/2138/2062 1524/2140/2064
f 1488/2141/2065 1487/2139/2063 1524/2140/2064 1525/2142/2066
f 1489/2143/2067 1488/2141/2065 1525/2142/2066 1526/2144/2068
f 1490/2145/2069 1489/2143/2067 1526/2144/2068 1527/2146/2070
f 1491/2147/2071 1490/2145/2069 1527/2146/2070 1528/2148/2072
f 1492/2149/2073 1491/2147/2071 1528/2148/2072 1529/2150/2074
f 1493/2151/2075 1492/2149/2073 1529/2150/2074 1530/2152/2076
f 1494/2153/2077 1493/2151/2075 1530/2152/2076 1531/2154/2078
f 1495/2155/2079 1494/2153/2077 1531/2154/2078 1532/2156/2080
f 1496/2157/2081 1495/2155/2079 1532/2156/2080 1533/2158/2082
f 1497/2159/2083 1496/2157/2081 1533/2158/2082 1534/2160/2084
f 1498/2161/2085 1497/2162/2083 1534/2163/2084 1535/2164/2086
f 1499/2165/2087 1498/2161/2085 1535/2164/2086 1536/2166/2088
f 1500/2167/2089 1499/2165/2087 1536/2166/2088 1537/2168/2090
f 1483/2132/2056 1500/2167/2089 1537/2168/2090 1519/2133/2057
s 51
f 1501/2169/2091 1502/2170/2092 1539/2171/2093 1538/2172/2094
f 1502/2170/2092 1503/2173/2095 1541/2174/2096 1539/2171/2093
f 1503/2173/2095 1504/2175/2097 1542/2176/2098 1541/2174/2096
f 1504/2175/2097 1505/2177/2099 1543/2178/2100 1542/2176/2098
f 1505/2177/2099 1506/2179/2101 1544/2180/2102 1543/2178/2100
f 1506/2179/2101 1507/2181/2103 1545/2182/2104 1544/2180/2102
f 1507/2181/2103 1508/2183/2105 1546/2184/2106 1545/2182/2104
f 1508/2183/2105 1509/2185/2107 1547/2186/2108 1546/2184/2106
f 1509/2185/2107 1510/2187/2109 1548/2188/2110 1547/2186/2108
f 1510/2187/2109 1511/2189/2111 1549/2190/2112 1548/2188/2110
f 1511/2189/2111 1512/2191/2113 1550/2192/2114 1549/2190/2112
f 1512/2193/2113 1513/2194/2115 1551/2195/2116 1550/2196/2114
f 1513/2194/2115 1514/2197/2117 1552/2198/2118 1551/2195/2116
f 1514/2197/2117 1515/2199/2119 1553/2200/2120 1552/2198/2118
f 1515/2199/2119 1516/2201/2121 1554/2202/2122 1553/2200/2120
f 1516/2201/2121 1517/2203/2123 1555/2204/2124 1554/2202/2122
f 1517/2203/2123 1518/2205/2125 1556/2206/2126 1555/2204/2124
f 1518/2205/2125 1501/2169/2091 1538/2172/2094 1556/2206/2126
s 52
f 1483/2207/2127 1484/2208/2128 1561/2209/2129 1557/2210/2130
f 1484/2208/2128 1485/2211/2131 1565/2212/2132 1561/2209/2129
f 1485/2211/2131 1486/2213/2133 1569/2214/2134 1565/2212/2132
f 1486/2213/2133 1487/2215/2135 1573/2216/2136 1569/2214/2134
f 1487/2215/2135 1488/2217/2137 1577/2218/2138 1573/2216/2136
f 1488/2217/2137 1489/2219/2139 1581/2220/2140 1577/2218/2138
f 1489/2219/2139 1490/2221/2141 1585/2222/2142 1581/2220/2140
f 1490/2221/2141 1491/2223/2143 1589/2224/2144 1585/2222/2142
f 1491/2223/2143 1492/2225/2145 1593/2226/2146 1589/2224/2144
f 1492/2225/2145 1493/2227/2147 1597/2228/2148 1593/2226/2146
f 1493/2227/2147 1494/2229/2149 1601/2230/2150 1597/2228/2148
f 1494/2229/2149 1495/2231/2151 1605/2232/2152 1601/2230/2150
f 1495/2231/2151 1496/2233/2153 1609/2234/2154 1605/2232/2152
f 1496/2233/2153 1497/2235/2155 1613/2236/2156 1609/2234/2154
f 1497/2235/2155 1498/2237/2157 1617/2238/2158 1613/2236/2156
f 1498/2237/2157 1499/2239/2159 1621/2240/2160 1617/2238/2158
f 1499/2239/2159 1500/2241/2161 1625/2242/2162 1621/2240/2160
f 1500/2241/2161 1483/2207/2127 1557/2210/2130 1625/2242/2162
f 1560/2243/2163 1564/2244/2164 1633/2245/2165 1629/2246/2166
f 1564/2244/2164 1568/2247/2167 1637/2248/2168 1633/2245/2165
f 1568/2249/2167 1572/2250/2169 1641/2251/2170 1637/2252/2168
f 1572/2250/2169 1576/2253/2171 1645/2254/2172 1641/2251/2170
f 1576/2253/2171 1580/2255/2173 1649/2256/2174 1645/2254/2172
f 1580/2255/2173 1584/2257/2175 1653/2258/2176 1649/2256/2174
f 1584/2257/2175 1588/2259/2177 1657/2260/2178 1653/2258/2176
f 1588/2259/2177 1592/2261/2179 1661/2262/2180 1657/2260/2178
f 1592/2261/2179 1596/2263/2181 1665/2264/2182 1661/2262/2180
f 1596/2263/2181 1600/2265/2183 1669/2266/2184 1665/2264/2182
f 1600/2265/2183 1604/2267/2185 1673/2268/2186 1669/2266/2184
f 1604/2267/2185 1608/2269/2187 1677/2270/2188 1673/2268/2186
f 1608/2269/2187 1612/2271/2189 1681/2272/2190 1677/2270/2188
f 1612/2271/2189 1616/2273/2191 1685/2274/2192 1681/2272/2190
f 1616/2273/2191 1620/2275/2193 1689/2276/2194 1685/2274/2192
f 1620/2275/2193 1624/2277/2195 1693/2278/2196 1689/2276/2194
f 1624/2277/2195 1628/2279/2197 1697/2280/2198 1693/2278/2196
f 1628/2279/2197 1560/2243/2163 1629/2246/2166 1697/2280/2198
f 1632/2281/2199 1636/2282/2200 1502/2283/2201 1501/2284/2202
f 1636/2282/2200 1640/2285/2203 1503/2286/2204 1502/2283/2201
f 1640/2285/2203 1644/2287/2205 1504/2288/2206 1503/2286/2204
f 1644/2287/2205 1648/2289/2207 1505/2290/2208 1504/2288/2206
f 1648/2289/2207 1652/2291/2209 1506/2292/2210 1505/2290/2208
f 1652/2291/2209 1656/2293/2211 1507/2294/2212 1506/2292/2210
f 1656/2293/2211 1660/2295/2213 1508/2296/2214 1507/2294/2212
f 1660/2295/2213 1664/2297/2215 1509/2298/2216 1508/2296/2214
f 1664/2297/2215 1668/2299/2217 1510/2300/2218 1509/2298/2216
f 1668/2299/2217 1672/2301/2219 1511/2302/2220 1510/2300/2218
f 1672/2301/2219 1676/2303/2221 1512/2304/2222 1511/2302/2220
f 1676/2303/2221 1680/2305/2223 1513/2306/2224 1512/2304/2222
f 1680/2305/2223 1684/2307/2225 1514/2308/2226 1513/2306/2224
f 1684/2307/2225 1688/2309/2227 1515/2310/2228 1514/2308/2226
f 1688/2309/2227 1692/2311/2229 1516/2312/2230 1515/2310/2228
f 1692/2311/2229 1696/2313/2231 1517/2314/2232 1516/2312/2230
f 1696/2313/2231 1700/2315/2233 1518/2316/2234 1517/2314/2232
f 1700/2315/2233 1632/2281/2199 1501/2284/2202 1518/2316/2234
f 1559/2317/2235 1560/2318/2163 1628/2319/2197 1627/2320/2236
f 1557/2210/2130 1558/2321/2237 1626/2322/2238 1625/2242/2162
f 1558/2323/2237 1559/2324/2239 1627/2325/2240 1626/2326/2238
f 1560/2318/2163 1559/2317/2235 1563/2327/2241 1564/2328/2164
f 1559/2324/2239 1558/2323/2237 1562/2329/2242 1563/2330/2243
f 1558/2321/2237 1557/2210/2130 1561/2209/2129 1562/2331/2242
f 1564/2328/2164 1563/2327/2241 1567/2332/2244 1568/2333/2167
f 1563/2330/2243 1562/2329/2242 1566/2334/2245 1567/2335/2246
f 1562/2331/2242 1561/2209/2129 1565/2212/2132 1566/2336/2245
f 1568/2337/2167 1567/2338/2244 1571/2339/2247 1572/2340/2169
f 1567/2335/2246 1566/2334/2245 1570/2341/2248 1571/2342/2247
f 1566/2336/2245 1565/2212/2132 1569/2214/2134 1570/2343/2248
f 1572/2340/2169 1571/2339/2247 1575/2344/2249 1576/2345/2171
f 1571/2346/2247 1570/2347/2248 1574/2348/2250 1575/2349/2249
f 1570/2343/2248 1569/2214/2134 1573/2216/2136 1574/2350/2250
f 1576/2345/2171 1575/2344/2249 1579/2351/2251 1580/2352/2173
f 1575/2349/2249 1574/2348/2250 1578/2353/2252 1579/2354/2253
f 1574/2350/2250 1573/2216/2136 1577/2218/2138 1578/2355/2252
f 1580/2352/2173 1579/2351/2251 1583/2356/2254 1584/2357/2175
f 1579/2354/2253 1578/2353/2252 1582/2358/2255 1583/2359/2256
f 1578/2355/2252 1577/2218/2138 1581/2220/2140 1582/2360/2255
f 1584/2357/2175 1583/2356/2254 1587/2361/2257 1588/2362/2177
f 1583/2359/2256 1582/2358/2255 1586/2363/2258 1587/2364/2259
f 1582/2360/2255 1581/2220/2140 1585/2222/2142 1586/2365/2258
f 1588/2362/2177 1587/2361/2257 1591/2366/2260 1592/2367/2179
f 1587/2364/2259 1586/2363/2258 1590/2368/2261 1591/2369/2262
f 1586/2365/2258 1585/2222/2142 1589/2224/2144 1590/2370/2261
f 1592/2367/2179 1591/2366/2260 1595/2371/2263 1596/2372/2181
f 1591/2369/2262 1590/2368/2261 1594/2373/2264 1595/2374/2265
f 1590/2370/2261 1589/2224/2144 1593/2226/2146 1594/2375/2264
f 1596/2372/2181 1595/2371/2263 1599/2376/2266 1600/2377/2183
f 1595/2374/2265 1594/2373/2264 1598/2378/2267 1599/2379/2268
f 1594/2375/2264 1593/2226/2146 1597/2228/2148 1598/2380/2267
f 1600/2377/2183 1599/2376/2266 1603/2381/2269 1604/2382/2185
f 1599/2379/2268 1598/2378/2267 1602/2383/2270 1603/2384/2271
f 1598/2380/2267 1597/2228/2148 1601/2230/2150 1602/2385/2270
f 1604/2382/2185 1603/2381/2269 1607/2386/2272 1608/2387/2187
f 1603/2384/2271 1602/2383/2270 1606/2388/2273 1607/2389/2274
f 1602/2385/2270 1601/2230/2150 1605/2232/2152 1606/2390/2273
f 1608/2387/2187 1607/2386/2272 1611/2391/2275 1612/2392/2189
f 1607/2389/2274 1606/2388/2273 1610/2393/2276 1611/2394/2277
f 1606/2390/2273 1605/2232/2152 1609/2234/2154 1610/2395/2276
f 1612/2392/2189 1611/2391/2275 1615/2396/2278 1616/2397/2191
f 1611/2394/2277 1610/2393/2276 1614/2398/2279 1615/2399/2280
f 1610/2395/2276 1609/2234/2154 1613/2236/2156 1614/2400/2279
f 1616/2397/2191 1615/2396/2278 1619/2401/2281 1620/2402/2193
f 1615/2399/2280 1614/2398/2279 1618/2403/2282 1619/2404/2283
f 1614/2400/2279 1613/2236/2156 1617/2238/2158 1618/2405/2282
f 1620/2402/2193 1619/2401/2281 1623/2406/2284 1624/2407/2195
f 1619/2404/2283 1618/2403/2282 1622/2408/2285 1623/2409/2286
f 1618/2405/2282 1617/2238/2158 1621/2240/2160 1622/2410/2285
f 1624/2407/2195 1623/2406/2284 1627/2320/2236 1628/2319/2197
f 1623/2409/2286 1622/2408/2285 1626/2326/2238 1627/2325/2240
f 1622/2410/2285 1621/2240/2160 1625/2242/2162 1626/2322/2238
f 1631/2411/2287 1632/2281/2199 1700/2315/2233 1699/2412/2288
f 1629/2413/2166 1630/2414/2289 1698/2415/2290 1697/2416/2198
f 1630/2417/2291 1631/2418/2287 1699/2419/2288 1698/2420/2292
f 1632/2281/2199 1631/2411/2287 1635/2421/2293 1636/2282/2200
f 1631/2418/2287 1630/2417/2291 1634/2422/2294 1635/2423/2293
f 1630/2414/2289 1629/2413/2166 1633/2424/2165 1634/2425/2295
f 1636/2282/2200 1635/2421/2293 1639/2426/2296 1640/2285/2203
f 1635/2427/2293 1634/2428/2294 1638/2429/2297 1639/2430/2296
f 1634/2425/2295 1633/2424/2165 1637/2431/2168 1638/2432/2298
f 1640/2285/2203 1639/2426/2296 1643/2433/2299 1644/2287/2205
f 1639/2430/2296 1638/2429/2297 1642/2434/2300 1643/2435/2299
f 1638/2436/2298 1637/2437/2168 1641/2438/2170 1642/2439/2300
f 1644/2287/2205 1643/2433/2299 1647/2440/2301 1648/2289/2207
f 1643/2435/2299 1642/2434/2300 1646/2441/2302 1647/2442/2301
f 1642/2439/2300 1641/2438/2170 1645/2443/2172 1646/2444/2302
f 1648/2289/2207 1647/2440/2301 1651/2445/2303 1652/2291/2209
f 1647/2442/2301 1646/2441/2302 1650/2446/2304 1651/2447/2303
f 1646/2444/2302 1645/2443/2172 1649/2448/2174 1650/2449/2305
f 1652/2291/2209 1651/2445/2303 1655/2450/2306 1656/2293/2211
f 1651/2447/2303 1650/2446/2304 1654/2451/2307 1655/2452/2306
f 1650/2449/2305 1649/2448/2174 1653/2453/2176 1654/2454/2308
f 1656/2293/2211 1655/2450/2306 1659/2455/2309 1660/2295/2213
f 1655/2452/2306 1654/2451/2307 1658/2456/2310 1659/2457/2309
f 1654/2454/2308 1653/2453/2176 1657/2458/2178 1658/2459/2311
f 1660/2295/2213 1659/2455/2309 1663/2460/2312 1664/2297/2215
f 1659/2457/2309 1658/2456/2310 1662/2461/2313 1663/2462/2312
f 1658/2459/2311 1657/2458/2178 1661/2463/2180 1662/2464/2314
f 1664/2297/2215 1663/2460/2312 1667/2465/2315 1668/2299/2217
f 1663/2462/2312 1662/2461/2313 1666/2466/2316 1667/2467/2315
f 1662/2464/2314 1661/2463/2180 1665/2468/2182 1666/2469/2317
f 1668/2299/2217 1667/2465/2315 1671/2470/2318 1672/2301/2219
f 1667/2467/2315 1666/2466/2316 1670/2471/2319 1671/2472/2318
f 1666/2469/2317 1665/2468/2182 1669/2473/2184 1670/2474/2320
f 1672/2301/2219 1671/2470/2318 1675/2475/2321 1676/2303/2221
f 1671/2472/2318 1670/2471/2319 1674/2476/2322 1675/2477/2321
f 1670/2474/2320 1669/2473/2184 1673/2478/2186 1674/2479/2323
f 1676/2303/2221 1675/2475/2321 1679/2480/2324 1680/2305/2223
f 1675/2477/2321 1674/2476/2322 1678/2481/2325 1679/2482/2324
f 1674/2479/2323 1673/2478/2186 1677/2483/2188 1678/2484/2325
f 1680/2305/2223 1679/2480/2324 1683/2485/2326 1684/2307/2225
f 1679/2482/2324 1678/2481/2325 1682/2486/2327 1683/2487/2326
f 1678/2484/2325 1677/2483/2188 1681/2488/2190 1682/2489/2327
f 1684/2307/2225 1683/2485/2326 1687/2490/2328 1688/2309/2227
f 1683/2487/2326 1682/2486/2327 1686/2491/2329 1687/2492/2328
f 1682/2489/2327 1681/2488/2190 1685/2493/2192 1686/2494/2330
f 1688/2309/2227 1687/2490/2328 1691/2495/2331 1692/2311/2229
f 1687/2492/2328 1686/2491/2329 1690/2496/2332 1691/2497/2331
f 1686/2494/2330 1685/2493/2192 1689/2498/2194 1690/2499/2333
f 1692/2311/2229 1691/2495/2331 1695/2500/2334 1696/2313/2231
f 1691/2497/2331 1690/2496/2332 1694/2501/2335 1695/2502/2334
f 1690/2499/2333 1689/2498/2194 1693/2503/2196 1694/2504/2336
f 1696/2313/2231 1695/2500/2334 1699/2412/2288 1700/2315/2233
f 1695/2502/2334 1694/2501/2335 1698/2420/2292 1699/2419/2288
f 1694/2504/2336 1693/2503/2196 1697/2416/2198 1698/2415/2290
s 55
f 1701/2505/2337 1702/2506/2338 1709/2507/2339
f 1709/2507/2339 1702/2506/2338 1712/2508/2340
s 56
f 1703/2509/2341 1704/2510/2342 1705/2511/2343
f 1705/2511/2343 1704/2510/2342 1706/2512/2344
s 57
f 1710/2513/2345 1711/2514/2346 1707/2515/2347
f 1707/2515/2347 1711/2514/2346 1708/2516/2348
s 58
f 1707/2517/2349 1708/2518/2350 1701/2519/2351
f 1701/2519/2351 1708/2518/2350 1702/2520/2352
s 59
f 1702/2521/2353 1708/2522/2354 1712/2523/2355
f 1712/2523/2355 1708/2522/2354 1711/2524/2356
s 60
f 1707/2525/2357 1701/2526/2358 1710/2527/2359
f 1710/2527/2359 1701/2526/2358 1709/2528/2360
f 1710/2527/2359 1709/2528/2360 1713/2529/2361
f 1713/2529/2361 1709/2528/2360 1714/2530/2362
s 55
f 1709/2507/2339 1712/2508/2340 1714/2531/2363
f 1714/2531/2363 1712/2508/2340 1715/2532/2364
s 59
f 1712/2523/2355 1711/2524/2356 1715/2533/2365
f 1715/2533/2365 1711/2524/2356 1716/2534/2366
s 57
f 1713/2535/2367 1716/2536/2368 1710/2513/2345
f 1710/2513/2345 1716/2536/2368 1711/2514/2346
s 61
f 1713/2537/2369 1714/2538/2370 1717/2539/2371
f 1717/2539/2371 1714/2538/2370 1718/2540/2372
f 1716/2541/2373 1713/2537/2369 1719/2542/2374
f 1719/2542/2374 1713/2537/2369 1717/2539/2371
f 1715/2543/2375 1716/2541/2373 1720/2544/2376
f 1720/2544/2376 1716/2541/2373 1719/2542/2374
f 1714/2538/2370 1715/2543/2375 1718/2540/2372
f 1718/2540/2372 1715/2543/2375 1720/2544/2376
s 62
f 1723/2545/2377 1722/2546/2378 1724/2547/2379
f 1724/2547/2379 1722/2546/2378 1725/2548/2380
s 56
f 1722/2546/2381 1721/2549/2382 1725/2548/2383
f 1725/2548/2383 1721/2549/2382 1726/2550/2384
s 62
f 1717/2551/2385 1718/2552/2386 1724/2547/2379
f 1724/2547/2379 1718/2552/2386 1723/2545/2377
s 64
f 1724/2553/2387 1727/2554/2388 1717/2555/2389
f 1717/2555/2389 1727/2554/2388 1719/2556/2390
s 65
f 1720/2557/2391 1719/2558/2392 1730/2559/2393
f 1730/2559/2393 1719/2558/2392 1727/2560/2394
s 66
f 1718/2561/2395 1720/2562/2396 1723/2563/2397
f 1723/2563/2397 1720/2562/2396 1730/2564/2398
s 56
f 1703/2509/2341 1705/2511/2343 1721/2565/2382
f 1721/2565/2382 1705/2511/2343 1726/2566/2384
f 1705/2511/2343 1706/2512/2344 1726/2566/2384
f 1726/2566/2384 1706/2512/2344 1729/2567/2399
f 1706/2512/2344 1704/2510/2342 1729/2567/2399
f 1729/2567/2399 1704/2510/2342 1732/2568/2400
f 1704/2510/2342 1703/2509/2341 1732/2568/2400
f 1732/2568/2400 1703/2509/2341 1721/2565/2382
s 64
f 1724/2553/2387 1725/2569/2401 1727/2554/2388
f 1727/2554/2388 1725/2569/2401 1728/2570/2402
s 56
f 1725/2571/2403 1726/2566/2384 1728/2572/2404
f 1728/2572/2404 1726/2566/2384 1729/2567/2399
s 65
f 1727/2560/2394 1728/2573/2405 1730/2559/2393
f 1730/2559/2393 1728/2573/2405 1731/2574/2406
s 56
f 1728/2573/2407 1729/2575/2399 1731/2574/2408
f 1731/2574/2408 1729/2575/2399 1732/2576/2400
f 1721/2565/2382 1722/2577/2409 1732/2568/2400
f 1732/2568/2400 1722/2577/2409 1731/2578/2410
s 66
f 1722/2579/2411 1723/2563/2397 1731/2580/2412
f 1731/2580/2412 1723/2563/2397 1730/2564/2398
s 67
f 1733/2581/2413 1734/2582/2414 1741/2583/2415
f 1741/2583/2415 1734/2582/2414 1744/2584/2416
s 68
f 1735/2585/2417 1736/2586/2418 1737/2587/2419
f 1737/2587/2419 1736/2586/2418 1738/2588/2420
s 69
f 1742/2589/2421 1743/2590/2422 1739/2591/2423
f 1739/2591/2423 1743/2590/2422 1740/2592/2424
s 70
f 1739/2593/2425 1740/2594/2426 1733/2595/2427
f 1733/2595/2427 1740/2594/2426 1734/2596/2428
s 71
f 1734/2597/2429 1740/2598/2430 1744/2599/2431
f 1744/2599/2431 1740/2598/2430 1743/2600/2432
s 72
f 1739/2601/2433 1733/2602/2434 1742/2603/2435
f 1742/2603/2435 1733/2602/2434 1741/2604/2436
s 73
f 1742/2605/2437 1741/2606/2438 1746/2607/2439
f 1746/2607/2439 1741/2606/2438 1745/2608/2440
f 1743/2609/2441 1742/2605/2437 1747/2610/2442
f 1747/2610/2442 1742/2605/2437 1746/2607/2439
f 1744/2611/2443 1743/2609/2441 1748/2612/2444
f 1748/2612/2444 1743/2609/2441 1747/2610/2442
f 1741/2606/2438 1744/2611/2443 1745/2608/2440
f 1745/2608/2440 1744/2611/2443 1748/2612/2444
s 74
f 1751/2613/2445 1750/2614/2446 1752/2615/2447
f 1752/2615/2447 1750/2614/2446 1753/2616/2448
f 1750/2614/2446 1749/2617/2449 1753/2616/2448
f 1753/2616/2448 1749/2617/2449 1754/2618/2450
f 1746/2619/2451 1745/2620/2452 1752/2615/2447
f 1752/2615/2447 1745/2620/2452 1751/2613/2445
s 75
f 1752/2621/2453 1755/2622/2454 1746/2623/2455
f 1746/2623/2455 1755/2622/2454 1747/2624/2456
s 76
f 1748/2625/2457 1747/2626/2458 1758/2627/2459
f 1758/2627/2459 1747/2626/2458 1755/2628/2460
s 77
f 1745/2629/2461 1748/2630/2462 1751/2631/2463
f 1751/2631/2463 1748/2630/2462 1758/2632/2464
s 74
f 1735/2633/2465 1737/2634/2466 1749/2617/2449
f 1749/2617/2449 1737/2634/2466 1754/2618/2450
s 75
f 1737/2587/2467 1738/2588/2468 1754/2635/2469
f 1754/2635/2469 1738/2588/2468 1757/2636/2470
s 76
f 1738/2637/2471 1736/2638/2472 1757/2639/2473
f 1757/2639/2473 1736/2638/2472 1760/2640/2474
s 77
f 1736/2586/2475 1735/2585/2476 1760/2641/2477
f 1760/2641/2477 1735/2585/2476 1749/2642/2478
s 75
f 1752/2621/2453 1753/2643/2479 1755/2622/2454
f 1755/2622/2454 1753/2643/2479 1756/2644/2480
f 1753/2645/2479 1754/2635/2469 1756/2646/2480
f 1756/2646/2480 1754/2635/2469 1757/2636/2470
s 76
f 1755/2628/2460 1756/2647/2481 1758/2627/2459
f 1758/2627/2459 1756/2647/2481 1759/2648/2482
f 1756/2647/2481 1757/2639/2473 1759/2648/2482
f 1759/2648/2482 1757/2639/2473 1760/2640/2474
s 77
f 1749/2642/2478 1750/2649/2483 1760/2641/2477
f 1760/2641/2477 1750/2649/2483 1759/2650/2484
f 1750/2651/2483 1751/2631/2463 1759/2652/2484
f 1759/2652/2484 1751/2631/2463 1758/2632/2464
s 81
f 1761/2653/2485 1762/2654/2486 1763/2655/2487
f 1763/2655/2487 1762/2654/2486 1764/2656/2488
s 82
f 1763/2657/2489 1764/2658/2490 1767/2659/2491
f 1767/2659/2491 1764/2658/2490 1774/2660/2492
s 83
f 1770/2661/2493 1771/2662/2494 1765/2663/2495
f 1765/2663/2495 1771/2662/2494 1766/2664/2496
s 84
f 1765/2665/2497 1766/2666/2498 1761/2667/2499
f 1761/2667/2499 1766/2666/2498 1762/2668/2500
s 83
f 1770/2661/2493 1769/2669/2501 1771/2662/2494
f 1771/2662/2494 1769/2669/2501 1772/2670/2502
s 82
f 1769/2671/2503 1768/2672/2504 1772/2673/2505
f 1772/2673/2505 1768/2672/2504 1773/2674/2506
f 1768/2672/2504 1767/2659/2491 1773/2674/2506
f 1773/2674/2506 1767/2659/2491 1774/2660/2492
s 86
f 1775/2675/2507 1776/2676/2508 1783/2677/2509
f 1783/2677/2509 1776/2676/2508 1786/2678/2510
s 87
f 1777/2679/2511 1778/2680/2512 1779/2681/2513
f 1779/2681/2513 1778/2680/2512 1780/2682/2514
s 88
f 1784/2683/2515 1785/2684/2516 1781/2685/2517
f 1781/2685/2517 1785/2684/2516 1782/2686/2518
s 89
f 1781/2687/2519 1782/2688/2520 1775/2689/2521
f 1775/2689/2521 1782/2688/2520 1776/2690/2522
s 90
f 1776/2691/2523 1782/2692/2524 1786/2693/2525
f 1786/2693/2525 1782/2692/2524 1785/2694/2526
s 91
f 1781/2695/2527 1775/2696/2528 1784/2697/2529
f 1784/2697/2529 1775/2696/2528 1783/2698/2530
s 92
f 1784/2699/2531 1783/2700/2532 1788/2701/2533
f 1788/2701/2533 1783/2700/2532 1787/2702/2534
f 1785/2703/2535 1784/2699/2531 1789/2704/2536
f 1789/2704/2536 1784/2699/2531 1788/2701/2533
f 1786/2705/2537 1785/2703/2535 1790/2706/2538
f 1790/2706/2538 1785/2703/2535 1789/2704/2536
f 1783/2700/2532 1786/2705/2537 1787/2702/2534
f 1787/2702/2534 1786/2705/2537 1790/2706/2538
s 93
f 1793/2707/2539 1792/2708/2540 1794/2709/2541
f 1794/2709/2541 1792/2708/2540 1795/2710/2542
f 1792/2708/2540 1791/2711/2543 1795/2710/2542
f 1795/2710/2542 1791/2711/2543 1796/2712/2544
f 1788/2713/2545 1787/2714/2546 1794/2709/2541
f 1794/2709/2541 1787/2714/2546 1793/2707/2539
s 94
f 1794/2715/2547 1797/2716/2548 1788/2717/2549
f 1788/2717/2549 1797/2716/2548 1789/2718/2550
s 95
f 1790/2719/2551 1789/2720/2552 1800/2721/2553
f 1800/2721/2553 1789/2720/2552 1797/2722/2554
s 96
f 1787/2723/2555 1790/2724/2556 1793/2725/2557
f 1793/2725/2557 1790/2724/2556 1800/2726/2558
s 93
f 1777/2727/2559 1779/2728/2560 1791/2711/2543
f 1791/2711/2543 1779/2728/2560 1796/2712/2544
s 94
f 1779/2681/2561 1780/2682/2562 1796/2729/2563
f 1796/2729/2563 1780/2682/2562 1799/2730/2564
s 95
f 1780/2731/2565 1778/2732/2566 1799/2733/2567
f 1799/2733/2567 1778/2732/2566 1802/2734/2568
s 96
f 1778/2680/2569 1777/2679/2570 1802/2735/2571
f 1802/2735/2571 1777/2679/2570 1791/2736/2572
s 94
f 1794/2715/2547 1795/2737/2573 1797/2716/2548
f 1797/2716/2548 1795/2737/2573 1798/2738/2574
f 1795/2739/2573 1796/2729/2563 1798/2740/2574
f 1798/2740/2574 1796/2729/2563 1799/2730/2564
s 95
f 1797/2722/2554 1798/2741/2575 1800/2721/2553
f 1800/2721/2553 1798/2741/2575 1801/2742/2576
f 1798/2741/2575 1799/2733/2567 1801/2742/2576
f 1801/2742/2576 1799/2733/2567 1802/2734/2568
s 96
f 1791/2736/2572 1792/2743/2577 1802/2735/2571
f 1802/2735/2571 1792/2743/2577 1801/2744/2578
f 1792/2745/2577 1793/2725/2557 1801/2746/2578
f 1801/2746/2578 1793/2725/2557 1800/2726/2558
s 100
f 1803/2747/2579 1804/2748/2580 1807/2749/2581
f 1807/2749/2581 1804/2748/2580 1812/2750/2582
s 101
f 1809/2751/2583 1810/2752/2584 1813/2753/2585
f 1813/2753/2585 1810/2752/2584 1818/2754/2586
s 102
f 1815/2755/2587 1816/2756/2588 1805/2757/2589
f 1805/2757/2589 1816/2756/2588 1806/2758/2590
s 103
f 1805/2759/2591 1806/2760/2592 1803/2761/2593
f 1803/2761/2593 1806/2760/2592 1804/2762/2594
s 101
f 1809/2751/2583 1808/2763/2595 1810/2752/2584
f 1810/2752/2584 1808/2763/2595 1811/2764/2596
s 100
f 1808/2765/2597 1807/2749/2581 1811/2766/2598
f 1811/2766/2598 1807/2749/2581 1812/2750/2582
s 102
f 1815/2755/2587 1814/2767/2599 1816/2756/2588
f 1816/2756/2588 1814/2767/2599 1817/2768/2600
s 101
f 1814/2769/2601 1813/2753/2585 1817/2770/2602
f 1817/2770/2602 1813/2753/2585 1818/2754/2586
s 104
f 1819/2771/2603 1820/2772/2604 1827/2773/2605
f 1827/2773/2605 1820/2772/2604 1830/2774/2606
s 105
f 1821/2775/2607 1822/2776/2608 1823/2777/2609
f 1823/2777/2609 1822/2776/2608 1824/2778/2610
s 106
f 1828/2779/2611 1829/2780/2612 1825/2781/2613
f 1825/2781/2613 1829/2780/2612 1826/2782/2614
s 107
f 1825/2783/2615 1826/2784/2616 1819/2785/2617
f 1819/2785/2617 1826/2784/2616 1820/2786/2618
s 108
f 1820/2787/2619 1826/2788/2620 1830/2789/2621
f 1830/2789/2621 1826/2788/2620 1829/2790/2622
s 109
f 1825/2791/2623 1819/2792/2624 1828/2793/2625
f 1828/2793/2625 1819/2792/2624 1827/2794/2626
f 1828/2793/2625 1827/2794/2626 1831/2795/2627
f 1831/2795/2627 1827/2794/2626 1832/2796/2628
s 104
f 1827/2773/2605 1830/2774/2606 1832/2797/2629
f 1832/2797/2629 1830/2774/2606 1833/2798/2630
s 108
f 1830/2789/2621 1829/2790/2622 1833/2799/2631
f 1833/2799/2631 1829/2790/2622 1834/2800/2632
s 106
f 1831/2801/2633 1834/2802/2634 1828/2779/2611
f 1828/2779/2611 1834/2802/2634 1829/2780/2612
s 110
f 1831/2803/2635 1832/2804/2636 1835/2805/2637
f 1835/2805/2637 1832/2804/2636 1836/2806/2638
f 1834/2807/2639 1831/2803/2635 1837/2808/2640
f 1837/2808/2640 1831/2803/2635 1835/2805/2637
f 1833/2809/2641 1834/2807/2639 1838/2810/2642
f 1838/2810/2642 1834/2807/2639 1837/2808/2640
f 1832/2804/2636 1833/2809/2641 1836/2806/2638
f 1836/2806/2638 1833/2809/2641 1838/2810/2642
s 111
f 1841/2811/2643 1840/2812/2644 1842/2813/2645
f 1842/2813/2645 1840/2812/2644 1843/2814/2646
s 105
f 1840/2812/2647 1839/2815/2648 1843/2814/2649
f 1843/2814/2649 1839/2815/2648 1844/2816/2650
s 111
f 1835/2817/2651 1836/2818/2652 1842/2813/2645
f 1842/2813/2645 1836/2818/2652 1841/2811/2643
s 113
f 1842/2819/2653 1845/2820/2654 1835/2821/2655
f 1835/2821/2655 1845/2820/2654 1837/2822/2656
s 114
f 1838/2823/2657 1837/2824/2658 1848/2825/2659
f 1848/2825/2659 1837/2824/2658 1845/2826/2660
s 115
f 1836/2827/2661 1838/2828/2662 1841/2829/2663
f 1841/2829/2663 1838/2828/2662 1848/2830/2664
s 105
f 1821/2775/2607 1823/2777/2609 1839/2831/2648
f 1839/2831/2648 1823/2777/2609 1844/2832/2650
f 1823/2777/2609 1824/2778/2610 1844/2832/2650
f 1844/2832/2650 1824/2778/2610 1847/2833/2665
f 1824/2778/2610 1822/2776/2608 1847/2833/2665
f 1847/2833/2665 1822/2776/2608 1850/2834/2666
f 1822/2776/2608 1821/2775/2607 1850/2834/2666
f 1850/2834/2666 1821/2775/2607 1839/2831/2648
s 113
f 1842/2819/2653 1843/2835/2667 1845/2820/2654
f 1845/2820/2654 1843/2835/2667 1846/2836/2668
s 105
f 1843/2837/2669 1844/2832/2650 1846/2838/2670
f 1846/2838/2670 1844/2832/2650 1847/2833/2665
s 114
f 1845/2826/2660 1846/2839/2671 1848/2825/2659
f 1848/2825/2659 1846/2839/2671 1849/2840/2672
s 105
f 1846/2839/2673 1847/2841/2665 1849/2840/2674
f 1849/2840/2674 1847/2841/2665 1850/2842/2666
f 1839/2831/2648 1840/2843/2675 1850/2834/2666
f 1850/2834/2666 1840/2843/2675 1849/2844/2676
s 115
f 1840/2845/2677 1841/2829/2663 1849/2846/2678
f 1849/2846/2678 1841/2829/2663 1848/2830/2664
