# This file uses meters as units for non-parametric coordinates.

mtllib Blade.mtl
g default
v 2.463503 24.521694 0.656883
v 2.463503 24.521694 -0.656883
v 1.106006 74.400642 0.292614
v 1.106006 74.400642 -0.292614
v -1.106006 74.400642 0.292614
v -1.106006 74.400642 -0.292614
v -2.463503 24.521694 0.656883
v -2.463503 24.521694 -0.656883
v -1.768064 24.521694 0.757942
v -0.793784 74.400642 0.337631
v -0.793784 74.400642 -0.337631
v -1.768064 24.521694 -0.757942
v 0.793784 74.400642 0.337631
v 1.768064 24.521694 0.757942
v 1.768064 24.521694 -0.757942
v 0.793784 74.400642 -0.337631
v 1.831660 49.461166 0.439589
v 1.314588 49.461166 0.507218
v -1.314588 49.461166 0.507218
v -1.831661 49.461166 0.439589
v -1.831660 49.461166 -0.439589
v -1.314588 49.461166 -0.507218
v 1.314588 49.461166 -0.507218
v 1.831659 49.461166 -0.439589
v -1.485680 61.930908 0.359993
v -1.066277 61.930908 0.415377
v 1.066277 61.930908 0.415377
v 1.485680 61.930908 0.359993
v 1.485680 61.930908 -0.359993
v 1.066277 61.930908 -0.415377
v -1.066277 61.930908 -0.415377
v -1.485680 61.930908 -0.359993
v 2.140902 36.991432 0.516209
v 1.536532 36.991432 0.595626
v -1.536532 36.991432 0.595625
v -2.140902 36.991432 0.516209
v -2.140902 36.991432 -0.516209
v -1.536532 36.991432 -0.595626
v 1.536532 36.991432 -0.595625
v 2.140902 36.991432 -0.516209
v 4.321934 24.521694 0.000000
v 3.755967 36.991432 0.000000
v 3.213438 49.461166 0.000000
v 2.606455 61.930908 0.000000
v 1.940361 74.400642 0.000000
v 1.045639 85.755020 0.000000
v 0.000000 96.113594 0.000000
v -1.045639 85.755020 0.000000
v -1.940361 74.400642 0.000000
v -2.606455 61.930908 0.000000
v -3.213438 49.461166 0.000000
v -3.755967 36.991432 0.000000
v -4.321934 24.521694 0.000000
v 0.000000 85.755020 -0.234299
v 0.596014 85.755020 -0.203059
v 1.587569 74.400642 -0.168816
v 2.132554 61.930908 -0.207688
v 2.629177 49.461166 -0.253609
v 3.073063 36.991432 -0.297813
v 3.536128 24.521694 -0.378971
v -3.536128 24.521694 -0.378971
v -3.073064 36.991432 -0.297813
v -2.629177 49.461166 -0.253609
v -2.132554 61.930908 -0.207688
v -1.587568 74.400642 -0.168816
v -0.596014 85.755020 -0.203059
v 3.536128 24.521694 0.378971
v 3.073064 36.991432 0.297813
v 2.629177 49.461166 0.253609
v 2.132554 61.930908 0.207688
v 1.587568 74.400642 0.168816
v 0.596014 85.755043 0.203059
v 0.000000 85.755020 0.234299
v -0.596014 85.755020 0.203059
v -1.587568 74.400642 0.168816
v -2.132554 61.930908 0.207688
v -2.629177 49.461166 0.253609
v -3.073064 36.991432 0.297813
v -3.536128 24.521694 0.378971
v -0.884032 24.521694 -0.757942
v -0.664719 36.991432 -0.595626
v -0.443217 49.461166 -0.507218
v -0.303061 61.930908 -0.415377
v 0.301822 61.930908 -0.415377
v 0.442289 49.461166 -0.507218
v 0.663410 36.991432 -0.595626
v 0.884032 24.521694 -0.757942
v 0.884032 24.521694 0.757942
v 0.666922 36.991432 0.595626
v 0.444779 49.461166 0.507218
v 0.304112 61.930908 0.415377
v -0.298342 61.930908 0.415377
v -0.438089 49.461166 0.507218
v -0.657484 36.991432 0.595626
v -0.884032 24.521694 0.757942
v -1.141638 80.077835 -0.185937
v -1.552289 80.077835 0.000000
v -1.141638 80.077835 0.185937
v 1.141638 80.077835 -0.185937
v 1.552289 80.077835 0.000000
v 1.141638 80.077835 0.185937
v -0.884805 80.077835 0.247836
v -0.718287 80.077835 0.270345
v 0.000000 80.077835 0.285965
v 0.718287 80.077835 0.270345
v 0.884805 80.077843 0.247836
v 0.884805 80.077835 -0.247836
v 0.718287 80.077835 -0.270345
v 0.000000 80.077835 -0.285965
v -0.718287 80.077835 -0.270345
v -0.884805 80.077835 -0.247836
v 0.288790 90.934303 -0.101529
v 0.000000 90.934303 -0.117149
v -0.288790 90.934303 -0.101529
v -0.506650 90.934303 0.000000
v -0.288790 90.934303 0.101529
v 0.000000 90.934303 0.117149
v 0.288790 90.934303 0.101529
v 0.506650 90.934303 0.000000
v 0.000000 36.991432 0.457058
v -0.657484 36.991432 0.457058
v -0.884032 24.521694 0.581613
v 0.000000 24.521694 0.581613
v 0.884032 24.521694 0.581613
v 0.666922 36.991432 0.457058
v 0.000000 61.930908 0.318743
v 0.304112 61.930908 0.318743
v -0.298342 61.930908 0.318743
v -0.438089 49.461166 0.389218
v 0.000000 49.461166 0.389218
v 0.444779 49.461166 0.389218
v -0.884032 24.521694 -0.581613
v -0.664719 36.991432 -0.457058
v 0.000000 36.991432 -0.457058
v 0.000000 24.521694 -0.581613
v 0.663410 36.991432 -0.457058
v 0.884032 24.521694 -0.581613
v 0.000000 61.930908 -0.318743
v -0.303061 61.930908 -0.318743
v 0.301822 61.930908 -0.318743
v 0.442289 49.461166 -0.389218
v 0.000000 49.461166 -0.389218
v -0.443217 49.461166 -0.389218
v -0.052116 73.870171 0.341036
v 0.000597 73.895180 0.341013
v 0.053321 73.869980 0.341037
v 0.076064 73.808960 0.341094
v 0.555593 74.400642 0.337631
v 0.000000 74.956245 0.332575
v -0.555593 74.400642 0.337631
v -0.074836 73.808907 0.341094
v -0.074836 73.808907 0.261742
v -0.000108 73.807961 0.261743
v 0.076064 73.808960 0.261742
v 0.053321 73.869980 0.261697
v 0.000597 73.895180 0.261679
v -0.052116 73.870171 0.261697
v 0.052668 73.870224 -0.341036
v -0.000260 73.895470 -0.341012
v -0.053189 73.870270 -0.341036
v -0.076017 73.808907 -0.341094
v -0.555593 74.400642 -0.337631
v 0.000000 74.956245 -0.332575
v 0.555593 74.400642 -0.337631
v 0.075491 73.808907 -0.341094
v 0.075491 73.808907 -0.261742
v -0.000108 73.807961 -0.261743
v -0.076017 73.808907 -0.261742
v -0.053189 73.870270 -0.261697
v -0.000260 73.895470 -0.261679
v 0.052668 73.870224 -0.261697
v -0.277797 74.400642 0.337631
v 0.000000 74.678436 0.335103
v 0.277797 74.400642 0.337631
v 0.000000 74.400642 0.337631
v 0.277797 74.400642 -0.337631
v 0.000000 74.678436 -0.335103
v -0.277797 74.400642 -0.337631
v 0.000000 74.400642 -0.337631
v -0.108391 0.632408 -1.440856
v -0.206172 0.632408 -1.433948
v -0.283771 0.632408 -1.423189
v -0.333593 0.632408 -1.409632
v -0.350760 0.632408 -1.394604
v 0.350760 0.632408 -1.394604
v 0.333593 0.632408 -1.409632
v 0.283771 0.632408 -1.423189
v 0.206172 0.632408 -1.433948
v 0.108391 0.632408 -1.440856
v 0.000000 0.632408 -1.443236
v -0.214113 0.714546 -1.485968
v -0.407267 0.714546 -1.472323
v -0.560555 0.714546 -1.451070
v -0.658972 0.714546 -1.424290
v -0.692884 0.714546 -1.394604
v 0.692883 0.714546 -1.394604
v 0.658971 0.714546 -1.424290
v 0.560554 0.714546 -1.451070
v 0.407267 0.714546 -1.472323
v 0.214113 0.714546 -1.485968
v 0.000000 0.714546 -1.490670
v -0.823536 0.849190 -1.477561
v -0.968124 0.849190 -1.438217
v -1.017946 0.849190 -1.394604
v 1.017946 0.849190 -1.394604
v 0.968124 0.849190 -1.438217
v 0.823535 0.849190 -1.477561
v -1.253438 1.033028 -1.451070
v -1.317943 1.033028 -1.394604
v 1.317943 1.033028 -1.394604
v 1.253438 1.033028 -1.451070
v -1.507889 1.261532 -1.462533
v -1.585488 1.261532 -1.394604
v 1.585487 1.261532 -1.394604
v 1.507888 1.261532 -1.462533
v -1.507889 4.432507 -1.462533
v -1.585488 4.432507 -1.394604
v 1.585487 4.432507 -1.394604
v 1.507888 4.432507 -1.462533
v -1.253438 4.661011 -1.451070
v -1.317943 4.661011 -1.394604
v 1.317943 4.661011 -1.394604
v 1.253438 4.661011 -1.451070
v -0.823536 4.844849 -1.477561
v -0.968124 4.844849 -1.438217
v -1.017946 4.844849 -1.394604
v 1.017946 4.844849 -1.394604
v 0.968124 4.844849 -1.438217
v 0.823535 4.844849 -1.477561
v -0.214113 4.979496 -1.485968
v -0.407267 4.979496 -1.472323
v -0.560555 4.979496 -1.451070
v -0.658972 4.979496 -1.424290
v -0.692884 4.979496 -1.394604
v 0.692883 4.979496 -1.394604
v 0.658971 4.979496 -1.424290
v 0.560554 4.979496 -1.451070
v 0.407267 4.979496 -1.472323
v 0.214113 4.979496 -1.485968
v 0.000000 4.979496 -1.490670
v -0.108391 5.061630 -1.440856
v -0.206172 5.061630 -1.433948
v -0.283771 5.061630 -1.423189
v -0.333593 5.061630 -1.409632
v -0.350760 5.061630 -1.394604
v 0.350760 5.061630 -1.394604
v 0.333593 5.061630 -1.409632
v 0.283771 5.061630 -1.423189
v 0.206172 5.061630 -1.433948
v 0.108391 5.061630 -1.440856
v 0.000000 5.061630 -1.443236
v 0.000000 0.604805 -1.394604
v 0.000000 5.089237 -1.394604
v -0.108391 0.632408 -1.440856
v -0.206172 0.632408 -1.433948
v -0.283771 0.632408 -1.423189
v -0.333593 0.632408 -1.409632
v -0.350760 0.632408 -1.394604
v 0.350760 0.632408 -1.394604
v 0.333593 0.632408 -1.409632
v 0.283771 0.632408 -1.423189
v 0.206172 0.632408 -1.433948
v 0.108391 0.632408 -1.440856
v 0.000000 0.632408 -1.443236
v -0.214113 0.714546 -1.485968
v -0.407267 0.714546 -1.472323
v -0.560555 0.714546 -1.451070
v -0.658972 0.714546 -1.424290
v -0.692884 0.714546 -1.394604
v 0.692883 0.714546 -1.394604
v 0.658971 0.714546 -1.424290
v 0.560554 0.714546 -1.451070
v 0.407267 0.714546 -1.472323
v 0.214113 0.714546 -1.485968
v 0.000000 0.714546 -1.490670
v -0.314563 0.849190 -1.528831
v -0.598334 0.849190 -1.508784
v -0.823536 0.849190 -1.477561
v -0.968124 0.849190 -1.438217
v -1.017946 0.849190 -1.394604
v 1.017946 0.849190 -1.394604
v 0.968124 0.849190 -1.438217
v 0.823535 0.849190 -1.477561
v 0.598333 0.849190 -1.508784
v 0.314562 0.849190 -1.528831
v 0.000000 0.849190 -1.535738
v -0.407267 1.033028 -1.568388
v -0.774668 1.033028 -1.542434
v -1.066238 1.033028 -1.502009
v -1.253438 1.033028 -1.451070
v -1.317943 1.033028 -1.394604
v 1.317943 1.033028 -1.394604
v 1.253438 1.033028 -1.451070
v 1.066238 1.033028 -1.502009
v 0.774667 1.033028 -1.542434
v 0.407267 1.033028 -1.568388
v 0.000000 1.033028 -1.577332
v -0.489943 1.261532 -1.603667
v -0.931926 1.261532 -1.572443
v -1.282687 1.261532 -1.523812
v -1.507889 1.261532 -1.462533
v -1.585488 1.261532 -1.394604
v 1.585487 1.261532 -1.394604
v 1.507888 1.261532 -1.462533
v 1.282686 1.261532 -1.523812
v 0.931926 1.261532 -1.572444
v 0.489943 1.261532 -1.603667
v 0.000000 1.261532 -1.614426
v -0.560555 1.529079 -1.633798
v -1.066238 1.529079 -1.598074
v -1.467551 1.529079 -1.542434
v -1.725210 1.529079 -1.472323
v -1.813993 1.529079 -1.394604
v 1.813992 1.529079 -1.394604
v 1.725209 1.529079 -1.472323
v 1.467551 1.529079 -1.542434
v 1.066238 1.529079 -1.598074
v 0.560554 1.529079 -1.633797
v 0.000000 1.529079 -1.646107
v -0.617364 1.829075 -1.658039
v -1.174296 1.829075 -1.618695
v -1.616279 1.829075 -1.557416
v -1.900051 1.829075 -1.480199
v -1.997831 1.829075 -1.394604
v 1.997831 1.829075 -1.394604
v 1.900050 1.829075 -1.480199
v 1.616279 1.829075 -1.557415
v 1.174295 1.829075 -1.618695
v 0.617364 1.829075 -1.658038
v 0.000000 1.829075 -1.671595
v -0.658972 2.154137 -1.675793
v -1.253438 2.154137 -1.633798
v -1.725210 2.154137 -1.568388
v -2.028106 2.154137 -1.485968
v -2.132477 2.154137 -1.394604
v 2.132476 2.154137 -1.394604
v 2.028105 2.154137 -1.485968
v 1.725209 2.154137 -1.568388
v 1.253438 2.154137 -1.633798
v 0.658971 2.154137 -1.675793
v 0.000000 2.154137 -1.690263
v -0.684353 2.496258 -1.686623
v -1.301717 2.496258 -1.643011
v -1.791660 2.496258 -1.575082
v -2.106222 2.496258 -1.489487
v -2.214613 2.496258 -1.394604
v 2.214612 2.496258 -1.394604
v 2.106221 2.496258 -1.489487
v 1.791659 2.496258 -1.575082
v 1.301716 2.496258 -1.643011
v 0.684353 2.496258 -1.686623
v 0.000000 2.496258 -1.701651
v -0.692884 2.847019 -1.690264
v -1.317943 2.847019 -1.646107
v -1.813993 2.847019 -1.577332
v -2.132477 2.847019 -1.490670
v -2.242218 2.847019 -1.394604
v 2.242218 2.847019 -1.394604
v 2.132476 2.847019 -1.490670
v 1.813992 2.847019 -1.577332
v 1.317942 2.847019 -1.646107
v 0.692883 2.847019 -1.690263
v 0.000000 2.847019 -1.705479
v -0.684353 3.197781 -1.686623
v -1.301717 3.197781 -1.643011
v -1.791660 3.197781 -1.575082
v -2.106222 3.197781 -1.489487
v -2.214613 3.197781 -1.394604
v 2.214612 3.197781 -1.394604
v 2.106221 3.197781 -1.489487
v 1.791659 3.197781 -1.575082
v 1.301716 3.197781 -1.643011
v 0.684353 3.197781 -1.686623
v 0.000000 3.197781 -1.701651
v -0.658972 3.539902 -1.675793
v -1.253438 3.539902 -1.633798
v -1.725210 3.539902 -1.568388
v -2.028106 3.539902 -1.485968
v -2.132477 3.539902 -1.394604
v 2.132476 3.539902 -1.394604
v 2.028105 3.539902 -1.485968
v 1.725209 3.539902 -1.568388
v 1.253438 3.539902 -1.633798
v 0.658971 3.539902 -1.675793
v 0.000000 3.539902 -1.690263
v -0.617364 3.864967 -1.658039
v -1.174296 3.864967 -1.618695
v -1.616279 3.864967 -1.557416
v -1.900051 3.864967 -1.480199
v -1.997831 3.864967 -1.394604
v 1.997831 3.864967 -1.394604
v 1.900050 3.864967 -1.480199
v 1.616279 3.864967 -1.557415
v 1.174295 3.864967 -1.618695
v 0.617364 3.864967 -1.658038
v 0.000000 3.864967 -1.671595
v -0.560555 4.164963 -1.633798
v -1.066238 4.164963 -1.598074
v -1.467551 4.164963 -1.542434
v -1.725210 4.164963 -1.472323
v -1.813993 4.164963 -1.394604
v 1.813992 4.164963 -1.394604
v 1.725209 4.164963 -1.472323
v 1.467551 4.164963 -1.542434
v 1.066238 4.164963 -1.598074
v 0.560554 4.164963 -1.633797
v 0.000000 4.164963 -1.646107
v -0.489943 4.432507 -1.603667
v -0.931926 4.432507 -1.572443
v -1.282687 4.432507 -1.523812
v -1.507889 4.432507 -1.462533
v -1.585488 4.432507 -1.394604
v 1.585487 4.432507 -1.394604
v 1.507888 4.432507 -1.462533
v 1.282686 4.432507 -1.523812
v 0.931926 4.432507 -1.572444
v 0.489943 4.432507 -1.603667
v 0.000000 4.432507 -1.614426
v -0.407267 4.661011 -1.568388
v -0.774668 4.661011 -1.542434
v -1.066238 4.661011 -1.502009
v -1.253438 4.661011 -1.451070
v -1.317943 4.661011 -1.394604
v 1.317943 4.661011 -1.394604
v 1.253438 4.661011 -1.451070
v 1.066238 4.661011 -1.502009
v 0.774667 4.661011 -1.542434
v 0.407267 4.661011 -1.568388
v 0.000000 4.661011 -1.577332
v -0.314563 4.844849 -1.528831
v -0.598334 4.844849 -1.508784
v -0.823536 4.844849 -1.477561
v -0.968124 4.844849 -1.438217
v -1.017946 4.844849 -1.394604
v 1.017946 4.844849 -1.394604
v 0.968124 4.844849 -1.438217
v 0.823535 4.844849 -1.477561
v 0.598333 4.844849 -1.508784
v 0.314562 4.844849 -1.528831
v 0.000000 4.844849 -1.535738
v -0.214113 4.979496 -1.485968
v -0.407267 4.979496 -1.472323
v -0.560555 4.979496 -1.451070
v -0.658972 4.979496 -1.424290
v -0.692884 4.979496 -1.394604
v 0.692883 4.979496 -1.394604
v 0.658971 4.979496 -1.424290
v 0.560554 4.979496 -1.451070
v 0.407267 4.979496 -1.472323
v 0.214113 4.979496 -1.485968
v 0.000000 4.979496 -1.490670
v -0.108391 5.061630 -1.440856
v -0.206172 5.061630 -1.433948
v -0.283771 5.061630 -1.423189
v -0.333593 5.061630 -1.409632
v -0.350760 5.061630 -1.394604
v 0.350760 5.061630 -1.394604
v 0.333593 5.061630 -1.409632
v 0.283771 5.061630 -1.423189
v 0.206172 5.061630 -1.433948
v 0.108391 5.061630 -1.440856
v 0.000000 5.061630 -1.443236
v 0.000000 0.604805 -1.394604
v 0.000000 5.089237 -1.394604
v 0.108391 0.632408 1.457306
v 0.206172 0.632408 1.450399
v 0.283771 0.632408 1.439640
v 0.333593 0.632408 1.426083
v 0.350760 0.632408 1.411055
v -0.350760 0.632408 1.411055
v -0.333593 0.632408 1.426083
v -0.283771 0.632408 1.439640
v -0.206172 0.632408 1.450399
v -0.108391 0.632408 1.457306
v 0.000000 0.632408 1.459687
v 0.214113 0.714546 1.502419
v 0.407267 0.714546 1.488774
v 0.560555 0.714546 1.467521
v 0.658972 0.714546 1.440741
v 0.692884 0.714546 1.411055
v -0.692883 0.714546 1.411055
v -0.658971 0.714546 1.440741
v -0.560554 0.714546 1.467521
v -0.407267 0.714546 1.488774
v -0.214113 0.714546 1.502419
v 0.000000 0.714546 1.507121
v 0.314563 0.849190 1.545282
v 0.598334 0.849190 1.525235
v 0.823536 0.849190 1.494012
v 0.968124 0.849190 1.454668
v 1.017946 0.849190 1.411055
v -1.017946 0.849190 1.411055
v -0.968124 0.849190 1.454668
v -0.823535 0.849190 1.494012
v -0.598333 0.849190 1.525235
v -0.314562 0.849190 1.545281
v 0.000000 0.849190 1.552189
v 0.407267 1.033028 1.584839
v 0.774668 1.033028 1.558885
v 1.066238 1.033028 1.518460
v 1.253438 1.033028 1.467521
v 1.317943 1.033028 1.411055
v -1.317943 1.033028 1.411055
v -1.253438 1.033028 1.467521
v -1.066238 1.033028 1.518460
v -0.774667 1.033028 1.558885
v -0.407267 1.033028 1.584839
v 0.000000 1.033028 1.593783
v 0.489943 1.261532 1.620118
v 0.931926 1.261532 1.588894
v 1.282687 1.261532 1.540263
v 1.507889 1.261532 1.478984
v 1.585488 1.261532 1.411055
v -1.585487 1.261532 1.411055
v -1.507888 1.261532 1.478984
v -1.282686 1.261532 1.540263
v -0.931926 1.261532 1.588894
v -0.489943 1.261532 1.620118
v 0.000000 1.261532 1.630877
v 0.560555 1.529079 1.650249
v 1.066238 1.529079 1.614525
v 1.467551 1.529079 1.558885
v 1.725210 1.529079 1.488774
v 1.813993 1.529079 1.411055
v -1.813992 1.529079 1.411055
v -1.725209 1.529079 1.488774
v -1.467551 1.529079 1.558885
v -1.066238 1.529079 1.614525
v -0.560555 1.529079 1.650249
v 0.000000 1.529079 1.662558
v 0.617364 1.829075 1.674489
v 1.174296 1.829075 1.635146
v 1.616279 1.829075 1.573867
v 1.900051 1.829075 1.496650
v 1.997831 1.829075 1.411055
v -1.997831 1.829075 1.411055
v -1.900050 1.829075 1.496650
v -1.616279 1.829075 1.573866
v -1.174295 1.829075 1.635146
v -0.617364 1.829075 1.674489
v 0.000000 1.829075 1.688046
v 0.658972 2.154137 1.692244
v 1.253438 2.154137 1.650249
v 1.725210 2.154137 1.584839
v 2.028106 2.154137 1.502419
v 2.132477 2.154137 1.411055
v -2.132476 2.154137 1.411055
v -2.028105 2.154137 1.502419
v -1.725209 2.154137 1.584839
v -1.253438 2.154137 1.650248
v -0.658971 2.154137 1.692244
v 0.000000 2.154137 1.706714
v 0.684353 2.496258 1.703074
v 1.301717 2.496258 1.659462
v 1.791660 2.496258 1.591533
v 2.106222 2.496258 1.505938
v 2.214613 2.496258 1.411055
v -2.214612 2.496258 1.411055
v -2.106221 2.496258 1.505938
v -1.791659 2.496258 1.591533
v -1.301716 2.496258 1.659461
v -0.684353 2.496258 1.703074
v 0.000000 2.496258 1.718102
v 0.692884 2.847019 1.706714
v 1.317943 2.847019 1.662558
v 1.813993 2.847019 1.593783
v 2.132477 2.847019 1.507121
v 2.242218 2.847019 1.411055
v -2.242218 2.847019 1.411055
v -2.132476 2.847019 1.507121
v -1.813992 2.847019 1.593783
v -1.317942 2.847019 1.662558
v -0.692883 2.847019 1.706714
v 0.000000 2.847019 1.721929
v 0.684353 3.197781 1.703074
v 1.301717 3.197781 1.659462
v 1.791660 3.197781 1.591533
v 2.106222 3.197781 1.505938
v 2.214613 3.197781 1.411055
v -2.214612 3.197781 1.411055
v -2.106221 3.197781 1.505938
v -1.791659 3.197781 1.591533
v -1.301716 3.197781 1.659461
v -0.684353 3.197781 1.703074
v 0.000000 3.197781 1.718102
v 0.658972 3.539902 1.692244
v 1.253438 3.539902 1.650249
v 1.725210 3.539902 1.584839
v 2.028106 3.539902 1.502419
v 2.132477 3.539902 1.411055
v -2.132476 3.539902 1.411055
v -2.028105 3.539902 1.502419
v -1.725209 3.539902 1.584839
v -1.253438 3.539902 1.650248
v -0.658971 3.539902 1.692244
v 0.000000 3.539902 1.706714
v 0.617364 3.864967 1.674489
v 1.174296 3.864967 1.635146
v 1.616279 3.864967 1.573867
v 1.900051 3.864967 1.496650
v 1.997831 3.864967 1.411055
v -1.997831 3.864967 1.411055
v -1.900050 3.864967 1.496650
v -1.616279 3.864967 1.573866
v -1.174295 3.864967 1.635146
v -0.617364 3.864967 1.674489
v 0.000000 3.864967 1.688046
v 0.560555 4.164963 1.650249
v 1.066238 4.164963 1.614525
v 1.467551 4.164963 1.558885
v 1.725210 4.164963 1.488774
v 1.813993 4.164963 1.411055
v -1.813992 4.164963 1.411055
v -1.725209 4.164963 1.488774
v -1.467551 4.164963 1.558885
v -1.066238 4.164963 1.614525
v -0.560555 4.164963 1.650249
v 0.000000 4.164963 1.662558
v 0.489943 4.432507 1.620118
v 0.931926 4.432507 1.588894
v 1.282687 4.432507 1.540263
v 1.507889 4.432507 1.478984
v 1.585488 4.432507 1.411055
v -1.585487 4.432507 1.411055
v -1.507888 4.432507 1.478984
v -1.282686 4.432507 1.540263
v -0.931926 4.432507 1.588894
v -0.489943 4.432507 1.620118
v 0.000000 4.432507 1.630877
v 0.407267 4.661011 1.584839
v 0.774668 4.661011 1.558885
v 1.066238 4.661011 1.518460
v 1.253438 4.661011 1.467521
v 1.317943 4.661011 1.411055
v -1.317943 4.661011 1.411055
v -1.253438 4.661011 1.467521
v -1.066238 4.661011 1.518460
v -0.774667 4.661011 1.558885
v -0.407267 4.661011 1.584839
v 0.000000 4.661011 1.593783
v 0.314563 4.844849 1.545282
v 0.598334 4.844849 1.525235
v 0.823536 4.844849 1.494012
v 0.968124 4.844849 1.454668
v 1.017946 4.844849 1.411055
v -1.017946 4.844849 1.411055
v -0.968124 4.844849 1.454668
v -0.823535 4.844849 1.494012
v -0.598333 4.844849 1.525235
v -0.314562 4.844849 1.545281
v 0.000000 4.844849 1.552189
v 0.214113 4.979496 1.502419
v 0.407267 4.979496 1.488774
v 0.560555 4.979496 1.467521
v 0.658972 4.979496 1.440741
v 0.692884 4.979496 1.411055
v -0.692883 4.979496 1.411055
v -0.658971 4.979496 1.440741
v -0.560554 4.979496 1.467521
v -0.407267 4.979496 1.488774
v -0.214113 4.979496 1.502419
v 0.000000 4.979496 1.507121
v 0.108391 5.061630 1.457306
v 0.206172 5.061630 1.450399
v 0.283771 5.061630 1.439640
v 0.333593 5.061630 1.426083
v 0.350760 5.061630 1.411055
v -0.350760 5.061630 1.411055
v -0.333593 5.061630 1.426083
v -0.283771 5.061630 1.439640
v -0.206172 5.061630 1.450399
v -0.108391 5.061630 1.457306
v 0.000000 5.061630 1.459687
v 0.000000 0.604805 1.411055
v 0.000000 5.089237 1.411055
v 10.995529 27.836452 0.283985
v 11.016316 27.817505 0.216192
v 11.043677 27.883625 0.210758
v 11.013021 27.950298 0.208231
v 10.993706 27.930290 0.280067
v 10.945503 27.882401 0.312094
v 10.995530 27.836452 -0.283985
v 10.945502 27.882401 -0.312094
v 10.996372 27.927990 -0.281752
v 11.017363 27.946304 -0.214128
v 11.044899 27.882362 -0.213997
v 11.016316 27.817505 -0.216192
v 10.732642 28.079136 0.284277
v 10.782373 28.032990 0.312223
v 10.833109 28.078121 0.281860
v 10.853183 28.097252 0.214199
v 10.783401 28.124580 0.215038
v 10.712111 28.098331 0.216738
v 10.732643 28.079136 -0.284277
v 10.712111 28.098331 -0.216738
v 10.782765 28.125164 -0.216232
v 10.851036 28.099228 -0.217115
v 10.831777 28.079266 -0.282743
v 10.782372 28.032990 -0.312223
v -10.741753 28.064610 0.284279
v -10.720926 28.083538 0.216740
v -10.791608 28.111027 0.216627
v -10.860249 28.086113 0.217663
v -10.841249 28.065872 0.282913
v -10.792240 28.019188 0.312202
v -10.741752 28.064610 -0.284279
v -10.792240 28.019188 -0.312202
v -10.842867 28.064541 -0.281857
v -10.862844 28.083805 -0.214190
v -10.792373 28.110348 -0.215084
v -10.720926 28.083538 -0.216740
v -10.983231 27.848789 0.283884
v -10.932525 27.893875 0.311998
v -10.981948 27.940865 0.281704
v -11.002368 27.959770 0.214085
v -11.031325 27.896061 0.213852
v -11.004288 27.830185 0.216133
v -10.983231 27.848789 -0.283884
v -11.004288 27.830185 -0.216133
v -11.030218 27.897167 -0.210999
v -10.998441 27.963268 -0.208828
v -10.979546 27.942886 -0.280197
v -10.932525 27.893875 -0.311998
v 9.996315 27.357998 0.362116
v 9.954431 27.410957 0.333956
v 9.937098 27.432869 0.266335
v 9.996432 27.357849 -0.362117
v 9.954465 27.410912 -0.333900
v 9.937098 27.432869 -0.266147
v -10.177231 27.143841 0.361778
v -10.221514 27.092369 0.333766
v -10.239860 27.071049 0.266094
v -10.177423 27.143616 -0.361779
v -10.221569 27.092308 -0.333766
v -10.239859 27.071049 -0.266093
v 0.000000 24.924252 1.727708
v 0.000000 24.896187 1.795756
v 0.000000 24.828434 1.823942
v -1.504399 24.877743 1.676665
v -1.495927 24.945038 1.649112
v -1.481971 24.972538 1.582535
v 0.000000 23.528435 1.728157
v 0.000000 23.556408 1.795887
v 0.000000 23.623959 1.823942
v 1.561235 23.713604 1.676665
v 1.559566 23.645844 1.649043
v 1.548864 23.617218 1.582329
v 0.000000 23.623959 -1.823942
v 0.000000 23.556408 -1.795887
v 0.000000 23.528435 -1.728157
v 1.561233 23.713673 -1.676665
v 1.559562 23.645863 -1.649024
v 1.548853 23.617218 -1.582266
v 0.000000 24.828434 -1.823942
v 0.000000 24.896187 -1.795756
v 0.000000 24.924252 -1.727708
v -1.504399 24.877743 -1.676665
v -1.495920 24.945038 -1.649074
v -1.481946 24.972538 -1.582406
v -6.227241 24.741070 0.646312
v -6.220256 24.768192 0.714220
v -6.203392 24.833694 0.742348
v -4.669547 24.208649 0.998413
v -4.690672 24.144531 0.969080
v -4.699369 24.118134 0.900669
v -6.032612 25.496998 0.645857
v -6.039616 25.469791 0.714087
v -6.056524 25.404121 0.742348
v -7.576640 25.974472 0.579247
v -7.550422 26.036991 0.551016
v -7.539563 26.062889 0.482910
v -6.056524 25.404121 -0.742348
v -6.039616 25.469791 -0.714087
v -6.032612 25.496998 -0.645857
v -7.576490 25.974831 -0.579247
v -7.550377 26.037094 -0.551129
v -7.539563 26.062889 -0.483298
v -6.203392 24.833694 -0.742348
v -6.220256 24.768192 -0.714220
v -6.227242 24.741070 -0.646312
v -4.669847 24.207741 -0.998393
v -4.690760 24.144272 -0.969074
v -4.699369 24.118134 -0.900669
v 6.052352 25.501534 0.645380
v 6.058008 25.473648 0.713946
v 6.071664 25.406311 0.742348
v 4.526270 25.055519 0.996576
v 4.515891 25.122093 0.968132
v 4.511594 25.149654 0.899638
v 6.207500 24.736526 0.646528
v 6.201943 24.763927 0.714283
v 6.188526 24.830086 0.742348
v 7.782267 25.592129 0.580382
v 7.813472 25.532597 0.551711
v 7.826351 25.508026 0.483917
v 6.188526 24.830086 -0.742348
v 6.201943 24.763927 -0.714283
v 6.207500 24.736526 -0.646528
v 7.782127 25.592403 -0.580386
v 7.813431 25.532673 -0.551623
v 7.826351 25.508026 -0.483614
v 6.071664 25.406311 -0.742348
v 6.058008 25.473648 -0.713946
v 6.052352 25.501534 -0.645380
v 4.526430 25.054493 -0.996578
v 4.515938 25.121792 -0.968133
v 4.511594 25.149654 -0.899638
v 8.957347 26.720634 0.320352
v 8.971503 26.696232 0.388029
v 9.005680 26.637318 0.416061
v 7.645597 26.006096 0.578776
v 7.619319 26.068447 0.550898
v 7.608419 26.094307 0.483076
v 9.200815 26.300949 0.320283
v 9.186714 26.325256 0.388009
v 9.152675 26.383930 0.416061
v 10.186255 27.169285 0.361609
v 10.229955 27.117588 0.333681
v 10.248067 27.096161 0.266010
v 9.152675 26.383930 -0.416061
v 9.186714 26.325256 -0.388009
v 9.200815 26.300949 -0.320283
v 10.248068 27.096161 -0.266010
v 10.229956 27.117588 -0.333682
v 10.186255 27.169285 -0.361609
v 9.005680 26.637318 -0.416061
v 8.971503 26.696232 -0.388029
v 8.957346 26.720634 -0.320352
v 7.608420 26.094307 -0.483076
v 7.619319 26.068447 -0.550898
v 7.645597 26.006096 -0.578776
v 3.131898 23.707962 1.153364
v 3.129036 23.736061 1.222057
v 3.122126 23.803875 1.250511
v 4.653881 24.203754 0.998845
v 4.674726 24.140400 0.969296
v 4.683296 24.114357 0.900887
v 2.998028 25.021832 1.153708
v 3.000871 24.993923 1.222158
v 3.007735 24.926563 1.250511
v 1.503725 24.877682 1.676665
v 1.495166 24.944958 1.649077
v 1.481154 24.972462 1.582412
v 3.007709 24.926823 -1.250511
v 3.000863 24.994003 -1.222158
v 2.998028 25.021832 -1.153708
v 1.481154 24.972462 -1.582412
v 1.495165 24.944958 -1.649077
v 1.503725 24.877682 -1.676665
v 3.122009 23.805031 -1.250511
v 3.129002 23.736389 -1.222057
v 3.131898 23.707962 -1.153364
v 4.683296 24.114357 -0.900887
v 4.674726 24.140400 -0.969296
v 4.653881 24.203754 -0.998845
v -2.999596 25.021988 1.153136
v -3.002381 24.994003 1.221991
v -3.009103 24.926426 1.250511
v -4.510323 25.050945 0.997050
v -4.499850 25.118111 0.968367
v -4.495521 25.145878 0.899868
v -3.130330 23.707802 1.153394
v -3.127568 23.735565 1.222066
v -3.120900 23.802601 1.250511
v -1.560560 23.713593 1.676665
v -1.558809 23.645786 1.649027
v -1.548061 23.617138 1.582272
v -3.120787 23.803738 -1.250511
v -3.127535 23.735905 -1.222066
v -3.130330 23.707802 -1.153394
v -1.548061 23.617138 -1.582272
v -1.558809 23.645786 -1.649027
v -1.560560 23.713593 -1.676665
v -3.009077 24.926689 -1.250511
v -3.002373 24.994080 -1.221991
v -2.999596 25.021988 -1.153136
v -4.495521 25.145878 -0.899868
v -4.499850 25.118111 -0.968367
v -4.510323 25.050945 -0.997049
v -9.204235 26.301605 0.320280
v -9.189842 26.325672 0.388008
v -9.155093 26.383774 0.416061
v -7.740911 25.569008 0.579992
v -7.772288 25.509190 0.551416
v -7.785253 25.484467 0.483381
v -8.954013 26.719978 0.320415
v -8.968408 26.695911 0.388047
v -9.003162 26.637806 0.416061
v -10.001471 27.335678 0.362042
v -9.959872 27.389118 0.333891
v -9.942655 27.411240 0.266203
v -9.003162 26.637806 -0.416061
v -8.968408 26.695911 -0.388047
v -8.954013 26.719978 -0.320415
v -9.942654 27.411240 -0.266203
v -9.959873 27.389118 -0.333891
v -10.001472 27.335678 -0.362042
v -9.155093 26.383774 -0.416061
v -9.189841 26.325672 -0.388008
v -9.204234 26.301605 -0.320280
v -7.785253 25.484467 -0.483381
v -7.772288 25.509190 -0.551416
v -7.740911 25.569008 -0.579992
v 11.025820 27.883469 0.268169
v 11.026915 27.882481 -0.269493
v 10.783422 28.107597 0.269997
v 10.782847 28.108063 -0.270527
v -10.791871 28.093952 0.270700
v -10.792564 28.093414 -0.270021
v -11.013421 27.895771 0.269390
v -11.012433 27.896637 -0.268223
v -0.572513 5.779312 -1.092449
v -1.088985 5.779312 -0.929293
v -1.498859 5.779312 -0.675171
v -1.762015 5.779312 -0.354958
v -1.852692 5.779312 0.000000
v -1.762014 5.779312 0.354958
v -1.498859 5.779312 0.675171
v -1.088985 5.779312 0.929292
v -0.572513 5.779312 1.092449
v 0.000000 5.779312 1.148669
v 0.572513 5.779312 1.092449
v 1.088984 5.779312 0.929292
v 1.498859 5.779312 0.675170
v 1.762014 5.779312 0.354958
v 1.852691 5.779312 0.000000
v 1.762014 5.779312 -0.354958
v 1.498858 5.779312 -0.675170
v 1.088984 5.779312 -0.929292
v 0.572513 5.779312 -1.092448
v 0.000000 5.779312 -1.148668
v -0.743619 23.800133 -1.418948
v -1.414448 23.800133 -1.207029
v -1.946821 23.800133 -0.876958
v -2.288625 23.800133 -0.461044
v -2.406403 23.800133 0.000000
v -2.288625 23.800133 0.461044
v -1.946821 23.800133 0.876958
v -1.414448 23.800133 1.207029
v -0.743619 23.800133 1.418947
v 0.000000 23.800133 1.491969
v 0.743619 23.800133 1.418947
v 1.414448 23.800133 1.207029
v 1.946820 23.800133 0.876958
v 2.288625 23.800133 0.461044
v 2.406402 23.800133 0.000000
v 2.288625 23.800133 -0.461044
v 1.946820 23.800133 -0.876957
v 1.414448 23.800133 -1.207029
v 0.743619 23.800133 -1.418947
v 0.000000 23.800133 -1.491969
v -0.683429 14.789722 -1.304095
v 0.000000 14.789722 -1.371206
v 0.683429 14.789722 -1.304095
v 1.299959 14.789722 -1.109329
v 1.789240 14.789722 -0.805975
v 2.103378 14.789722 -0.423726
v 2.211623 14.789722 0.000000
v 2.103378 14.789722 0.423726
v 1.789241 14.789722 0.805975
v 1.299959 14.789722 1.109329
v 0.683429 14.789722 1.304095
v 0.000000 14.789722 1.371206
v -0.683429 14.789722 1.304095
v -1.299959 14.789722 1.109329
v -1.789241 14.789722 0.805975
v -2.103379 14.789722 0.423726
v -2.211624 14.789722 0.000000
v -2.103379 14.789722 -0.423726
v -1.789241 14.789722 -0.805975
v -1.299960 14.789722 -1.109330
v -0.649073 10.284515 -1.238538
v 0.000000 10.284515 -1.302275
v 0.649073 10.284515 -1.238537
v 1.234610 10.284515 -1.053562
v 1.699294 10.284515 -0.765458
v 1.997640 10.284515 -0.402425
v 2.100443 10.284515 0.000000
v 1.997640 10.284515 0.402425
v 1.699294 10.284515 0.765458
v 1.234610 10.284515 1.053562
v 0.649073 10.284515 1.238537
v 0.000000 10.284515 1.302275
v -0.649073 10.284515 1.238537
v -1.234610 10.284515 1.053563
v -1.699295 10.284515 0.765458
v -1.997641 10.284515 0.402425
v -2.100444 10.284515 0.000000
v -1.997641 10.284515 -0.402425
v -1.699295 10.284515 -0.765458
v -1.234610 10.284515 -1.053563
v -0.650552 19.294926 -1.241360
v 0.000000 19.294926 -1.305242
v 0.650552 19.294926 -1.241359
v 1.237423 19.294926 -1.055963
v 1.703166 19.294926 -0.767202
v 2.002192 19.294926 -0.403342
v 2.105230 19.294926 0.000000
v 2.002193 19.294926 0.403342
v 1.703166 19.294926 0.767202
v 1.237423 19.294926 1.055964
v 0.650552 19.294926 1.241360
v 0.000000 19.294926 1.305243
v -0.650552 19.294926 1.241360
v -1.237423 19.294926 1.055964
v -1.703167 19.294926 0.767202
v -2.002193 19.294926 0.403342
v -2.105230 19.294926 0.000000
v -2.002193 19.294926 -0.403342
v -1.703168 19.294926 -0.767203
v -1.237424 19.294926 -1.055964
v -0.668820 17.042324 -1.276218
v 0.000000 17.042324 -1.341895
v 0.668820 17.042324 -1.276218
v 1.272171 17.042324 -1.085616
v 1.750993 17.042324 -0.788746
v 2.058416 17.042324 -0.414668
v 2.164346 17.042324 0.000000
v 2.058416 17.042324 0.414668
v 1.750993 17.042324 0.788746
v 1.272171 17.042324 1.085616
v 0.668820 17.042324 1.276218
v 0.000000 17.042324 1.341895
v -0.668820 17.042324 1.276218
v -1.272171 17.042324 1.085616
v -1.750993 17.042324 0.788746
v -2.058416 17.042324 0.414668
v -2.164347 17.042324 0.000000
v -2.058417 17.042324 -0.414668
v -1.750994 17.042324 -0.788746
v -1.272171 17.042324 -1.085616
v -0.676800 21.547531 -1.291446
v 0.000000 21.547531 -1.357906
v 0.676800 21.547531 -1.291445
v 1.287350 21.547531 -1.098569
v 1.771886 21.547531 -0.798157
v 2.082977 21.547531 -0.419616
v 2.190171 21.547531 0.000000
v 2.082977 21.547531 0.419616
v 1.771886 21.547531 0.798157
v 1.287351 21.547531 1.098569
v 0.676800 21.547531 1.291446
v 0.000000 21.547531 1.357906
v -0.676800 21.547531 1.291446
v -1.287350 21.547531 1.098569
v -1.771886 21.547531 0.798157
v -2.082977 21.547531 0.419616
v -2.190172 21.547531 0.000000
v -2.082978 21.547531 -0.419616
v -1.771887 21.547531 -0.798158
v -1.287351 21.547531 -1.098570
v -0.666630 12.537121 -1.272040
v 0.000000 12.537121 -1.337501
v 0.666630 12.537121 -1.272039
v 1.268006 12.537121 -1.082061
v 1.745260 12.537121 -0.786164
v 2.051677 12.537121 -0.413311
v 2.157261 12.537121 0.000000
v 2.051677 12.537121 0.413311
v 1.745260 12.537121 0.786164
v 1.268006 12.537121 1.082062
v 0.666630 12.537121 1.272040
v 0.000000 12.537121 1.337502
v -0.666630 12.537121 1.272040
v -1.268006 12.537121 1.082062
v -1.745261 12.537121 0.786164
v -2.051677 12.537121 0.413311
v -2.157261 12.537121 0.000000
v -2.051678 12.537121 -0.413311
v -1.745261 12.537121 -0.786164
v -1.268006 12.537121 -1.082062
v -0.605040 8.031918 -1.154515
v 0.000000 8.031918 -1.213928
v 0.605039 8.031918 -1.154514
v 1.150854 8.031918 -0.982089
v 1.584014 8.031918 -0.713529
v 1.862120 8.031918 -0.375124
v 1.957949 8.031918 0.000000
v 1.862120 8.031918 0.375124
v 1.584014 8.031918 0.713529
v 1.150854 8.031918 0.982089
v 0.605039 8.031918 1.154515
v 0.000000 8.031918 1.213928
v -0.605039 8.031918 1.154515
v -1.150854 8.031918 0.982089
v -1.584014 8.031918 0.713529
v -1.862121 8.031918 0.375125
v -1.957950 8.031918 0.000000
v -1.862121 8.031918 -0.375125
v -1.584015 8.031918 -0.713530
v -1.150854 8.031918 -0.982089
v -0.481190 5.779312 -0.918190
v -0.915278 5.779312 -0.781059
v -1.259772 5.779312 -0.567472
v -1.480951 5.779312 -0.298338
v -1.557164 5.779312 0.000000
v -1.480951 5.779312 0.298338
v -1.259772 5.779312 0.567472
v -0.915278 5.779312 0.781059
v -0.481190 5.779312 0.918189
v 0.000000 5.779312 0.965441
v 0.481190 5.779312 0.918189
v 0.915278 5.779312 0.781059
v 1.259772 5.779312 0.567472
v 1.480950 5.779312 0.298338
v 1.557163 5.779312 0.000000
v 1.480950 5.779312 -0.298338
v 1.259772 5.779312 -0.567472
v 0.915278 5.779312 -0.781058
v 0.481190 5.779312 -0.918189
v 0.000000 5.779312 -0.965441
v -0.480693 5.245071 -0.917241
v -0.914331 5.245071 -0.780251
v -1.258470 5.245071 -0.566885
v -1.479420 5.245071 -0.298029
v -1.555553 5.245071 0.000000
v -1.479419 5.245071 0.298029
v -1.258470 5.245071 0.566885
v -0.914331 5.245071 0.780251
v -0.480692 5.245071 0.917239
v 0.000000 5.245071 0.964443
v 0.480692 5.245071 0.917239
v 0.914331 5.245071 0.780250
v 1.258470 5.245071 0.566885
v 1.479418 5.245071 0.298029
v 1.555552 5.245071 0.000000
v 1.479418 5.245071 -0.298029
v 1.258469 5.245071 -0.566885
v 0.914330 5.245071 -0.780251
v 0.480692 5.245071 -0.917239
v 0.000000 5.245071 -0.964443
v 0.000000 2.878807 1.435045
v 0.000000 2.878807 -1.435045
v -0.889601 0.140892 1.148064
v -0.867404 0.209209 1.350990
v -0.813817 0.374138 1.435045
v -1.692122 0.549797 1.148065
v -1.649901 0.607910 1.350990
v -1.547971 0.748203 1.435045
v -2.329006 1.186684 1.148064
v -2.270894 1.228905 1.350990
v -2.130599 1.330833 1.435045
v -2.737910 1.989204 1.148065
v -2.669595 2.011398 1.350990
v -2.504669 2.064991 1.435045
v -2.878809 2.878807 1.148065
v -2.806978 2.878807 1.350990
v -2.633565 2.878807 1.435045
v -2.737910 3.768406 1.148065
v -2.669595 3.746208 1.350990
v -2.504669 3.692619 1.435045
v -2.329005 4.570930 1.148065
v -2.270893 4.528706 1.350990
v -2.130599 4.426781 1.435045
v -1.692121 5.207809 1.148065
v -1.649900 5.149696 1.350990
v -1.547970 5.009407 1.435045
v -0.889601 5.616718 1.148064
v -0.867404 5.548401 1.350990
v -0.813816 5.383476 1.435045
v 0.000000 5.757610 1.148064
v 0.000000 5.685787 1.350990
v 0.000000 5.512371 1.435045
v 0.889601 5.616718 1.148064
v 0.867404 5.548401 1.350990
v 0.813816 5.383476 1.435045
v 1.692121 5.207809 1.148064
v 1.649900 5.149696 1.350990
v 1.547970 5.009407 1.435045
v 2.329005 4.570930 1.148065
v 2.270893 4.528706 1.350990
v 2.130598 4.426781 1.435045
v 2.737909 3.768406 1.148065
v 2.669595 3.746208 1.350990
v 2.504668 3.692619 1.435045
v 2.878808 2.878807 1.148065
v 2.806978 2.878807 1.350990
v 2.633564 2.878807 1.435045
v 2.737909 1.989204 1.148065
v 2.669594 2.011398 1.350990
v 2.504668 2.064991 1.435045
v 2.329005 1.186684 1.148065
v 2.270892 1.228905 1.350990
v 2.130598 1.330833 1.435045
v 1.692121 0.549801 1.148064
v 1.649900 0.607914 1.350990
v 1.547970 0.748203 1.435045
v 0.889601 0.140900 1.148064
v 0.867404 0.209217 1.350990
v 0.813816 0.374138 1.435045
v 0.000000 0.000000 1.148064
v 0.000000 0.071827 1.350990
v -0.000000 0.245239 1.435045
v -0.889601 0.140892 -1.148064
v -0.867404 0.209209 -1.350990
v -0.813817 0.374138 -1.435045
v -1.692122 0.549797 -1.148064
v -1.649901 0.607910 -1.350990
v -1.547971 0.748203 -1.435045
v -2.329005 1.186684 -1.148065
v -2.270893 1.228905 -1.350990
v -2.130599 1.330833 -1.435045
v -2.737910 1.989204 -1.148065
v -2.669595 2.011398 -1.350990
v -2.504669 2.064991 -1.435045
v -2.878809 2.878807 -1.148065
v -2.806978 2.878807 -1.350990
v -2.633565 2.878807 -1.435045
v -2.737910 3.768406 -1.148065
v -2.669595 3.746208 -1.350990
v -2.504669 3.692619 -1.435045
v -2.329005 4.570930 -1.148065
v -2.270893 4.528706 -1.350990
v -2.130599 4.426781 -1.435045
v -1.692121 5.207809 -1.148064
v -1.649900 5.149696 -1.350990
v -1.547970 5.009407 -1.435045
v -0.889601 5.616718 -1.148064
v -0.867404 5.548401 -1.350990
v -0.813816 5.383476 -1.435045
v 0.000000 5.757610 -1.148064
v 0.000000 5.685787 -1.350990
v 0.000000 5.512371 -1.435045
v 0.889601 5.616718 -1.148064
v 0.867404 5.548401 -1.350990
v 0.813816 5.383476 -1.435045
v 1.692121 5.207809 -1.148065
v 1.649900 5.149696 -1.350990
v 1.547970 5.009407 -1.435045
v 2.329005 4.570930 -1.148064
v 2.270893 4.528706 -1.350990
v 2.130598 4.426781 -1.435045
v 2.737909 3.768406 -1.148065
v 2.669594 3.746208 -1.350990
v 2.504668 3.692619 -1.435045
v 2.878808 2.878807 -1.148065
v 2.806978 2.878807 -1.350990
v 2.633564 2.878807 -1.435045
v 2.737909 1.989204 -1.148065
v 2.669594 2.011398 -1.350990
v 2.504668 2.064991 -1.435045
v 2.329004 1.186684 -1.148065
v 2.270893 1.228905 -1.350990
v 2.130598 1.330833 -1.435045
v 1.692121 0.549801 -1.148065
v 1.649900 0.607914 -1.350990
v 1.547970 0.748203 -1.435045
v 0.889600 0.140900 -1.148064
v 0.867404 0.209217 -1.350990
v 0.813816 0.374138 -1.435045
v 0.000000 0.000000 -1.148064
v 0.000000 0.071827 -1.350990
v -0.000000 0.245239 -1.435045
vt 0.260088 0.001992
vt 0.262541 0.001992
vt 0.262346 0.175476
vt 0.264274 0.175476
vt 0.263576 0.348960
vt 0.265218 0.348960
vt 0.264854 0.522444
vt 0.266198 0.522444
vt 0.265887 0.687696
vt 0.266991 0.687696
vt 0.265888 0.688548
vt 0.266992 0.688548
vt 0.279885 0.001992
vt 0.277627 0.175476
vt 0.277432 0.001992
vt 0.275699 0.175476
vt 0.276397 0.348960
vt 0.274755 0.348960
vt 0.275119 0.522444
vt 0.273775 0.522444
vt 0.274086 0.687697
vt 0.272982 0.687697
vt 0.274085 0.688546
vt 0.272981 0.688546
vt 0.238387 0.001992
vt 0.236128 0.175476
vt 0.235933 0.001992
vt 0.234200 0.175476
vt 0.234898 0.348960
vt 0.233257 0.348960
vt 0.233621 0.522444
vt 0.232276 0.522444
vt 0.232587 0.687696
vt 0.231483 0.687696
vt 0.232586 0.688550
vt 0.231483 0.688550
vt 0.247195 0.001992
vt 0.249648 0.001992
vt 0.249453 0.175476
vt 0.251381 0.175476
vt 0.250683 0.348960
vt 0.252325 0.348960
vt 0.251961 0.522444
vt 0.253305 0.522444
vt 0.252994 0.687696
vt 0.254098 0.687696
vt 0.252995 0.688549
vt 0.254099 0.688549
vt 0.522799 0.180155
vt 0.522705 0.177664
vt 0.538575 0.180005
vt 0.520116 0.179407
vt 0.538570 0.177617
vt 0.538687 0.185717
vt 0.520049 0.184929
vt 0.520561 0.177658
vt 0.538652 0.175195
vt 0.541101 0.179321
vt 0.541138 0.184972
vt 0.522577 0.185644
vt 0.519970 0.175902
vt 0.522502 0.175195
vt 0.541184 0.175902
vt 0.540643 0.177622
vt 0.540513 0.148252
vt 0.543041 0.149052
vt 0.518114 0.149052
vt 0.520641 0.148252
vt 0.542540 0.118550
vt 0.545070 0.119458
vt 0.516085 0.119458
vt 0.518614 0.118550
vt 0.538338 0.251797
vt 0.522506 0.251839
vt 0.538423 0.249343
vt 0.538347 0.254172
vt 0.522314 0.249343
vt 0.540948 0.250036
vt 0.540866 0.253467
vt 0.522587 0.254302
vt 0.519790 0.250036
vt 0.540285 0.221053
vt 0.542807 0.221848
vt 0.540408 0.251787
vt 0.540912 0.258125
vt 0.538480 0.258880
vt 0.519927 0.253542
vt 0.520373 0.251819
vt 0.517931 0.221845
vt 0.520453 0.221053
vt 0.522387 0.258794
vt 0.519865 0.258076
vt 0.542304 0.192380
vt 0.544828 0.193277
vt 0.515909 0.193277
vt 0.518433 0.192380
vt 0.846754 0.004402
vt 0.859160 0.004402
vt 0.846050 0.083128
vt 0.859160 0.083128
vt 0.834223 0.083128
vt 0.871565 0.004402
vt 0.845096 0.161853
vt 0.835563 0.004402
vt 0.832408 0.161853
vt 0.872270 0.083128
vt 0.859160 0.161853
vt 0.824837 0.083128
vt 0.822339 0.161853
vt 0.882756 0.004402
vt 0.844715 0.240579
vt 0.831684 0.240579
vt 0.826682 0.004402
vt 0.821343 0.240579
vt 0.884097 0.083128
vt 0.873224 0.161853
vt 0.859160 0.240579
vt 0.891637 0.004402
vt 0.844351 0.319305
vt 0.830992 0.319305
vt 0.820390 0.319305
vt 0.893483 0.083128
vt 0.885911 0.161853
vt 0.873604 0.240579
vt 0.859160 0.319305
vt 0.844668 0.398030
vt 0.831594 0.398030
vt 0.821219 0.398030
vt 0.895981 0.161853
vt 0.886635 0.240579
vt 0.873969 0.319305
vt 0.859160 0.398030
vt 0.845064 0.476756
vt 0.832347 0.476756
vt 0.822255 0.476756
vt 0.896977 0.240579
vt 0.887328 0.319305
vt 0.873652 0.398030
vt 0.859160 0.476756
vt 0.844495 0.555481
vt 0.831265 0.555481
vt 0.820766 0.555481
vt 0.897930 0.319305
vt 0.886725 0.398030
vt 0.873256 0.476756
vt 0.859160 0.555481
vt 0.843047 0.634207
vt 0.828511 0.634207
vt 0.816976 0.634207
vt 0.897101 0.398030
vt 0.885973 0.476756
vt 0.873825 0.555481
vt 0.859160 0.634207
vt 0.896065 0.476756
vt 0.887054 0.555481
vt 0.875273 0.634207
vt 0.897553 0.555481
vt 0.889808 0.634207
vt 0.901344 0.634207
vt 0.938655 0.005468
vt 0.951061 0.005468
vt 0.937951 0.084194
vt 0.951061 0.084194
vt 0.926124 0.084194
vt 0.963466 0.005468
vt 0.936997 0.162920
vt 0.927464 0.005468
vt 0.924309 0.162920
vt 0.964171 0.084194
vt 0.951061 0.162920
vt 0.916738 0.084194
vt 0.914240 0.162920
vt 0.974657 0.005468
vt 0.936616 0.241645
vt 0.923585 0.241645
vt 0.918583 0.005468
vt 0.913244 0.241645
vt 0.975998 0.084194
vt 0.965125 0.162920
vt 0.951061 0.241645
vt 0.983538 0.005468
vt 0.936252 0.320371
vt 0.922893 0.320371
vt 0.912291 0.320371
vt 0.985383 0.084194
vt 0.977812 0.162920
vt 0.965505 0.241645
vt 0.951061 0.320371
vt 0.936569 0.399097
vt 0.923495 0.399097
vt 0.913120 0.399097
vt 0.987881 0.162920
vt 0.978536 0.241645
vt 0.965869 0.320371
vt 0.951061 0.399097
vt 0.936965 0.477822
vt 0.924248 0.477822
vt 0.914156 0.477822
vt 0.988877 0.241645
vt 0.979229 0.320371
vt 0.965553 0.399097
vt 0.951061 0.477822
vt 0.936396 0.556548
vt 0.923166 0.556548
vt 0.912667 0.556548
vt 0.989830 0.320371
vt 0.978626 0.399097
vt 0.965157 0.477822
vt 0.951061 0.556548
vt 0.934948 0.635274
vt 0.920412 0.635274
vt 0.908877 0.635274
vt 0.989002 0.399097
vt 0.977874 0.477822
vt 0.965726 0.556548
vt 0.951061 0.635274
vt 0.987965 0.477822
vt 0.978955 0.556548
vt 0.967174 0.635274
vt 0.989454 0.556548
vt 0.981709 0.635274
vt 0.993245 0.635274
vt 0.586387 0.970007
vt 0.586387 0.980429
vt 0.567724 0.970007
vt 0.567724 0.980418
vt 0.567724 0.959596
vt 0.586387 0.989830
vt 0.586387 0.959585
vt 0.567724 0.989810
vt 0.567724 0.950204
vt 0.586387 0.997291
vt 0.586387 0.950183
vt 0.567724 0.997263
vt 0.567724 0.942750
vt 0.586387 0.942722
vt 0.607869 0.969091
vt 0.607869 0.979513
vt 0.589205 0.969091
vt 0.589205 0.979502
vt 0.589205 0.958679
vt 0.607869 0.988915
vt 0.607869 0.958669
vt 0.589205 0.988895
vt 0.589205 0.949287
vt 0.607869 0.996377
vt 0.607869 0.949267
vt 0.589205 0.996349
vt 0.589205 0.941833
vt 0.607869 0.941805
vt 0.289597 0.867652
vt 0.289597 0.893666
vt 0.215165 0.867652
vt 0.296175 0.869020
vt 0.215165 0.893666
vt 0.215165 0.847006
vt 0.296175 0.848890
vt 0.296175 0.894386
vt 0.289597 0.922504
vt 0.208588 0.894386
vt 0.289597 0.847006
vt 0.208588 0.869020
vt 0.215165 0.922504
vt 0.208588 0.922504
vt 0.208588 0.848890
vt 0.296175 0.922504
vt 0.289597 0.951341
vt 0.215165 0.951341
vt 0.208588 0.950622
vt 0.296175 0.950622
vt 0.289597 0.977356
vt 0.215165 0.977356
vt 0.208588 0.975987
vt 0.296175 0.975987
vt 0.289597 0.998001
vt 0.215165 0.998001
vt 0.208588 0.996117
vt 0.296175 0.996117
vt 0.306839 0.976977
vt 0.306839 0.950962
vt 0.381271 0.976977
vt 0.300261 0.975608
vt 0.381271 0.950962
vt 0.381271 0.997622
vt 0.300261 0.995738
vt 0.300261 0.950242
vt 0.306839 0.922124
vt 0.387849 0.950242
vt 0.306839 0.997622
vt 0.387849 0.975608
vt 0.381271 0.922124
vt 0.387849 0.922124
vt 0.387849 0.995738
vt 0.300261 0.922124
vt 0.306839 0.893287
vt 0.381271 0.893287
vt 0.387849 0.894006
vt 0.300261 0.894006
vt 0.306839 0.867272
vt 0.381271 0.867272
vt 0.387849 0.868641
vt 0.300261 0.868641
vt 0.306839 0.846626
vt 0.381271 0.846626
vt 0.387849 0.848510
vt 0.300261 0.848510
vt 0.239735 0.671056
vt 0.239734 0.671790
vt 0.238631 0.671056
vt 0.238631 0.671790
vt 0.238631 0.672523
vt 0.239735 0.672523
vt 0.245533 0.672529
vt 0.245533 0.671792
vt 0.246637 0.672529
vt 0.246637 0.671792
vt 0.246637 0.671056
vt 0.245533 0.671056
vt 0.705606 0.954737
vt 0.706067 0.955264
vt 0.706067 0.965771
vt 0.705156 0.964729
vt 0.706067 0.944492
vt 0.706067 0.975753
vt 0.704728 0.974223
vt 0.705190 0.953207
vt 0.704333 0.961707
vt 0.706067 0.984966
vt 0.704333 0.982985
vt 0.703520 0.969783
vt 0.704859 0.950824
vt 0.703681 0.957000
vt 0.706067 0.993182
vt 0.703981 0.990800
vt 0.704647 0.947821
vt 0.703262 0.951068
vt 0.704574 0.944492
vt 0.703117 0.944492
vt 0.704647 0.941164
vt 0.703262 0.937917
vt 0.704859 0.938161
vt 0.703681 0.931985
vt 0.705190 0.935778
vt 0.704333 0.927278
vt 0.705606 0.934248
vt 0.705156 0.924256
vt 0.703520 0.919202
vt 0.704728 0.914762
vt 0.706067 0.933721
vt 0.706067 0.923214
vt 0.706067 0.913232
vt 0.704333 0.906000
vt 0.706067 0.904019
vt 0.703981 0.898186
vt 0.706067 0.895802
vt 0.688707 0.974223
vt 0.687368 0.975754
vt 0.687368 0.965771
vt 0.688280 0.964729
vt 0.689102 0.982985
vt 0.687368 0.984966
vt 0.687368 0.955264
vt 0.687830 0.954737
vt 0.689916 0.969783
vt 0.689102 0.961707
vt 0.689454 0.990799
vt 0.687368 0.993183
vt 0.687368 0.944493
vt 0.688246 0.953207
vt 0.689755 0.957000
vt 0.688576 0.950824
vt 0.690174 0.951068
vt 0.688788 0.947821
vt 0.690318 0.944493
vt 0.688862 0.944493
vt 0.690174 0.937917
vt 0.688788 0.941164
vt 0.689755 0.931985
vt 0.688576 0.938161
vt 0.689102 0.927278
vt 0.688246 0.935778
vt 0.688280 0.924256
vt 0.687830 0.934248
vt 0.688707 0.914762
vt 0.689916 0.919202
vt 0.687368 0.923214
vt 0.687368 0.933721
vt 0.687368 0.913232
vt 0.687368 0.904019
vt 0.689102 0.906000
vt 0.687368 0.895803
vt 0.689454 0.898186
vt 0.674108 0.954740
vt 0.674569 0.955267
vt 0.673657 0.964733
vt 0.674569 0.944496
vt 0.674569 0.965774
vt 0.672835 0.961710
vt 0.673691 0.953210
vt 0.673230 0.974226
vt 0.672022 0.969786
vt 0.673361 0.950827
vt 0.674569 0.975757
vt 0.672182 0.957003
vt 0.673149 0.947825
vt 0.672835 0.982989
vt 0.671764 0.951071
vt 0.673076 0.944496
vt 0.674569 0.984969
vt 0.671619 0.944496
vt 0.673149 0.941167
vt 0.672483 0.990803
vt 0.671764 0.937921
vt 0.673361 0.938164
vt 0.674569 0.993186
vt 0.672182 0.931989
vt 0.673691 0.935781
vt 0.672835 0.927281
vt 0.674108 0.934252
vt 0.673657 0.924259
vt 0.674569 0.933724
vt 0.673230 0.914765
vt 0.674569 0.923217
vt 0.672022 0.919205
vt 0.674569 0.913235
vt 0.674569 0.904022
vt 0.672835 0.906003
vt 0.674569 0.895806
vt 0.672483 0.898189
vt 0.657209 0.974226
vt 0.655870 0.975757
vt 0.656781 0.964733
vt 0.655870 0.984969
vt 0.655870 0.965774
vt 0.657604 0.961710
vt 0.657604 0.982989
vt 0.656332 0.954740
vt 0.658418 0.969786
vt 0.656748 0.953210
vt 0.655870 0.993186
vt 0.655870 0.955267
vt 0.657078 0.950827
vt 0.657956 0.990803
vt 0.655870 0.944496
vt 0.658257 0.957003
vt 0.657290 0.947825
vt 0.658676 0.951071
vt 0.657363 0.944496
vt 0.657290 0.941167
vt 0.658820 0.944496
vt 0.657078 0.938164
vt 0.658676 0.937921
vt 0.656748 0.935781
vt 0.658257 0.931989
vt 0.656332 0.934252
vt 0.657604 0.927281
vt 0.655870 0.933724
vt 0.656781 0.924259
vt 0.658418 0.919205
vt 0.655870 0.923217
vt 0.657209 0.914765
vt 0.655870 0.913235
vt 0.657604 0.906003
vt 0.655870 0.904022
vt 0.657956 0.898189
vt 0.655870 0.895806
vt 0.640583 0.934252
vt 0.640121 0.933724
vt 0.641033 0.924259
vt 0.640121 0.944496
vt 0.640121 0.923217
vt 0.641855 0.927281
vt 0.640999 0.935781
vt 0.641460 0.914765
vt 0.642669 0.919205
vt 0.641329 0.938164
vt 0.640121 0.913235
vt 0.642508 0.931989
vt 0.641541 0.941167
vt 0.641855 0.906003
vt 0.642927 0.937921
vt 0.641615 0.944496
vt 0.640121 0.904022
vt 0.643071 0.944496
vt 0.641541 0.947825
vt 0.642207 0.898189
vt 0.642927 0.951071
vt 0.641329 0.950827
vt 0.640121 0.895806
vt 0.642508 0.957003
vt 0.640999 0.953210
vt 0.641855 0.961710
vt 0.640583 0.954740
vt 0.641033 0.964733
vt 0.640121 0.955267
vt 0.641460 0.974226
vt 0.640121 0.965774
vt 0.642669 0.969786
vt 0.640121 0.975757
vt 0.640121 0.984969
vt 0.641855 0.982989
vt 0.640121 0.993186
vt 0.642207 0.990803
vt 0.625983 0.914765
vt 0.627322 0.913235
vt 0.626410 0.924259
vt 0.627322 0.904022
vt 0.627322 0.923217
vt 0.625588 0.927281
vt 0.625588 0.906003
vt 0.626861 0.934251
vt 0.624775 0.919205
vt 0.626444 0.935781
vt 0.627322 0.895806
vt 0.627322 0.933724
vt 0.626114 0.938164
vt 0.625236 0.898189
vt 0.627322 0.944496
vt 0.624935 0.931988
vt 0.625902 0.941167
vt 0.624516 0.937920
vt 0.625829 0.944496
vt 0.625902 0.947824
vt 0.624372 0.944496
vt 0.626114 0.950827
vt 0.624516 0.951071
vt 0.626444 0.953210
vt 0.624935 0.957003
vt 0.626861 0.954740
vt 0.625588 0.961710
vt 0.627322 0.955267
vt 0.626410 0.964732
vt 0.624775 0.969786
vt 0.627322 0.965774
vt 0.625983 0.974226
vt 0.627322 0.975757
vt 0.625588 0.982989
vt 0.627322 0.984969
vt 0.625236 0.990803
vt 0.627322 0.993186
vt 0.579096 0.016529
vt 0.579148 0.014351
vt 0.592339 0.016529
vt 0.577469 0.014351
vt 0.592324 0.014371
vt 0.577581 0.040207
vt 0.577033 0.015902
vt 0.579174 0.012219
vt 0.593983 0.014368
vt 0.593849 0.040207
vt 0.577107 0.012833
vt 0.592351 0.012285
vt 0.594403 0.015902
vt 0.575931 0.070139
vt 0.575515 0.039677
vt 0.594356 0.012873
vt 0.595919 0.039676
vt 0.595505 0.070139
vt 0.570959 0.111350
vt 0.573863 0.069707
vt 0.597572 0.069707
vt 0.600476 0.111350
vt 0.566001 0.158890
vt 0.568887 0.111017
vt 0.602548 0.111017
vt 0.605435 0.158890
vt 0.558233 0.205961
vt 0.563906 0.158717
vt 0.607530 0.158717
vt 0.613203 0.205961
vt 0.550471 0.252202
vt 0.556140 0.205830
vt 0.615295 0.205829
vt 0.620965 0.252202
vt 0.537373 0.298544
vt 0.548379 0.252115
vt 0.623056 0.252116
vt 0.634062 0.298544
vt 0.532934 0.343795
vt 0.535337 0.298116
vt 0.636099 0.298116
vt 0.638501 0.343795
vt 0.537370 0.389071
vt 0.530856 0.343795
vt 0.640580 0.343795
vt 0.634062 0.389070
vt 0.535336 0.389497
vt 0.636099 0.389497
vt 0.550488 0.435436
vt 0.548385 0.435521
vt 0.623051 0.435521
vt 0.620947 0.435436
vt 0.558226 0.481138
vt 0.556133 0.481270
vt 0.615302 0.481270
vt 0.613210 0.481138
vt 0.565986 0.528098
vt 0.563902 0.528312
vt 0.607534 0.528312
vt 0.605449 0.528098
vt 0.570964 0.574137
vt 0.568884 0.574468
vt 0.602555 0.574467
vt 0.600483 0.574137
vt 0.575929 0.617350
vt 0.573862 0.617789
vt 0.597573 0.617789
vt 0.595507 0.617350
vt 0.577585 0.647554
vt 0.575517 0.648080
vt 0.595918 0.648080
vt 0.593851 0.647554
vt 0.579096 0.671331
vt 0.577033 0.671967
vt 0.594403 0.671967
vt 0.592339 0.671331
vt 0.592289 0.673513
vt 0.577448 0.673498
vt 0.593967 0.673519
vt 0.579100 0.673490
vt 0.592261 0.675666
vt 0.579068 0.675587
vt 0.594329 0.675056
vt 0.577074 0.675006
vt 0.525153 0.338988
vt 0.520684 0.291520
vt 0.527229 0.338988
vt 0.419228 0.338988
vt 0.522729 0.291192
vt 0.520682 0.386431
vt 0.423699 0.386431
vt 0.423699 0.291520
vt 0.509643 0.243092
vt 0.522728 0.386760
vt 0.417152 0.338988
vt 0.507537 0.243005
vt 0.509643 0.434838
vt 0.436843 0.434923
vt 0.421653 0.386760
vt 0.421653 0.291192
vt 0.436844 0.243005
vt 0.499800 0.195459
vt 0.507538 0.434923
vt 0.434738 0.434837
vt 0.434738 0.243093
vt 0.501896 0.195722
vt 0.499793 0.483009
vt 0.444588 0.483009
vt 0.444581 0.195459
vt 0.492005 0.148747
vt 0.501890 0.482742
vt 0.442492 0.482745
vt 0.442485 0.195722
vt 0.494081 0.148917
vt 0.491998 0.529833
vt 0.452383 0.529833
vt 0.452377 0.148747
vt 0.487021 0.099134
vt 0.494079 0.529619
vt 0.450302 0.529619
vt 0.450300 0.148917
vt 0.489099 0.099529
vt 0.487005 0.577582
vt 0.457376 0.577582
vt 0.457369 0.099134
vt 0.482006 0.057011
vt 0.489090 0.577184
vt 0.455291 0.577184
vt 0.455285 0.099530
vt 0.484082 0.057443
vt 0.482006 0.621069
vt 0.462375 0.621069
vt 0.462375 0.057011
vt 0.484082 0.620628
vt 0.460299 0.620628
vt 0.460299 0.057443
vt 0.503600 0.090089
vt 0.498711 0.074613
vt 0.508042 0.084884
vt 0.503933 0.071877
vt 0.514441 0.095206
vt 0.497027 0.057459
vt 0.511214 0.102370
vt 0.502517 0.057459
vt 0.522506 0.101834
vt 0.498711 0.040304
vt 0.520809 0.110255
vt 0.503933 0.043040
vt 0.531445 0.104117
vt 0.503600 0.024829
vt 0.531445 0.112972
vt 0.508042 0.030034
vt 0.540385 0.101834
vt 0.511214 0.012547
vt 0.542081 0.110255
vt 0.514441 0.019711
vt 0.548449 0.095206
vt 0.520809 0.004662
vt 0.551676 0.102370
vt 0.522506 0.013084
vt 0.554849 0.084884
vt 0.531445 0.001945
vt 0.559290 0.090089
vt 0.531445 0.010800
vt 0.558957 0.071877
vt 0.542081 0.004662
vt 0.564179 0.074613
vt 0.540385 0.013084
vt 0.560373 0.057459
vt 0.551676 0.012547
vt 0.565864 0.057459
vt 0.548449 0.019711
vt 0.558957 0.043040
vt 0.559290 0.024829
vt 0.564179 0.040304
vt 0.554849 0.030034
vt 0.557402 0.972170
vt 0.557402 0.997090
vt 0.486102 0.972170
vt 0.563703 0.971481
vt 0.486102 0.997090
vt 0.486102 0.944546
vt 0.563703 0.944546
vt 0.563703 0.995779
vt 0.479801 0.995779
vt 0.557402 0.944546
vt 0.479801 0.971481
vt 0.486102 0.916922
vt 0.479801 0.944546
vt 0.563703 0.917611
vt 0.557402 0.916922
vt 0.486102 0.892002
vt 0.479801 0.917611
vt 0.563703 0.893313
vt 0.557402 0.892002
vt 0.479801 0.893313
vt 0.398533 0.997091
vt 0.398533 0.972171
vt 0.469833 0.997091
vt 0.392231 0.995780
vt 0.469833 0.972171
vt 0.392231 0.971481
vt 0.398533 0.944546
vt 0.476135 0.971481
vt 0.469833 0.944546
vt 0.476135 0.995780
vt 0.476135 0.944546
vt 0.392231 0.944546
vt 0.398533 0.916922
vt 0.469833 0.916922
vt 0.476135 0.917611
vt 0.392231 0.917611
vt 0.398533 0.892002
vt 0.469833 0.892002
vt 0.476135 0.893312
vt 0.392231 0.893312
vt 0.096284 0.001992
vt 0.111207 0.001992
vt 0.091796 0.175476
vt 0.104765 0.175476
vt 0.083388 0.175476
vt 0.114266 0.175476
vt 0.098589 0.348960
vt 0.087494 0.348960
vt 0.086609 0.001992
vt 0.122140 0.001992
vt 0.106718 0.348960
vt 0.080300 0.348960
vt 0.074310 0.001992
vt 0.098273 0.522444
vt 0.091680 0.522444
vt 0.071290 0.175476
vt 0.082681 0.522444
vt 0.068199 0.348960
vt 0.076846 0.522444
vt 0.089006 0.695929
vt 0.084098 0.695929
vt 0.077398 0.695929
vt 0.066242 0.522444
vt 0.073055 0.695929
vt 0.083607 0.774912
vt 0.077894 0.774912
vt 0.069741 0.695929
vt 0.074321 0.774912
vt 0.063069 0.687697
vt 0.062011 0.774912
vt 0.072004 0.774912
vt 0.076559 0.853895
vt 0.070303 0.853896
vt 0.065876 0.695929
vt 0.062011 0.703658
vt 0.062753 0.688546
vt 0.054281 0.695929
vt 0.069060 0.925952
vt 0.062011 0.699793
vt 0.062011 0.695929
vt 0.062011 0.853895
vt 0.058146 0.695929
vt 0.050968 0.695929
vt 0.066029 0.925952
vt 0.062019 0.688896
vt 0.053719 0.853895
vt 0.060970 0.687696
vt 0.047177 0.522444
vt 0.052018 0.774912
vt 0.062011 0.998008
vt 0.061286 0.688548
vt 0.062011 0.925952
vt 0.057993 0.925952
vt 0.057860 0.522444
vt 0.046624 0.695929
vt 0.049701 0.774912
vt 0.054962 0.925952
vt 0.041342 0.522444
vt 0.055916 0.348960
vt 0.046128 0.774912
vt 0.047464 0.853895
vt 0.043722 0.348960
vt 0.039924 0.695929
vt 0.036528 0.348960
vt 0.032342 0.522444
vt 0.052864 0.175476
vt 0.040415 0.774912
vt 0.040634 0.175476
vt 0.035016 0.695929
vt 0.032226 0.175476
vt 0.025433 0.348960
vt 0.025749 0.522444
vt 0.049712 0.001992
vt 0.027738 0.001992
vt 0.037413 0.001992
vt 0.012815 0.001992
vt 0.019257 0.175476
vt 0.017304 0.348960
vt 0.009757 0.175476
vt 0.001883 0.001992
vt 0.167840 0.998008
vt 0.164619 0.824524
vt 0.177515 0.998008
vt 0.155541 0.998008
vt 0.173027 0.824524
vt 0.152472 0.824524
vt 0.168725 0.651040
vt 0.192438 0.998008
vt 0.161531 0.651040
vt 0.179820 0.651040
vt 0.185996 0.824524
vt 0.149395 0.651040
vt 0.163911 0.477556
vt 0.172911 0.477556
vt 0.195496 0.824524
vt 0.158076 0.477556
vt 0.187949 0.651040
vt 0.179504 0.477556
vt 0.203370 0.998008
vt 0.147441 0.477556
vt 0.158629 0.304072
vt 0.165329 0.304072
vt 0.170237 0.304072
vt 0.150972 0.304072
vt 0.154285 0.304072
vt 0.144292 0.312304
vt 0.155552 0.225088
vt 0.159125 0.225088
vt 0.164838 0.225088
vt 0.147107 0.304072
vt 0.143242 0.225088
vt 0.153235 0.225088
vt 0.143975 0.311451
vt 0.143242 0.296342
vt 0.151534 0.146105
vt 0.157789 0.146105
vt 0.143242 0.304072
vt 0.143242 0.300207
vt 0.135512 0.304072
vt 0.143238 0.311100
vt 0.139377 0.304072
vt 0.132198 0.304072
vt 0.143242 0.146105
vt 0.150291 0.074048
vt 0.142502 0.311450
vt 0.142184 0.312304
vt 0.133249 0.225088
vt 0.128407 0.477556
vt 0.147260 0.074048
vt 0.134950 0.146105
vt 0.139026 0.477556
vt 0.130932 0.225088
vt 0.127855 0.304072
vt 0.143242 0.074048
vt 0.139224 0.074048
vt 0.143242 0.001992
vt 0.137076 0.651040
vt 0.122572 0.477556
vt 0.136193 0.074048
vt 0.127359 0.225088
vt 0.124953 0.651040
vt 0.121155 0.304072
vt 0.128695 0.146105
vt 0.133994 0.824524
vt 0.117759 0.651040
vt 0.113573 0.477556
vt 0.121646 0.225088
vt 0.121865 0.824524
vt 0.116247 0.304072
vt 0.130943 0.998008
vt 0.113457 0.824524
vt 0.106664 0.651040
vt 0.106980 0.477556
vt 0.118644 0.998008
vt 0.108969 0.998008
vt 0.094046 0.998008
vt 0.100488 0.824524
vt 0.098535 0.651040
vt 0.090987 0.824524
vt 0.083113 0.998008
vt 0.195555 0.175476
vt 0.186408 0.175476
vt 0.195555 0.001992
vt 0.189461 0.348960
vt 0.183256 0.001992
vt 0.204834 0.175476
vt 0.195555 0.348960
vt 0.207854 0.001992
vt 0.201743 0.348960
vt 0.191405 0.522444
vt 0.195555 0.522444
vt 0.199786 0.522444
vt 0.194514 0.687696
vt 0.195554 0.687683
vt 0.196614 0.687697
vt 0.194830 0.688548
vt 0.195564 0.688896
vt 0.196297 0.688546
vt 0.202686 0.688900
vt 0.205738 0.515416
vt 0.214985 0.688900
vt 0.214985 0.515416
vt 0.208819 0.341932
vt 0.224215 0.515416
vt 0.214985 0.341932
vt 0.221139 0.341932
vt 0.227285 0.688900
vt 0.210769 0.168448
vt 0.214985 0.168448
vt 0.219185 0.168448
vt 0.213928 0.003196
vt 0.214984 0.003210
vt 0.216036 0.003196
vt 0.214245 0.002343
vt 0.215718 0.002343
vt 0.214982 0.001992
vt 0.713318 0.988192
vt 0.713318 0.989700
vt 0.712175 0.986721
vt 0.994422 0.933144
vt 0.994422 0.939076
vt 0.990287 0.936229
vt 0.990287 0.944944
vt 0.990287 0.926569
vt 0.994422 0.943783
vt 0.984641 0.939076
vt 0.994422 0.926569
vt 0.984641 0.926569
vt 0.990287 0.951859
vt 0.984641 0.950359
vt 0.990287 0.916909
vt 0.984641 0.914062
vt 0.977624 0.941615
vt 0.977624 0.926569
vt 0.994422 0.919994
vt 0.977624 0.911523
vt 0.984641 0.959313
vt 0.977624 0.955188
vt 0.990287 0.908194
vt 0.984641 0.902779
vt 0.977624 0.897950
vt 0.990287 0.956300
vt 0.969408 0.943783
vt 0.969408 0.926569
vt 0.969408 0.909354
vt 0.994422 0.914062
vt 0.969408 0.893825
vt 0.984641 0.965062
vt 0.977624 0.965960
vt 0.969408 0.959313
vt 0.990287 0.901278
vt 0.984641 0.893825
vt 0.977624 0.887178
vt 0.969408 0.881501
vt 0.960195 0.945528
vt 0.960195 0.926569
vt 0.960195 0.907610
vt 0.960195 0.890506
vt 0.994422 0.909354
vt 0.960195 0.876933
vt 0.977624 0.972876
vt 0.969408 0.971637
vt 0.960195 0.962631
vt 0.984641 0.888076
vt 0.977624 0.880262
vt 0.969408 0.873588
vt 0.960195 0.868219
vt 0.950212 0.946806
vt 0.950212 0.926569
vt 0.950212 0.906332
vt 0.950212 0.888076
vt 0.950212 0.873588
vt 0.990287 0.896838
vt 0.950212 0.864286
vt 0.969408 0.979550
vt 0.960195 0.976204
vt 0.950212 0.965062
vt 0.969408 0.870862
vt 0.960195 0.865216
vt 0.950212 0.861081
vt 0.977624 0.975259
vt 0.939706 0.947585
vt 0.939706 0.926569
vt 0.939706 0.905553
vt 0.939706 0.886593
vt 0.939706 0.871547
vt 0.939706 0.861887
vt 0.977624 0.877879
vt 0.939706 0.858559
vt 0.969408 0.982276
vt 0.960195 0.984919
vt 0.950212 0.979550
vt 0.939706 0.966544
vt 0.928934 0.947847
vt 0.928934 0.926569
vt 0.928934 0.905290
vt 0.928934 0.886095
vt 0.928934 0.870862
vt 0.928934 0.861081
vt 0.928934 0.857711
vt 0.960195 0.987922
vt 0.950212 0.988852
vt 0.939706 0.981590
vt 0.928934 0.967043
vt 0.918162 0.947585
vt 0.918162 0.926569
vt 0.918162 0.905553
vt 0.918162 0.886593
vt 0.918162 0.871547
vt 0.918162 0.861887
vt 0.918162 0.858559
vt 0.950212 0.992057
vt 0.939706 0.991250
vt 0.928934 0.982276
vt 0.918162 0.966544
vt 0.907656 0.946806
vt 0.907656 0.926569
vt 0.907656 0.906332
vt 0.907656 0.888076
vt 0.907656 0.873588
vt 0.907656 0.864286
vt 0.907656 0.861081
vt 0.939706 0.994579
vt 0.928934 0.992057
vt 0.918162 0.981590
vt 0.907656 0.965062
vt 0.897673 0.945528
vt 0.897673 0.926569
vt 0.897673 0.907610
vt 0.897673 0.890506
vt 0.897673 0.876933
vt 0.897673 0.868219
vt 0.897673 0.865216
vt 0.928934 0.995427
vt 0.918162 0.991250
vt 0.907656 0.979550
vt 0.897673 0.962631
vt 0.888460 0.943783
vt 0.888460 0.926569
vt 0.888460 0.909354
vt 0.888460 0.893825
vt 0.888460 0.881501
vt 0.888460 0.873588
vt 0.888460 0.870862
vt 0.918162 0.994579
vt 0.907656 0.988852
vt 0.897673 0.976204
vt 0.888460 0.959313
vt 0.880244 0.941615
vt 0.880244 0.926569
vt 0.880244 0.911523
vt 0.880244 0.897950
vt 0.880244 0.887178
vt 0.880244 0.880262
vt 0.880244 0.877879
vt 0.907656 0.992057
vt 0.897673 0.984919
vt 0.888460 0.971637
vt 0.880244 0.955188
vt 0.873227 0.939076
vt 0.873227 0.926569
vt 0.873227 0.914062
vt 0.873227 0.902779
vt 0.873227 0.893825
vt 0.873227 0.888076
vt 0.897673 0.987922
vt 0.888460 0.979550
vt 0.880244 0.965960
vt 0.873227 0.950359
vt 0.867581 0.936229
vt 0.867581 0.926569
vt 0.867581 0.916909
vt 0.867581 0.908194
vt 0.867581 0.901278
vt 0.867581 0.896838
vt 0.888460 0.982276
vt 0.880244 0.972876
vt 0.873227 0.959313
vt 0.867581 0.944944
vt 0.863446 0.933144
vt 0.863446 0.926569
vt 0.863446 0.919994
vt 0.863446 0.914062
vt 0.863446 0.909354
vt 0.880244 0.975259
vt 0.873227 0.965062
vt 0.867581 0.951859
vt 0.863446 0.939076
vt 0.867581 0.956300
vt 0.863446 0.943783
vt 0.719671 0.918088
vt 0.719671 0.912156
vt 0.723806 0.915003
vt 0.723806 0.906289
vt 0.723806 0.924664
vt 0.719671 0.907449
vt 0.729452 0.912156
vt 0.719671 0.924664
vt 0.729452 0.924664
vt 0.723806 0.899373
vt 0.729452 0.900874
vt 0.723806 0.934324
vt 0.729452 0.937171
vt 0.736469 0.909618
vt 0.736469 0.924664
vt 0.719671 0.931239
vt 0.736469 0.939710
vt 0.729452 0.891920
vt 0.736469 0.896044
vt 0.723806 0.943038
vt 0.729452 0.948454
vt 0.736469 0.953283
vt 0.723806 0.894933
vt 0.744686 0.907449
vt 0.744686 0.924664
vt 0.744686 0.941878
vt 0.719671 0.937171
vt 0.744686 0.957408
vt 0.729452 0.886171
vt 0.736469 0.885273
vt 0.744686 0.891920
vt 0.723806 0.949954
vt 0.729452 0.957408
vt 0.736469 0.964055
vt 0.744686 0.969732
vt 0.753898 0.905704
vt 0.753898 0.924664
vt 0.753898 0.943623
vt 0.753898 0.960726
vt 0.719671 0.941878
vt 0.753898 0.974299
vt 0.736469 0.878357
vt 0.744686 0.879596
vt 0.753898 0.888601
vt 0.729452 0.963157
vt 0.736469 0.970971
vt 0.744686 0.977645
vt 0.753898 0.983014
vt 0.763881 0.904427
vt 0.763881 0.924664
vt 0.763881 0.944900
vt 0.763881 0.963157
vt 0.763881 0.977645
vt 0.723806 0.954395
vt 0.763881 0.986946
vt 0.744686 0.871683
vt 0.753898 0.875028
vt 0.763881 0.886171
vt 0.744686 0.980371
vt 0.753898 0.986017
vt 0.763881 0.990151
vt 0.736469 0.875974
vt 0.774387 0.903647
vt 0.774387 0.924664
vt 0.774387 0.945680
vt 0.774387 0.964639
vt 0.774387 0.979685
vt 0.774387 0.989345
vt 0.736469 0.973354
vt 0.774387 0.992674
vt 0.744686 0.868956
vt 0.753898 0.866313
vt 0.763881 0.871683
vt 0.774387 0.884688
vt 0.785159 0.903385
vt 0.785159 0.924664
vt 0.785159 0.945942
vt 0.785159 0.965137
vt 0.785159 0.980371
vt 0.785159 0.990151
vt 0.785159 0.993522
vt 0.753898 0.863311
vt 0.763881 0.862381
vt 0.774387 0.869642
vt 0.785159 0.884190
vt 0.795931 0.903647
vt 0.795931 0.924664
vt 0.795931 0.945680
vt 0.795931 0.964639
vt 0.795931 0.979685
vt 0.795931 0.989345
vt 0.795931 0.992674
vt 0.763881 0.859176
vt 0.774387 0.859982
vt 0.785159 0.868956
vt 0.795931 0.884688
vt 0.806438 0.904427
vt 0.806438 0.924664
vt 0.806438 0.944900
vt 0.806438 0.963157
vt 0.806438 0.977645
vt 0.806438 0.986946
vt 0.806438 0.990151
vt 0.774387 0.856653
vt 0.785159 0.859176
vt 0.795931 0.869642
vt 0.806438 0.886171
vt 0.816420 0.905704
vt 0.816420 0.924664
vt 0.816420 0.943623
vt 0.816420 0.960726
vt 0.816420 0.974299
vt 0.816420 0.983014
vt 0.816420 0.986017
vt 0.785159 0.855806
vt 0.795931 0.859982
vt 0.806438 0.871683
vt 0.816420 0.888601
vt 0.825633 0.907449
vt 0.825633 0.924664
vt 0.825633 0.941878
vt 0.825633 0.957408
vt 0.825633 0.969732
vt 0.825633 0.977645
vt 0.825633 0.980371
vt 0.795931 0.856653
vt 0.806438 0.862381
vt 0.816420 0.875028
vt 0.825633 0.891920
vt 0.833849 0.909618
vt 0.833849 0.924664
vt 0.833849 0.939710
vt 0.833849 0.953283
vt 0.833849 0.964055
vt 0.833849 0.970971
vt 0.833849 0.973354
vt 0.806438 0.859176
vt 0.816420 0.866313
vt 0.825633 0.879596
vt 0.833849 0.896044
vt 0.840867 0.912156
vt 0.840867 0.924664
vt 0.840867 0.937171
vt 0.840867 0.948454
vt 0.840867 0.957408
vt 0.840867 0.963157
vt 0.816420 0.863311
vt 0.825633 0.871683
vt 0.833849 0.885273
vt 0.840867 0.900874
vt 0.846512 0.915003
vt 0.846512 0.924664
vt 0.846512 0.934324
vt 0.846512 0.943038
vt 0.846512 0.949954
vt 0.846512 0.954395
vt 0.825633 0.868956
vt 0.833849 0.878357
vt 0.840867 0.891920
vt 0.846512 0.906289
vt 0.850647 0.918088
vt 0.850647 0.924664
vt 0.850647 0.931239
vt 0.850647 0.937171
vt 0.850647 0.941878
vt 0.833849 0.875974
vt 0.840867 0.886171
vt 0.846512 0.899373
vt 0.850647 0.912156
vt 0.846512 0.894933
vt 0.850647 0.907449
vt 0.483370 0.007523
vt 0.484825 0.006059
vt 0.487944 0.012478
vt 0.483403 0.005084
vt 0.489315 0.010937
vt 0.467442 0.036354
vt 0.481974 0.006004
vt 0.489346 0.013988
vt 0.461710 0.030584
vt 0.469051 0.037626
vt 0.490210 0.012446
vt 0.445552 0.066443
vt 0.447341 0.067481
vt 0.460140 0.029257
vt 0.437856 0.061978
vt 0.426379 0.107754
vt 0.428273 0.108552
vt 0.436074 0.060944
vt 0.413806 0.103603
vt 0.408161 0.155561
vt 0.410207 0.155975
vt 0.411997 0.102655
vt 0.390659 0.152011
vt 0.397507 0.202500
vt 0.399529 0.202816
vt 0.388650 0.151604
vt 0.371635 0.198624
vt 0.393590 0.248624
vt 0.395636 0.248833
vt 0.369711 0.197991
vt 0.359489 0.245150
vt 0.392105 0.294307
vt 0.394148 0.294567
vt 0.357430 0.244940
vt 0.356747 0.292560
vt 0.390609 0.339981
vt 0.392667 0.339981
vt 0.354689 0.292611
vt 0.354024 0.339981
vt 0.356747 0.387381
vt 0.392107 0.385675
vt 0.351973 0.339981
vt 0.354688 0.387328
vt 0.394151 0.385418
vt 0.359451 0.434775
vt 0.357414 0.434977
vt 0.393585 0.431379
vt 0.395638 0.431175
vt 0.371784 0.481813
vt 0.369836 0.482455
vt 0.397368 0.476977
vt 0.399408 0.476659
vt 0.390769 0.528402
vt 0.388779 0.528914
vt 0.408095 0.523941
vt 0.410090 0.523428
vt 0.413103 0.575103
vt 0.411286 0.576056
vt 0.425419 0.570113
vt 0.427318 0.569317
vt 0.437851 0.618057
vt 0.436086 0.619112
vt 0.445567 0.613442
vt 0.447332 0.612387
vt 0.460937 0.649103
vt 0.459374 0.650448
vt 0.466764 0.643765
vt 0.468387 0.642501
vt 0.483719 0.672044
vt 0.482349 0.673585
vt 0.487525 0.667783
vt 0.488904 0.666250
vt 0.485146 0.673546
vt 0.483776 0.674502
vt 0.488943 0.669272
vt 0.489796 0.667772
vt 0.413202 0.672162
vt 0.417779 0.667209
vt 0.414586 0.673707
vt 0.397285 0.643326
vt 0.419184 0.668710
vt 0.413203 0.674634
vt 0.391554 0.649089
vt 0.398897 0.642052
vt 0.419181 0.665699
vt 0.411806 0.673680
vt 0.375416 0.613222
vt 0.377206 0.612185
vt 0.420059 0.667225
vt 0.367717 0.617683
vt 0.389984 0.650415
vt 0.356265 0.571901
vt 0.358159 0.571104
vt 0.365934 0.618716
vt 0.343697 0.576041
vt 0.338072 0.524085
vt 0.340118 0.523671
vt 0.341882 0.576991
vt 0.320568 0.527625
vt 0.327411 0.477145
vt 0.329455 0.476827
vt 0.318559 0.528032
vt 0.301569 0.481003
vt 0.323557 0.431014
vt 0.325598 0.430807
vt 0.299644 0.481635
vt 0.289483 0.434467
vt 0.322089 0.385331
vt 0.324133 0.385072
vt 0.287398 0.434679
vt 0.286733 0.387059
vt 0.320617 0.339657
vt 0.322675 0.339658
vt 0.284673 0.387007
vt 0.284033 0.339637
vt 0.286780 0.292239
vt 0.322139 0.293963
vt 0.281981 0.339636
vt 0.284721 0.292291
vt 0.324183 0.294222
vt 0.287483 0.244644
vt 0.289543 0.244850
vt 0.323650 0.248261
vt 0.325697 0.248466
vt 0.299912 0.197170
vt 0.301839 0.197806
vt 0.327448 0.202665
vt 0.329488 0.202984
vt 0.318887 0.150723
vt 0.320876 0.151236
vt 0.338200 0.155706
vt 0.340194 0.156221
vt 0.341419 0.103594
vt 0.343235 0.104548
vt 0.355559 0.109549
vt 0.357450 0.110343
vt 0.366241 0.060551
vt 0.368005 0.061607
vt 0.375719 0.066226
vt 0.377483 0.067282
vt 0.389543 0.029226
vt 0.391101 0.030567
vt 0.396932 0.035915
vt 0.398554 0.037179
vt 0.412533 0.006103
vt 0.413901 0.007644
vt 0.417705 0.011907
vt 0.419084 0.013441
vt 0.413986 0.005217
vt 0.415391 0.006217
vt 0.419084 0.010370
vt 0.419960 0.011898
vt 0.754897 0.550142
vt 0.739221 0.550142
vt 0.753910 0.481768
vt 0.737343 0.481768
vt 0.772275 0.481768
vt 0.752574 0.413395
vt 0.772275 0.550142
vt 0.772275 0.413395
vt 0.734801 0.413395
vt 0.790640 0.481768
vt 0.791976 0.413395
vt 0.752041 0.345021
vt 0.772275 0.345021
vt 0.789652 0.550142
vt 0.792509 0.345021
vt 0.733787 0.345021
vt 0.807207 0.481768
vt 0.809749 0.413395
vt 0.810763 0.345021
vt 0.751531 0.276648
vt 0.772275 0.276648
vt 0.793019 0.276648
vt 0.805329 0.550142
vt 0.811733 0.276648
vt 0.732817 0.276648
vt 0.751974 0.208274
vt 0.772275 0.208274
vt 0.792576 0.208274
vt 0.810889 0.208274
vt 0.733660 0.208274
vt 0.752529 0.139901
vt 0.772275 0.139901
vt 0.792021 0.139901
vt 0.809834 0.139901
vt 0.734715 0.139901
vt 0.751732 0.071527
vt 0.772275 0.071527
vt 0.792818 0.071527
vt 0.811350 0.071527
vt 0.733200 0.071527
vt 0.749704 0.003154
vt 0.772275 0.003154
vt 0.794846 0.003154
vt 0.815208 0.003154
vt 0.729342 0.003154
vt 0.651269 0.003578
vt 0.666946 0.003578
vt 0.649391 0.071951
vt 0.665958 0.071951
vt 0.684323 0.003578
vt 0.646849 0.140325
vt 0.684323 0.071951
vt 0.664622 0.140325
vt 0.701701 0.003578
vt 0.645835 0.208698
vt 0.702688 0.071951
vt 0.684323 0.140325
vt 0.664089 0.208698
vt 0.717377 0.003578
vt 0.644866 0.277072
vt 0.719255 0.071951
vt 0.704025 0.140325
vt 0.684323 0.208698
vt 0.663579 0.277072
vt 0.645709 0.345445
vt 0.721797 0.140325
vt 0.704558 0.208698
vt 0.684323 0.277072
vt 0.664022 0.345445
vt 0.646764 0.413819
vt 0.722811 0.208698
vt 0.705067 0.277072
vt 0.684323 0.345445
vt 0.664577 0.413819
vt 0.645248 0.482192
vt 0.723781 0.277072
vt 0.704624 0.345445
vt 0.684323 0.413819
vt 0.663780 0.482192
vt 0.641390 0.550566
vt 0.722938 0.345445
vt 0.704069 0.413819
vt 0.684323 0.482192
vt 0.661752 0.550566
vt 0.721883 0.413819
vt 0.704866 0.482192
vt 0.684323 0.550566
vt 0.723398 0.482192
vt 0.706895 0.550566
vt 0.727256 0.550566
vt 0.567887 0.937975
vt 0.567887 0.924802
vt 0.584100 0.937947
vt 0.584100 0.924787
vt 0.567887 0.910200
vt 0.584100 0.910200
vt 0.567887 0.895598
vt 0.584100 0.895613
vt 0.567887 0.882425
vt 0.584100 0.882454
vt 0.603688 0.925433
vt 0.603688 0.938605
vt 0.587476 0.925418
vt 0.587476 0.938577
vt 0.587476 0.910831
vt 0.603688 0.910831
vt 0.587476 0.896245
vt 0.603688 0.896230
vt 0.587476 0.883086
vt 0.603688 0.883057
vt 0.693328 0.710066
vt 0.715475 0.698782
vt 0.740027 0.774342
vt 0.690253 0.705834
vt 0.740027 0.694893
vt 0.675751 0.727643
vt 0.713859 0.693806
vt 0.671519 0.724568
vt 0.764578 0.698782
vt 0.664467 0.749791
vt 0.740027 0.689662
vt 0.786726 0.710066
vt 0.659491 0.748174
vt 0.660578 0.774342
vt 0.766194 0.693806
vt 0.804302 0.727643
vt 0.655347 0.774342
vt 0.664467 0.798893
vt 0.789800 0.705834
vt 0.815587 0.749791
vt 0.659491 0.800509
vt 0.675751 0.821041
vt 0.808534 0.724568
vt 0.819475 0.774342
vt 0.671519 0.824115
vt 0.693328 0.838617
vt 0.820562 0.748174
vt 0.815587 0.798893
vt 0.690253 0.842849
vt 0.715476 0.849902
vt 0.824707 0.774342
vt 0.804302 0.821041
vt 0.713859 0.854877
vt 0.740027 0.853790
vt 0.820562 0.800509
vt 0.786726 0.838617
vt 0.740027 0.859022
vt 0.764578 0.849902
vt 0.808534 0.824115
vt 0.766194 0.854877
vt 0.789800 0.842849
vt 0.887784 0.846473
vt 0.865636 0.835188
vt 0.912335 0.770912
vt 0.886167 0.851448
vt 0.848060 0.817611
vt 0.912335 0.850361
vt 0.912335 0.855593
vt 0.862561 0.839420
vt 0.836775 0.795463
vt 0.936886 0.846473
vt 0.843827 0.820686
vt 0.832887 0.770912
vt 0.938503 0.851448
vt 0.959034 0.835188
vt 0.831800 0.797080
vt 0.836775 0.746361
vt 0.962109 0.839420
vt 0.976611 0.817611
vt 0.827655 0.770912
vt 0.848060 0.724213
vt 0.980843 0.820686
vt 0.987895 0.795463
vt 0.831800 0.744745
vt 0.865636 0.706637
vt 0.992871 0.797080
vt 0.991784 0.770912
vt 0.843827 0.721139
vt 0.887784 0.695352
vt 0.997015 0.770912
vt 0.987895 0.746361
vt 0.862561 0.702405
vt 0.912335 0.691464
vt 0.992871 0.744745
vt 0.976611 0.724213
vt 0.886167 0.690377
vt 0.936886 0.695352
vt 0.980843 0.721139
vt 0.959034 0.706637
vt 0.912335 0.686232
vt 0.962109 0.702405
vt 0.938503 0.690377
vn 0.210263 0.016714 0.977502
vn 0.334110 0.018489 0.942353
vn 0.190741 0.012779 0.981557
vn 0.304286 0.015841 0.952449
vn 0.043140 0.012592 0.998990
vn 0.195424 0.016614 0.980578
vn 0.215819 0.026778 0.976066
vn -0.304286 0.015841 0.952449
vn -0.334110 0.018489 0.942353
vn -0.190740 0.012779 0.981557
vn -0.210263 0.016714 0.977502
vn 0.064642 0.014189 -0.997808
vn 0.053792 0.010874 -0.998493
vn 0.210263 0.016714 -0.977502
vn 0.190741 0.012779 -0.981557
vn 0.053917 0.010875 0.998486
vn 0.064642 0.014189 0.997808
vn -0.064642 0.014189 0.997808
vn -0.053583 0.010870 0.998504
vn -0.190741 0.012779 -0.981557
vn -0.053839 0.010874 -0.998490
vn -0.210263 0.016714 -0.977502
vn -0.064642 0.014189 -0.997808
vn -0.195424 0.016614 0.980578
vn -0.043140 0.012592 0.998990
vn -0.215819 0.026778 0.976066
vn -0.000000 0.007723 0.999970
vn 0.000000 0.007757 0.999970
vn 0.000000 0.009988 0.999950
vn 0.000000 0.009988 0.999950
vn -0.022028 0.012056 0.999685
vn -0.052350 0.015504 0.998509
vn 0.000000 0.009988 -0.999950
vn 0.000000 0.007756 -0.999970
vn -0.000000 0.009988 -0.999950
vn 0.000000 0.007723 -0.999970
vn 0.000000 0.009988 0.999950
vn -0.000000 0.007756 0.999970
vn -0.000000 0.007757 -0.999970
vn -0.000000 0.009988 -0.999950
vn 0.022028 0.012056 0.999685
vn 0.052350 0.015504 0.998508
vn 0.079888 0.009194 0.996762
vn 0.046854 0.007830 0.998871
vn 0.207364 0.012670 0.978182
vn 0.191177 0.011585 0.981487
vn -0.191177 0.011585 0.981487
vn -0.046626 0.007825 0.998882
vn -0.207364 0.012670 0.978182
vn -0.079888 0.009194 0.996762
vn -0.329915 0.018544 0.943829
vn -0.305640 0.016195 0.952009
vn -0.079888 0.009194 -0.996762
vn -0.046812 0.007829 -0.998873
vn -0.207364 0.012670 -0.978182
vn -0.191177 0.011585 -0.981487
vn 0.191177 0.011585 -0.981487
vn 0.046763 0.007828 -0.998875
vn 0.207364 0.012670 -0.978182
vn 0.079888 0.009194 -0.996762
vn 0.305640 0.016195 0.952009
vn 0.329915 0.018544 0.943829
vn -0.189343 0.011166 0.981847
vn -0.048451 0.008140 0.998792
vn -0.000000 0.005236 0.999986
vn -0.000000 0.005242 0.999986
vn 0.000000 0.005546 0.999985
vn 0.000000 0.005544 0.999985
vn -0.000000 0.005544 0.999985
vn 0.000000 0.005242 0.999986
vn 0.048687 0.008144 0.998781
vn 0.189343 0.011166 0.981847
vn 0.302986 0.014922 0.952878
vn 0.189343 0.011166 -0.981847
vn 0.048599 0.008143 -0.998785
vn 0.000000 0.005236 -0.999986
vn 0.000000 0.005242 -0.999986
vn -0.000000 0.005546 -0.999985
vn -0.000000 0.005544 -0.999985
vn 0.000000 0.005544 -0.999985
vn 0.000000 0.005242 -0.999986
vn -0.048631 0.008143 -0.998784
vn -0.189343 0.011166 -0.981847
vn -0.302986 0.014922 0.952878
vn 0.304286 0.015841 -0.952449
vn 0.334110 0.018489 -0.942353
vn 0.302985 0.014922 -0.952878
vn 0.305640 0.016195 -0.952009
vn 0.329915 0.018544 -0.943829
vn 0.215819 0.026778 -0.976066
vn 0.347730 0.027815 -0.937182
vn 0.195424 0.016614 -0.980578
vn 0.052350 0.015504 -0.998509
vn 0.022028 0.012056 -0.999685
vn 0.043140 0.012592 -0.998990
vn -0.052350 0.015504 -0.998509
vn -0.022028 0.012056 -0.999685
vn -0.215819 0.026778 -0.976066
vn -0.043140 0.012592 -0.998990
vn -0.195424 0.016614 -0.980578
vn -0.347729 0.027815 -0.937182
vn -0.305640 0.016195 -0.952009
vn -0.329915 0.018544 -0.943829
vn -0.302986 0.014922 -0.952878
vn -0.304286 0.015841 -0.952449
vn -0.334110 0.018489 -0.942353
vn 0.989220 0.146440 0.000000
vn 0.221342 0.031786 -0.974678
vn 0.053995 0.022580 -0.998286
vn 0.996806 0.079857 0.000001
vn 0.998454 0.055586 0.000002
vn 0.998715 0.050680 -0.000001
vn 0.998937 0.046091 0.000000
vn 0.998863 0.047677 -0.000001
vn 0.998972 0.045341 0.000000
vn -0.998972 0.045341 0.000000
vn -0.998863 0.047677 -0.000000
vn -0.998937 0.046091 0.000000
vn -0.998715 0.050680 0.000001
vn -0.998454 0.055586 -0.000001
vn -0.996806 0.079857 -0.000001
vn -0.995422 0.095574 0.000000
vn -0.221342 0.031786 -0.974678
vn -0.995046 0.099416 -0.000001
vn -0.989220 0.146440 0.000000
vn 0.347729 0.027815 0.937182
vn 0.221342 0.031786 0.974678
vn 0.995046 0.099416 -0.000002
vn -0.221342 0.031786 0.974678
vn -0.053995 0.022580 0.998286
vn -0.347730 0.027815 0.937182
vn 0.053995 0.022580 0.998286
vn -0.053995 0.022580 -0.998286
vn 0.000000 0.010019 -0.999950
vn 0.000000 0.013016 -0.999915
vn 0.000000 0.007228 -0.999974
vn 0.000004 0.006797 -0.999977
vn -0.000472 0.006239 -0.999981
vn -0.000139 0.007156 -0.999974
vn -0.000004 0.006797 -0.999977
vn 0.000000 0.007228 -0.999974
vn 0.000000 0.010019 -0.999950
vn 0.000000 0.013016 -0.999915
vn -0.000000 0.010020 0.999950
vn -0.000000 0.013016 0.999915
vn -0.000000 0.007228 0.999974
vn -0.000004 0.006797 0.999977
vn 0.000472 0.006240 0.999981
vn 0.000139 0.007155 0.999974
vn 0.000004 0.006797 0.999977
vn 0.000000 0.007228 0.999974
vn -0.000000 0.010019 0.999950
vn -0.000000 0.013016 0.999915
vn 0.995422 0.095574 -0.000003
vn -0.000138 0.007156 0.999974
vn 0.000000 0.009100 0.999959
vn 0.000000 0.009100 -0.999959
vn 0.000139 0.007156 -0.999974
vn -0.000000 0.009100 -0.999959
vn 0.999835 -0.018165 0.000000
vn 0.999835 -0.018165 0.000000
vn 0.999835 -0.018165 0.000000
vn 0.999835 -0.018165 0.000000
vn -0.999849 -0.017408 -0.000000
vn -0.999848 -0.017408 -0.000000
vn -0.999849 -0.017408 -0.000000
vn -0.999849 -0.017408 0.000000
vn -0.999816 -0.019196 0.000000
vn -0.999780 -0.020991 -0.000002
vn -0.999816 -0.019196 -0.000000
vn -0.999779 -0.021007 -0.000002
vn 0.999787 -0.020625 0.000000
vn 0.999788 -0.020609 0.000000
vn 0.999823 -0.018813 0.000000
vn 0.999823 -0.018813 0.000000
vn 0.999937 -0.011206 0.000000
vn 0.999937 -0.011206 0.000000
vn 0.999937 -0.011206 0.000000
vn 0.999937 -0.011206 0.000000
vn -0.999936 -0.011280 0.000000
vn -0.999936 -0.011280 0.000000
vn -0.999936 -0.011280 0.000000
vn -0.999936 -0.011280 0.000000
vn -0.999841 -0.017812 0.000000
vn -0.999841 -0.017812 0.000000
vn -0.999841 -0.017812 0.000000
vn -0.999841 -0.017812 0.000000
vn 0.999845 -0.017591 0.000000
vn 0.999845 -0.017591 0.000000
vn 0.999845 -0.017591 0.000001
vn 0.999845 -0.017591 0.000001
vn 0.999845 -0.017585 0.000001
vn 0.999845 -0.017585 0.000000
vn 0.999845 -0.017585 0.000001
vn 0.999845 -0.017585 0.000000
vn -0.999844 -0.017690 0.000000
vn -0.999844 -0.017690 0.000000
vn -0.999844 -0.017690 0.000000
vn -0.999844 -0.017690 0.000000
vn 0.999817 -0.019111 0.000000
vn 0.999781 -0.020914 0.000000
vn 0.999817 -0.019111 0.000000
vn 0.999781 -0.020930 0.000000
vn -0.999782 -0.020870 0.000000
vn -0.999783 -0.020854 0.000000
vn -0.999819 -0.019051 0.000000
vn -0.999819 -0.019051 0.000000
vn -0.999937 -0.011264 0.000000
vn -0.999937 -0.011264 0.000000
vn -0.999937 -0.011264 0.000000
vn -0.999937 -0.011264 0.000000
vn 0.999937 -0.011239 0.000000
vn 0.999937 -0.011239 0.000000
vn 0.999937 -0.011239 0.000000
vn 0.999937 -0.011239 0.000000
vn 0.999842 -0.017760 0.000000
vn 0.999842 -0.017760 0.000000
vn 0.999842 -0.017760 0.000000
vn 0.999842 -0.017760 0.000000
vn -0.999843 -0.017730 0.000000
vn -0.999843 -0.017730 0.000000
vn -0.999843 -0.017730 0.000000
vn -0.999843 -0.017730 0.000000
vn -0.000472 0.006239 0.999980
vn -0.000000 0.009100 0.999959
vn -0.000002 0.004779 0.999989
vn 0.000047 0.004784 0.999989
vn -0.000049 0.004784 0.999989
vn 0.000473 0.006239 -0.999980
vn 0.000000 0.004779 -0.999989
vn -0.000046 0.004784 -0.999989
vn 0.000046 0.004784 -0.999989
vn -0.937032 -0.349242 -0.000012
vn -0.937033 -0.349242 0.000000
vn -0.431230 -0.902242 0.000000
vn -0.431230 -0.902242 0.000000
vn -0.431230 -0.902242 0.000000
vn -0.431230 -0.902242 0.000000
vn 0.428645 -0.903473 0.000000
vn 0.428645 -0.903473 -0.000015
vn 0.428645 -0.903473 -0.000010
vn 0.428645 -0.903473 -0.000024
vn 0.937598 -0.347720 0.000000
vn 0.937599 -0.347720 0.000000
vn 0.937243 -0.348677 0.000014
vn 0.937243 -0.348677 0.000000
vn 0.429871 -0.902890 0.000000
vn 0.429871 -0.902890 0.000000
vn 0.429871 -0.902891 0.000000
vn 0.429871 -0.902891 0.000000
vn -0.430517 -0.902583 0.000000
vn -0.430517 -0.902583 0.000000
vn -0.430517 -0.902583 0.000000
vn -0.430517 -0.902583 0.000000
vn -0.937187 -0.348827 0.000000
vn -0.937187 -0.348827 0.000000
vn 0.000001 0.000727 1.000000
vn 0.000001 0.000727 1.000000
vn -0.000001 0.000727 1.000000
vn -0.000001 0.000727 -1.000000
vn -0.000000 0.000727 -1.000000
vn 0.000001 0.000727 -1.000000
vn -0.003063 0.005356 0.999981
vn -0.000014 0.007422 0.999972
vn 0.000000 0.009100 0.999959
vn -0.000000 0.009100 0.999959
vn 0.000014 0.007422 0.999972
vn 0.003061 0.005363 0.999981
vn -0.002721 0.006686 0.999974
vn -0.000021 0.007375 0.999973
vn 0.000021 0.007374 0.999973
vn 0.002745 0.006692 0.999974
vn 0.003065 0.005360 -0.999981
vn 0.000014 0.007422 -0.999973
vn -0.000000 0.009100 -0.999959
vn 0.000000 0.009100 -0.999959
vn -0.000014 0.007422 -0.999972
vn -0.003068 0.005362 -0.999981
vn 0.002740 0.006691 -0.999974
vn 0.000021 0.007375 -0.999973
vn -0.000021 0.007376 -0.999973
vn -0.002737 0.006694 -0.999974
vn -0.028895 -0.582152 -0.812566
vn -0.064953 -0.627141 -0.776193
vn -0.099384 -0.610443 -0.785800
vn -0.049326 -0.528841 -0.847287
vn -0.109070 -0.718374 -0.687053
vn -0.175655 -0.706381 -0.685691
vn -0.165111 -0.860260 -0.482381
vn -0.242930 -0.726860 -0.642386
vn -0.212806 -0.946369 -0.243102
vn -0.332051 -0.863629 -0.379325
vn 0.212806 -0.946369 -0.243105
vn 0.165111 -0.860260 -0.482381
vn 0.242930 -0.726860 -0.642386
vn 0.332051 -0.863629 -0.379325
vn 0.109071 -0.718374 -0.687053
vn 0.175655 -0.706381 -0.685690
vn 0.064953 -0.627141 -0.776193
vn 0.099384 -0.610443 -0.785800
vn 0.028895 -0.582151 -0.812567
vn 0.049325 -0.528840 -0.847287
vn 0.000000 -0.571048 -0.820916
vn 0.000000 -0.500092 -0.865973
vn -0.363858 -0.779118 -0.510473
vn -0.214830 -0.574927 -0.789498
vn -0.430697 -0.756586 -0.492015
vn 0.363858 -0.779118 -0.510474
vn 0.430696 -0.756586 -0.492016
vn 0.214830 -0.574927 -0.789498
vn -0.505889 -0.640386 -0.577911
vn -0.477507 -0.688789 -0.545488
vn 0.477505 -0.688788 -0.545490
vn 0.505888 -0.640385 -0.577914
vn -0.521577 -0.610690 -0.595831
vn -0.521577 -0.610690 -0.595831
vn 0.521575 -0.610689 -0.595834
vn 0.521575 -0.610689 -0.595834
vn -0.521577 0.610691 -0.595831
vn -0.521577 0.610691 -0.595831
vn -0.505890 0.640387 -0.577911
vn -0.477506 0.688789 -0.545488
vn 0.521577 0.610690 -0.595831
vn 0.521577 0.610690 -0.595831
vn 0.477506 0.688789 -0.545489
vn 0.505889 0.640386 -0.577911
vn -0.430697 0.756584 -0.492017
vn -0.363861 0.779111 -0.510482
vn 0.363861 0.779111 -0.510482
vn 0.430697 0.756584 -0.492017
vn -0.214831 0.574915 -0.789506
vn -0.242931 0.726855 -0.642391
vn -0.175653 0.706387 -0.685685
vn -0.332056 0.863624 -0.379331
vn 0.242930 0.726853 -0.642394
vn 0.332057 0.863623 -0.379333
vn 0.214831 0.574915 -0.789507
vn 0.175653 0.706387 -0.685685
vn -0.049325 0.528859 -0.847275
vn -0.099382 0.610459 -0.785788
vn -0.064953 0.627151 -0.776185
vn -0.028895 0.582165 -0.812557
vn -0.109069 0.718387 -0.687040
vn -0.165107 0.860268 -0.482369
vn -0.212799 0.946375 -0.243087
vn 0.165107 0.860266 -0.482371
vn 0.212798 0.946371 -0.243101
vn 0.109070 0.718387 -0.687040
vn 0.099383 0.610464 -0.785784
vn 0.064952 0.627151 -0.776185
vn 0.049325 0.528859 -0.847275
vn 0.028895 0.582165 -0.812557
vn 0.000000 0.500111 -0.865961
vn 0.000000 0.571061 -0.820908
vn -0.000000 -0.885763 -0.464139
vn -0.000000 0.885733 -0.464194
vn -0.026882 -0.629310 -0.776689
vn -0.062337 -0.688237 -0.722803
vn -0.036761 -0.389911 -0.920119
vn -0.083441 -0.443501 -0.892381
vn -0.101048 -0.791498 -0.602760
vn -0.146474 -0.556310 -0.817964
vn -0.145090 -0.906106 -0.397392
vn -0.240850 -0.755763 -0.608945
vn -0.194016 -0.955633 -0.221636
vn -0.323425 -0.871140 -0.369475
vn 0.193048 -0.956085 -0.220532
vn 0.145375 -0.909695 -0.389000
vn 0.323378 -0.871181 -0.369419
vn 0.242750 -0.762587 -0.599611
vn 0.101617 -0.801370 -0.589474
vn 0.149456 -0.568222 -0.809189
vn 0.064252 -0.714768 -0.696403
vn 0.087514 -0.458089 -0.884588
vn 0.031845 -0.661071 -0.749647
vn 0.041958 -0.402753 -0.914347
vn 0.003627 -0.628833 -0.777532
vn 0.003025 -0.379031 -0.925379
vn -0.040364 -0.266728 -0.962926
vn -0.091297 -0.307203 -0.947255
vn -0.165611 -0.400605 -0.901160
vn -0.300379 -0.607296 -0.735503
vn -0.426142 -0.762507 -0.486812
vn 0.426248 -0.762368 -0.486937
vn 0.304328 -0.615631 -0.726899
vn 0.169796 -0.409772 -0.896246
vn 0.095479 -0.315352 -0.944160
vn 0.044695 -0.272359 -0.961157
vn 0.002164 -0.257554 -0.966262
vn -0.042249 -0.192896 -0.980309
vn -0.095096 -0.223406 -0.970076
vn -0.175209 -0.296931 -0.938687
vn -0.337098 -0.480338 -0.809716
vn -0.503390 -0.644909 -0.575057
vn 0.503500 -0.644710 -0.575184
vn 0.342447 -0.488003 -0.802859
vn 0.179494 -0.303074 -0.935910
vn 0.098775 -0.227982 -0.968642
vn 0.045555 -0.195413 -0.979662
vn 0.001580 -0.185174 -0.982705
vn -0.043336 -0.142305 -0.988874
vn -0.097338 -0.165566 -0.981383
vn -0.180739 -0.222322 -0.958074
vn -0.360632 -0.374361 -0.854282
vn -0.559646 -0.527318 -0.639321
vn 0.559728 -0.527113 -0.639419
vn 0.366363 -0.380214 -0.849244
vn 0.184599 -0.226186 -0.956433
vn 0.100301 -0.168053 -0.980662
vn 0.045825 -0.143522 -0.988586
vn 0.001169 -0.136146 -0.990688
vn -0.044030 -0.104271 -0.993574
vn -0.098767 -0.121716 -0.987639
vn -0.184250 -0.164514 -0.969013
vn -0.376262 -0.284218 -0.881843
vn -0.599654 -0.413707 -0.685026
vn 0.599713 -0.413519 -0.685089
vn 0.381558 -0.288090 -0.878304
vn 0.187432 -0.166764 -0.968018
vn 0.101034 -0.123025 -0.987247
vn 0.045871 -0.104875 -0.993427
vn 0.000858 -0.099553 -0.995032
vn -0.044512 -0.073496 -0.996302
vn -0.099725 -0.085989 -0.991293
vn -0.186597 -0.116748 -0.975475
vn -0.386793 -0.205085 -0.899072
vn -0.627273 -0.305038 -0.716575
vn 0.627309 -0.304861 -0.716619
vn 0.391118 -0.207271 -0.896697
vn 0.189000 -0.117914 -0.974872
vn 0.101359 -0.086627 -0.991071
vn 0.045816 -0.073781 -0.996221
vn 0.000605 -0.070076 -0.997542
vn -0.044869 -0.047014 -0.997886
vn -0.100391 -0.055093 -0.993422
vn -0.188185 -0.075029 -0.979264
vn -0.393756 -0.133205 -0.909512
vn -0.645255 -0.200753 -0.737119
vn 0.645278 -0.200585 -0.737145
vn 0.396787 -0.134154 -0.908054
vn 0.189784 -0.075512 -0.978918
vn 0.101449 -0.055349 -0.993300
vn 0.045705 -0.047127 -0.997843
vn 0.000387 -0.044782 -0.998997
vn -0.045147 -0.022960 -0.998717
vn -0.100859 -0.026935 -0.994536
vn -0.189226 -0.036754 -0.981246
vn -0.397982 -0.065652 -0.915041
vn -0.655389 -0.099607 -0.748695
vn 0.655399 -0.099446 -0.748707
vn 0.399538 -0.065858 -0.914348
vn 0.190023 -0.036864 -0.981087
vn 0.101379 -0.026995 -0.994482
vn 0.045556 -0.022986 -0.998697
vn 0.000189 -0.021854 -0.999761
vn -0.045372 -0.000000 -0.998970
vn -0.101182 -0.000001 -0.994868
vn -0.189827 -0.000005 -0.981818
vn -0.399877 -0.000021 -0.916569
vn -0.658666 -0.000080 -0.752435
vn 0.658664 0.000080 -0.752437
vn 0.399877 0.000021 -0.916569
vn 0.189827 0.000005 -0.981818
vn 0.101182 0.000001 -0.994868
vn 0.045372 0.000000 -0.998970
vn 0.000000 0.000000 -1.000000
vn -0.045556 0.022986 -0.998697
vn -0.101379 0.026994 -0.994482
vn -0.190023 0.036864 -0.981087
vn -0.399538 0.065858 -0.914348
vn -0.655399 0.099445 -0.748708
vn 0.655388 0.099608 -0.748695
vn 0.397982 0.065652 -0.915041
vn 0.189226 0.036755 -0.981245
vn 0.100859 0.026935 -0.994536
vn 0.045147 0.022960 -0.998717
vn -0.000189 0.021854 -0.999761
vn -0.045705 0.047126 -0.997843
vn -0.101449 0.055349 -0.993300
vn -0.189784 0.075512 -0.978918
vn -0.396787 0.134154 -0.908054
vn -0.645278 0.200586 -0.737144
vn 0.645255 0.200752 -0.737119
vn 0.393756 0.133204 -0.909512
vn 0.188185 0.075028 -0.979264
vn 0.100390 0.055093 -0.993422
vn 0.044869 0.047014 -0.997886
vn -0.000387 0.044782 -0.998997
vn -0.045815 0.073781 -0.996222
vn -0.101360 0.086626 -0.991071
vn -0.189000 0.117913 -0.974872
vn -0.391118 0.207270 -0.896697
vn -0.627311 0.304859 -0.716618
vn 0.627273 0.305035 -0.716577
vn 0.386793 0.205084 -0.899073
vn 0.186597 0.116747 -0.975475
vn 0.099725 0.085988 -0.991293
vn 0.044512 0.073496 -0.996302
vn -0.000605 0.070075 -0.997542
vn -0.045870 0.104876 -0.993427
vn -0.101034 0.123026 -0.987247
vn -0.187432 0.166766 -0.968018
vn -0.381557 0.288092 -0.878304
vn -0.599710 0.413519 -0.685091
vn 0.599655 0.413709 -0.685025
vn 0.376261 0.284219 -0.881843
vn 0.184250 0.164515 -0.969013
vn 0.098767 0.121716 -0.987639
vn 0.044030 0.104272 -0.993574
vn -0.000858 0.099554 -0.995032
vn -0.045825 0.143524 -0.988585
vn -0.100302 0.168054 -0.980662
vn -0.184599 0.226188 -0.956432
vn -0.366362 0.380217 -0.849243
vn -0.559728 0.527120 -0.639413
vn 0.559644 0.527320 -0.639322
vn 0.360631 0.374362 -0.854282
vn 0.180739 0.222323 -0.958074
vn 0.097337 0.165567 -0.981383
vn 0.043336 0.142306 -0.988874
vn -0.001169 0.136147 -0.990688
vn -0.045554 0.195413 -0.979663
vn -0.098775 0.227981 -0.968643
vn -0.179495 0.303075 -0.935910
vn -0.342447 0.488004 -0.802859
vn -0.503501 0.644710 -0.575183
vn 0.503390 0.644909 -0.575057
vn 0.337098 0.480338 -0.809716
vn 0.175209 0.296931 -0.938687
vn 0.095096 0.223406 -0.970076
vn 0.042249 0.192896 -0.980309
vn -0.001580 0.185174 -0.982705
vn -0.044695 0.272356 -0.961158
vn -0.095479 0.315350 -0.944160
vn -0.169797 0.409770 -0.896247
vn -0.304330 0.615628 -0.726902
vn -0.426253 0.762366 -0.486937
vn 0.426143 0.762507 -0.486811
vn 0.300380 0.607292 -0.735506
vn 0.165612 0.400602 -0.901161
vn 0.091297 0.307200 -0.947256
vn 0.040364 0.266725 -0.962927
vn -0.002163 0.257552 -0.966262
vn -0.041959 0.402752 -0.914347
vn -0.087513 0.458088 -0.884589
vn -0.149456 0.568221 -0.809190
vn -0.242751 0.762585 -0.599614
vn -0.323383 0.871178 -0.369422
vn 0.323431 0.871134 -0.369483
vn 0.240849 0.755757 -0.608952
vn 0.146475 0.556308 -0.817965
vn 0.083440 0.443499 -0.892383
vn 0.036760 0.389908 -0.920120
vn -0.003025 0.379030 -0.925379
vn -0.031846 0.661079 -0.749641
vn -0.064254 0.714768 -0.696404
vn -0.101618 0.801384 -0.589456
vn -0.145374 0.909699 -0.388991
vn -0.193042 0.956085 -0.220538
vn 0.194013 0.955632 -0.221645
vn 0.145090 0.906107 -0.397390
vn 0.101049 0.791500 -0.602757
vn 0.062337 0.688238 -0.722802
vn 0.026883 0.629317 -0.776683
vn -0.003627 0.628836 -0.777530
vn -0.000000 -0.885763 -0.464139
vn -0.000000 0.885733 -0.464194
vn 0.026882 -0.629310 0.776689
vn 0.062337 -0.688237 0.722803
vn 0.036760 -0.389911 0.920119
vn 0.083441 -0.443501 0.892381
vn 0.101049 -0.791498 0.602760
vn 0.146475 -0.556310 0.817964
vn 0.145090 -0.906106 0.397392
vn 0.240850 -0.755763 0.608944
vn 0.194018 -0.955633 0.221636
vn 0.323427 -0.871140 0.369473
vn -0.193045 -0.956085 0.220532
vn -0.145373 -0.909695 0.389000
vn -0.323378 -0.871181 0.369419
vn -0.242750 -0.762587 0.599611
vn -0.101617 -0.801370 0.589474
vn -0.149457 -0.568222 0.809189
vn -0.064253 -0.714768 0.696404
vn -0.087513 -0.458090 0.884588
vn -0.031845 -0.661072 0.749647
vn -0.041958 -0.402753 0.914347
vn -0.003626 -0.628833 0.777532
vn -0.003025 -0.379031 0.925379
vn 0.040364 -0.266728 0.962926
vn 0.091297 -0.307203 0.947255
vn 0.165611 -0.400605 0.901160
vn 0.300380 -0.607296 0.735503
vn 0.426144 -0.762507 0.486811
vn -0.426248 -0.762368 0.486937
vn -0.304327 -0.615632 0.726900
vn -0.169795 -0.409772 0.896246
vn -0.095478 -0.315352 0.944160
vn -0.044696 -0.272359 0.961157
vn -0.002164 -0.257554 0.966262
vn 0.042249 -0.192896 0.980309
vn 0.095096 -0.223406 0.970076
vn 0.175209 -0.296931 0.938687
vn 0.337098 -0.480338 0.809716
vn 0.503391 -0.644909 0.575056
vn -0.503501 -0.644710 0.575184
vn -0.342447 -0.488003 0.802859
vn -0.179495 -0.303074 0.935910
vn -0.098776 -0.227982 0.968642
vn -0.045555 -0.195414 0.979662
vn -0.001580 -0.185174 0.982705
vn 0.043336 -0.142305 0.988874
vn 0.097338 -0.165566 0.981383
vn 0.180739 -0.222322 0.958074
vn 0.360632 -0.374361 0.854282
vn 0.559647 -0.527318 0.639321
vn -0.559729 -0.527113 0.639418
vn -0.366363 -0.380214 0.849244
vn -0.184599 -0.226186 0.956433
vn -0.100302 -0.168053 0.980662
vn -0.045825 -0.143523 0.988586
vn -0.001169 -0.136146 0.990688
vn 0.044030 -0.104271 0.993574
vn 0.098767 -0.121716 0.987639
vn 0.184250 -0.164514 0.969013
vn 0.376262 -0.284218 0.881843
vn 0.599655 -0.413708 0.685025
vn -0.599713 -0.413519 0.685089
vn -0.381558 -0.288091 0.878304
vn -0.187432 -0.166764 0.968018
vn -0.101034 -0.123025 0.987247
vn -0.045871 -0.104875 0.993427
vn -0.000858 -0.099553 0.995032
vn 0.044512 -0.073496 0.996302
vn 0.099725 -0.085989 0.991293
vn 0.186597 -0.116748 0.975475
vn 0.386793 -0.205086 0.899072
vn 0.627274 -0.305038 0.716574
vn -0.627311 -0.304862 0.716617
vn -0.391118 -0.207270 0.896697
vn -0.188999 -0.117914 0.974872
vn -0.101360 -0.086627 0.991071
vn -0.045816 -0.073781 0.996221
vn -0.000605 -0.070076 0.997542
vn 0.044869 -0.047014 0.997886
vn 0.100391 -0.055093 0.993422
vn 0.188185 -0.075029 0.979264
vn 0.393756 -0.133205 0.909512
vn 0.645256 -0.200753 0.737119
vn -0.645278 -0.200585 0.737144
vn -0.396787 -0.134154 0.908055
vn -0.189784 -0.075512 0.978918
vn -0.101449 -0.055349 0.993300
vn -0.045705 -0.047127 0.997843
vn -0.000387 -0.044782 0.998997
vn 0.045147 -0.022960 0.998716
vn 0.100859 -0.026936 0.994536
vn 0.189226 -0.036754 0.981246
vn 0.397983 -0.065652 0.915041
vn 0.655389 -0.099607 0.748695
vn -0.655400 -0.099446 0.748707
vn -0.399538 -0.065858 0.914348
vn -0.190023 -0.036864 0.981087
vn -0.101379 -0.026995 0.994482
vn -0.045556 -0.022986 0.998697
vn -0.000189 -0.021854 0.999761
vn 0.045372 -0.000000 0.998970
vn 0.101182 -0.000001 0.994868
vn 0.189827 -0.000005 0.981818
vn 0.399877 -0.000021 0.916569
vn 0.658666 -0.000080 0.752436
vn -0.658663 0.000080 0.752438
vn -0.399877 0.000021 0.916569
vn -0.189827 0.000005 0.981818
vn -0.101182 0.000001 0.994868
vn -0.045372 0.000000 0.998970
vn -0.000000 0.000000 1.000000
vn 0.045556 0.022986 0.998697
vn 0.101379 0.026995 0.994482
vn 0.190023 0.036864 0.981087
vn 0.399538 0.065858 0.914348
vn 0.655399 0.099445 0.748707
vn -0.655388 0.099608 0.748695
vn -0.397982 0.065652 0.915041
vn -0.189226 0.036755 0.981246
vn -0.100859 0.026935 0.994536
vn -0.045148 0.022960 0.998717
vn 0.000189 0.021854 0.999761
vn 0.045705 0.047126 0.997843
vn 0.101449 0.055349 0.993300
vn 0.189784 0.075512 0.978918
vn 0.396787 0.134154 0.908054
vn 0.645278 0.200586 0.737144
vn -0.645256 0.200752 0.737119
vn -0.393757 0.133204 0.909512
vn -0.188185 0.075028 0.979264
vn -0.100391 0.055093 0.993422
vn -0.044869 0.047014 0.997886
vn 0.000387 0.044782 0.998997
vn 0.045815 0.073781 0.996222
vn 0.101359 0.086626 0.991071
vn 0.189000 0.117913 0.974872
vn 0.391118 0.207270 0.896697
vn 0.627311 0.304859 0.716618
vn -0.627274 0.305035 0.716576
vn -0.386793 0.205084 0.899073
vn -0.186597 0.116747 0.975475
vn -0.099725 0.085988 0.991293
vn -0.044512 0.073496 0.996302
vn 0.000605 0.070075 0.997542
vn 0.045870 0.104876 0.993427
vn 0.101034 0.123026 0.987247
vn 0.187432 0.166766 0.968018
vn 0.381557 0.288093 0.878303
vn 0.599711 0.413520 0.685090
vn -0.599655 0.413709 0.685024
vn -0.376261 0.284219 0.881843
vn -0.184250 0.164515 0.969013
vn -0.098767 0.121716 0.987639
vn -0.044030 0.104272 0.993574
vn 0.000858 0.099554 0.995032
vn 0.045824 0.143524 0.988585
vn 0.100302 0.168054 0.980662
vn 0.184599 0.226188 0.956432
vn 0.366363 0.380217 0.849243
vn 0.559729 0.527119 0.639414
vn -0.559644 0.527320 0.639322
vn -0.360631 0.374362 0.854282
vn -0.180739 0.222323 0.958074
vn -0.097338 0.165567 0.981383
vn -0.043336 0.142307 0.988874
vn 0.001170 0.136147 0.990688
vn 0.045555 0.195413 0.979663
vn 0.098775 0.227981 0.968642
vn 0.179495 0.303074 0.935910
vn 0.342447 0.488004 0.802859
vn 0.503502 0.644710 0.575183
vn -0.503391 0.644909 0.575056
vn -0.337098 0.480338 0.809716
vn -0.175208 0.296931 0.938687
vn -0.095096 0.223407 0.970075
vn -0.042249 0.192897 0.980309
vn 0.001580 0.185174 0.982705
vn 0.044695 0.272357 0.961158
vn 0.095479 0.315349 0.944160
vn 0.169797 0.409770 0.896246
vn 0.304329 0.615628 0.726901
vn 0.426253 0.762366 0.486937
vn -0.426145 0.762507 0.486810
vn -0.300381 0.607291 0.735505
vn -0.165612 0.400602 0.901161
vn -0.091297 0.307200 0.947256
vn -0.040364 0.266725 0.962927
vn 0.002163 0.257552 0.966262
vn 0.041958 0.402752 0.914347
vn 0.087513 0.458088 0.884589
vn 0.149456 0.568221 0.809190
vn 0.242750 0.762585 0.599614
vn 0.323382 0.871179 0.369421
vn -0.323432 0.871134 0.369483
vn -0.240849 0.755757 0.608952
vn -0.146475 0.556308 0.817965
vn -0.083441 0.443499 0.892383
vn -0.036760 0.389908 0.920120
vn 0.003025 0.379030 0.925380
vn 0.031846 0.661079 0.749640
vn 0.064253 0.714768 0.696404
vn 0.101618 0.801384 0.589456
vn 0.145374 0.909699 0.388991
vn 0.193042 0.956085 0.220538
vn -0.194011 0.955632 0.221645
vn -0.145089 0.906107 0.397390
vn -0.101049 0.791500 0.602757
vn -0.062338 0.688238 0.722802
vn -0.026882 0.629318 0.776683
vn 0.003627 0.628836 0.777530
vn 0.000000 -0.885763 0.464138
vn 0.000000 0.885734 0.464194
vn 0.743157 0.666985 0.053375
vn 0.998973 0.009515 0.044298
vn 0.744895 0.665010 -0.053781
vn 0.999128 -0.011331 -0.040182
vn 0.702260 -0.710180 0.049747
vn 0.702277 -0.709984 -0.052247
vn 0.117805 -0.020374 0.992828
vn 0.549520 0.494867 0.673152
vn -0.008531 0.117427 0.993045
vn 0.440460 0.560502 0.701308
vn 0.607154 0.792848 0.052499
vn 0.539518 0.483718 -0.689157
vn 0.431920 0.555903 -0.710223
vn 0.607019 0.792928 -0.052853
vn 0.116872 -0.021120 -0.992922
vn -0.008855 0.117034 -0.993088
vn -0.419414 0.564411 0.711008
vn -0.407620 0.573018 0.710983
vn -0.015986 0.094010 0.995443
vn -0.631490 0.773565 0.053075
vn -0.613674 0.788112 0.047787
vn 0.004102 0.999448 0.032977
vn -0.633062 0.772476 -0.050148
vn -0.005338 0.999514 -0.030712
vn -0.583920 0.810125 0.052307
vn 0.016623 0.999401 0.030370
vn -0.583954 0.810132 -0.051813
vn 0.005252 0.999442 -0.032996
vn 0.635580 0.770398 0.050256
vn 0.633989 0.771510 -0.053207
vn -0.415562 0.566221 0.711830
vn -0.537565 0.484154 0.690376
vn 0.017211 0.124762 0.992037
vn -0.124794 -0.027942 0.991789
vn -0.742366 0.667856 0.053483
vn -0.424361 0.573159 -0.701004
vn -0.740962 0.669432 -0.053255
vn -0.546395 0.494558 -0.675917
vn 0.016904 0.125311 -0.991973
vn -0.125604 -0.027215 -0.991707
vn -0.540764 -0.476345 0.693303
vn -0.093867 -0.041075 0.994737
vn -0.486233 -0.525603 0.698082
vn -0.721478 -0.690449 0.052435
vn -0.645865 -0.762017 0.046780
vn -0.999124 0.011708 0.040172
vn -0.998591 0.029928 -0.043817
vn -0.721420 -0.690696 -0.049920
vn -0.000001 0.022414 0.999749
vn 0.000019 0.691662 0.722221
vn -0.182799 0.033443 0.982581
vn -0.111276 0.701764 0.703665
vn 0.001013 0.999956 0.009380
vn 0.030797 0.999483 0.009248
vn 0.000010 -0.702470 0.711713
vn 0.168598 -0.689710 0.704184
vn 0.000000 -0.023036 0.999735
vn 0.182286 -0.014420 0.983140
vn 0.001742 -0.999958 0.009034
vn 0.058916 -0.998220 0.009244
vn -0.144136 -0.008119 0.989525
vn -0.371124 -0.628139 0.683892
vn -0.166186 -0.002253 0.986092
vn -0.327369 -0.650267 0.685553
vn -0.404064 -0.914506 0.020289
vn -0.309307 -0.950837 0.015431
vn -0.111773 0.070855 0.991205
vn 0.111303 0.696751 0.708625
vn -0.071722 0.088930 0.993452
vn 0.203203 0.675711 0.708607
vn 0.275485 0.961131 0.018330
vn 0.379432 0.924867 0.025549
vn -0.113806 0.691467 0.713387
vn 0.008611 0.709531 0.704622
vn 0.110558 0.064077 0.991802
vn 0.154351 0.054997 0.986484
vn -0.281583 0.959299 0.021354
vn -0.141554 0.989800 0.016057
vn 0.372099 -0.633961 0.677965
vn 0.391135 -0.604092 0.694324
vn 0.145280 -0.014647 0.989282
vn 0.119634 -0.017560 0.992663
vn 0.403003 -0.915031 0.017505
vn 0.461330 -0.886883 0.024779
vn -0.295929 0.633050 0.715313
vn -0.202809 0.674314 0.710048
vn 0.033022 0.099910 0.994448
vn 0.073588 0.085119 0.993650
vn -0.490308 0.870648 0.039629
vn -0.380853 0.924199 0.028417
vn 0.437866 -0.573131 0.692672
vn 0.481057 -0.528157 0.699739
vn 0.113790 -0.030278 0.993043
vn 0.091138 -0.038769 0.995083
vn 0.544416 -0.838112 0.034352
vn 0.640108 -0.766983 0.044711
vn 0.547377 -0.836019 -0.038079
vn 0.437825 -0.573142 -0.692688
vn 0.640284 -0.766707 -0.046865
vn 0.481058 -0.528157 -0.699738
vn 0.113788 -0.030296 -0.993043
vn 0.091166 -0.038803 -0.995079
vn -0.486031 0.873218 -0.035564
vn -0.295900 0.633055 -0.715321
vn -0.380565 0.924402 -0.025517
vn -0.202806 0.674306 -0.710057
vn 0.033025 0.099919 -0.994447
vn 0.073576 0.085148 -0.993648
vn 0.252675 -0.695337 0.672802
vn 0.328960 -0.654830 0.680428
vn 0.219358 -0.007118 0.975619
vn 0.167234 -0.005554 0.985902
vn 0.135418 -0.990743 0.009492
vn 0.308605 -0.951098 0.013234
vn 0.114500 0.717663 0.686913
vn 0.111180 0.702339 0.703106
vn 0.217797 0.046864 0.974868
vn 0.182755 0.033732 0.982580
vn -0.050947 0.998633 0.011720
vn -0.030556 0.999480 0.010329
vn -0.050029 0.998701 -0.009658
vn 0.114371 0.718576 -0.685979
vn -0.030764 0.999484 -0.009247
vn 0.111147 0.702338 -0.703113
vn 0.217816 0.046902 -0.974862
vn 0.182746 0.033731 -0.982581
vn 0.141138 -0.989922 -0.011569
vn 0.253003 -0.691227 -0.676901
vn 0.309906 -0.950645 -0.015236
vn 0.328846 -0.654848 -0.680466
vn 0.219364 -0.007089 -0.975617
vn 0.167236 -0.005597 -0.985901
vn -0.217366 0.046855 0.974965
vn -0.115706 0.718551 0.685782
vn -0.154021 0.060242 0.986229
vn -0.010024 0.707356 0.706786
vn 0.049257 0.998739 0.009692
vn 0.140081 0.990041 0.014003
vn -0.218528 -0.007674 0.975800
vn -0.251959 -0.699567 0.668673
vn -0.182287 -0.014604 0.983137
vn -0.168540 -0.689771 0.704139
vn -0.141530 -0.989870 0.011306
vn -0.059087 -0.998200 0.010317
vn -0.135832 -0.990686 -0.009501
vn -0.252285 -0.695512 -0.672767
vn -0.058896 -0.998221 -0.009252
vn -0.168608 -0.689771 -0.704122
vn -0.218516 -0.007638 -0.975804
vn -0.182276 -0.014614 -0.983139
vn -0.115440 0.719492 -0.684839
vn -0.010030 0.707355 -0.706787
vn 0.050130 0.998674 -0.011708
vn 0.140927 0.989888 -0.016190
vn -0.217352 0.046880 -0.974967
vn -0.154029 0.060213 -0.986230
vn -0.110441 -0.028847 0.993464
vn -0.433180 -0.575852 0.693361
vn -0.118278 -0.013181 0.992893
vn -0.391453 -0.602156 0.695825
vn -0.542090 -0.839458 0.038075
vn -0.463314 -0.885763 0.027648
vn -0.031944 0.100814 0.994392
vn 0.292480 0.638380 0.711988
vn 0.015304 0.094219 0.995434
vn 0.401372 0.574736 0.713147
vn 0.478270 0.877500 0.035371
vn 0.606616 0.793678 0.045747
vn 0.292424 0.638399 -0.711993
vn 0.401369 0.574731 -0.713153
vn 0.481867 0.875361 -0.039334
vn 0.606695 0.793480 -0.048059
vn -0.031959 0.100805 -0.994393
vn 0.015262 0.094165 -0.995440
vn -0.433184 -0.575868 -0.693345
vn -0.391453 -0.602156 -0.695825
vn -0.539466 -0.841305 -0.034388
vn -0.462408 -0.886316 -0.024953
vn -0.110432 -0.028835 -0.993465
vn -0.118261 -0.013147 -0.992896
vn -0.613649 0.788263 -0.045563
vn -0.016083 0.094135 -0.995430
vn -0.645585 -0.762391 -0.044507
vn -0.093869 -0.041090 -0.994736
vn -0.000959 0.999956 -0.009380
vn 0.030591 0.999479 -0.010329
vn 0.000000 -0.023037 -0.999735
vn -0.000002 0.022414 -0.999749
vn -0.182790 0.033470 -0.982582
vn -0.001688 -0.999958 -0.009034
vn 0.059115 -0.998198 -0.010319
vn 0.182276 -0.014443 -0.983141
vn 0.404580 -0.914283 -0.020028
vn 0.462145 -0.886377 -0.027518
vn 0.119711 -0.017713 -0.992651
vn 0.110547 0.064089 -0.991803
vn 0.145286 -0.014662 -0.989281
vn -0.278562 0.960239 -0.018560
vn -0.140706 0.989952 -0.014041
vn 0.154350 0.054977 -0.986486
vn -0.402499 -0.915249 -0.017692
vn -0.307992 -0.951296 -0.013286
vn -0.166181 -0.002287 -0.986093
vn -0.144148 -0.008094 -0.989523
vn -0.111768 0.070848 -0.991206
vn 0.278290 0.960265 -0.021127
vn 0.379902 0.924593 -0.028341
vn -0.071803 0.088737 -0.993464
vn -0.420129 0.563855 -0.711027
vn -0.407620 0.573018 -0.710983
vn -0.541908 -0.475244 -0.693166
vn -0.486854 -0.526463 -0.697001
vn 0.000019 -0.702462 -0.711721
vn 0.168669 -0.689703 -0.704174
vn 0.000016 0.691662 -0.722221
vn -0.111152 0.702235 -0.703215
vn 0.111353 0.696747 -0.708621
vn 0.203214 0.675736 -0.708579
vn -0.371222 -0.628129 -0.683848
vn -0.327718 -0.653672 -0.682139
vn 0.372135 -0.633959 -0.677946
vn 0.391128 -0.604076 -0.694343
vn -0.113822 0.691450 -0.713401
vn 0.009712 0.705793 -0.708351
vn 0.529863 -0.490282 0.692004
vn 0.528593 -0.491460 -0.692139
vn 0.421517 0.561405 0.712143
vn 0.420745 0.562030 -0.712107
vn 0.811444 0.035041 0.583379
vn 0.800643 0.004829 -0.599123
vn 0.016483 0.839304 0.543412
vn -0.001492 0.836296 -0.548276
vn 0.012653 0.835633 0.549143
vn -0.008516 0.839795 -0.542838
vn -0.801420 0.022979 0.597661
vn -0.810365 0.049902 -0.583797
vn -0.195428 -0.101501 -0.975451
vn -0.406651 -0.109670 -0.906977
vn -0.196722 -0.035156 -0.979829
vn -0.409659 -0.038428 -0.911429
vn -0.642284 -0.124084 -0.756356
vn -0.647719 -0.044119 -0.760601
vn -0.875786 -0.140947 -0.461663
vn -0.884054 -0.051215 -0.464570
vn -0.988727 -0.149727 -0.000770
vn -0.998486 -0.055009 -0.000888
vn -0.876248 -0.142531 0.460299
vn -0.884814 -0.051239 0.463118
vn -0.642986 -0.126779 0.755312
vn -0.648778 -0.044147 0.759696
vn -0.407475 -0.112562 0.906253
vn -0.410755 -0.038449 0.910935
vn -0.196327 -0.103408 0.975071
vn -0.197794 -0.035166 0.979613
vn -0.000463 -0.099634 0.995024
vn -0.000529 -0.034114 0.999418
vn 0.195429 -0.101501 0.975451
vn 0.196722 -0.035156 0.979829
vn 0.406652 -0.109670 0.906977
vn 0.409659 -0.038428 0.911429
vn 0.642284 -0.124084 0.756356
vn 0.647719 -0.044119 0.760601
vn 0.875786 -0.140947 0.461663
vn 0.884054 -0.051215 0.464571
vn 0.988727 -0.149727 0.000770
vn 0.998486 -0.055009 0.000888
vn 0.876248 -0.142531 -0.460299
vn 0.884814 -0.051239 -0.463118
vn 0.642986 -0.126779 -0.755312
vn 0.648778 -0.044147 -0.759696
vn 0.407475 -0.112562 -0.906253
vn 0.410754 -0.038449 -0.910935
vn 0.196327 -0.103408 -0.975071
vn 0.197794 -0.035166 -0.979613
vn 0.000464 -0.099634 -0.995024
vn 0.000530 -0.034114 -0.999418
vn 0.000015 -0.000972 -1.000000
vn -0.197744 -0.001003 -0.980253
vn -0.000221 0.014635 -0.999893
vn -0.197716 0.015086 -0.980143
vn 0.197773 -0.001001 -0.980247
vn 0.197268 0.015084 -0.980234
vn 0.411265 -0.001094 -0.911515
vn 0.410488 0.016491 -0.911717
vn 0.649814 -0.001256 -0.760092
vn 0.648868 0.018935 -0.760665
vn 0.886132 -0.001457 -0.463432
vn 0.885409 0.021976 -0.464293
vn 0.999999 -0.001565 0.000024
vn 0.999722 0.023595 -0.000374
vn 0.886111 -0.001461 0.463470
vn 0.885729 0.021980 0.463683
vn 0.649786 -0.001260 0.760116
vn 0.649313 0.018941 0.760286
vn 0.411236 -0.001097 0.911529
vn 0.410947 0.016495 0.911510
vn 0.197745 -0.001003 0.980253
vn 0.197717 0.015086 0.980143
vn -0.000014 -0.000972 1.000000
vn 0.000222 0.014635 0.999893
vn -0.197773 -0.001001 0.980247
vn -0.197268 0.015084 0.980234
vn -0.411265 -0.001094 0.911515
vn -0.410487 0.016491 0.911717
vn -0.649814 -0.001256 0.760092
vn -0.648868 0.018935 0.760666
vn -0.886132 -0.001457 0.463431
vn -0.885409 0.021975 0.464293
vn -0.999999 -0.001565 -0.000024
vn -0.999722 0.023595 0.000374
vn -0.886111 -0.001461 -0.463470
vn -0.885729 0.021980 -0.463682
vn -0.649786 -0.001260 -0.760116
vn -0.649313 0.018941 -0.760286
vn -0.411235 -0.001098 -0.911529
vn -0.410946 0.016495 -0.911510
vn 0.000403 -0.027350 -0.999626
vn -0.197228 -0.028189 -0.979952
vn 0.000233 -0.015297 -0.999883
vn -0.197228 -0.015767 -0.980231
vn 0.198042 -0.028195 -0.979788
vn 0.197700 -0.015769 -0.980136
vn 0.411383 -0.030830 -0.910941
vn 0.410903 -0.017242 -0.911516
vn 0.649687 -0.035389 -0.759378
vn 0.649251 -0.019798 -0.760316
vn 0.885603 -0.041031 -0.462628
vn 0.885681 -0.022977 -0.463725
vn 0.999031 -0.044014 0.000675
vn 0.999696 -0.024668 0.000391
vn 0.885025 -0.041018 0.463733
vn 0.885346 -0.022972 0.464365
vn 0.648882 -0.035374 0.760067
vn 0.648785 -0.019793 0.760715
vn 0.410551 -0.030818 0.911317
vn 0.410421 -0.017238 0.911733
vn 0.197229 -0.028189 0.979952
vn 0.197229 -0.015767 0.980231
vn -0.000402 -0.027350 0.999626
vn -0.000233 -0.015297 0.999883
vn -0.198042 -0.028195 0.979788
vn -0.197700 -0.015769 0.980136
vn -0.411383 -0.030830 0.910941
vn -0.410903 -0.017242 0.911516
vn -0.649686 -0.035389 0.759378
vn -0.649251 -0.019798 0.760317
vn -0.885602 -0.041031 0.462628
vn -0.885681 -0.022977 0.463725
vn -0.999031 -0.044014 -0.000675
vn -0.999696 -0.024668 -0.000391
vn -0.885025 -0.041018 -0.463733
vn -0.885346 -0.022972 -0.464364
vn -0.648882 -0.035374 -0.760066
vn -0.648784 -0.019793 -0.760715
vn -0.410551 -0.030818 -0.911317
vn -0.410421 -0.017238 -0.911733
vn 0.000058 -0.003570 -0.999994
vn -0.197033 -0.003681 -0.980390
vn 0.000662 -0.041579 -0.999135
vn -0.196274 -0.042846 -0.979613
vn 0.197150 -0.003678 -0.980367
vn 0.197614 -0.042859 -0.979343
vn 0.410006 -0.004019 -0.912074
vn 0.410249 -0.046853 -0.910769
vn 0.648235 -0.004616 -0.761426
vn 0.647991 -0.053803 -0.759745
vn 0.885228 -0.005367 -0.465127
vn 0.883994 -0.062490 -0.463304
vn 0.999983 -0.005773 0.000096
vn 0.997744 -0.067129 0.001113
vn 0.885145 -0.005374 0.465285
vn 0.883040 -0.062461 0.465123
vn 0.648120 -0.004625 0.761524
vn 0.646664 -0.053769 0.760877
vn 0.409887 -0.004026 0.912127
vn 0.408879 -0.046828 0.911387
vn 0.197034 -0.003681 0.980390
vn 0.196275 -0.042846 0.979613
vn -0.000058 -0.003570 0.999994
vn -0.000662 -0.041579 0.999135
vn -0.197150 -0.003678 0.980366
vn -0.197615 -0.042859 0.979343
vn -0.410006 -0.004019 0.912074
vn -0.410249 -0.046853 0.910769
vn -0.648235 -0.004616 0.761426
vn -0.647991 -0.053803 0.759745
vn -0.885228 -0.005367 0.465127
vn -0.883993 -0.062490 0.463304
vn -0.999983 -0.005773 -0.000096
vn -0.997744 -0.067129 -0.001113
vn -0.885145 -0.005374 -0.465284
vn -0.883040 -0.062461 -0.465123
vn -0.648120 -0.004625 -0.761524
vn -0.646664 -0.053769 -0.760877
vn -0.409887 -0.004026 -0.912127
vn -0.408878 -0.046828 -0.911387
vn 0.000830 -0.059410 -0.998233
vn -0.197449 -0.061236 -0.978399
vn 0.199128 -0.061267 -0.978056
vn 0.412947 -0.067032 -0.908285
vn 0.650894 -0.076968 -0.755256
vn 0.884439 -0.089168 -0.458057
vn 0.995423 -0.095552 0.001397
vn 0.883255 -0.089102 0.460350
vn 0.649237 -0.076889 0.756690
vn 0.411230 -0.066973 0.909068
vn 0.197450 -0.061236 0.978399
vn -0.000829 -0.059410 0.998233
vn -0.199129 -0.061267 0.978056
vn -0.412947 -0.067032 0.908285
vn -0.650894 -0.076968 0.755257
vn -0.884439 -0.089168 0.458057
vn -0.995423 -0.095552 -0.001397
vn -0.883254 -0.089102 -0.460351
vn -0.649237 -0.076890 -0.756690
vn -0.411230 -0.066973 -0.909068
vn 0.000000 -1.000000 -0.000001
vn 0.000000 -1.000000 -0.000005
vn 0.000000 -1.000000 0.000002
vn 0.000000 -1.000000 0.000000
vn 0.000000 -1.000000 -0.000002
vn 0.000000 -1.000000 0.000000
vn 0.000000 -1.000000 0.000000
vn 0.000000 -1.000000 0.000001
vn 0.000000 -1.000000 0.000000
vn 0.000000 -1.000000 0.000000
vn 0.000000 -1.000000 0.000001
vn 0.000000 -1.000000 -0.000003
vn 0.000000 -1.000000 -0.000001
vn 0.000000 -1.000000 0.000003
vn 0.000000 -1.000000 0.000000
vn 0.000000 -1.000000 0.000000
vn 0.000000 -1.000000 0.000000
vn 0.000000 -1.000000 0.000000
vn 0.000000 -1.000000 0.000002
vn 0.000000 -1.000000 0.000000
vn 0.000000 -1.000000 -0.000002
vn 0.000000 -1.000000 0.000000
vn 0.000000 -1.000000 -0.000002
vn 0.000000 -1.000000 0.000000
vn 0.000000 -1.000000 0.000000
vn 0.000000 -1.000000 0.000000
vn 0.000000 -1.000000 -0.000000
vn 0.000000 -1.000000 -0.000001
vn 0.000000 -1.000000 0.000001
vn 0.000000 -1.000000 0.000000
vn 0.000000 -1.000000 0.000001
vn 0.000000 -1.000000 -0.000003
vn 0.000000 -1.000000 -0.000002
vn 0.000000 -1.000000 0.000000
vn 0.000000 -1.000000 0.000002
vn 0.000000 -1.000000 0.000000
vn 0.000000 -1.000000 0.000000
vn 0.000000 -1.000000 0.000000
vn 0.000000 -1.000000 0.000002
vn 0.000000 -1.000000 0.000000
vn -0.410756 -0.002106 -0.911743
vn -0.197494 -0.001926 -0.980302
vn -0.410613 -0.002106 -0.911807
vn -0.197421 -0.001926 -0.980317
vn -0.649191 -0.002418 -0.760621
vn -0.649014 -0.002418 -0.760773
vn -0.885768 -0.002807 -0.464120
vn -0.885667 -0.002806 -0.464313
vn -0.999995 -0.003016 -0.000044
vn -0.999995 -0.003014 -0.000042
vn -0.885805 -0.002808 0.464049
vn -0.885704 -0.002809 0.464242
vn -0.649242 -0.002418 0.760579
vn -0.649064 -0.002419 0.760730
vn -0.410806 -0.002106 0.911720
vn -0.410663 -0.002106 0.911785
vn -0.197543 -0.001927 0.980292
vn -0.197470 -0.001927 0.980307
vn -0.000024 -0.001869 0.999998
vn -0.000024 -0.001869 0.999998
vn 0.197495 -0.001927 0.980302
vn 0.197422 -0.001927 0.980317
vn 0.410755 -0.002107 0.911743
vn 0.410612 -0.002107 0.911808
vn 0.649191 -0.002419 0.760621
vn 0.649014 -0.002418 0.760773
vn 0.885768 -0.002808 0.464121
vn 0.885666 -0.002808 0.464314
vn 0.999995 -0.003015 0.000043
vn 0.999995 -0.003015 0.000043
vn 0.885805 -0.002808 -0.464049
vn 0.885704 -0.002809 -0.464243
vn 0.649242 -0.002419 -0.760579
vn 0.649064 -0.002419 -0.760730
vn 0.410807 -0.002107 -0.911720
vn 0.410663 -0.002106 -0.911785
vn 0.197543 -0.001927 -0.980292
vn 0.197470 -0.001927 -0.980307
vn 0.000025 -0.001869 -0.999998
vn 0.000025 -0.001869 -0.999998
vn -0.309021 -0.950655 0.027582
vn -0.587669 -0.808631 0.027582
vn -0.308771 -0.950736 -0.027583
vn -0.587456 -0.808786 -0.027582
vn -0.808787 -0.587454 0.027582
vn -0.808632 -0.587667 -0.027582
vn -0.950736 -0.308774 0.027581
vn -0.950654 -0.309024 -0.027581
vn -0.999620 0.000132 0.027582
vn -0.999620 -0.000131 -0.027582
vn -0.950654 0.309024 0.027582
vn -0.950735 0.308774 -0.027582
vn -0.808632 0.587668 0.027582
vn -0.808786 0.587456 -0.027583
vn -0.587455 0.808787 0.027582
vn -0.587668 0.808632 -0.027582
vn -0.308773 0.950736 0.027582
vn -0.309023 0.950655 -0.027582
vn 0.000131 0.999620 0.027579
vn -0.000131 0.999620 -0.027579
vn 0.309023 0.950655 0.027582
vn 0.308773 0.950736 -0.027583
vn 0.587668 0.808632 0.027582
vn 0.587455 0.808786 -0.027582
vn 0.808786 0.587455 0.027582
vn 0.808632 0.587668 -0.027582
vn 0.950735 0.308774 0.027582
vn 0.950654 0.309024 -0.027582
vn 0.999620 -0.000131 0.027582
vn 0.999620 0.000131 -0.027582
vn 0.950654 -0.309023 0.027581
vn 0.950735 -0.308774 -0.027581
vn 0.808632 -0.587668 0.027582
vn 0.808786 -0.587456 -0.027582
vn 0.587454 -0.808788 0.027582
vn 0.587666 -0.808633 -0.027582
vn 0.308773 -0.950736 0.027583
vn 0.309023 -0.950654 -0.027582
vn -0.000127 -0.999620 0.027581
vn 0.000135 -0.999620 -0.027581
vn -0.021715 -0.029613 0.999326
vn -0.011502 -0.034874 0.999326
vn -0.000000 -0.000000 1.000000
vn -0.029803 -0.021453 0.999326
vn -0.034974 -0.011193 0.999326
vn -0.036721 0.000162 0.999326
vn -0.034874 0.011502 0.999326
vn -0.029613 0.021715 0.999326
vn -0.021453 0.029804 0.999326
vn -0.011193 0.034974 0.999326
vn 0.000162 0.036721 0.999326
vn 0.011502 0.034874 0.999326
vn 0.021715 0.029613 0.999326
vn 0.029803 0.021453 0.999326
vn 0.034974 0.011193 0.999326
vn 0.036721 -0.000162 0.999326
vn 0.034874 -0.011502 0.999326
vn 0.029613 -0.021715 0.999326
vn 0.021453 -0.029804 0.999326
vn 0.011193 -0.034974 0.999326
vn -0.000162 -0.036721 0.999326
vn -0.011193 -0.034974 -0.999326
vn -0.021453 -0.029804 -0.999326
vn 0.000000 0.000000 -1.000000
vn -0.029613 -0.021715 -0.999326
vn -0.034874 -0.011502 -0.999326
vn -0.036721 -0.000162 -0.999326
vn -0.034974 0.011193 -0.999326
vn -0.029803 0.021453 -0.999326
vn -0.021715 0.029613 -0.999326
vn -0.011502 0.034874 -0.999326
vn -0.000162 0.036721 -0.999326
vn 0.011193 0.034974 -0.999326
vn 0.021453 0.029804 -0.999326
vn 0.029613 0.021715 -0.999326
vn 0.034873 0.011502 -0.999326
vn 0.036721 0.000162 -0.999326
vn 0.034974 -0.011193 -0.999326
vn 0.029803 -0.021453 -0.999326
vn 0.021715 -0.029613 -0.999326
vn 0.011502 -0.034874 -0.999326
vn 0.000163 -0.036721 -0.999326
vn -0.243244 -0.742630 0.623966
vn -0.460827 -0.631121 0.623959
vn -0.633300 -0.457828 0.623958
vn -0.743779 -0.239721 0.623961
vn -0.781455 0.001853 0.623958
vn -0.742634 0.243245 0.623960
vn -0.631121 0.460826 0.623960
vn -0.457831 0.633302 0.623955
vn -0.239720 0.743780 0.623960
vn 0.001851 0.781462 0.623950
vn 0.243247 0.742632 0.623962
vn 0.460829 0.631124 0.623955
vn 0.633301 0.457827 0.623958
vn 0.743780 0.239720 0.623960
vn 0.781455 -0.001853 0.623959
vn 0.742634 -0.243246 0.623960
vn 0.631121 -0.460827 0.623959
vn 0.457830 -0.633303 0.623954
vn 0.239721 -0.743783 0.623956
vn -0.001849 -0.781461 0.623951
vn -0.239716 -0.743777 -0.623965
vn 0.001855 -0.781460 -0.623952
vn -0.457830 -0.633299 -0.623959
vn -0.631121 -0.460827 -0.623959
vn -0.742634 -0.243246 -0.623960
vn -0.781455 -0.001853 -0.623959
vn -0.743780 0.239720 -0.623960
vn -0.633300 0.457827 -0.623959
vn -0.460829 0.631124 -0.623955
vn -0.243247 0.742632 -0.623963
vn -0.001851 0.781462 -0.623950
vn 0.239720 0.743779 -0.623961
vn 0.457831 0.633301 -0.623955
vn 0.631122 0.460826 -0.623959
vn 0.742634 0.243245 -0.623960
vn 0.781456 0.001853 -0.623958
vn 0.743780 -0.239721 -0.623960
vn 0.633301 -0.457829 -0.623957
vn 0.460828 -0.631125 -0.623954
vn 0.243247 -0.742636 -0.623957
s 1
g pCube3
usemtl initialShadingGroup
f 1/757/1 67/758/2 33/759/3
f 33/759/3 67/758/2 68/760/4
f 105/787/5 106/784/6 72/789/7
s 3
f 78/833/8 79/832/9 36/826/10
f 36/826/10 79/832/9 7/830/11
s 1
f 15/837/12 39/838/13 2/839/14
f 2/839/14 39/838/13 40/841/15
f 33/759/3 34/761/16 1/757/1
f 1/757/1 34/761/16 14/765/17
s 3
f 9/831/18 35/824/19 7/830/11
f 7/830/11 35/824/19 36/826/10
f 37/907/20 38/904/21 8/911/22
f 8/911/22 38/904/21 12/910/23
f 102/812/24 103/805/25 74/802/26
s 8
f 120/917/27 121/918/28 123/919/29
f 123/919/29 121/918/28 122/921/30
s 3
f 103/805/25 104/786/31 74/802/26
f 74/802/26 104/786/31 73/797/32
s 9
f 132/935/33 133/936/34 135/937/35
f 135/937/35 133/936/34 134/938/36
s 8
f 124/924/37 125/922/38 123/919/29
f 123/919/29 125/922/38 120/917/27
s 9
f 134/938/36 136/940/39 135/937/35
f 135/937/35 136/940/39 137/943/40
s 1
f 105/787/5 72/789/7 104/786/41
f 104/786/41 72/789/7 73/797/42
f 13/780/43 27/775/44 3/778/45
f 3/778/45 27/775/44 28/773/46
s 3
f 25/814/47 26/804/48 5/811/49
f 5/811/49 26/804/48 10/799/50
f 5/811/49 75/819/51 25/814/47
f 25/814/47 75/819/51 76/821/52
f 11/878/53 31/884/54 6/889/55
f 6/889/55 31/884/54 32/894/56
s 1
f 29/849/57 30/852/58 4/857/59
f 4/857/59 30/852/58 16/861/60
f 70/771/61 71/777/62 28/773/46
f 28/773/46 71/777/62 3/778/45
s 3
f 20/820/63 19/818/64 25/814/47
f 25/814/47 19/818/64 26/804/48
s 8
f 126/927/65 128/926/66 130/923/67
f 130/923/67 128/926/66 129/920/68
f 131/925/69 127/928/70 130/923/67
f 130/923/67 127/928/70 126/927/65
s 1
f 27/775/44 18/768/71 28/773/46
f 28/773/46 18/768/71 17/764/72
f 69/763/73 70/771/61 17/764/72
f 17/764/72 70/771/61 28/773/46
f 24/843/74 23/845/75 29/849/57
f 29/849/57 23/845/75 30/852/58
s 9
f 138/945/76 140/946/77 142/941/78
f 142/941/78 140/946/77 141/942/79
f 143/939/80 139/944/81 142/941/78
f 142/941/78 139/944/81 138/945/76
s 3
f 31/884/54 22/897/82 32/894/56
f 32/894/56 22/897/82 21/901/83
f 25/814/47 76/821/52 20/820/63
f 20/820/63 76/821/52 77/827/84
s 1
f 18/768/71 34/761/16 17/764/72
f 17/764/72 34/761/16 33/759/3
s 8
f 125/922/38 131/925/69 120/917/27
f 120/917/27 131/925/69 130/923/67
f 130/923/67 129/920/68 120/917/27
f 120/917/27 129/920/68 121/918/28
s 3
f 36/826/10 35/824/19 20/820/63
f 20/820/63 35/824/19 19/818/64
f 20/820/63 77/827/84 36/826/10
f 36/826/10 77/827/84 78/833/8
f 22/897/82 38/904/21 21/901/83
f 21/901/83 38/904/21 37/907/20
s 9
f 133/936/34 143/939/80 134/938/36
f 134/938/36 143/939/80 142/941/78
f 142/941/78 141/942/79 134/938/36
f 134/938/36 141/942/79 136/940/39
s 1
f 40/841/15 39/838/13 24/843/74
f 24/843/74 39/838/13 23/845/75
f 68/760/4 69/763/73 33/759/3
f 33/759/3 69/763/73 17/764/72
f 59/847/85 60/844/86 40/841/15
f 40/841/15 60/844/86 2/839/14
f 59/847/85 40/841/15 58/846/87
f 58/846/87 40/841/15 24/843/74
f 58/846/87 24/843/74 57/850/88
f 57/850/88 24/843/74 29/849/57
f 57/850/88 29/849/57 56/858/89
f 56/858/89 29/849/57 4/857/59
f 55/871/90 99/864/91 107/863/92
f 54/879/93 55/871/90 109/867/94
f 109/867/94 55/871/90 108/868/95
s 3
f 54/879/96 109/867/97 66/886/98
f 66/886/98 109/867/97 110/883/99
f 111/888/100 96/896/101 66/886/98
f 64/902/102 65/898/103 32/894/56
f 32/894/56 65/898/103 6/889/55
f 63/908/104 64/902/102 21/901/83
f 21/901/83 64/902/102 32/894/56
f 62/913/105 63/908/104 37/907/20
f 37/907/20 63/908/104 21/901/83
f 62/913/105 37/907/20 61/912/106
f 61/912/106 37/907/20 8/911/22
s 1
f 47/892/107 112/885/108 113/890/109
f 99/864/91 100/865/110 56/858/89
f 56/858/89 100/865/110 45/859/111
f 44/854/112 57/850/88 45/859/111
f 45/859/111 57/850/88 56/858/89
f 43/853/113 58/846/87 44/854/112
f 44/854/112 58/846/87 57/850/88
f 42/851/114 59/847/85 43/853/113
f 43/853/113 59/847/85 58/846/87
f 41/855/115 60/844/86 42/851/114
f 42/851/114 60/844/86 59/847/85
s 3
f 53/916/116 52/915/117 61/912/106
f 61/912/106 52/915/117 62/913/105
f 52/915/117 51/914/118 62/913/105
f 62/913/105 51/914/118 63/908/104
f 51/914/118 50/909/119 63/908/104
f 63/908/104 50/909/119 64/902/102
f 50/909/119 49/905/120 64/902/102
f 64/902/102 49/905/120 65/898/103
f 97/903/121 48/899/122 96/896/101
f 96/896/101 48/899/122 66/886/98
f 114/891/123 115/895/124 47/892/125
s 1
f 68/760/4 67/758/2 42/762/114
f 42/762/114 67/758/2 41/766/115
f 69/763/73 68/760/4 43/767/113
f 43/767/113 68/760/4 42/762/114
f 70/771/61 69/763/73 44/770/112
f 44/770/112 69/763/73 43/767/113
f 71/777/62 70/771/61 45/776/111
f 45/776/111 70/771/61 44/770/112
f 101/782/126 71/777/62 100/781/110
f 100/781/110 71/777/62 45/776/111
f 47/806/107 118/800/127 119/794/128
s 3
f 116/809/129 117/808/130 47/806/125
f 97/823/121 98/816/131 48/817/122
f 48/817/122 98/816/131 74/802/26
f 75/819/51 49/825/120 76/821/52
f 76/821/52 49/825/120 50/828/119
f 76/821/52 50/828/119 77/827/84
f 77/827/84 50/828/119 51/834/118
f 77/827/84 51/834/118 78/833/8
f 78/833/8 51/834/118 52/835/117
f 78/833/8 52/835/117 79/832/9
f 79/832/9 52/835/117 53/836/116
s 1
f 55/871/90 107/863/92 108/868/95
s 3
f 110/883/99 111/888/100 66/886/98
f 98/816/131 102/812/24 74/802/26
s 1
f 106/784/6 101/782/126 72/789/7
f 117/808/132 118/800/127 47/806/107
f 47/892/107 119/880/128 112/885/108
s 3
f 113/890/133 114/891/123 47/892/125
f 115/813/124 116/809/129 47/806/125
f 81/900/134 80/906/135 38/904/21
f 38/904/21 80/906/135 12/910/23
f 82/893/136 81/900/134 22/897/82
f 22/897/82 81/900/134 38/904/21
f 83/887/137 82/893/136 31/884/54
f 31/884/54 82/893/136 22/897/82
s 1
f 165/862/138 164/860/139 84/856/140
f 16/861/60 30/852/58 164/860/139
f 30/852/58 84/856/140 164/860/139
f 84/856/140 30/852/58 85/848/141
f 85/848/141 30/852/58 23/845/75
f 85/848/141 23/845/75 86/842/142
f 86/842/142 23/845/75 39/838/13
f 86/842/142 39/838/13 87/840/143
f 87/840/143 39/838/13 15/837/12
f 89/772/144 88/769/145 34/761/16
f 34/761/16 88/769/145 14/765/17
f 90/774/146 89/772/144 18/768/71
f 18/768/71 89/772/144 34/761/16
f 91/779/147 90/774/146 27/775/44
f 27/775/44 90/774/146 18/768/71
s 3
f 151/803/148 150/793/149 92/810/150
f 10/799/50 26/804/48 150/793/149
f 26/804/48 92/810/150 150/793/149
f 92/810/150 26/804/48 93/815/151
f 93/815/151 26/804/48 19/818/64
f 93/815/151 19/818/64 94/822/152
f 94/822/152 19/818/64 35/824/19
f 94/822/152 35/824/19 95/829/153
f 95/829/153 35/824/19 9/831/18
f 49/905/120 97/903/121 65/898/103
f 65/898/103 97/903/121 96/896/101
f 98/816/131 97/823/121 75/819/51
f 75/819/51 97/823/121 49/825/120
s 1
f 100/865/110 99/864/91 46/872/154
f 46/872/154 99/864/91 55/871/90
f 72/789/7 101/782/126 46/788/154
f 46/788/154 101/782/126 100/781/110
s 3
f 102/812/24 98/816/131 5/811/49
f 5/811/49 98/816/131 75/819/51
f 103/805/25 102/812/24 10/799/50
f 10/799/50 102/812/24 5/811/49
s 1
f 105/787/5 104/786/41 13/780/43
f 13/780/43 104/786/41 148/783/155
f 104/786/41 149/791/156 148/783/155
f 3/778/45 106/784/6 13/780/43
f 13/780/43 106/784/6 105/787/5
f 71/777/62 101/782/126 3/778/45
f 3/778/45 101/782/126 106/784/6
f 107/863/92 99/864/91 4/857/59
f 4/857/59 99/864/91 56/858/89
f 108/868/95 107/863/92 16/861/60
f 16/861/60 107/863/92 4/857/59
f 108/868/95 16/861/60 109/867/94
f 16/861/60 164/860/139 109/867/94
f 109/867/94 164/860/139 163/870/157
s 3
f 110/883/99 109/867/97 11/878/53
f 11/878/53 109/867/97 162/875/158
f 109/867/97 163/870/159 162/875/158
f 6/889/55 111/888/100 11/878/53
f 11/878/53 111/888/100 110/883/99
f 65/898/103 96/896/101 6/889/55
f 6/889/55 96/896/101 111/888/100
s 1
f 113/890/109 112/885/108 54/879/93
f 54/879/93 112/885/108 55/871/90
s 3
f 66/886/98 114/891/123 54/879/96
f 54/879/96 114/891/123 113/890/133
f 48/899/122 115/895/124 66/886/98
f 66/886/98 115/895/124 114/891/123
f 116/809/129 115/813/124 74/802/26
f 74/802/26 115/813/124 48/817/122
f 74/802/26 73/797/32 116/809/129
f 116/809/129 73/797/32 117/808/130
s 1
f 72/789/7 118/800/127 73/797/42
f 73/797/42 118/800/127 117/808/132
f 118/800/127 72/789/7 119/794/128
f 119/794/128 72/789/7 46/788/154
f 112/885/108 119/880/128 55/871/90
f 55/871/90 119/880/128 46/872/154
s 37
f 95/1/160 122/2/161 94/3/162
f 94/3/162 122/2/161 121/4/163
s 38
f 88/13/164 89/14/165 124/15/166
f 124/15/166 89/14/165 125/16/167
s 39
f 91/19/168 147/21/169 127/20/170
f 127/20/170 147/21/169 154/22/171
s 40
f 152/10/172 151/9/173 128/8/174
f 128/8/174 151/9/173 92/7/175
s 41
f 93/5/176 129/6/177 92/7/178
f 92/7/178 129/6/177 128/8/179
s 42
f 90/17/180 91/19/181 131/18/182
f 131/18/182 91/19/181 127/20/183
s 43
f 89/14/184 90/17/185 125/16/186
f 125/16/186 90/17/185 131/18/187
s 44
f 94/3/188 121/4/189 93/5/190
f 93/5/190 121/4/189 129/6/191
s 45
f 80/25/192 81/26/193 132/27/194
f 132/27/194 81/26/193 133/28/195
s 46
f 87/37/196 137/38/197 86/39/198
f 86/39/198 137/38/197 136/40/199
s 47
f 83/31/200 161/33/201 139/32/202
f 139/32/202 161/33/201 168/34/203
s 48
f 166/46/204 165/45/205 140/44/206
f 140/44/206 165/45/205 84/43/207
s 49
f 85/41/208 141/42/209 84/43/210
f 84/43/210 141/42/209 140/44/211
s 50
f 82/29/212 83/31/213 143/30/214
f 143/30/214 83/31/213 139/32/215
s 51
f 81/26/216 82/29/217 133/28/218
f 133/28/218 82/29/217 143/30/219
s 52
f 86/39/220 136/40/221 85/41/222
f 85/41/222 136/40/221 141/42/223
s 1
f 147/785/224 91/779/147 148/783/155
f 13/780/43 148/783/155 27/775/44
f 148/783/155 91/779/147 27/775/44
s 3
f 103/805/25 10/799/50 104/786/31
f 10/799/50 150/793/149 104/786/31
f 150/793/149 149/791/225 104/786/31
s 8
f 153/930/226 152/929/227 126/927/65
f 126/927/65 152/929/227 128/926/66
f 153/930/226 126/927/65 154/931/228
f 154/931/228 126/927/65 127/928/70
s 3
f 161/882/229 83/887/137 162/875/158
f 11/878/53 162/875/158 31/884/54
f 162/875/158 83/887/137 31/884/54
s 9
f 167/948/230 166/949/231 138/945/76
f 138/945/76 166/949/231 140/946/77
f 167/948/230 138/945/76 168/947/232
f 168/947/232 138/945/76 139/944/81
s 39
f 147/21/169 146/23/233 154/22/171
f 154/22/171 146/23/233 155/24/234
s 55
g textureEditorIsolateSelectSet pCube3
f 146/307/235 145/308/236 155/309/237
f 155/309/237 145/308/236 156/310/238
s 56
f 144/312/239 157/311/240 145/308/241
f 145/308/241 157/311/240 156/310/242
s 40
g pCube3
f 151/9/173 152/10/172 144/11/243
f 144/11/243 152/10/172 157/12/244
s 47
f 161/33/201 160/35/245 168/34/203
f 168/34/203 160/35/245 169/36/246
s 57
g textureEditorIsolateSelectSet pCube3
f 160/313/247 159/314/248 169/315/249
f 169/315/249 159/314/248 170/316/250
s 58
f 158/318/251 171/317/252 159/314/253
f 159/314/253 171/317/252 170/316/254
s 48
g pCube3
f 165/45/205 166/46/204 158/47/255
f 158/47/255 166/46/204 171/48/256
s 8
f 153/930/226 154/931/228 155/934/257
f 153/930/226 155/934/257 156/933/258
f 153/930/226 156/933/258 157/932/259
f 153/930/226 157/932/259 152/929/227
s 9
f 167/948/230 168/947/232 169/950/260
f 167/948/230 169/950/260 170/952/261
f 167/948/230 170/952/261 171/951/262
f 167/948/230 171/951/262 166/949/231
s 3
f 144/807/263 172/798/264 151/803/148
f 151/803/148 172/798/264 150/793/149
f 150/793/149 172/798/264 149/791/225
f 149/791/225 172/798/264 173/795/265
s 1
f 173/795/266 174/790/267 149/791/156
f 149/791/156 174/790/267 148/783/155
f 148/783/155 174/790/267 147/785/224
f 147/785/224 174/790/267 146/792/268
s 3
f 145/801/269 175/796/270 144/807/263
f 144/807/263 175/796/270 172/798/264
f 172/798/264 175/796/270 173/795/265
s 1
f 173/795/266 175/796/271 174/790/267
f 174/790/267 175/796/271 146/792/268
f 146/792/268 175/796/271 145/801/272
f 158/869/273 176/866/274 165/862/138
f 165/862/138 176/866/274 164/860/139
f 164/860/139 176/866/274 163/870/157
f 163/870/157 176/866/274 177/874/275
s 3
f 177/874/276 178/877/277 163/870/159
f 163/870/159 178/877/277 162/875/158
f 162/875/158 178/877/277 161/882/229
f 161/882/229 178/877/277 160/881/278
s 1
f 159/876/279 179/873/280 158/869/273
f 158/869/273 179/873/280 176/866/274
f 176/866/274 179/873/280 177/874/275
s 3
f 177/874/276 179/873/281 178/877/277
f 178/877/277 179/873/281 160/881/278
f 160/881/278 179/873/281 159/876/282
s 63
f 180/335/283 181/331/284 192/332/285 191/336/286
f 181/331/284 182/326/287 193/327/288 192/332/285
f 182/326/287 183/319/289 194/322/290 193/327/288
f 183/319/289 184/320/291 195/321/292 194/322/290
f 185/349/293 186/345/294 197/346/295 196/350/296
f 186/345/294 187/343/297 198/344/298 197/346/295
f 187/343/297 188/341/299 199/342/300 198/344/298
f 188/341/299 189/339/301 200/340/302 199/342/300
f 189/339/301 190/337/303 201/338/304 200/340/302
f 190/337/303 180/335/283 191/336/286 201/338/304
f 193/327/288 194/322/290 203/325/305 202/330/306
f 194/322/290 195/321/292 204/324/307 203/325/305
f 196/350/296 197/346/295 206/348/308 205/351/309
f 197/346/295 198/344/298 207/347/310 206/348/308
f 203/325/305 204/324/307 209/328/311 208/329/312
f 205/351/309 206/348/308 211/352/313 210/353/314
f 208/329/312 209/328/311 213/333/315 212/334/316
f 210/353/314 211/352/313 215/354/317 214/355/318
s 65
f 216/366/319 217/367/320 221/361/321 220/360/322
f 218/391/323 219/392/324 223/390/325 222/389/326
f 220/360/322 221/361/321 226/357/327 225/356/328
f 222/389/326 223/390/325 228/384/329 227/388/330
f 224/364/331 225/356/328 233/359/332 232/365/333
f 225/356/328 226/357/327 234/358/334 233/359/332
f 227/388/330 228/384/329 236/382/335 235/386/336
f 228/384/329 229/385/337 237/380/338 236/382/335
f 230/372/339 231/370/340 242/371/341 241/373/342
f 231/370/340 232/365/333 243/369/343 242/371/341
f 232/365/333 233/359/332 244/363/344 243/369/343
f 233/359/332 234/358/334 245/362/345 244/363/344
f 235/386/336 236/382/335 247/383/346 246/387/347
f 236/382/335 237/380/338 248/381/348 247/383/346
f 237/380/338 238/378/349 249/379/350 248/381/348
f 238/378/349 239/376/351 250/377/352 249/379/350
f 239/376/351 240/374/353 251/375/354 250/377/352
f 240/374/353 230/372/339 241/373/342 251/375/354
s 63
f 181/331/284 180/335/283 252/323/355
f 182/326/287 181/331/284 252/323/355
f 183/319/289 182/326/287 252/323/355
f 184/320/291 183/319/289 252/323/355
f 186/345/294 185/349/293 252/323/355
f 187/343/297 186/345/294 252/323/355
f 188/341/299 187/343/297 252/323/355
f 189/339/301 188/341/299 252/323/355
f 190/337/303 189/339/301 252/323/355
f 180/335/283 190/337/303 252/323/355
s 65
f 241/373/342 242/371/341 253/368/356
f 242/371/341 243/369/343 253/368/356
f 243/369/343 244/363/344 253/368/356
f 244/363/344 245/362/345 253/368/356
f 246/387/347 247/383/346 253/368/356
f 247/383/346 248/381/348 253/368/356
f 248/381/348 249/379/350 253/368/356
f 249/379/350 250/377/352 253/368/356
f 250/377/352 251/375/354 253/368/356
f 251/375/354 241/373/342 253/368/356
s 68
f 254/405/357 255/402/358 265/407/359
f 265/407/359 255/402/358 266/404/360
f 255/402/358 256/399/361 266/404/360
f 266/404/360 256/399/361 267/398/362
f 256/399/361 257/393/363 267/398/362
f 267/398/362 257/393/363 268/395/364
f 257/393/363 258/394/365 268/395/364
f 268/395/364 258/394/365 269/397/366
f 259/421/367 260/419/368 270/423/369
f 270/423/369 260/419/368 271/420/370
f 260/419/368 261/417/371 271/420/370
f 271/420/370 261/417/371 272/418/372
f 261/417/371 262/414/373 272/418/372
f 272/418/372 262/414/373 273/416/374
f 262/414/373 263/411/375 273/416/374
f 273/416/374 263/411/375 274/413/376
g textureEditorIsolateSelectSet pCube3
f 263/953/375 264/954/377 274/955/376
g pCube3
f 274/413/376 264/408/377 275/410/378
f 264/408/377 254/405/357 275/410/378
f 275/410/378 254/405/357 265/407/359
f 265/956/359 266/957/360 276/958/379
f 276/958/379 266/957/360 277/959/380
f 266/957/360 267/961/362 277/959/380
f 277/959/380 267/961/362 278/965/381
f 267/398/362 268/395/364 278/401/381
f 278/401/381 268/395/364 279/400/382
f 268/395/364 269/397/366 279/400/382
f 279/400/382 269/397/366 280/403/383
f 270/423/369 271/420/370 281/425/384
f 281/425/384 271/420/370 282/422/385
f 271/420/370 272/418/372 282/422/385
f 282/422/385 272/418/372 283/424/386
f 272/995/372 273/982/374 283/987/386
f 283/987/386 273/982/374 284/975/387
f 273/982/374 274/971/376 284/975/387
f 284/975/387 274/971/376 285/967/388
f 274/971/376 275/963/378 285/967/388
f 285/967/388 275/963/378 286/960/389
f 275/963/378 265/956/359 286/960/389
f 286/960/389 265/956/359 276/958/379
f 276/958/379 277/959/380 287/962/390
f 287/962/390 277/959/380 288/966/391
f 277/959/380 278/965/381 288/966/391
f 288/966/391 278/965/381 289/973/392
f 278/965/381 279/978/382 289/973/392
f 289/973/392 279/978/382 290/984/393
f 279/400/382 280/403/383 290/406/393
f 290/406/393 280/403/383 291/409/394
f 281/425/384 282/422/385 292/426/395
f 292/426/395 282/422/385 293/427/396
f 282/1009/385 283/987/386 293/1000/396
f 293/1000/396 283/987/386 294/988/397
f 283/987/386 284/975/387 294/988/397
f 294/988/397 284/975/387 295/976/398
f 284/975/387 285/967/388 295/976/398
f 295/976/398 285/967/388 296/968/399
f 285/967/388 286/960/389 296/968/399
f 296/968/399 286/960/389 297/964/400
f 286/960/389 276/958/379 297/964/400
f 297/964/400 276/958/379 287/962/390
f 287/962/390 288/966/391 298/969/401
f 298/969/401 288/966/391 299/974/402
f 288/966/391 289/973/392 299/974/402
f 299/974/402 289/973/392 300/985/403
f 289/973/392 290/984/393 300/985/403
f 300/985/403 290/984/393 301/997/404
f 290/406/393 291/409/394 301/412/404
f 301/412/404 291/409/394 302/415/405
f 292/426/395 293/427/396 303/428/406
f 303/428/406 293/427/396 304/429/407
f 293/1000/396 294/988/397 304/1001/407
f 304/1001/407 294/988/397 305/989/408
f 294/988/397 295/976/398 305/989/408
f 305/989/408 295/976/398 306/977/409
f 295/976/398 296/968/399 306/977/409
f 306/977/409 296/968/399 307/972/410
f 296/968/399 297/964/400 307/972/410
f 307/972/410 297/964/400 308/970/411
f 297/964/400 287/962/390 308/970/411
f 308/970/411 287/962/390 298/969/401
f 298/969/401 299/974/402 309/979/412
f 309/979/412 299/974/402 310/986/413
f 299/974/402 300/985/403 310/986/413
f 310/986/413 300/985/403 311/998/414
f 300/985/403 301/997/404 311/998/414
f 311/998/414 301/997/404 312/1011/415
f 301/997/404 302/1017/405 312/1011/415
f 312/1011/415 302/1017/405 313/1026/416
f 303/1024/406 304/1001/407 314/1014/417
f 314/1014/417 304/1001/407 315/1002/418
f 304/1001/407 305/989/408 315/1002/418
f 315/1002/418 305/989/408 316/990/419
f 305/989/408 306/977/409 316/990/419
f 316/990/419 306/977/409 317/983/420
f 306/977/409 307/972/410 317/983/420
f 317/983/420 307/972/410 318/981/421
f 307/972/410 308/970/411 318/981/421
f 318/981/421 308/970/411 319/980/422
f 308/970/411 298/969/401 319/980/422
f 319/980/422 298/969/401 309/979/412
f 309/979/412 310/986/413 320/991/423
f 320/991/423 310/986/413 321/999/424
f 310/986/413 311/998/414 321/999/424
f 321/999/424 311/998/414 322/1012/425
f 311/998/414 312/1011/415 322/1012/425
f 322/1012/425 312/1011/415 323/1027/426
f 312/1011/415 313/1026/416 323/1027/426
f 323/1027/426 313/1026/416 324/1037/427
f 314/1014/417 315/1002/418 325/1015/428
f 325/1015/428 315/1002/418 326/1003/429
f 315/1002/418 316/990/419 326/1003/429
f 326/1003/429 316/990/419 327/996/430
f 316/990/419 317/983/420 327/996/430
f 327/996/430 317/983/420 328/994/431
f 317/983/420 318/981/421 328/994/431
f 328/994/431 318/981/421 329/993/432
f 318/981/421 319/980/422 329/993/432
f 329/993/432 319/980/422 330/992/433
f 319/980/422 309/979/412 330/992/433
f 330/992/433 309/979/412 320/991/423
f 320/991/423 321/999/424 331/1004/434
f 331/1004/434 321/999/424 332/1013/435
f 321/999/424 322/1012/425 332/1013/435
f 332/1013/435 322/1012/425 333/1028/436
f 322/1012/425 323/1027/426 333/1028/436
f 333/1028/436 323/1027/426 334/1038/437
f 323/1027/426 324/1037/427 334/1038/437
f 334/1038/437 324/1037/427 335/1048/438
f 325/1015/428 326/1003/429 336/1016/439
f 336/1016/439 326/1003/429 337/1010/440
f 326/1003/429 327/996/430 337/1010/440
f 337/1010/440 327/996/430 338/1008/441
f 327/996/430 328/994/431 338/1008/441
f 338/1008/441 328/994/431 339/1007/442
f 328/994/431 329/993/432 339/1007/442
f 339/1007/442 329/993/432 340/1006/443
f 329/993/432 330/992/433 340/1006/443
f 340/1006/443 330/992/433 341/1005/444
f 330/992/433 320/991/423 341/1005/444
f 341/1005/444 320/991/423 331/1004/434
f 331/1004/434 332/1013/435 342/1018/445
f 342/1018/445 332/1013/435 343/1029/446
f 332/1013/435 333/1028/436 343/1029/446
f 343/1029/446 333/1028/436 344/1039/447
f 333/1028/436 334/1038/437 344/1039/447
f 344/1039/447 334/1038/437 345/1049/448
f 334/1038/437 335/1048/438 345/1049/448
f 345/1049/448 335/1048/438 346/1059/449
f 336/1016/439 337/1010/440 347/1025/450
f 347/1025/450 337/1010/440 348/1023/451
f 337/1010/440 338/1008/441 348/1023/451
f 348/1023/451 338/1008/441 349/1022/452
f 338/1008/441 339/1007/442 349/1022/452
f 349/1022/452 339/1007/442 350/1021/453
f 339/1007/442 340/1006/443 350/1021/453
f 350/1021/453 340/1006/443 351/1020/454
f 340/1006/443 341/1005/444 351/1020/454
f 351/1020/454 341/1005/444 352/1019/455
f 341/1005/444 331/1004/434 352/1019/455
f 352/1019/455 331/1004/434 342/1018/445
f 342/1018/445 343/1029/446 353/1030/456
f 353/1030/456 343/1029/446 354/1040/457
f 343/1029/446 344/1039/447 354/1040/457
f 354/1040/457 344/1039/447 355/1050/458
f 344/1039/447 345/1049/448 355/1050/458
f 355/1050/458 345/1049/448 356/1060/459
f 345/1049/448 346/1059/449 356/1060/459
f 356/1060/459 346/1059/449 357/1070/460
f 347/1025/450 348/1023/451 358/1036/461
f 358/1036/461 348/1023/451 359/1035/462
f 348/1023/451 349/1022/452 359/1035/462
f 359/1035/462 349/1022/452 360/1034/463
f 349/1022/452 350/1021/453 360/1034/463
f 360/1034/463 350/1021/453 361/1033/464
f 350/1021/453 351/1020/454 361/1033/464
f 361/1033/464 351/1020/454 362/1032/465
f 351/1020/454 352/1019/455 362/1032/465
f 362/1032/465 352/1019/455 363/1031/466
f 352/1019/455 342/1018/445 363/1031/466
f 363/1031/466 342/1018/445 353/1030/456
f 353/1030/456 354/1040/457 364/1041/467
f 364/1041/467 354/1040/457 365/1051/468
f 354/1040/457 355/1050/458 365/1051/468
f 365/1051/468 355/1050/458 366/1061/469
f 355/1050/458 356/1060/459 366/1061/469
f 366/1061/469 356/1060/459 367/1071/470
f 356/1060/459 357/1070/460 367/1071/470
f 367/1071/470 357/1070/460 368/1081/471
f 358/1036/461 359/1035/462 369/1047/472
f 369/1047/472 359/1035/462 370/1046/473
f 359/1035/462 360/1034/463 370/1046/473
f 370/1046/473 360/1034/463 371/1045/474
f 360/1034/463 361/1033/464 371/1045/474
f 371/1045/474 361/1033/464 372/1044/475
f 361/1033/464 362/1032/465 372/1044/475
f 372/1044/475 362/1032/465 373/1043/476
f 362/1032/465 363/1031/466 373/1043/476
f 373/1043/476 363/1031/466 374/1042/477
f 363/1031/466 353/1030/456 374/1042/477
f 374/1042/477 353/1030/456 364/1041/467
f 364/1041/467 365/1051/468 375/1052/478
f 375/1052/478 365/1051/468 376/1062/479
f 365/1051/468 366/1061/469 376/1062/479
f 376/1062/479 366/1061/469 377/1072/480
f 366/1061/469 367/1071/470 377/1072/480
f 377/1072/480 367/1071/470 378/1082/481
f 367/1071/470 368/1081/471 378/1082/481
f 378/1082/481 368/1081/471 379/1092/482
f 369/1047/472 370/1046/473 380/1058/483
f 380/1058/483 370/1046/473 381/1057/484
f 370/1046/473 371/1045/474 381/1057/484
f 381/1057/484 371/1045/474 382/1056/485
f 371/1045/474 372/1044/475 382/1056/485
f 382/1056/485 372/1044/475 383/1055/486
f 372/1044/475 373/1043/476 383/1055/486
f 383/1055/486 373/1043/476 384/1054/487
f 373/1043/476 374/1042/477 384/1054/487
f 384/1054/487 374/1042/477 385/1053/488
f 374/1042/477 364/1041/467 385/1053/488
f 385/1053/488 364/1041/467 375/1052/478
f 375/1052/478 376/1062/479 386/1063/489
f 386/1063/489 376/1062/479 387/1073/490
f 376/1062/479 377/1072/480 387/1073/490
f 387/1073/490 377/1072/480 388/1083/491
f 377/1072/480 378/1082/481 388/1083/491
f 388/1083/491 378/1082/481 389/1093/492
f 378/1082/481 379/1092/482 389/1093/492
f 389/1093/492 379/1092/482 390/1102/493
f 380/1058/483 381/1057/484 391/1069/494
f 391/1069/494 381/1057/484 392/1068/495
f 381/1057/484 382/1056/485 392/1068/495
f 392/1068/495 382/1056/485 393/1067/496
f 382/1056/485 383/1055/486 393/1067/496
f 393/1067/496 383/1055/486 394/1066/497
f 383/1055/486 384/1054/487 394/1066/497
f 394/1066/497 384/1054/487 395/1065/498
f 384/1054/487 385/1053/488 395/1065/498
f 395/1065/498 385/1053/488 396/1064/499
f 385/1053/488 375/1052/478 396/1064/499
f 396/1064/499 375/1052/478 386/1063/489
f 386/1063/489 387/1073/490 397/1074/500
f 397/1074/500 387/1073/490 398/1084/501
f 387/1073/490 388/1083/491 398/1084/501
f 398/1084/501 388/1083/491 399/1094/502
f 388/1083/491 389/1093/492 399/1094/502
f 399/1094/502 389/1093/492 400/1103/503
f 389/1093/492 390/1102/493 400/1103/503
f 400/1103/503 390/1102/493 401/1112/504
f 391/1069/494 392/1068/495 402/1080/505
f 402/1080/505 392/1068/495 403/1079/506
f 392/1068/495 393/1067/496 403/1079/506
f 403/1079/506 393/1067/496 404/1078/507
f 393/1067/496 394/1066/497 404/1078/507
f 404/1078/507 394/1066/497 405/1077/508
f 394/1066/497 395/1065/498 405/1077/508
f 405/1077/508 395/1065/498 406/1076/509
f 395/1065/498 396/1064/499 406/1076/509
f 406/1076/509 396/1064/499 407/1075/510
f 396/1064/499 386/1063/489 407/1075/510
f 407/1075/510 386/1063/489 397/1074/500
f 397/1074/500 398/1084/501 408/1085/511
f 408/1085/511 398/1084/501 409/1095/512
f 398/1084/501 399/1094/502 409/1095/512
f 409/1095/512 399/1094/502 410/1104/513
f 399/1094/502 400/1103/503 410/1104/513
f 410/1104/513 400/1103/503 411/1113/514
f 400/1103/503 401/1112/504 411/1113/514
f 411/1113/514 401/1112/504 412/1121/515
f 402/1080/505 403/1079/506 413/1091/516
f 413/1091/516 403/1079/506 414/1090/517
f 403/1079/506 404/1078/507 414/1090/517
f 414/1090/517 404/1078/507 415/1089/518
f 404/1078/507 405/1077/508 415/1089/518
f 415/1089/518 405/1077/508 416/1088/519
f 405/1077/508 406/1076/509 416/1088/519
f 416/1088/519 406/1076/509 417/1087/520
f 406/1076/509 407/1075/510 417/1087/520
f 417/1087/520 407/1075/510 418/1086/521
f 407/1075/510 397/1074/500 418/1086/521
f 418/1086/521 397/1074/500 408/1085/511
f 408/1085/511 409/1095/512 419/1096/522
f 419/1096/522 409/1095/512 420/1105/523
f 409/1095/512 410/1104/513 420/1105/523
f 420/1105/523 410/1104/513 421/1114/524
f 410/1104/513 411/1113/514 421/1114/524
f 421/1114/524 411/1113/514 422/1122/525
f 411/443/514 412/440/515 422/436/525
f 422/436/525 412/440/515 423/433/526
f 413/466/516 414/465/517 424/464/527
f 424/464/527 414/465/517 425/463/528
f 414/1090/517 415/1089/518 425/1101/528
f 425/1101/528 415/1089/518 426/1100/529
f 415/1089/518 416/1088/519 426/1100/529
f 426/1100/529 416/1088/519 427/1099/530
f 416/1088/519 417/1087/520 427/1099/530
f 427/1099/530 417/1087/520 428/1098/531
f 417/1087/520 418/1086/521 428/1098/531
f 428/1098/531 418/1086/521 429/1097/532
f 418/1086/521 408/1085/511 429/1097/532
f 429/1097/532 408/1085/511 419/1096/522
f 419/1096/522 420/1105/523 430/1106/533
f 430/1106/533 420/1105/523 431/1115/534
f 420/1105/523 421/1114/524 431/1115/534
f 431/1115/534 421/1114/524 432/1123/535
f 421/1114/524 422/1122/525 432/1123/535
f 432/1123/535 422/1122/525 433/1125/536
f 422/436/525 423/433/526 433/430/536
f 433/430/536 423/433/526 434/431/537
f 424/464/527 425/463/528 435/462/538
f 435/462/538 425/463/528 436/461/539
f 425/1101/528 426/1100/529 436/1111/539
f 436/1111/539 426/1100/529 437/1110/540
f 426/1100/529 427/1099/530 437/1110/540
f 437/1110/540 427/1099/530 438/1109/541
f 427/1099/530 428/1098/531 438/1109/541
f 438/1109/541 428/1098/531 439/1108/542
f 428/1098/531 429/1097/532 439/1108/542
f 439/1108/542 429/1097/532 440/1107/543
f 429/1097/532 419/1096/522 440/1107/543
f 440/1107/543 419/1096/522 430/1106/533
f 430/1106/533 431/1115/534 441/1116/544
f 441/1116/544 431/1115/534 442/1124/545
f 431/1115/534 432/1123/535 442/1124/545
f 442/1124/545 432/1123/535 443/1126/546
f 432/438/535 433/430/536 443/435/546
f 443/435/546 433/430/536 444/432/547
f 433/430/536 434/431/537 444/432/547
f 444/432/547 434/431/537 445/434/548
f 435/462/538 436/461/539 446/460/549
f 446/460/549 436/461/539 447/458/550
f 436/461/539 437/459/540 447/458/550
f 447/458/550 437/459/540 448/456/551
f 437/1110/540 438/1109/541 448/1120/551
f 448/1120/551 438/1109/541 449/1119/552
f 438/1109/541 439/1108/542 449/1119/552
f 449/1119/552 439/1108/542 450/1118/553
f 439/1108/542 440/1107/543 450/1118/553
f 450/1118/553 440/1107/543 451/1117/554
f 440/1107/543 430/1106/533 451/1117/554
f 451/1117/554 430/1106/533 441/1116/544
f 441/447/544 442/445/545 452/446/555
f 452/446/555 442/445/545 453/442/556
f 442/445/545 443/435/546 453/442/556
f 453/442/556 443/435/546 454/439/557
f 443/435/546 444/432/547 454/439/557
f 454/439/557 444/432/547 455/437/558
f 444/432/547 445/434/548 455/437/558
f 455/437/558 445/434/548 456/441/559
f 446/460/549 447/458/550 457/457/560
f 457/457/560 447/458/550 458/455/561
f 447/458/550 448/456/551 458/455/561
f 458/455/561 448/456/551 459/453/562
f 448/456/551 449/454/552 459/453/562
f 459/453/562 449/454/552 460/451/563
f 449/454/552 450/452/553 460/451/563
f 460/451/563 450/452/553 461/449/564
f 450/452/553 451/450/554 461/449/564
f 461/449/564 451/450/554 462/448/565
f 451/450/554 441/447/544 462/448/565
f 462/448/565 441/447/544 452/446/555
f 255/402/358 254/405/357 463/396/566
f 256/399/361 255/402/358 463/396/566
f 257/393/363 256/399/361 463/396/566
f 258/394/365 257/393/363 463/396/566
f 260/419/368 259/421/367 463/396/566
f 261/417/371 260/419/368 463/396/566
f 262/414/373 261/417/371 463/396/566
f 263/411/375 262/414/373 463/396/566
f 264/408/377 263/411/375 463/396/566
f 254/405/357 264/408/377 463/396/566
f 452/446/555 453/442/556 464/444/567
f 453/442/556 454/439/557 464/444/567
f 454/439/557 455/437/558 464/444/567
f 455/437/558 456/441/559 464/444/567
f 457/457/560 458/455/561 464/444/567
f 458/455/561 459/453/562 464/444/567
f 459/453/562 460/451/563 464/444/567
f 460/451/563 461/449/564 464/444/567
f 461/449/564 462/448/565 464/444/567
f 462/448/565 452/446/555 464/444/567
s 70
f 465/479/568 466/476/569 476/481/570
f 476/481/570 466/476/569 477/478/571
f 466/476/569 467/473/572 477/478/571
f 477/478/571 467/473/572 478/472/573
f 467/473/572 468/467/574 478/472/573
f 478/472/573 468/467/574 479/469/575
f 468/467/574 469/468/576 479/469/575
f 479/469/575 469/468/576 480/471/577
f 470/495/578 471/493/579 481/497/580
f 481/497/580 471/493/579 482/494/581
f 471/493/579 472/491/582 482/494/581
f 482/494/581 472/491/582 483/492/583
f 472/491/582 473/488/584 483/492/583
f 483/492/583 473/488/584 484/490/585
f 473/488/584 474/485/586 484/490/585
f 484/490/585 474/485/586 485/487/587
f 474/485/586 475/482/588 485/487/587
f 485/487/587 475/482/588 486/484/589
f 475/482/588 465/479/568 486/484/589
f 486/484/589 465/479/568 476/481/570
f 476/1127/570 477/1128/571 487/1129/590
f 487/1129/590 477/1128/571 488/1130/591
f 477/1128/571 478/1132/573 488/1130/591
f 488/1130/591 478/1132/573 489/1136/592
f 478/472/573 479/469/575 489/475/592
f 489/475/592 479/469/575 490/474/593
f 479/469/575 480/471/577 490/474/593
f 490/474/593 480/471/577 491/477/594
f 481/497/580 482/494/581 492/499/595
f 492/499/595 482/494/581 493/496/596
f 482/494/581 483/492/583 493/496/596
f 493/496/596 483/492/583 494/498/597
f 483/1166/583 484/1153/585 494/1158/597
f 494/1158/597 484/1153/585 495/1146/598
f 484/1153/585 485/1142/587 495/1146/598
f 495/1146/598 485/1142/587 496/1138/599
f 485/1142/587 486/1134/589 496/1138/599
f 496/1138/599 486/1134/589 497/1131/600
f 486/1134/589 476/1127/570 497/1131/600
f 497/1131/600 476/1127/570 487/1129/590
f 487/1129/590 488/1130/591 498/1133/601
f 498/1133/601 488/1130/591 499/1137/602
f 488/1130/591 489/1136/592 499/1137/602
f 499/1137/602 489/1136/592 500/1144/603
f 489/1136/592 490/1149/593 500/1144/603
f 500/1144/603 490/1149/593 501/1155/604
f 490/474/593 491/477/594 501/480/604
f 501/480/604 491/477/594 502/483/605
f 492/499/595 493/496/596 503/500/606
f 503/500/606 493/496/596 504/501/607
f 493/1180/596 494/1158/597 504/1171/607
f 504/1171/607 494/1158/597 505/1159/608
f 494/1158/597 495/1146/598 505/1159/608
f 505/1159/608 495/1146/598 506/1147/609
f 495/1146/598 496/1138/599 506/1147/609
f 506/1147/609 496/1138/599 507/1139/610
f 496/1138/599 497/1131/600 507/1139/610
f 507/1139/610 497/1131/600 508/1135/611
f 497/1131/600 487/1129/590 508/1135/611
f 508/1135/611 487/1129/590 498/1133/601
f 498/1133/601 499/1137/602 509/1140/612
f 509/1140/612 499/1137/602 510/1145/613
f 499/1137/602 500/1144/603 510/1145/613
f 510/1145/613 500/1144/603 511/1156/614
f 500/1144/603 501/1155/604 511/1156/614
f 511/1156/614 501/1155/604 512/1168/615
f 501/480/604 502/483/605 512/486/615
f 512/486/615 502/483/605 513/489/616
f 503/500/606 504/501/607 514/502/617
f 514/502/617 504/501/607 515/503/618
f 504/1171/607 505/1159/608 515/1172/618
f 515/1172/618 505/1159/608 516/1160/619
f 505/1159/608 506/1147/609 516/1160/619
f 516/1160/619 506/1147/609 517/1148/620
f 506/1147/609 507/1139/610 517/1148/620
f 517/1148/620 507/1139/610 518/1143/621
f 507/1139/610 508/1135/611 518/1143/621
f 518/1143/621 508/1135/611 519/1141/622
f 508/1135/611 498/1133/601 519/1141/622
f 519/1141/622 498/1133/601 509/1140/612
f 509/1140/612 510/1145/613 520/1150/623
f 520/1150/623 510/1145/613 521/1157/624
f 510/1145/613 511/1156/614 521/1157/624
f 521/1157/624 511/1156/614 522/1169/625
f 511/1156/614 512/1168/615 522/1169/625
f 522/1169/625 512/1168/615 523/1182/626
f 512/1168/615 513/1188/616 523/1182/626
f 523/1182/626 513/1188/616 524/1197/627
f 514/1195/617 515/1172/618 525/1185/628
f 525/1185/628 515/1172/618 526/1173/629
f 515/1172/618 516/1160/619 526/1173/629
f 526/1173/629 516/1160/619 527/1161/630
f 516/1160/619 517/1148/620 527/1161/630
f 527/1161/630 517/1148/620 528/1154/631
f 517/1148/620 518/1143/621 528/1154/631
f 528/1154/631 518/1143/621 529/1152/632
f 518/1143/621 519/1141/622 529/1152/632
f 529/1152/632 519/1141/622 530/1151/633
f 519/1141/622 509/1140/612 530/1151/633
f 530/1151/633 509/1140/612 520/1150/623
f 520/1150/623 521/1157/624 531/1162/634
f 531/1162/634 521/1157/624 532/1170/635
f 521/1157/624 522/1169/625 532/1170/635
f 532/1170/635 522/1169/625 533/1183/636
f 522/1169/625 523/1182/626 533/1183/636
f 533/1183/636 523/1182/626 534/1198/637
f 523/1182/626 524/1197/627 534/1198/637
f 534/1198/637 524/1197/627 535/1208/638
f 525/1185/628 526/1173/629 536/1186/639
f 536/1186/639 526/1173/629 537/1174/640
f 526/1173/629 527/1161/630 537/1174/640
f 537/1174/640 527/1161/630 538/1167/641
f 527/1161/630 528/1154/631 538/1167/641
f 538/1167/641 528/1154/631 539/1165/642
f 528/1154/631 529/1152/632 539/1165/642
f 539/1165/642 529/1152/632 540/1164/643
f 529/1152/632 530/1151/633 540/1164/643
f 540/1164/643 530/1151/633 541/1163/644
f 530/1151/633 520/1150/623 541/1163/644
f 541/1163/644 520/1150/623 531/1162/634
f 531/1162/634 532/1170/635 542/1175/645
f 542/1175/645 532/1170/635 543/1184/646
f 532/1170/635 533/1183/636 543/1184/646
f 543/1184/646 533/1183/636 544/1199/647
f 533/1183/636 534/1198/637 544/1199/647
f 544/1199/647 534/1198/637 545/1209/648
f 534/1198/637 535/1208/638 545/1209/648
f 545/1209/648 535/1208/638 546/1219/649
f 536/1186/639 537/1174/640 547/1187/650
f 547/1187/650 537/1174/640 548/1181/651
f 537/1174/640 538/1167/641 548/1181/651
f 548/1181/651 538/1167/641 549/1179/652
f 538/1167/641 539/1165/642 549/1179/652
f 549/1179/652 539/1165/642 550/1178/653
f 539/1165/642 540/1164/643 550/1178/653
f 550/1178/653 540/1164/643 551/1177/654
f 540/1164/643 541/1163/644 551/1177/654
f 551/1177/654 541/1163/644 552/1176/655
f 541/1163/644 531/1162/634 552/1176/655
f 552/1176/655 531/1162/634 542/1175/645
f 542/1175/645 543/1184/646 553/1189/656
f 553/1189/656 543/1184/646 554/1200/657
f 543/1184/646 544/1199/647 554/1200/657
f 554/1200/657 544/1199/647 555/1210/658
f 544/1199/647 545/1209/648 555/1210/658
f 555/1210/658 545/1209/648 556/1220/659
f 545/1209/648 546/1219/649 556/1220/659
f 556/1220/659 546/1219/649 557/1230/660
f 547/1187/650 548/1181/651 558/1196/661
f 558/1196/661 548/1181/651 559/1194/662
f 548/1181/651 549/1179/652 559/1194/662
f 559/1194/662 549/1179/652 560/1193/663
f 549/1179/652 550/1178/653 560/1193/663
f 560/1193/663 550/1178/653 561/1192/664
f 550/1178/653 551/1177/654 561/1192/664
f 561/1192/664 551/1177/654 562/1191/665
f 551/1177/654 552/1176/655 562/1191/665
f 562/1191/665 552/1176/655 563/1190/666
f 552/1176/655 542/1175/645 563/1190/666
f 563/1190/666 542/1175/645 553/1189/656
f 553/1189/656 554/1200/657 564/1201/667
f 564/1201/667 554/1200/657 565/1211/668
f 554/1200/657 555/1210/658 565/1211/668
f 565/1211/668 555/1210/658 566/1221/669
f 555/1210/658 556/1220/659 566/1221/669
f 566/1221/669 556/1220/659 567/1231/670
f 556/1220/659 557/1230/660 567/1231/670
f 567/1231/670 557/1230/660 568/1241/671
f 558/1196/661 559/1194/662 569/1207/672
f 569/1207/672 559/1194/662 570/1206/673
f 559/1194/662 560/1193/663 570/1206/673
f 570/1206/673 560/1193/663 571/1205/674
f 560/1193/663 561/1192/664 571/1205/674
f 571/1205/674 561/1192/664 572/1204/675
f 561/1192/664 562/1191/665 572/1204/675
f 572/1204/675 562/1191/665 573/1203/676
f 562/1191/665 563/1190/666 573/1203/676
f 573/1203/676 563/1190/666 574/1202/677
f 563/1190/666 553/1189/656 574/1202/677
f 574/1202/677 553/1189/656 564/1201/667
f 564/1201/667 565/1211/668 575/1212/678
f 575/1212/678 565/1211/668 576/1222/679
f 565/1211/668 566/1221/669 576/1222/679
f 576/1222/679 566/1221/669 577/1232/680
f 566/1221/669 567/1231/670 577/1232/680
f 577/1232/680 567/1231/670 578/1242/681
f 567/1231/670 568/1241/671 578/1242/681
f 578/1242/681 568/1241/671 579/1252/682
f 569/1207/672 570/1206/673 580/1218/683
f 580/1218/683 570/1206/673 581/1217/684
f 570/1206/673 571/1205/674 581/1217/684
f 581/1217/684 571/1205/674 582/1216/685
f 571/1205/674 572/1204/675 582/1216/685
f 582/1216/685 572/1204/675 583/1215/686
f 572/1204/675 573/1203/676 583/1215/686
f 583/1215/686 573/1203/676 584/1214/687
f 573/1203/676 574/1202/677 584/1214/687
f 584/1214/687 574/1202/677 585/1213/688
f 574/1202/677 564/1201/667 585/1213/688
f 585/1213/688 564/1201/667 575/1212/678
f 575/1212/678 576/1222/679 586/1223/689
f 586/1223/689 576/1222/679 587/1233/690
f 576/1222/679 577/1232/680 587/1233/690
f 587/1233/690 577/1232/680 588/1243/691
f 577/1232/680 578/1242/681 588/1243/691
f 588/1243/691 578/1242/681 589/1253/692
f 578/1242/681 579/1252/682 589/1253/692
f 589/1253/692 579/1252/682 590/1263/693
f 580/1218/683 581/1217/684 591/1229/694
f 591/1229/694 581/1217/684 592/1228/695
f 581/1217/684 582/1216/685 592/1228/695
f 592/1228/695 582/1216/685 593/1227/696
f 582/1216/685 583/1215/686 593/1227/696
f 593/1227/696 583/1215/686 594/1226/697
f 583/1215/686 584/1214/687 594/1226/697
f 594/1226/697 584/1214/687 595/1225/698
f 584/1214/687 585/1213/688 595/1225/698
f 595/1225/698 585/1213/688 596/1224/699
f 585/1213/688 575/1212/678 596/1224/699
f 596/1224/699 575/1212/678 586/1223/689
f 586/1223/689 587/1233/690 597/1234/700
f 597/1234/700 587/1233/690 598/1244/701
f 587/1233/690 588/1243/691 598/1244/701
f 598/1244/701 588/1243/691 599/1254/702
f 588/1243/691 589/1253/692 599/1254/702
f 599/1254/702 589/1253/692 600/1264/703
f 589/1253/692 590/1263/693 600/1264/703
f 600/1264/703 590/1263/693 601/1273/704
f 591/1229/694 592/1228/695 602/1240/705
f 602/1240/705 592/1228/695 603/1239/706
f 592/1228/695 593/1227/696 603/1239/706
f 603/1239/706 593/1227/696 604/1238/707
f 593/1227/696 594/1226/697 604/1238/707
f 604/1238/707 594/1226/697 605/1237/708
f 594/1226/697 595/1225/698 605/1237/708
f 605/1237/708 595/1225/698 606/1236/709
f 595/1225/698 596/1224/699 606/1236/709
f 606/1236/709 596/1224/699 607/1235/710
f 596/1224/699 586/1223/689 607/1235/710
f 607/1235/710 586/1223/689 597/1234/700
f 597/1234/700 598/1244/701 608/1245/711
f 608/1245/711 598/1244/701 609/1255/712
f 598/1244/701 599/1254/702 609/1255/712
f 609/1255/712 599/1254/702 610/1265/713
f 599/1254/702 600/1264/703 610/1265/713
f 610/1265/713 600/1264/703 611/1274/714
f 600/1264/703 601/1273/704 611/1274/714
f 611/1274/714 601/1273/704 612/1283/715
f 602/1240/705 603/1239/706 613/1251/716
f 613/1251/716 603/1239/706 614/1250/717
f 603/1239/706 604/1238/707 614/1250/717
f 614/1250/717 604/1238/707 615/1249/718
f 604/1238/707 605/1237/708 615/1249/718
f 615/1249/718 605/1237/708 616/1248/719
f 605/1237/708 606/1236/709 616/1248/719
f 616/1248/719 606/1236/709 617/1247/720
f 606/1236/709 607/1235/710 617/1247/720
f 617/1247/720 607/1235/710 618/1246/721
f 607/1235/710 597/1234/700 618/1246/721
f 618/1246/721 597/1234/700 608/1245/711
f 608/1245/711 609/1255/712 619/1256/722
f 619/1256/722 609/1255/712 620/1266/723
f 609/1255/712 610/1265/713 620/1266/723
f 620/1266/723 610/1265/713 621/1275/724
f 610/1265/713 611/1274/714 621/1275/724
f 621/1275/724 611/1274/714 622/1284/725
f 611/1274/714 612/1283/715 622/1284/725
f 622/1284/725 612/1283/715 623/1292/726
f 613/1251/716 614/1250/717 624/1262/727
f 624/1262/727 614/1250/717 625/1261/728
f 614/1250/717 615/1249/718 625/1261/728
f 625/1261/728 615/1249/718 626/1260/729
f 615/1249/718 616/1248/719 626/1260/729
f 626/1260/729 616/1248/719 627/1259/730
f 616/1248/719 617/1247/720 627/1259/730
f 627/1259/730 617/1247/720 628/1258/731
f 617/1247/720 618/1246/721 628/1258/731
f 628/1258/731 618/1246/721 629/1257/732
f 618/1246/721 608/1245/711 629/1257/732
f 629/1257/732 608/1245/711 619/1256/722
f 619/1256/722 620/1266/723 630/1267/733
f 630/1267/733 620/1266/723 631/1276/734
f 620/1266/723 621/1275/724 631/1276/734
f 631/1276/734 621/1275/724 632/1285/735
f 621/1275/724 622/1284/725 632/1285/735
f 632/1285/735 622/1284/725 633/1293/736
f 622/517/725 623/514/726 633/510/736
f 633/510/736 623/514/726 634/507/737
f 624/540/727 625/539/728 635/538/738
f 635/538/738 625/539/728 636/537/739
f 625/1261/728 626/1260/729 636/1272/739
f 636/1272/739 626/1260/729 637/1271/740
f 626/1260/729 627/1259/730 637/1271/740
f 637/1271/740 627/1259/730 638/1270/741
f 627/1259/730 628/1258/731 638/1270/741
f 638/1270/741 628/1258/731 639/1269/742
f 628/1258/731 629/1257/732 639/1269/742
f 639/1269/742 629/1257/732 640/1268/743
f 629/1257/732 619/1256/722 640/1268/743
f 640/1268/743 619/1256/722 630/1267/733
f 630/1267/733 631/1276/734 641/1277/744
f 641/1277/744 631/1276/734 642/1286/745
f 631/1276/734 632/1285/735 642/1286/745
f 642/1286/745 632/1285/735 643/1294/746
f 632/1285/735 633/1293/736 643/1294/746
f 643/1294/746 633/1293/736 644/1296/747
f 633/510/736 634/507/737 644/504/747
f 644/504/747 634/507/737 645/505/748
f 635/538/738 636/537/739 646/536/749
f 646/536/749 636/537/739 647/535/750
f 636/1272/739 637/1271/740 647/1282/750
f 647/1282/750 637/1271/740 648/1281/751
f 637/1271/740 638/1270/741 648/1281/751
f 648/1281/751 638/1270/741 649/1280/752
f 638/1270/741 639/1269/742 649/1280/752
f 649/1280/752 639/1269/742 650/1279/753
f 639/1269/742 640/1268/743 650/1279/753
f 650/1279/753 640/1268/743 651/1278/754
f 640/1268/743 630/1267/733 651/1278/754
f 651/1278/754 630/1267/733 641/1277/744
f 641/1277/744 642/1286/745 652/1287/755
f 652/1287/755 642/1286/745 653/1295/756
f 642/1286/745 643/1294/746 653/1295/756
f 653/1295/756 643/1294/746 654/1297/757
f 643/512/746 644/504/747 654/509/757
f 654/509/757 644/504/747 655/506/758
f 644/504/747 645/505/748 655/506/758
f 655/506/758 645/505/748 656/508/759
f 646/536/749 647/535/750 657/534/760
f 657/534/760 647/535/750 658/532/761
f 647/535/750 648/533/751 658/532/761
f 658/532/761 648/533/751 659/530/762
f 648/1281/751 649/1280/752 659/1291/762
f 659/1291/762 649/1280/752 660/1290/763
f 649/1280/752 650/1279/753 660/1290/763
f 660/1290/763 650/1279/753 661/1289/764
f 650/1279/753 651/1278/754 661/1289/764
f 661/1289/764 651/1278/754 662/1288/765
f 651/1278/754 641/1277/744 662/1288/765
f 662/1288/765 641/1277/744 652/1287/755
f 652/521/755 653/519/756 663/520/766
f 663/520/766 653/519/756 664/516/767
f 653/519/756 654/509/757 664/516/767
f 664/516/767 654/509/757 665/513/768
f 654/509/757 655/506/758 665/513/768
f 665/513/768 655/506/758 666/511/769
f 655/506/758 656/508/759 666/511/769
f 666/511/769 656/508/759 667/515/770
f 657/534/760 658/532/761 668/531/771
f 668/531/771 658/532/761 669/529/772
f 658/532/761 659/530/762 669/529/772
f 669/529/772 659/530/762 670/527/773
f 659/530/762 660/528/763 670/527/773
f 670/527/773 660/528/763 671/525/774
f 660/528/763 661/526/764 671/525/774
f 671/525/774 661/526/764 672/523/775
f 661/526/764 662/524/765 672/523/775
f 672/523/775 662/524/765 673/522/776
f 662/524/765 652/521/755 673/522/776
f 673/522/776 652/521/755 663/520/766
f 466/476/569 465/479/568 674/470/777
f 467/473/572 466/476/569 674/470/777
f 468/467/574 467/473/572 674/470/777
f 469/468/576 468/467/574 674/470/777
f 471/493/579 470/495/578 674/470/777
f 472/491/582 471/493/579 674/470/777
f 473/488/584 472/491/582 674/470/777
f 474/485/586 473/488/584 674/470/777
f 475/482/588 474/485/586 674/470/777
f 465/479/568 475/482/588 674/470/777
f 663/520/766 664/516/767 675/518/778
f 664/516/767 665/513/768 675/518/778
f 665/513/768 666/511/769 675/518/778
f 666/511/769 667/515/770 675/518/778
f 668/531/771 669/529/772 675/518/778
f 669/529/772 670/527/773 675/518/778
f 670/527/773 671/525/774 675/518/778
f 671/525/774 672/523/775 675/518/778
f 672/523/775 673/522/776 675/518/778
f 673/522/776 663/520/766 675/518/778
s 72
f 679/49/779 678/50/780 685/51/781
f 685/51/781 678/50/780 686/53/782
f 677/62/783 687/57/784 678/50/780
f 678/50/780 687/57/784 686/53/782
f 681/1298/785 680/1299/786 689/1300/787
f 689/1300/787 680/1299/786 690/1302/788
f 680/52/786 679/49/779 690/55/788
f 690/55/788 679/49/779 691/60/789
f 684/58/790 698/59/791 685/51/781
f 685/51/781 698/59/791 697/54/792
f 683/1374/793 699/1375/794 684/1376/790
f 684/1376/790 699/1375/794 698/1378/791
f 688/1305/795 725/1307/796 689/1300/787
f 689/1300/787 725/1307/796 724/1303/797
f 693/541/798 726/546/799 688/547/795
f 688/547/795 726/546/799 725/555/796
f 693/541/798 692/542/800 695/543/801
f 695/543/801 692/542/800 696/545/802
f 692/542/800 691/548/789 696/545/802
f 696/545/802 691/548/789 697/552/792
f 703/622/803 702/620/804 709/621/805
f 709/621/805 702/620/804 710/617/806
f 702/620/804 701/613/807 710/617/806
f 710/617/806 701/613/807 711/616/808
f 704/1372/809 714/1370/810 705/1368/811
f 705/1368/811 714/1370/810 713/1366/812
f 703/86/803 715/76/813 704/85/809
f 704/85/809 715/76/813 714/79/810
f 709/91/805 708/92/814 721/80/815
f 721/80/815 708/92/814 722/87/816
f 708/1448/814 707/1444/817 722/1447/816
f 722/1447/816 707/1444/817 723/1443/818
f 713/1366/812 712/1367/819 730/1362/820
f 730/1362/820 712/1367/819 731/1363/821
f 712/78/819 717/75/822 731/83/821
f 731/83/821 717/75/822 732/82/823
f 716/73/824 720/74/825 717/75/822
f 717/75/822 720/74/825 719/77/826
f 716/73/824 715/76/813 720/74/825
f 720/74/825 715/76/813 721/80/815
f 738/1333/827 737/1334/828 739/1338/829
f 739/1338/829 737/1334/828 740/1341/830
f 737/584/828 736/579/831 740/587/830
f 740/587/830 736/579/831 741/583/832
f 743/1339/833 746/1335/834 744/1336/835
f 744/1336/835 746/1335/834 745/1332/836
f 742/625/837 747/626/838 743/627/833
f 743/627/833 747/626/838 746/629/834
f 762/1350/839 761/1351/840 763/1346/841
f 763/1346/841 761/1351/840 764/1347/842
f 761/659/840 760/655/843 764/651/842
f 764/651/842 760/655/843 765/647/844
f 768/1352/845 767/1353/846 769/1356/847
f 769/1356/847 767/1353/846 770/1357/848
f 767/598/846 766/597/849 770/602/848
f 770/602/848 766/597/849 771/601/850
f 785/1318/851 788/1322/852 786/1317/853
f 786/1317/853 788/1322/852 787/1321/854
f 784/563/855 789/567/856 785/568/851
f 785/568/851 789/567/856 788/572/852
f 791/1323/857 794/1319/858 792/1320/859
f 792/1320/859 794/1319/858 793/1316/860
f 790/650/861 795/658/862 791/654/857
f 791/654/857 795/658/862 794/662/858
f 809/1310/863 812/1314/864 810/1309/865
f 810/1309/865 812/1314/864 811/1313/866
f 808/554/867 813/559/868 809/560/863
f 809/560/863 813/559/868 812/564/864
f 815/1315/869 818/1311/870 816/1312/871
f 816/1312/871 818/1311/870 817/1306/872
f 814/72/873 819/68/874 815/71/869
f 815/71/869 819/68/874 818/67/870
f 822/69/875 821/70/876 823/65/877
f 823/65/877 821/70/876 824/66/878
f 821/1391/876 820/1387/879 824/1388/878
f 824/1388/878 820/1387/879 825/1380/880
f 828/558/881 827/561/882 829/562/883
f 829/562/883 827/561/882 830/565/884
f 827/1385/882 826/1384/885 830/1390/884
f 830/1390/884 826/1384/885 831/1389/886
f 833/1331/887 836/1327/888 834/1328/889
f 834/1328/889 836/1327/888 835/1324/890
f 832/636/891 837/642/892 833/633/887
f 833/633/887 837/642/892 836/646/888
f 839/1326/893 842/1330/894 840/1325/895
f 840/1325/895 842/1330/894 841/1329/896
f 838/571/897 843/575/898 839/576/893
f 839/576/893 843/575/898 842/580/894
f 846/574/899 845/577/900 847/578/901
f 847/578/901 845/577/900 848/581/902
f 845/1402/900 844/1401/903 848/1406/902
f 848/1406/902 844/1401/903 849/1405/904
f 852/641/905 851/645/906 853/649/907
f 853/649/907 851/645/906 854/653/908
f 851/1407/906 850/1404/909 854/1403/908
f 854/1403/908 850/1404/909 855/1400/910
f 858/1344/911 857/1345/912 859/1348/913
f 859/1348/913 857/1345/912 860/1349/914
f 857/590/912 856/589/915 860/594/914
f 860/594/914 856/589/915 861/593/916
f 864/1342/917 863/1343/918 865/1337/919
f 865/1337/919 863/1343/918 866/1340/920
f 862/643/921 867/630/922 863/637/918
f 863/637/918 867/630/922 866/634/920
f 870/638/923 869/644/924 871/631/925
f 871/631/925 869/644/924 872/639/926
f 868/1419/927 873/1413/928 869/1418/924
f 869/1418/924 873/1413/928 872/1416/926
f 875/591/929 878/595/930 876/592/931
f 876/592/931 878/595/930 877/596/932
f 874/1420/933 879/1424/934 875/1421/929
f 875/1421/929 879/1424/934 878/1425/930
f 882/1358/935 881/1359/936 883/1354/937
f 883/1354/937 881/1359/936 884/1355/938
f 881/674/936 880/671/939 884/667/938
f 884/667/938 880/671/939 885/663/940
f 888/1360/941 887/1361/942 889/1364/943
f 889/1364/943 887/1361/942 890/1365/944
f 887/606/942 886/605/945 890/610/944
f 890/610/944 886/605/945 891/609/946
f 893/607/947 896/611/948 894/608/949
f 894/608/949 896/611/948 895/612/950
f 892/1436/951 897/1440/952 893/1437/947
f 893/1437/947 897/1440/952 896/1441/948
f 899/675/953 902/668/954 900/672/955
f 900/672/955 902/668/954 901/664/956
f 898/1435/957 903/1431/958 899/1434/953
f 899/1434/953 903/1431/958 902/1430/954
f 685/51/781 697/54/792 679/49/779
f 679/49/779 697/54/792 691/60/789
f 693/541/798 695/543/801 726/546/799
f 726/546/799 695/543/801 729/550/959
f 709/91/805 721/80/815 703/86/803
f 703/86/803 721/80/815 715/76/813
f 819/68/874 823/65/877 677/62/783
f 677/62/783 823/65/877 687/57/784
f 825/1380/880 727/1377/960 683/1374/793
f 683/1374/793 727/1377/960 699/1375/794
f 817/1306/872 681/1298/785 724/1303/797
f 724/1303/797 681/1298/785 689/1300/787
f 730/1362/820 889/1364/943 713/1366/812
f 713/1366/812 889/1364/943 705/1368/811
f 717/75/822 719/77/826 732/82/823
f 732/82/823 719/77/826 735/90/961
f 733/1439/962 723/1443/818 897/1440/952
f 897/1440/952 723/1443/818 707/1444/817
f 891/609/946 895/612/950 701/613/807
f 701/613/807 895/612/950 711/616/808
f 739/1338/829 865/1337/919 738/1333/827
f 738/1333/827 865/1337/919 744/1336/835
f 736/579/831 756/582/963 741/583/832
f 741/583/832 756/582/963 759/586/964
f 748/1412/965 873/1413/928 754/1409/966
f 754/1409/966 873/1413/928 757/1414/967
f 867/630/922 871/631/925 742/625/837
f 742/625/837 871/631/925 750/628/968
f 744/1336/835 745/1332/836 738/1333/827
f 738/1333/827 745/1332/836 841/1329/896
f 742/625/837 750/628/968 747/626/838
f 747/626/838 750/628/968 753/632/969
f 849/1405/904 751/1408/970 754/1409/966
f 754/1409/966 751/1408/970 748/1412/965
f 843/575/898 847/578/901 736/579/831
f 736/579/831 847/578/901 756/582/963
f 792/1320/859 793/1316/860 786/1317/853
f 786/1317/853 793/1316/860 811/1313/866
f 790/650/861 798/657/971 795/658/862
f 795/658/862 798/657/971 801/665/972
f 831/1389/886 799/1392/973 802/1393/974
f 802/1393/974 799/1392/973 796/1396/975
f 813/559/868 829/562/883 784/563/855
f 784/563/855 829/562/883 804/566/976
f 835/1324/890 792/1320/859 787/1321/854
f 787/1321/854 792/1320/859 786/1317/853
f 784/563/855 804/566/976 789/567/856
f 789/567/856 804/566/976 807/570/977
f 802/1393/974 796/1396/975 805/1397/978
f 805/1397/978 796/1396/975 855/1400/910
f 837/642/892 853/649/907 790/650/861
f 790/650/861 853/649/907 798/657/971
f 768/1352/845 762/1350/839 859/1348/913
f 859/1348/913 762/1350/839 763/1346/841
f 760/655/843 780/656/979 765/647/844
f 765/647/844 780/656/979 783/648/980
f 781/1423/981 778/1427/982 879/1424/934
f 879/1424/934 778/1427/982 772/1428/983
f 861/593/916 877/596/932 766/597/849
f 766/597/849 877/596/932 774/600/984
f 769/1356/847 883/1354/937 768/1352/845
f 768/1352/845 883/1354/937 762/1350/839
f 766/597/849 774/600/984 771/601/850
f 771/601/850 774/600/984 777/604/985
f 778/1427/982 903/1431/958 772/1428/983
f 772/1428/983 903/1431/958 775/1432/986
f 885/663/940 901/664/956 760/655/843
f 760/655/843 901/664/956 780/656/979
f 858/1344/911 864/1342/917 739/1338/829
f 739/1338/829 864/1342/917 865/1337/919
f 862/643/921 870/638/923 867/630/922
f 867/630/922 870/638/923 871/631/925
f 873/1413/928 868/1419/927 757/1414/967
f 757/1414/967 868/1419/927 874/1420/933
f 741/583/832 759/586/964 856/589/915
f 856/589/915 759/586/964 876/592/931
f 745/1332/836 834/1328/889 841/1329/896
f 841/1329/896 834/1328/889 840/1325/895
f 838/571/897 846/574/899 843/575/898
f 843/575/898 846/574/899 847/578/901
f 844/1401/903 850/1404/909 849/1405/904
f 849/1405/904 850/1404/909 751/1408/970
f 747/626/838 753/632/969 832/636/891
f 832/636/891 753/632/969 852/641/905
f 834/1328/889 835/1324/890 840/1325/895
f 840/1325/895 835/1324/890 787/1321/854
f 832/636/891 852/641/905 837/642/892
f 837/642/892 852/641/905 853/649/907
f 805/1397/978 855/1400/910 844/1401/903
f 844/1401/903 855/1400/910 850/1404/909
f 789/567/856 807/570/977 838/571/897
f 838/571/897 807/570/977 846/574/899
f 793/1316/860 816/1312/871 811/1313/866
f 811/1313/866 816/1312/871 810/1309/865
f 808/554/867 828/558/881 813/559/868
f 813/559/868 828/558/881 829/562/883
f 826/1384/885 820/1387/879 831/1389/886
f 831/1389/886 820/1387/879 799/1392/973
f 795/658/862 801/665/972 814/666/873
f 814/666/873 801/665/972 822/673/875
f 816/1312/871 817/1306/872 810/1309/865
f 810/1309/865 817/1306/872 724/1303/797
f 814/72/873 822/69/875 819/68/874
f 819/68/874 822/69/875 823/65/877
f 727/1377/960 825/1380/880 826/1384/885
f 826/1384/885 825/1380/880 820/1387/879
f 726/546/799 729/550/959 808/554/867
f 808/554/867 729/550/959 828/558/881
f 888/1360/941 882/1358/935 769/1356/847
f 769/1356/847 882/1358/935 883/1354/937
f 880/671/939 900/672/955 885/663/940
f 885/663/940 900/672/955 901/664/956
f 903/1431/958 898/1435/957 775/1432/986
f 775/1432/986 898/1435/957 892/1436/951
f 771/601/850 777/604/985 886/605/945
f 886/605/945 777/604/985 894/608/949
f 859/1348/913 763/1346/841 858/1344/911
f 858/1344/911 763/1346/841 864/1342/917
f 856/589/915 876/592/931 861/593/916
f 861/593/916 876/592/931 877/596/932
f 868/1419/927 781/1423/981 874/1420/933
f 874/1420/933 781/1423/981 879/1424/934
f 765/647/844 783/648/980 862/643/921
f 862/643/921 783/648/980 870/638/923
f 889/1364/943 730/1362/820 888/1360/941
f 888/1360/941 730/1362/820 882/1358/935
f 886/605/945 894/608/949 891/609/946
f 891/609/946 894/608/949 895/612/950
f 898/1435/957 733/1439/962 892/1436/951
f 892/1436/951 733/1439/962 897/1440/952
f 732/82/823 735/90/961 880/93/939
f 880/93/939 735/90/961 900/96/955
f 695/543/801 694/553/987 729/550/959
f 729/550/959 694/553/987 728/557/988
f 694/1382/987 699/1375/794 728/1381/988
f 728/1381/988 699/1375/794 727/1377/960
f 718/81/989 734/89/990 719/77/826
f 719/77/826 734/89/990 735/90/961
f 723/1443/818 733/1439/962 718/1442/989
f 718/1442/989 733/1439/962 734/1438/990
f 750/628/968 749/635/991 753/632/969
f 753/632/969 749/635/991 752/640/992
f 749/1415/991 748/1412/965 752/1411/992
f 752/1411/992 748/1412/965 751/1408/970
f 755/585/993 758/588/994 756/582/963
f 756/582/963 758/588/994 759/586/964
f 754/1409/966 757/1414/967 755/1410/993
f 755/1410/993 757/1414/967 758/1417/994
f 773/599/995 776/603/996 774/600/984
f 774/600/984 776/603/996 777/604/985
f 772/1428/983 775/1432/986 773/1429/995
f 773/1429/995 775/1432/986 776/1433/996
f 779/660/997 782/652/998 780/656/979
f 780/656/979 782/652/998 783/648/980
f 778/1427/982 781/1423/981 779/1426/997
f 779/1426/997 781/1423/981 782/1422/998
f 798/657/971 797/661/999 801/665/972
f 801/665/972 797/661/999 800/669/1000
f 797/1399/999 796/1396/975 800/1395/1000
f 800/1395/1000 796/1396/975 799/1392/973
f 804/566/976 803/569/1001 807/570/977
f 807/570/977 803/569/1001 806/573/1002
f 803/1394/1001 802/1393/974 806/1398/1002
f 806/1398/1002 802/1393/974 805/1397/978
f 725/1307/796 809/1310/863 724/1303/797
f 724/1303/797 809/1310/863 810/1309/865
f 726/546/799 808/554/867 725/555/796
f 725/555/796 808/554/867 809/560/863
f 785/568/851 812/564/864 784/563/855
f 784/563/855 812/564/864 813/559/868
f 786/1317/853 811/1313/866 785/1318/851
f 785/1318/851 811/1313/866 812/1314/864
f 794/1319/858 815/1315/869 793/1316/860
f 793/1316/860 815/1315/869 816/1312/871
f 795/658/862 814/666/873 794/662/858
f 794/662/858 814/666/873 815/670/869
f 676/61/1003 818/67/870 677/62/783
f 677/62/783 818/67/870 819/68/874
f 681/1298/785 817/1306/872 676/1304/1003
f 676/1304/1003 817/1306/872 818/1311/870
f 801/665/972 800/669/1000 822/673/875
f 822/673/875 800/669/1000 821/676/876
f 800/1395/1000 799/1392/973 821/1391/876
f 821/1391/876 799/1392/973 820/1387/879
f 683/1374/793 682/1383/1004 825/1380/880
f 825/1380/880 682/1383/1004 824/1388/878
f 682/63/1004 687/57/784 824/66/878
f 824/66/878 687/57/784 823/65/877
f 729/550/959 728/557/988 828/558/881
f 828/558/881 728/557/988 827/561/882
f 728/1381/988 727/1377/960 827/1385/882
f 827/1385/882 727/1377/960 826/1384/885
f 802/1393/974 803/1394/1001 831/1389/886
f 831/1389/886 803/1394/1001 830/1390/884
f 803/569/1001 804/566/976 830/565/884
f 830/565/884 804/566/976 829/562/883
f 746/1335/834 833/1331/887 745/1332/836
f 745/1332/836 833/1331/887 834/1328/889
f 746/629/834 747/626/838 833/633/887
f 833/633/887 747/626/838 832/636/891
f 791/654/857 836/646/888 790/650/861
f 790/650/861 836/646/888 837/642/892
f 792/1320/859 835/1324/890 791/1323/857
f 791/1323/857 835/1324/890 836/1327/888
f 788/1322/852 839/1326/893 787/1321/854
f 787/1321/854 839/1326/893 840/1325/895
f 789/567/856 838/571/897 788/572/852
f 788/572/852 838/571/897 839/576/893
f 737/584/828 842/580/894 736/579/831
f 736/579/831 842/580/894 843/575/898
f 738/1333/827 841/1329/896 737/1334/828
f 737/1334/828 841/1329/896 842/1330/894
f 807/570/977 806/573/1002 846/574/899
f 846/574/899 806/573/1002 845/577/900
f 806/1398/1002 805/1397/978 845/1402/900
f 845/1402/900 805/1397/978 844/1401/903
f 754/1409/966 755/1410/993 849/1405/904
f 849/1405/904 755/1410/993 848/1406/902
f 755/585/993 756/582/963 848/581/902
f 848/581/902 756/582/963 847/578/901
f 752/640/992 851/645/906 753/632/969
f 753/632/969 851/645/906 852/641/905
f 752/1411/992 751/1408/970 851/1407/906
f 851/1407/906 751/1408/970 850/1404/909
f 796/1396/975 797/1399/999 855/1400/910
f 855/1400/910 797/1399/999 854/1403/908
f 797/661/999 798/657/971 854/653/908
f 854/653/908 798/657/971 853/649/907
f 739/1338/829 740/1341/830 858/1344/911
f 858/1344/911 740/1341/830 857/1345/912
f 740/587/830 741/583/832 857/590/912
f 857/590/912 741/583/832 856/589/915
f 766/597/849 767/598/846 861/593/916
f 861/593/916 767/598/846 860/594/914
f 767/1353/846 768/1352/845 860/1349/914
f 860/1349/914 768/1352/845 859/1348/913
f 763/1346/841 764/1347/842 864/1342/917
f 864/1342/917 764/1347/842 863/1343/918
f 764/651/842 765/647/844 863/637/918
f 863/637/918 765/647/844 862/643/921
f 742/625/837 743/627/833 867/630/922
f 867/630/922 743/627/833 866/634/920
f 743/1339/833 744/1336/835 866/1340/920
f 866/1340/920 744/1336/835 865/1337/919
f 782/652/998 869/644/924 783/648/980
f 783/648/980 869/644/924 870/638/923
f 781/1423/981 868/1419/927 782/1422/998
f 782/1422/998 868/1419/927 869/1418/924
f 749/1415/991 872/1416/926 748/1412/965
f 748/1412/965 872/1416/926 873/1413/928
f 750/628/968 871/631/925 749/635/991
f 749/635/991 871/631/925 872/639/926
f 758/588/994 875/591/929 759/586/964
f 759/586/964 875/591/929 876/592/931
f 757/1414/967 874/1420/933 758/1417/994
f 758/1417/994 874/1420/933 875/1421/929
f 773/1429/995 878/1425/930 772/1428/983
f 772/1428/983 878/1425/930 879/1424/934
f 774/600/984 877/596/932 773/599/995
f 773/599/995 877/596/932 878/595/930
f 730/1362/820 731/1363/821 882/1358/935
f 882/1358/935 731/1363/821 881/1359/936
f 731/83/821 732/82/823 881/94/936
f 881/94/936 732/82/823 880/93/939
f 760/655/843 761/659/840 885/663/940
f 885/663/940 761/659/840 884/667/938
f 761/1351/840 762/1350/839 884/1355/938
f 884/1355/938 762/1350/839 883/1354/937
f 769/1356/847 770/1357/848 888/1360/941
f 888/1360/941 770/1357/848 887/1361/942
f 770/602/848 771/601/850 887/606/942
f 887/606/942 771/601/850 886/605/945
f 701/613/807 700/614/1005 891/609/946
f 891/609/946 700/614/1005 890/610/944
f 700/1369/1005 705/1368/811 890/1365/944
f 890/1365/944 705/1368/811 889/1364/943
f 776/603/996 893/607/947 777/604/985
f 777/604/985 893/607/947 894/608/949
f 775/1432/986 892/1436/951 776/1433/996
f 776/1433/996 892/1436/951 893/1437/947
f 706/1445/1006 896/1441/948 707/1444/817
f 707/1444/817 896/1441/948 897/1440/952
f 711/616/808 895/612/950 706/615/1006
f 706/615/1006 895/612/950 896/611/948
f 734/89/990 899/95/953 735/90/961
f 735/90/961 899/95/953 900/96/955
f 733/1439/962 898/1435/957 734/1438/990
f 734/1438/990 898/1435/957 899/1434/953
f 779/1426/997 902/1430/954 778/1427/982
f 778/1427/982 902/1430/954 903/1431/958
f 780/656/979 901/664/956 779/660/997
f 779/660/997 901/664/956 902/668/954
f 680/1299/786 681/1298/785 904/1301/1007
f 904/1301/1007 681/1298/785 676/1304/1003
f 677/62/783 678/50/780 676/61/1003
f 676/61/1003 678/50/780 904/56/1007
f 679/49/779 680/52/786 678/50/780
f 678/50/780 680/52/786 904/56/1007
f 687/57/784 682/63/1004 686/53/782
f 686/53/782 682/63/1004 905/64/1008
f 682/1383/1004 683/1374/793 905/1379/1008
f 905/1379/1008 683/1374/793 684/1376/790
f 685/51/781 686/53/782 684/58/790
f 684/58/790 686/53/782 905/64/1008
f 692/542/800 693/541/798 906/544/1009
f 906/544/1009 693/541/798 688/547/795
f 689/1300/787 690/1302/788 688/1305/795
f 688/1305/795 690/1302/788 906/1308/1009
f 690/551/788 691/548/789 906/544/1009
f 906/544/1009 691/548/789 692/542/800
f 699/1375/794 694/1382/987 698/1378/791
f 698/1378/791 694/1382/987 907/1386/1010
f 694/553/987 695/543/801 907/549/1010
f 907/549/1010 695/543/801 696/545/802
f 696/545/802 697/552/792 907/549/1010
f 907/549/1010 697/552/792 698/556/791
f 705/1368/811 700/1369/1005 704/1372/809
f 704/1372/809 700/1369/1005 908/1373/1011
f 700/614/1005 701/613/807 908/618/1011
f 908/618/1011 701/613/807 702/620/804
f 702/620/804 703/622/803 908/618/1011
f 908/618/1011 703/622/803 704/624/809
f 710/617/806 711/616/808 909/619/1012
f 909/619/1012 711/616/808 706/615/1006
f 707/1444/817 708/1448/814 706/1445/1006
f 706/1445/1006 708/1448/814 909/1449/1012
f 708/623/814 709/621/805 909/619/1012
f 909/619/1012 709/621/805 710/617/806
f 717/75/822 712/78/819 716/73/824
f 716/73/824 712/78/819 910/84/1013
f 712/1367/819 713/1366/812 910/1371/1013
f 910/1371/1013 713/1366/812 714/1370/810
f 715/76/813 716/73/824 714/79/810
f 714/79/810 716/73/824 910/84/1013
f 722/1447/816 723/1443/818 911/1446/1014
f 911/1446/1014 723/1443/818 718/1442/989
f 719/77/826 720/74/825 718/81/989
f 718/81/989 720/74/825 911/88/1014
f 721/80/815 722/87/816 720/74/825
f 720/74/825 722/87/816 911/88/1014
s 133
f 912/1450/1015 913/1451/1016 1072/1452/1017
f 1072/1452/1017 913/1451/1016 1091/1453/1018
f 913/113/1016 914/104/1019 1091/108/1018
f 1091/108/1018 914/104/1019 1090/101/1020
f 914/104/1019 915/97/1021 1090/101/1020
f 1090/101/1020 915/97/1021 1089/99/1022
f 915/97/1021 916/98/1023 1089/99/1022
f 1089/99/1022 916/98/1023 1088/100/1024
f 916/98/1023 917/102/1025 1088/100/1024
f 1088/100/1024 917/102/1025 1087/106/1026
f 917/102/1025 918/110/1027 1087/106/1026
f 1087/106/1026 918/110/1027 1086/115/1028
f 918/110/1027 919/118/1029 1086/115/1028
f 1086/115/1028 919/118/1029 1085/122/1030
f 919/1495/1029 920/1496/1031 1085/1497/1030
f 1085/1497/1030 920/1496/1031 1084/1498/1032
f 920/1496/1031 921/1499/1033 1084/1498/1032
f 1084/1498/1032 921/1499/1033 1083/1501/1034
f 921/1499/1033 922/1503/1035 1083/1501/1034
f 1083/1501/1034 922/1503/1035 1082/1505/1036
f 922/1503/1035 923/1508/1037 1082/1505/1036
f 1082/1505/1036 923/1508/1037 1081/1510/1038
f 923/176/1037 924/167/1039 1081/171/1038
f 1081/171/1038 924/167/1039 1080/164/1040
f 924/167/1039 925/160/1041 1080/164/1040
f 1080/164/1040 925/160/1041 1079/162/1042
f 925/160/1041 926/161/1043 1079/162/1042
f 1079/162/1042 926/161/1043 1078/163/1044
f 926/161/1043 927/165/1045 1078/163/1044
f 1078/163/1044 927/165/1045 1077/169/1046
f 927/165/1045 928/173/1047 1077/169/1046
f 1077/169/1046 928/173/1047 1076/178/1048
f 928/173/1047 929/181/1049 1076/178/1048
f 1076/178/1048 929/181/1049 1075/185/1050
f 929/1472/1049 930/1463/1051 1075/1466/1050
f 1075/1466/1050 930/1463/1051 1074/1459/1052
f 930/1463/1051 931/1456/1053 1074/1459/1052
f 1074/1459/1052 931/1456/1053 1073/1454/1054
f 931/1456/1053 912/1450/1015 1073/1454/1054
f 1073/1454/1054 912/1450/1015 1072/1452/1017
f 953/1470/1055 952/1469/1056 1013/1476/1057
f 1013/1476/1057 952/1469/1056 1012/1475/1058
f 954/1471/1059 953/1470/1055 1014/1477/1060
f 1014/1477/1060 953/1470/1055 1013/1476/1057
f 955/1473/1061 954/1471/1059 1015/1478/1062
f 1015/1478/1062 954/1471/1059 1014/1477/1060
f 956/200/1063 955/206/1061 1016/207/1064
f 1016/207/1064 955/206/1061 1015/213/1062
f 957/194/1065 956/200/1063 1017/201/1066
f 1017/201/1066 956/200/1063 1016/207/1064
f 958/188/1067 957/194/1065 1018/195/1068
f 1018/195/1068 957/194/1065 1017/201/1066
f 959/182/1069 958/188/1067 1019/189/1070
f 1019/189/1070 958/188/1067 1018/195/1068
f 960/183/1071 959/182/1069 1020/190/1072
f 1020/190/1072 959/182/1069 1019/189/1070
f 961/184/1073 960/183/1071 1021/191/1074
f 1021/191/1074 960/183/1071 1020/190/1072
f 962/1521/1075 961/1525/1073 1022/1526/1076
f 1022/1526/1076 961/1525/1073 1021/1530/1074
f 963/1517/1077 962/1521/1075 1023/1522/1078
f 1023/1522/1078 962/1521/1075 1022/1526/1076
f 964/1513/1079 963/1517/1077 1024/1518/1080
f 1024/1518/1080 963/1517/1077 1023/1522/1078
f 965/1509/1081 964/1513/1079 1025/1514/1082
f 1025/1514/1082 964/1513/1079 1024/1518/1080
f 966/137/1083 965/143/1081 1026/144/1084
f 1026/144/1084 965/143/1081 1025/150/1082
f 967/131/1085 966/137/1083 1027/138/1086
f 1027/138/1086 966/137/1083 1026/144/1084
f 968/125/1087 967/131/1085 1028/132/1088
f 1028/132/1088 967/131/1085 1027/138/1086
f 969/119/1089 968/125/1087 1029/126/1090
f 1029/126/1090 968/125/1087 1028/132/1088
f 970/120/1091 969/119/1089 1030/127/1092
f 1030/127/1092 969/119/1089 1029/126/1090
f 971/121/1093 970/120/1091 1031/128/1094
f 1031/128/1094 970/120/1091 1030/127/1092
f 952/1469/1056 971/1474/1093 1012/1475/1058
f 1012/1475/1058 971/1474/1093 1031/1479/1094
f 973/1457/1095 972/1455/1096 1053/1462/1097
f 1053/1462/1097 972/1455/1096 1052/1461/1098
f 974/1460/1099 973/1457/1095 1054/1464/1100
f 1054/1464/1100 973/1457/1095 1053/1462/1097
f 975/1467/1101 974/1460/1099 1055/1468/1102
f 1055/1468/1102 974/1460/1099 1054/1464/1100
f 976/186/1103 975/192/1101 1056/193/1104
f 1056/193/1104 975/192/1101 1055/199/1102
f 977/179/1105 976/186/1103 1057/187/1106
f 1057/187/1106 976/186/1103 1056/193/1104
f 978/170/1107 977/179/1105 1058/180/1108
f 1058/180/1108 977/179/1105 1057/187/1106
f 979/166/1109 978/170/1107 1059/174/1110
f 1059/174/1110 978/170/1107 1058/180/1108
f 980/168/1111 979/166/1109 1060/175/1112
f 1060/175/1112 979/166/1109 1059/174/1110
f 981/172/1113 980/168/1111 1061/177/1114
f 1061/177/1114 980/168/1111 1060/175/1112
f 982/1511/1115 981/1515/1113 1062/1516/1116
f 1062/1516/1116 981/1515/1113 1061/1520/1114
f 983/1506/1117 982/1511/1115 1063/1512/1118
f 1063/1512/1118 982/1511/1115 1062/1516/1116
f 984/1502/1119 983/1506/1117 1064/1507/1120
f 1064/1507/1120 983/1506/1117 1063/1512/1118
f 985/1500/1121 984/1502/1119 1065/1504/1122
f 1065/1504/1122 984/1502/1119 1064/1507/1120
f 986/123/1123 985/129/1121 1066/130/1124
f 1066/130/1124 985/129/1121 1065/136/1122
f 987/116/1125 986/123/1123 1067/124/1126
f 1067/124/1126 986/123/1123 1066/130/1124
f 988/107/1127 987/116/1125 1068/117/1128
f 1068/117/1128 987/116/1125 1067/124/1126
f 989/103/1129 988/107/1127 1069/111/1130
f 1069/111/1130 988/107/1127 1068/117/1128
f 990/105/1131 989/103/1129 1070/112/1132
f 1070/112/1132 989/103/1129 1069/111/1130
f 991/109/1133 990/105/1131 1071/114/1134
f 1071/114/1134 990/105/1131 1070/112/1132
f 972/1455/1096 991/1458/1133 1052/1461/1098
f 1052/1461/1098 991/1458/1133 1071/1465/1134
f 993/1481/1135 992/1480/1136 1033/1486/1137
f 1033/1486/1137 992/1480/1136 1032/1485/1138
f 994/1482/1139 993/1481/1135 1034/1487/1140
f 1034/1487/1140 993/1481/1135 1033/1486/1137
f 995/1483/1141 994/1482/1139 1035/1488/1142
f 1035/1488/1142 994/1482/1139 1034/1487/1140
f 996/214/1143 995/217/1141 1036/218/1144
f 1036/218/1144 995/217/1141 1035/220/1142
f 997/208/1145 996/214/1143 1037/215/1146
f 1037/215/1146 996/214/1143 1036/218/1144
f 998/202/1147 997/208/1145 1038/209/1148
f 1038/209/1148 997/208/1145 1037/215/1146
f 999/196/1149 998/202/1147 1039/203/1150
f 1039/203/1150 998/202/1147 1038/209/1148
f 1000/197/1151 999/196/1149 1040/204/1152
f 1040/204/1152 999/196/1149 1039/203/1150
f 1001/198/1153 1000/197/1151 1041/205/1154
f 1041/205/1154 1000/197/1151 1040/204/1152
f 1002/1531/1155 1001/1534/1153 1042/1535/1156
f 1042/1535/1156 1001/1534/1153 1041/1537/1154
f 1003/1527/1157 1002/1531/1155 1043/1532/1158
f 1043/1532/1158 1002/1531/1155 1042/1535/1156
f 1004/1523/1159 1003/1527/1157 1044/1528/1160
f 1044/1528/1160 1003/1527/1157 1043/1532/1158
f 1005/1519/1161 1004/1523/1159 1045/1524/1162
f 1045/1524/1162 1004/1523/1159 1044/1528/1160
f 1006/151/1163 1005/154/1161 1046/155/1164
f 1046/155/1164 1005/154/1161 1045/157/1162
f 1007/145/1165 1006/151/1163 1047/152/1166
f 1047/152/1166 1006/151/1163 1046/155/1164
f 1008/139/1167 1007/145/1165 1048/146/1168
f 1048/146/1168 1007/145/1165 1047/152/1166
f 1009/133/1169 1008/139/1167 1049/140/1170
f 1049/140/1170 1008/139/1167 1048/146/1168
f 1010/134/1171 1009/133/1169 1050/141/1172
f 1050/141/1172 1009/133/1169 1049/140/1170
f 1011/135/1173 1010/134/1171 1051/142/1174
f 1051/142/1174 1010/134/1171 1050/141/1172
f 992/1480/1136 1011/1484/1173 1032/1485/1138
f 1032/1485/1138 1011/1484/1173 1051/1489/1174
f 1013/1476/1057 1012/1475/1058 993/1481/1135
f 993/1481/1135 1012/1475/1058 992/1480/1136
f 1014/1477/1060 1013/1476/1057 994/1482/1139
f 994/1482/1139 1013/1476/1057 993/1481/1135
f 1015/1478/1062 1014/1477/1060 995/1483/1141
f 995/1483/1141 1014/1477/1060 994/1482/1139
f 1016/207/1064 1015/213/1062 996/214/1143
f 996/214/1143 1015/213/1062 995/217/1141
f 1017/201/1066 1016/207/1064 997/208/1145
f 997/208/1145 1016/207/1064 996/214/1143
f 1018/195/1068 1017/201/1066 998/202/1147
f 998/202/1147 1017/201/1066 997/208/1145
f 1019/189/1070 1018/195/1068 999/196/1149
f 999/196/1149 1018/195/1068 998/202/1147
f 1020/190/1072 1019/189/1070 1000/197/1151
f 1000/197/1151 1019/189/1070 999/196/1149
f 1021/191/1074 1020/190/1072 1001/198/1153
f 1001/198/1153 1020/190/1072 1000/197/1151
f 1022/1526/1076 1021/1530/1074 1002/1531/1155
f 1002/1531/1155 1021/1530/1074 1001/1534/1153
f 1023/1522/1078 1022/1526/1076 1003/1527/1157
f 1003/1527/1157 1022/1526/1076 1002/1531/1155
f 1024/1518/1080 1023/1522/1078 1004/1523/1159
f 1004/1523/1159 1023/1522/1078 1003/1527/1157
f 1025/1514/1082 1024/1518/1080 1005/1519/1161
f 1005/1519/1161 1024/1518/1080 1004/1523/1159
f 1026/144/1084 1025/150/1082 1006/151/1163
f 1006/151/1163 1025/150/1082 1005/154/1161
f 1027/138/1086 1026/144/1084 1007/145/1165
f 1007/145/1165 1026/144/1084 1006/151/1163
f 1028/132/1088 1027/138/1086 1008/139/1167
f 1008/139/1167 1027/138/1086 1007/145/1165
f 1029/126/1090 1028/132/1088 1009/133/1169
f 1009/133/1169 1028/132/1088 1008/139/1167
f 1030/127/1092 1029/126/1090 1010/134/1171
f 1010/134/1171 1029/126/1090 1009/133/1169
f 1031/128/1094 1030/127/1092 1011/135/1173
f 1011/135/1173 1030/127/1092 1010/134/1171
f 1012/1475/1058 1031/1479/1094 992/1480/1136
f 992/1480/1136 1031/1479/1094 1011/1484/1173
f 1033/1486/1137 1032/1485/1138 951/1491/1175
f 951/1491/1175 1032/1485/1138 932/1490/1176
f 1034/1487/1140 1033/1486/1137 950/1492/1177
f 950/1492/1177 1033/1486/1137 951/1491/1175
f 1035/1488/1142 1034/1487/1140 949/1493/1178
f 949/1493/1178 1034/1487/1140 950/1492/1177
f 1036/218/1144 1035/220/1142 948/221/1179
f 948/221/1179 1035/220/1142 949/222/1178
f 1037/215/1146 1036/218/1144 947/219/1180
f 947/219/1180 1036/218/1144 948/221/1179
f 1038/209/1148 1037/215/1146 946/216/1181
f 946/216/1181 1037/215/1146 947/219/1180
f 1039/203/1150 1038/209/1148 945/210/1182
f 945/210/1182 1038/209/1148 946/216/1181
f 1040/204/1152 1039/203/1150 944/211/1183
f 944/211/1183 1039/203/1150 945/210/1182
f 1041/205/1154 1040/204/1152 943/212/1184
f 943/212/1184 1040/204/1152 944/211/1183
f 1042/1535/1156 1041/1537/1154 942/1538/1185
f 942/1538/1185 1041/1537/1154 943/1539/1184
f 1043/1532/1158 1042/1535/1156 941/1536/1186
f 941/1536/1186 1042/1535/1156 942/1538/1185
f 1044/1528/1160 1043/1532/1158 940/1533/1187
f 940/1533/1187 1043/1532/1158 941/1536/1186
f 1045/1524/1162 1044/1528/1160 939/1529/1188
f 939/1529/1188 1044/1528/1160 940/1533/1187
f 1046/155/1164 1045/157/1162 938/158/1189
f 938/158/1189 1045/157/1162 939/159/1188
f 1047/152/1166 1046/155/1164 937/156/1190
f 937/156/1190 1046/155/1164 938/158/1189
f 1048/146/1168 1047/152/1166 936/153/1191
f 936/153/1191 1047/152/1166 937/156/1190
f 1049/140/1170 1048/146/1168 935/147/1192
f 935/147/1192 1048/146/1168 936/153/1191
f 1050/141/1172 1049/140/1170 934/148/1193
f 934/148/1193 1049/140/1170 935/147/1192
f 1051/142/1174 1050/141/1172 933/149/1194
f 933/149/1194 1050/141/1172 934/148/1193
f 1032/1485/1138 1051/1489/1174 932/1490/1176
f 932/1490/1176 1051/1489/1174 933/1494/1194
f 1053/1462/1097 1052/1461/1098 953/1470/1055
f 953/1470/1055 1052/1461/1098 952/1469/1056
f 1054/1464/1100 1053/1462/1097 954/1471/1059
f 954/1471/1059 1053/1462/1097 953/1470/1055
f 1055/1468/1102 1054/1464/1100 955/1473/1061
f 955/1473/1061 1054/1464/1100 954/1471/1059
f 1056/193/1104 1055/199/1102 956/200/1063
f 956/200/1063 1055/199/1102 955/206/1061
f 1057/187/1106 1056/193/1104 957/194/1065
f 957/194/1065 1056/193/1104 956/200/1063
f 1058/180/1108 1057/187/1106 958/188/1067
f 958/188/1067 1057/187/1106 957/194/1065
f 1059/174/1110 1058/180/1108 959/182/1069
f 959/182/1069 1058/180/1108 958/188/1067
f 1060/175/1112 1059/174/1110 960/183/1071
f 960/183/1071 1059/174/1110 959/182/1069
f 1061/177/1114 1060/175/1112 961/184/1073
f 961/184/1073 1060/175/1112 960/183/1071
f 1062/1516/1116 1061/1520/1114 962/1521/1075
f 962/1521/1075 1061/1520/1114 961/1525/1073
f 1063/1512/1118 1062/1516/1116 963/1517/1077
f 963/1517/1077 1062/1516/1116 962/1521/1075
f 1064/1507/1120 1063/1512/1118 964/1513/1079
f 964/1513/1079 1063/1512/1118 963/1517/1077
f 1065/1504/1122 1064/1507/1120 965/1509/1081
f 965/1509/1081 1064/1507/1120 964/1513/1079
f 1066/130/1124 1065/136/1122 966/137/1083
f 966/137/1083 1065/136/1122 965/143/1081
f 1067/124/1126 1066/130/1124 967/131/1085
f 967/131/1085 1066/130/1124 966/137/1083
f 1068/117/1128 1067/124/1126 968/125/1087
f 968/125/1087 1067/124/1126 967/131/1085
f 1069/111/1130 1068/117/1128 969/119/1089
f 969/119/1089 1068/117/1128 968/125/1087
f 1070/112/1132 1069/111/1130 970/120/1091
f 970/120/1091 1069/111/1130 969/119/1089
f 1071/114/1134 1070/112/1132 971/121/1093
f 971/121/1093 1070/112/1132 970/120/1091
f 1052/1461/1098 1071/1465/1134 952/1469/1056
f 952/1469/1056 1071/1465/1134 971/1474/1093
f 1073/1454/1054 1072/1452/1017 973/1457/1095
f 973/1457/1095 1072/1452/1017 972/1455/1096
f 1074/1459/1052 1073/1454/1054 974/1460/1099
f 974/1460/1099 1073/1454/1054 973/1457/1095
f 1075/1466/1050 1074/1459/1052 975/1467/1101
f 975/1467/1101 1074/1459/1052 974/1460/1099
f 1076/178/1048 1075/185/1050 976/186/1103
f 976/186/1103 1075/185/1050 975/192/1101
f 1077/169/1046 1076/178/1048 977/179/1105
f 977/179/1105 1076/178/1048 976/186/1103
f 1078/163/1044 1077/169/1046 978/170/1107
f 978/170/1107 1077/169/1046 977/179/1105
f 1079/162/1042 1078/163/1044 979/166/1109
f 979/166/1109 1078/163/1044 978/170/1107
f 1080/164/1040 1079/162/1042 980/168/1111
f 980/168/1111 1079/162/1042 979/166/1109
f 1081/171/1038 1080/164/1040 981/172/1113
f 981/172/1113 1080/164/1040 980/168/1111
f 1082/1505/1036 1081/1510/1038 982/1511/1115
f 982/1511/1115 1081/1510/1038 981/1515/1113
f 1083/1501/1034 1082/1505/1036 983/1506/1117
f 983/1506/1117 1082/1505/1036 982/1511/1115
f 1084/1498/1032 1083/1501/1034 984/1502/1119
f 984/1502/1119 1083/1501/1034 983/1506/1117
f 1085/1497/1030 1084/1498/1032 985/1500/1121
f 985/1500/1121 1084/1498/1032 984/1502/1119
f 1086/115/1028 1085/122/1030 986/123/1123
f 986/123/1123 1085/122/1030 985/129/1121
f 1087/106/1026 1086/115/1028 987/116/1125
f 987/116/1125 1086/115/1028 986/123/1123
f 1088/100/1024 1087/106/1026 988/107/1127
f 988/107/1127 1087/106/1026 987/116/1125
f 1089/99/1022 1088/100/1024 989/103/1129
f 989/103/1129 1088/100/1024 988/107/1127
f 1090/101/1020 1089/99/1022 990/105/1131
f 990/105/1131 1089/99/1022 989/103/1129
f 1091/108/1018 1090/101/1020 991/109/1133
f 991/109/1133 1090/101/1020 990/105/1131
f 1072/1452/1017 1091/1453/1018 972/1455/1096
f 972/1455/1096 1091/1453/1018 991/1458/1133
f 913/677/1016 912/678/1015 1093/679/1195
f 1093/679/1195 912/678/1015 1092/680/1196
f 914/683/1019 913/677/1016 1094/681/1197
f 1094/681/1197 913/677/1016 1093/679/1198
f 915/687/1021 914/683/1019 1095/685/1199
f 1095/685/1199 914/683/1019 1094/681/1200
f 916/691/1023 915/687/1021 1096/689/1201
f 1096/689/1201 915/687/1021 1095/685/1202
f 917/695/1025 916/691/1023 1097/693/1203
f 1097/693/1203 916/691/1023 1096/689/1204
f 918/699/1027 917/695/1025 1098/697/1205
f 1098/697/1205 917/695/1025 1097/693/1206
f 919/703/1029 918/699/1027 1099/701/1207
f 1099/701/1207 918/699/1027 1098/697/1208
f 920/707/1031 919/703/1029 1100/705/1209
f 1100/705/1209 919/703/1029 1099/701/1210
f 921/711/1033 920/707/1031 1101/709/1211
f 1101/709/1211 920/707/1031 1100/705/1212
f 922/715/1035 921/711/1033 1102/713/1213
f 1102/713/1213 921/711/1033 1101/709/1214
f 923/714/1037 922/715/1035 1103/716/1215
f 1103/716/1215 922/715/1035 1102/713/1216
f 924/710/1039 923/714/1037 1104/712/1217
f 1104/712/1217 923/714/1037 1103/716/1218
f 925/706/1041 924/710/1039 1105/708/1219
f 1105/708/1219 924/710/1039 1104/712/1220
f 926/702/1043 925/706/1041 1106/704/1221
f 1106/704/1221 925/706/1041 1105/708/1222
f 927/698/1045 926/702/1043 1107/700/1223
f 1107/700/1223 926/702/1043 1106/704/1224
f 928/694/1047 927/698/1045 1108/696/1225
f 1108/696/1225 927/698/1045 1107/700/1226
f 929/690/1049 928/694/1047 1109/692/1227
f 1109/692/1227 928/694/1047 1108/696/1228
f 930/686/1051 929/690/1049 1110/688/1229
f 1110/688/1229 929/690/1049 1109/692/1230
f 931/682/1053 930/686/1051 1111/684/1231
f 1111/684/1231 930/686/1051 1110/688/1232
f 912/678/1015 931/682/1053 1092/680/1233
f 1092/680/1233 931/682/1053 1111/684/1234
s 191
f 1093/1540/1235 1092/1541/1236 1113/1542/1237
f 1113/1542/1237 1092/1541/1236 1112/1543/1238
f 1094/228/1239 1093/232/1235 1114/230/1240
f 1114/230/1240 1093/232/1235 1113/234/1237
f 1095/224/1241 1094/228/1239 1115/226/1242
f 1115/226/1242 1094/228/1239 1114/230/1240
f 1096/223/1243 1095/224/1241 1116/225/1244
f 1116/225/1244 1095/224/1241 1115/226/1242
f 1097/229/1245 1096/223/1243 1117/227/1246
f 1117/227/1246 1096/223/1243 1116/225/1244
f 1098/233/1247 1097/229/1245 1118/231/1248
f 1118/231/1248 1097/229/1245 1117/227/1246
f 1099/236/1249 1098/233/1247 1119/235/1250
f 1119/235/1250 1098/233/1247 1118/231/1248
f 1100/1550/1251 1099/1551/1249 1120/1552/1252
f 1120/1552/1252 1099/1551/1249 1119/1553/1250
f 1101/1555/1253 1100/1550/1251 1121/1554/1254
f 1121/1554/1254 1100/1550/1251 1120/1552/1252
f 1102/1557/1255 1101/1555/1253 1122/1556/1256
f 1122/1556/1256 1101/1555/1253 1121/1554/1254
f 1103/1559/1257 1102/1557/1255 1123/1558/1258
f 1123/1558/1258 1102/1557/1255 1122/1556/1256
f 1104/242/1259 1103/246/1257 1124/244/1260
f 1124/244/1260 1103/246/1257 1123/248/1258
f 1105/238/1261 1104/242/1259 1125/240/1262
f 1125/240/1262 1104/242/1259 1124/244/1260
f 1106/237/1263 1105/238/1261 1126/239/1264
f 1126/239/1264 1105/238/1261 1125/240/1262
f 1107/243/1265 1106/237/1263 1127/241/1266
f 1127/241/1266 1106/237/1263 1126/239/1264
f 1108/247/1267 1107/243/1265 1128/245/1268
f 1128/245/1268 1107/243/1265 1127/241/1266
f 1109/250/1269 1108/247/1267 1129/249/1270
f 1129/249/1270 1108/247/1267 1128/245/1268
f 1110/1546/1271 1109/1548/1269 1130/1547/1272
f 1130/1547/1272 1109/1548/1269 1129/1549/1270
f 1111/1544/1273 1110/1546/1271 1131/1545/1274
f 1131/1545/1274 1110/1546/1271 1130/1547/1272
f 1092/1541/1236 1111/1544/1273 1112/1543/1238
f 1112/1543/1238 1111/1544/1273 1131/1545/1274
s 192
f 1134/717/1275 1137/718/1276 1194/719/1277
f 1194/719/1277 1137/718/1276 1197/721/1278
f 1137/261/1276 1140/251/1279 1197/256/1278
f 1197/256/1278 1140/251/1279 1200/253/1280
f 1140/251/1279 1143/252/1281 1200/253/1280
f 1200/253/1280 1143/252/1281 1203/255/1282
f 1143/252/1281 1146/259/1283 1203/255/1282
f 1203/255/1282 1146/259/1283 1206/263/1284
f 1146/259/1283 1149/267/1285 1206/263/1284
f 1206/263/1284 1149/267/1285 1209/268/1286
f 1149/267/1285 1152/271/1287 1209/268/1286
f 1209/268/1286 1152/271/1287 1212/272/1288
f 1152/271/1287 1155/275/1289 1212/272/1288
f 1212/272/1288 1155/275/1289 1215/276/1290
f 1155/737/1289 1158/738/1291 1215/739/1290
f 1215/739/1290 1158/738/1291 1218/741/1292
f 1158/738/1291 1161/743/1293 1218/741/1292
f 1218/741/1292 1161/743/1293 1221/745/1294
f 1161/743/1293 1164/749/1295 1221/745/1294
f 1221/745/1294 1164/749/1295 1224/750/1296
f 1164/749/1295 1167/753/1297 1224/750/1296
f 1224/750/1296 1167/753/1297 1227/754/1298
f 1167/289/1297 1170/279/1299 1227/284/1298
f 1227/284/1298 1170/279/1299 1230/281/1300
f 1170/279/1299 1173/280/1301 1230/281/1300
f 1230/281/1300 1173/280/1301 1233/283/1302
f 1173/280/1301 1176/287/1303 1233/283/1302
f 1233/283/1302 1176/287/1303 1236/291/1304
f 1176/287/1303 1179/295/1305 1236/291/1304
f 1236/291/1304 1179/295/1305 1239/296/1306
f 1179/295/1305 1182/299/1307 1239/296/1306
f 1239/296/1306 1182/299/1307 1242/300/1308
f 1182/299/1307 1185/303/1309 1242/300/1308
f 1242/300/1308 1185/303/1309 1245/304/1310
f 1185/735/1309 1188/731/1311 1245/732/1310
f 1245/732/1310 1188/731/1311 1248/728/1312
f 1188/731/1311 1191/726/1313 1248/728/1312
f 1248/728/1312 1191/726/1313 1251/722/1314
f 1191/726/1313 1134/717/1275 1251/722/1314
f 1251/722/1314 1134/717/1275 1194/719/1277
f 1139/1560/1315 1136/1561/1316 1132/1562/1317
f 1142/1565/1318 1139/1560/1315 1132/1562/1317
f 1145/1569/1319 1142/1565/1318 1132/1562/1317
f 1148/1573/1320 1145/1569/1319 1132/1562/1317
f 1151/1577/1321 1148/1573/1320 1132/1562/1317
f 1154/1581/1322 1151/1577/1321 1132/1562/1317
f 1157/1585/1323 1154/1581/1322 1132/1562/1317
f 1160/1589/1324 1157/1585/1323 1132/1562/1317
f 1163/1593/1325 1160/1589/1324 1132/1562/1317
f 1166/1597/1326 1163/1593/1325 1132/1562/1317
f 1169/1595/1327 1166/1597/1326 1132/1562/1317
f 1172/1591/1328 1169/1595/1327 1132/1562/1317
f 1175/1587/1329 1172/1591/1328 1132/1562/1317
f 1178/1583/1330 1175/1587/1329 1132/1562/1317
f 1181/1579/1331 1178/1583/1330 1132/1562/1317
f 1184/1575/1332 1181/1579/1331 1132/1562/1317
f 1187/1571/1333 1184/1575/1332 1132/1562/1317
f 1190/1568/1334 1187/1571/1333 1132/1562/1317
f 1193/1564/1335 1190/1568/1334 1132/1562/1317
f 1136/1561/1316 1193/1564/1335 1132/1562/1317
f 1196/1601/1336 1199/1602/1337 1133/1603/1338
f 1199/1602/1337 1202/1605/1339 1133/1603/1338
f 1202/1605/1339 1205/1609/1340 1133/1603/1338
f 1205/1609/1340 1208/1612/1341 1133/1603/1338
f 1208/1612/1341 1211/1616/1342 1133/1603/1338
f 1211/1616/1342 1214/1620/1343 1133/1603/1338
f 1214/1620/1343 1217/1624/1344 1133/1603/1338
f 1217/1624/1344 1220/1628/1345 1133/1603/1338
f 1220/1628/1345 1223/1632/1346 1133/1603/1338
f 1223/1632/1346 1226/1636/1347 1133/1603/1338
f 1226/1636/1347 1229/1638/1348 1133/1603/1338
f 1229/1638/1348 1232/1634/1349 1133/1603/1338
f 1232/1634/1349 1235/1630/1350 1133/1603/1338
f 1235/1630/1350 1238/1626/1351 1133/1603/1338
f 1238/1626/1351 1241/1622/1352 1133/1603/1338
f 1241/1622/1352 1244/1618/1353 1133/1603/1338
f 1244/1618/1353 1247/1614/1354 1133/1603/1338
f 1247/1614/1354 1250/1610/1355 1133/1603/1338
f 1250/1610/1355 1253/1606/1356 1133/1603/1338
f 1253/1606/1356 1196/1601/1336 1133/1603/1338
f 1134/717/1275 1135/720/1357 1137/718/1276
f 1137/718/1276 1135/720/1357 1138/724/1358
f 1135/1566/1357 1136/1561/1316 1138/1563/1358
f 1138/1563/1358 1136/1561/1316 1139/1560/1315
f 1137/261/1276 1138/257/1358 1140/251/1279
f 1140/251/1279 1138/257/1358 1141/254/1359
f 1138/1563/1358 1139/1560/1315 1141/1567/1359
f 1141/1567/1359 1139/1560/1315 1142/1565/1318
f 1140/251/1279 1141/254/1359 1143/252/1281
f 1143/252/1281 1141/254/1359 1144/258/1360
f 1141/1567/1359 1142/1565/1318 1144/1572/1360
f 1144/1572/1360 1142/1565/1318 1145/1569/1319
f 1143/252/1281 1144/258/1360 1146/259/1283
f 1146/259/1283 1144/258/1360 1147/266/1361
f 1144/1572/1360 1145/1569/1319 1147/1576/1361
f 1147/1576/1361 1145/1569/1319 1148/1573/1320
f 1146/259/1283 1147/266/1361 1149/267/1285
f 1149/267/1285 1147/266/1361 1150/270/1362
f 1147/1576/1361 1148/1573/1320 1150/1580/1362
f 1150/1580/1362 1148/1573/1320 1151/1577/1321
f 1149/267/1285 1150/270/1362 1152/271/1287
f 1152/271/1287 1150/270/1362 1153/274/1363
f 1150/1580/1362 1151/1577/1321 1153/1584/1363
f 1153/1584/1363 1151/1577/1321 1154/1581/1322
f 1152/271/1287 1153/274/1363 1155/275/1289
f 1155/275/1289 1153/274/1363 1156/278/1364
f 1153/1584/1363 1154/1581/1322 1156/1588/1364
f 1156/1588/1364 1154/1581/1322 1157/1585/1323
f 1155/737/1289 1156/740/1364 1158/738/1291
f 1158/738/1291 1156/740/1364 1159/742/1365
f 1156/1588/1364 1157/1585/1323 1159/1592/1365
f 1159/1592/1365 1157/1585/1323 1160/1589/1324
f 1158/738/1291 1159/742/1365 1161/743/1293
f 1161/743/1293 1159/742/1365 1162/748/1366
f 1159/1592/1365 1160/1589/1324 1162/1596/1366
f 1162/1596/1366 1160/1589/1324 1163/1593/1325
f 1161/743/1293 1162/748/1366 1164/749/1295
f 1164/749/1295 1162/748/1366 1165/752/1367
f 1162/1596/1366 1163/1593/1325 1165/1599/1367
f 1165/1599/1367 1163/1593/1325 1166/1597/1326
f 1164/749/1295 1165/752/1367 1167/753/1297
f 1167/753/1297 1165/752/1367 1168/756/1368
f 1165/1599/1367 1166/1597/1326 1168/1600/1368
f 1168/1600/1368 1166/1597/1326 1169/1595/1327
f 1167/289/1297 1168/285/1368 1170/279/1299
f 1170/279/1299 1168/285/1368 1171/282/1369
f 1168/1600/1368 1169/1595/1327 1171/1598/1369
f 1171/1598/1369 1169/1595/1327 1172/1591/1328
f 1170/279/1299 1171/282/1369 1173/280/1301
f 1173/280/1301 1171/282/1369 1174/286/1370
f 1171/1598/1369 1172/1591/1328 1174/1594/1370
f 1174/1594/1370 1172/1591/1328 1175/1587/1329
f 1173/280/1301 1174/286/1370 1176/287/1303
f 1176/287/1303 1174/286/1370 1177/294/1371
f 1174/1594/1370 1175/1587/1329 1177/1590/1371
f 1177/1590/1371 1175/1587/1329 1178/1583/1330
f 1176/287/1303 1177/294/1371 1179/295/1305
f 1179/295/1305 1177/294/1371 1180/298/1372
f 1177/1590/1371 1178/1583/1330 1180/1586/1372
f 1180/1586/1372 1178/1583/1330 1181/1579/1331
f 1179/295/1305 1180/298/1372 1182/299/1307
f 1182/299/1307 1180/298/1372 1183/302/1373
f 1180/1586/1372 1181/1579/1331 1183/1582/1373
f 1183/1582/1373 1181/1579/1331 1184/1575/1332
f 1182/299/1307 1183/302/1373 1185/303/1309
f 1185/303/1309 1183/302/1373 1186/306/1374
f 1183/1582/1373 1184/1575/1332 1186/1578/1374
f 1186/1578/1374 1184/1575/1332 1187/1571/1333
f 1185/735/1309 1186/734/1374 1188/731/1311
f 1188/731/1311 1186/734/1374 1189/730/1375
f 1186/1578/1374 1187/1571/1333 1189/1574/1375
f 1189/1574/1375 1187/1571/1333 1190/1568/1334
f 1188/731/1311 1189/730/1375 1191/726/1313
f 1191/726/1313 1189/730/1375 1192/723/1376
f 1189/1574/1375 1190/1568/1334 1192/1570/1376
f 1192/1570/1376 1190/1568/1334 1193/1564/1335
f 1136/1561/1316 1135/1566/1357 1193/1564/1335
f 1193/1564/1335 1135/1566/1357 1192/1570/1376
f 1135/720/1357 1134/717/1275 1192/723/1376
f 1192/723/1376 1134/717/1275 1191/726/1313
f 1194/719/1277 1195/727/1377 1251/722/1314
f 1251/722/1314 1195/727/1377 1252/729/1378
f 1195/1604/1377 1196/1601/1336 1252/1607/1378
f 1252/1607/1378 1196/1601/1336 1253/1606/1356
f 1196/1601/1336 1195/1604/1377 1199/1602/1337
f 1199/1602/1337 1195/1604/1377 1198/1608/1379
f 1195/727/1377 1194/719/1277 1198/725/1379
f 1198/725/1379 1194/719/1277 1197/721/1278
f 1199/1602/1337 1198/1608/1379 1202/1605/1339
f 1202/1605/1339 1198/1608/1379 1201/1611/1380
f 1198/265/1379 1197/256/1278 1201/262/1380
f 1201/262/1380 1197/256/1278 1200/253/1280
f 1202/1605/1339 1201/1611/1380 1205/1609/1340
f 1205/1609/1340 1201/1611/1380 1204/1615/1381
f 1201/262/1380 1200/253/1280 1204/260/1381
f 1204/260/1381 1200/253/1280 1203/255/1282
f 1205/1609/1340 1204/1615/1381 1208/1612/1341
f 1208/1612/1341 1204/1615/1381 1207/1619/1382
f 1204/260/1381 1203/255/1282 1207/264/1382
f 1207/264/1382 1203/255/1282 1206/263/1284
f 1208/1612/1341 1207/1619/1382 1211/1616/1342
f 1211/1616/1342 1207/1619/1382 1210/1623/1383
f 1207/264/1382 1206/263/1284 1210/269/1383
f 1210/269/1383 1206/263/1284 1209/268/1286
f 1211/1616/1342 1210/1623/1383 1214/1620/1343
f 1214/1620/1343 1210/1623/1383 1213/1627/1384
f 1210/269/1383 1209/268/1286 1213/273/1384
f 1213/273/1384 1209/268/1286 1212/272/1288
f 1214/1620/1343 1213/1627/1384 1217/1624/1344
f 1217/1624/1344 1213/1627/1384 1216/1631/1385
f 1213/273/1384 1212/272/1288 1216/277/1385
f 1216/277/1385 1212/272/1288 1215/276/1290
f 1217/1624/1344 1216/1631/1385 1220/1628/1345
f 1220/1628/1345 1216/1631/1385 1219/1635/1386
f 1216/746/1385 1215/739/1290 1219/744/1386
f 1219/744/1386 1215/739/1290 1218/741/1292
f 1220/1628/1345 1219/1635/1386 1223/1632/1346
f 1223/1632/1346 1219/1635/1386 1222/1639/1387
f 1219/744/1386 1218/741/1292 1222/747/1387
f 1222/747/1387 1218/741/1292 1221/745/1294
f 1223/1632/1346 1222/1639/1387 1226/1636/1347
f 1226/1636/1347 1222/1639/1387 1225/1641/1388
f 1222/747/1387 1221/745/1294 1225/751/1388
f 1225/751/1388 1221/745/1294 1224/750/1296
f 1226/1636/1347 1225/1641/1388 1229/1638/1348
f 1229/1638/1348 1225/1641/1388 1228/1640/1389
f 1225/751/1388 1224/750/1296 1228/755/1389
f 1228/755/1389 1224/750/1296 1227/754/1298
f 1229/1638/1348 1228/1640/1389 1232/1634/1349
f 1232/1634/1349 1228/1640/1389 1231/1637/1390
f 1228/293/1389 1227/284/1298 1231/290/1390
f 1231/290/1390 1227/284/1298 1230/281/1300
f 1232/1634/1349 1231/1637/1390 1235/1630/1350
f 1235/1630/1350 1231/1637/1390 1234/1633/1391
f 1231/290/1390 1230/281/1300 1234/288/1391
f 1234/288/1391 1230/281/1300 1233/283/1302
f 1235/1630/1350 1234/1633/1391 1238/1626/1351
f 1238/1626/1351 1234/1633/1391 1237/1629/1392
f 1234/288/1391 1233/283/1302 1237/292/1392
f 1237/292/1392 1233/283/1302 1236/291/1304
f 1238/1626/1351 1237/1629/1392 1241/1622/1352
f 1241/1622/1352 1237/1629/1392 1240/1625/1393
f 1237/292/1392 1236/291/1304 1240/297/1393
f 1240/297/1393 1236/291/1304 1239/296/1306
f 1241/1622/1352 1240/1625/1393 1244/1618/1353
f 1244/1618/1353 1240/1625/1393 1243/1621/1394
f 1240/297/1393 1239/296/1306 1243/301/1394
f 1243/301/1394 1239/296/1306 1242/300/1308
f 1244/1618/1353 1243/1621/1394 1247/1614/1354
f 1247/1614/1354 1243/1621/1394 1246/1617/1395
f 1243/301/1394 1242/300/1308 1246/305/1395
f 1246/305/1395 1242/300/1308 1245/304/1310
f 1247/1614/1354 1246/1617/1395 1250/1610/1355
f 1250/1610/1355 1246/1617/1395 1249/1613/1396
f 1246/736/1395 1245/732/1310 1249/733/1396
f 1249/733/1396 1245/732/1310 1248/728/1312
f 1250/1610/1355 1249/1613/1396 1253/1606/1356
f 1253/1606/1356 1249/1613/1396 1252/1607/1378
f 1249/733/1396 1248/728/1312 1252/729/1378
f 1252/729/1378 1248/728/1312 1251/722/1314
