# This file uses meters as units for non-parametric coordinates.

mtllib Candle_holder.mtl
g default
v 0.084246 19.430553 -0.031429
v 0.068678 19.430553 -0.058393
v 0.044826 19.430553 -0.078407
v 0.015568 19.430553 -0.089056
v -0.015568 19.430553 -0.089056
v -0.044826 19.430553 -0.078407
v -0.068678 19.430553 -0.058393
v -0.084246 19.430553 -0.031429
v -0.089653 19.430553 -0.000766
v -0.084246 19.430553 0.029897
v -0.068678 19.430553 0.056862
v -0.044826 19.430553 0.076876
v -0.015568 19.430553 0.087525
v 0.015568 19.430553 0.087525
v 0.044826 19.430553 0.076876
v 0.068678 19.430553 0.056862
v 0.084246 19.430553 0.029897
v 0.089653 19.430553 -0.000766
v 0.042123 20.782301 -0.016097
v 0.034339 20.782301 -0.029580
v 0.022413 20.782301 -0.039587
v 0.007784 20.782301 -0.044911
v -0.007784 20.782301 -0.044911
v -0.022413 20.782301 -0.039587
v -0.034339 20.782301 -0.029580
v -0.042123 20.782301 -0.016097
v -0.044826 20.782301 -0.000766
v -0.042123 20.782301 0.014566
v -0.034339 20.782301 0.028048
v -0.022413 20.782301 0.038055
v -0.007784 20.782301 0.043380
v 0.007784 20.782301 0.043380
v 0.022413 20.782301 0.038055
v 0.034339 20.782301 0.028048
v 0.042123 20.782301 0.014566
v 0.044826 20.782301 -0.000766
v 0.000000 20.782301 -0.000766
v 0.084246 20.754890 -0.031429
v 0.080545 20.774273 -0.030082
v 0.071610 20.782301 -0.026830
v 0.068678 20.754890 -0.058393
v 0.065661 20.774273 -0.055862
v 0.058377 20.782301 -0.049750
v 0.044826 20.754890 -0.078407
v 0.042857 20.774273 -0.074997
v 0.038103 20.782301 -0.066762
v 0.015568 20.754890 -0.089056
v 0.014884 20.774273 -0.085178
v 0.013233 20.782301 -0.075814
v -0.015568 20.754890 -0.089056
v -0.014884 20.774273 -0.085178
v -0.013233 20.782301 -0.075814
v -0.044826 20.754890 -0.078407
v -0.042857 20.774273 -0.074997
v -0.038103 20.782301 -0.066762
v -0.068678 20.754890 -0.058393
v -0.065661 20.774273 -0.055862
v -0.058377 20.782301 -0.049750
v -0.084246 20.754890 -0.031429
v -0.080545 20.774273 -0.030082
v -0.071610 20.782301 -0.026830
v -0.089653 20.754890 -0.000766
v -0.085714 20.774273 -0.000766
v -0.076206 20.782301 -0.000766
v -0.084246 20.754890 0.029897
v -0.080545 20.774273 0.028550
v -0.071610 20.782301 0.025298
v -0.068678 20.754890 0.056862
v -0.065661 20.774273 0.054330
v -0.058377 20.782301 0.048219
v -0.044826 20.754890 0.076876
v -0.042857 20.774273 0.073465
v -0.038103 20.782301 0.065231
v -0.015568 20.754890 0.087525
v -0.014884 20.774273 0.083646
v -0.013233 20.782301 0.074283
v 0.015568 20.754890 0.087525
v 0.014884 20.774273 0.083646
v 0.013233 20.782301 0.074283
v 0.044826 20.754890 0.076876
v 0.042857 20.774273 0.073465
v 0.038103 20.782301 0.065231
v 0.068678 20.754890 0.056862
v 0.065661 20.774273 0.054330
v 0.058377 20.782301 0.048219
v 0.084246 20.754890 0.029897
v 0.080545 20.774273 0.028550
v 0.071610 20.782301 0.025298
v 0.089653 20.754890 -0.000766
v 0.085714 20.774273 -0.000766
v 0.076206 20.782301 -0.000766
v 5.214774 0.000000 -1.898020
v 4.251123 0.000000 -3.567114
v 2.774724 0.000000 -4.805961
v 0.963653 0.000000 -5.465137
v -0.963650 0.000000 -5.465137
v -2.774722 0.000000 -4.805962
v -4.251121 0.000000 -3.567116
v -5.214773 0.000000 -1.898023
v -5.549446 0.000000 -0.000001
v -5.214774 0.000000 1.898021
v -4.251123 0.000000 3.567115
v -2.774724 0.000000 4.805961
v -0.963652 0.000000 5.465137
v 0.963651 0.000000 5.465137
v 2.774723 0.000000 4.805962
v 4.251122 0.000000 3.567115
v 5.214774 0.000000 1.898022
v 5.549447 0.000000 0.000000
v 8.027163 1.462911 0.000000
v 7.833719 1.882143 0.000000
v 5.214774 0.419232 -1.898020
v 4.251123 0.419232 -3.567114
v 2.774724 0.419232 -4.805961
v 0.963653 0.419232 -5.465137
v -0.963650 0.419232 -5.465137
v -2.774722 0.419232 -4.805962
v -4.251121 0.419232 -3.567116
v -5.214773 0.419232 -1.898023
v -5.549446 0.419232 -0.000001
v -5.214774 0.419232 1.898021
v -4.251123 0.419232 3.567115
v -2.774724 0.419232 4.805961
v -0.963652 0.419232 5.465137
v 0.963651 0.419232 5.465137
v 2.774723 0.419232 4.805962
v 4.251122 0.419232 3.567115
v 5.214774 0.419232 1.898022
v 5.549447 0.419232 0.000000
v 0.000000 0.000000 0.000000
v 8.956226 3.806687 0.000029
v 9.123400 5.178265 0.000001
v 9.545382 6.047350 0.000001
v 10.074894 6.246463 0.000001
v 10.561565 6.086838 0.000001
v 10.850553 5.552462 0.000001
v 10.732621 5.013997 0.000001
v 10.297600 4.649713 0.000001
v 9.763005 4.432846 0.000031
v 8.503120 3.795195 0.000001
v 8.674848 5.230703 0.000001
v 9.207599 6.315722 0.000001
v 10.048982 6.665031 0.000001
v 10.865757 6.398960 0.000001
v 11.268054 5.685854 0.000001
v 11.119207 4.824498 0.000001
v 10.511618 4.255908 0.000001
v 9.847676 3.989064 0.000001
v 8.169886 2.756976 0.000001
v 8.496908 2.563356 0.000001
v 8.371585 3.281876 0.000001
v 8.778755 3.223623 0.000001
v 8.001802 2.319560 0.000000
v 8.262035 2.013134 0.000000
v 7.940870 1.421068 -2.516212
v 7.982201 1.478320 -2.545600
v 7.975010 1.557637 -2.549950
v 6.467569 1.419861 -5.426931
v 6.506168 1.475872 -5.459320
v 6.503836 1.550429 -5.457363
v 4.221524 1.419976 -7.311889
v 4.246626 1.475942 -7.355368
v 4.245049 1.550555 -7.352636
v 1.466122 1.419976 -8.314775
v 1.474840 1.475942 -8.364217
v 1.474292 1.550555 -8.361111
v -1.466117 1.419976 -8.314775
v -1.474835 1.475942 -8.364218
v -1.474287 1.550555 -8.361112
v -4.221520 1.419976 -7.311891
v -4.246622 1.475942 -7.355370
v -4.245046 1.550555 -7.352639
v -6.467745 1.419976 -5.427085
v -6.506205 1.475942 -5.459357
v -6.503789 1.550555 -5.457330
v -7.933865 1.419976 -2.887693
v -7.981042 1.475942 -2.904864
v -7.978079 1.550555 -2.903785
v -8.443044 1.419976 -0.000002
v -8.493249 1.475942 -0.000002
v -8.490095 1.550555 -0.000002
v -7.933866 1.419976 2.887689
v -7.981043 1.475942 2.904860
v -7.978080 1.550555 2.903782
v -6.467748 1.419976 5.427082
v -6.506207 1.475942 5.459354
v -6.503791 1.550555 5.457327
v -4.221523 1.419976 7.311890
v -4.246625 1.475942 7.355369
v -4.245049 1.550555 7.352637
v -1.466120 1.419976 8.314775
v -1.474838 1.475942 8.364217
v -1.474291 1.550555 8.361111
v 1.466118 1.419976 8.314775
v 1.474836 1.475942 8.364218
v 1.474289 1.550555 8.361112
v 4.221521 1.419976 7.311891
v 4.246624 1.475942 7.355370
v 4.245047 1.550555 7.352638
v 6.467567 1.419861 5.426934
v 6.506166 1.475872 5.459323
v 6.503834 1.550429 5.457366
v 7.975009 1.557637 2.549953
v 7.982200 1.478320 2.545603
v 7.940869 1.421068 2.516215
v 7.877797 1.781839 -2.518867
v 7.823548 1.838485 -2.495919
v 7.754516 1.835131 -2.460542
v 6.419254 1.789719 -5.386390
v 6.375542 1.840589 -5.349711
v 6.316616 1.834210 -5.300266
v 4.189808 1.789994 -7.256956
v 4.161416 1.840769 -7.207778
v 4.123196 1.834543 -7.141580
v 1.455107 1.789994 -8.252306
v 1.445246 1.840769 -8.196383
v 1.431973 1.834543 -8.121106
v -1.455102 1.789994 -8.252307
v -1.445241 1.840769 -8.196384
v -1.431968 1.834543 -8.121107
v -4.189805 1.789994 -7.256958
v -4.161412 1.840769 -7.207780
v -4.123192 1.834543 -7.141582
v -6.419154 1.789994 -5.386312
v -6.375654 1.840769 -5.349812
v -6.317099 1.834543 -5.300678
v -7.874259 1.789994 -2.865998
v -7.820898 1.840769 -2.846576
v -7.749069 1.834543 -2.820433
v -8.379612 1.789994 -0.000002
v -8.322826 1.840769 -0.000002
v -8.246387 1.834543 -0.000002
v -7.874260 1.789994 2.865994
v -7.820899 1.840769 2.846573
v -7.749071 1.834543 2.820429
v -6.419157 1.789994 5.386310
v -6.375656 1.840769 5.349809
v -6.317101 1.834543 5.300675
v -4.189807 1.789994 7.256957
v -4.161415 1.840769 7.207779
v -4.123195 1.834543 7.141581
v -1.455105 1.789994 8.252307
v -1.445245 1.840769 8.196384
v -1.431971 1.834543 8.121107
v 1.455104 1.789994 8.252307
v 1.445243 1.840769 8.196384
v 1.431970 1.834543 8.121107
v 4.189806 1.789994 7.256958
v 4.161413 1.840769 7.207780
v 4.123194 1.834543 7.141582
v 6.419252 1.789719 5.386393
v 6.375540 1.840589 5.349714
v 6.316614 1.834210 5.300269
v 7.754515 1.835131 2.460545
v 7.823547 1.838485 2.495921
v 7.877796 1.781839 2.518870
v 8.197786 2.078380 1.639830
v 8.229996 2.011313 1.630658
v 8.225335 1.945492 1.593323
v 8.948952 3.799011 0.225648
v 8.915757 3.799509 0.315705
v 8.824631 3.800600 0.346644
v 9.117332 5.175080 0.208614
v 9.086724 5.181936 0.293149
v 9.000590 5.198347 0.322407
v 9.538791 6.048040 0.209524
v 9.517037 6.070976 0.293491
v 9.455347 6.129875 0.322335
v 10.070488 6.251690 0.209816
v 10.067772 6.282462 0.293704
v 10.064519 6.365386 0.322494
v 10.562066 6.094209 0.209894
v 10.580128 6.120556 0.293708
v 10.637739 6.184176 0.322390
v 10.854689 5.557847 0.209636
v 10.884919 5.564999 0.293572
v 10.967955 5.585800 0.322392
v 10.739450 5.015192 0.209777
v 10.767684 5.001302 0.293683
v 10.842595 4.961067 0.322493
v 10.304432 4.647006 0.209983
v 10.322647 4.621491 0.293819
v 10.365040 4.545666 0.322565
v 9.767297 4.428271 0.209851
v 9.768572 4.398520 0.293869
v 9.780285 4.313113 0.322602
v 9.473147 4.406924 0.192179
v 9.399342 4.384695 0.257585
v 9.354051 4.304772 0.282442
v 9.293524 4.315016 0.000012
v 9.347038 4.392211 0.000084
v 9.444597 4.412982 0.000192
v 8.083679 2.219234 1.622804
v 8.015499 2.254027 1.592144
v 7.962120 2.215230 1.540737
v 8.622500 3.796106 0.343512
v 8.536245 3.794474 0.312954
v 8.505530 3.792228 0.227422
v 8.678368 5.229897 0.204292
v 8.706947 5.221310 0.287874
v 8.791647 5.205004 0.319160
v 9.210192 6.313126 0.204285
v 9.230261 6.290350 0.287882
v 9.292380 6.233224 0.319168
v 10.049282 6.661408 0.204307
v 10.050007 6.631574 0.287904
v 10.053012 6.548851 0.319214
v 10.863580 6.395969 0.204301
v 10.844510 6.372648 0.287890
v 10.786289 6.310937 0.319173
v 11.264533 5.684987 0.204285
v 11.235116 5.679697 0.287880
v 11.152860 5.658506 0.319170
v 11.115863 4.826056 0.204308
v 11.089225 4.840448 0.287904
v 11.014151 4.879347 0.319215
v 10.509505 4.258891 0.204301
v 10.493757 4.284169 0.287884
v 10.451929 4.359451 0.319182
v 9.845716 3.992747 0.204177
v 9.833474 4.023093 0.287693
v 9.815748 4.109266 0.319172
v 9.395751 3.982517 0.186661
v 9.302654 4.017153 0.250764
v 9.296699 4.105727 0.279206
v 9.348155 3.982193 0.000001
v 9.228664 4.023455 0.000001
v 9.223799 4.115236 0.000001
v 8.197787 2.078380 -1.639828
v 8.230224 2.011850 -1.631107
v 8.226157 1.947439 -1.594958
v 8.824564 3.800612 -0.346633
v 8.915712 3.799477 -0.315623
v 8.948912 3.798924 -0.225469
v 9.117309 5.175090 -0.208613
v 9.086514 5.182032 -0.293143
v 9.000113 5.198566 -0.322396
v 9.538763 6.048077 -0.209521
v 9.516769 6.071315 -0.293481
v 9.454738 6.130646 -0.322315
v 10.070488 6.251723 -0.209814
v 10.067762 6.282771 -0.293697
v 10.064497 6.366089 -0.322479
v 10.562093 6.094240 -0.209892
v 10.580374 6.120847 -0.293700
v 10.638300 6.184838 -0.322372
v 10.854732 5.557854 -0.209634
v 10.885315 5.565059 -0.293563
v 10.968860 5.585938 -0.322373
v 10.739484 5.015173 -0.209776
v 10.767996 5.001136 -0.293676
v 10.843305 4.960690 -0.322477
v 10.304443 4.646989 -0.209981
v 10.322747 4.621341 -0.293814
v 10.365267 4.545326 -0.322557
v 9.767456 4.428240 -0.209657
v 9.768651 4.398260 -0.293781
v 9.780315 4.312520 -0.322582
v 9.473866 4.406830 -0.191271
v 9.399591 4.384233 -0.257084
v 9.353727 4.303706 -0.282371
v 7.962121 2.215230 -1.540735
v 8.015873 2.253568 -1.592198
v 8.084843 2.217798 -1.622974
v 8.505529 3.792227 -0.227421
v 8.536245 3.794472 -0.312952
v 8.622491 3.796108 -0.343510
v 8.791571 5.205039 -0.319157
v 8.706947 5.221310 -0.287873
v 8.678368 5.229897 -0.204290
v 9.292284 6.233346 -0.319163
v 9.230261 6.290350 -0.287880
v 9.210192 6.313126 -0.204283
v 10.053008 6.548963 -0.319210
v 10.050007 6.631574 -0.287902
v 10.049282 6.661408 -0.204306
v 10.786378 6.311042 -0.319169
v 10.844510 6.372648 -0.287888
v 10.863580 6.395969 -0.204299
v 11.153003 5.658529 -0.319166
v 11.235116 5.679697 -0.287879
v 11.264535 5.684987 -0.204284
v 11.014264 4.879288 -0.319211
v 11.089225 4.840448 -0.287903
v 11.115864 4.826056 -0.204307
v 10.451965 4.359397 -0.319180
v 10.493757 4.284169 -0.287883
v 10.509504 4.258891 -0.204299
v 9.815752 4.109172 -0.319169
v 9.833474 4.023093 -0.287692
v 9.845716 3.992747 -0.204176
v 9.296639 4.105556 -0.279202
v 9.302654 4.017153 -0.250763
v 9.395751 3.982517 -0.186659
v 8.465385 2.500986 0.923082
v 8.458958 2.556275 0.973146
v 8.408252 2.608799 0.990141
v 8.668444 3.232843 0.522277
v 8.735969 3.206849 0.496233
v 8.754227 3.169679 0.431803
v 8.258270 2.702361 0.979527
v 8.188353 2.719426 0.953367
v 8.142735 2.685627 0.900400
v 8.463066 3.267102 0.516183
v 8.392702 3.264515 0.492239
v 8.353716 3.235117 0.436306
v 8.142735 2.685626 -0.900398
v 8.188354 2.719425 -0.953364
v 8.258271 2.702360 -0.979525
v 8.353716 3.235115 -0.436305
v 8.392702 3.264513 -0.492238
v 8.463066 3.267101 -0.516182
v 8.408253 2.608798 -0.990138
v 8.458959 2.556274 -0.973144
v 8.465386 2.500985 -0.923080
v 8.668445 3.232841 -0.522275
v 8.735857 3.206581 -0.495686
v 8.753858 3.168796 -0.429994
v 9.322627 4.365206 0.156669
v 9.377500 4.358444 0.274095
v 9.348320 4.390252 0.147243
v 9.321351 4.367581 0.000037
v 9.294527 4.312434 0.161414
v 9.379936 4.405756 0.132321
v 9.426230 4.401352 0.231540
v 9.445483 4.411915 0.119113
v 9.378914 4.407258 0.000157
v 8.577960 4.464722 0.258249
v 8.516437 3.792975 0.284031
v 8.597116 4.462683 0.287893
v 8.688565 5.226877 0.258214
v 8.567341 4.465787 0.204333
v 8.626319 4.459531 0.307598
v 8.565898 3.795138 0.332184
v 8.684014 4.458424 0.319162
v 8.734966 5.212780 0.307591
v 9.005601 4.461905 -0.260956
v 8.936686 3.798260 -0.284132
v 8.984656 4.463145 -0.291851
v 9.105900 5.176871 -0.263403
v 9.017749 4.462388 -0.205625
v 8.953169 4.465858 -0.311859
v 8.883549 3.800596 -0.336028
v 8.893618 4.466759 -0.322271
v 9.057483 5.190614 -0.312398
v 8.626319 4.459530 -0.307597
v 8.565898 3.795136 -0.332182
v 8.597116 4.462683 -0.287892
v 8.734966 5.212780 -0.307589
v 8.683973 4.458434 -0.319159
v 8.577960 4.464721 -0.258247
v 8.516437 3.792974 -0.284030
v 8.567341 4.465786 -0.204332
v 8.688565 5.226877 -0.258212
v 9.255695 4.213752 0.162296
v 9.255229 4.216164 0.000003
v 9.223760 4.113266 0.159538
v 9.322345 4.205854 0.284000
v 9.255535 4.213326 -0.162287
v 9.294304 4.311766 -0.161367
v 9.322111 4.205174 -0.283986
v 9.223720 4.113160 -0.159535
v 9.022846 4.464844 0.112310
v 8.954859 3.803503 0.123663
v 9.023632 4.466566 0.000001
v 9.122419 5.176651 0.114211
v 9.017761 4.462386 0.205626
v 9.306123 5.703054 0.114805
v 9.307429 5.704373 0.000001
v 9.543766 6.046526 0.114793
v 9.300955 5.702895 0.209546
v 9.805162 6.209542 0.114870
v 9.806919 6.209661 0.000001
v 10.073244 6.247097 0.114971
v 9.801005 6.212726 0.209651
v 10.330950 6.214187 0.115028
v 10.332161 6.212918 0.000001
v 10.560901 6.088550 0.115023
v 10.330130 6.219670 0.209905
v 10.745718 5.847926 0.114938
v 10.745952 5.846037 0.000001
v 10.850771 5.554294 0.114862
v 10.748430 5.852848 0.209759
v 10.841426 5.269630 0.114879
v 10.840595 5.268061 0.000001
v 10.734022 5.015146 0.114947
v 10.846308 5.271468 0.209666
v 10.544904 4.812053 0.115025
v 10.543172 4.811430 0.000001
v 10.299485 4.649844 0.115074
v 10.550275 4.810496 0.209903
v 10.023179 4.518013 0.115059
v 10.021257 4.518193 0.000001
v 9.764751 4.432421 0.114978
v 10.027569 4.514343 0.209959
v 9.572970 4.408929 0.114831
v 9.571708 4.409643 0.000123
v 9.571232 4.404552 0.209678
v 8.563745 4.466018 0.111817
v 8.502596 3.793817 0.125132
v 8.674899 5.230789 0.111791
v 8.563703 4.465925 0.000001
v 8.893121 5.857066 0.111783
v 8.896261 5.855297 0.204279
v 9.207683 6.315765 0.111786
v 8.893052 5.856996 0.000001
v 9.607859 6.577803 0.111793
v 9.609327 6.574522 0.204297
v 10.049067 6.664998 0.111799
v 9.607766 6.577797 0.000001
v 10.486733 6.599164 0.111800
v 10.485664 6.595709 0.204308
v 10.865791 6.398870 0.111796
v 10.486670 6.599230 0.000001
v 11.131177 6.082686 0.111789
v 11.128136 6.080734 0.204290
v 11.268042 5.685757 0.111786
v 11.131164 6.082786 0.000001
v 11.261544 5.243227 0.111792
v 11.257982 5.243712 0.204296
v 11.119134 4.824437 0.111800
v 11.261588 5.243309 0.000001
v 10.848268 4.498726 0.111799
v 10.845566 4.501158 0.204307
v 10.511519 4.255902 0.111796
v 10.848358 4.498759 0.000001
v 10.171465 4.085772 0.111794
v 10.170097 4.089123 0.204297
v 9.847589 3.989086 0.111734
v 10.171566 4.085763 0.000001
v 9.559375 3.966593 0.111556
v 9.554738 3.970654 0.203823
v 9.348114 3.982152 0.115650
v 9.559424 3.966556 0.000001
v 8.788642 4.462519 0.324382
v 8.723169 3.798515 0.348729
v 8.893875 4.466688 0.322277
v 8.896018 5.201698 0.324378
v 9.097786 5.779439 0.324340
v 9.196218 5.754966 0.322380
v 9.373914 6.181694 0.324321
v 8.999332 5.803701 0.319159
v 9.704368 6.394415 0.324374
v 9.752559 6.316402 0.322413
v 10.058761 6.457127 0.324422
v 9.656106 6.472285 0.319195
v 10.406704 6.409353 0.324391
v 10.367886 6.327670 0.322458
v 10.711972 6.247688 0.324340
v 10.445601 6.490894 0.319198
v 10.938341 5.968727 0.324330
v 10.849161 5.915823 0.322372
v 11.060465 5.622106 0.324350
v 11.027495 6.021507 0.319163
v 11.052996 5.257464 0.324388
v 10.959929 5.257296 0.322438
v 10.928346 4.920093 0.324424
v 11.146021 5.257841 0.319196
v 10.698926 4.655287 0.324437
v 10.633462 4.727871 0.322537
v 10.408509 4.452517 0.324439
v 10.764422 4.582867 0.319202
v 10.100868 4.301254 0.324443
v 10.069834 4.402411 0.322573
v 9.797669 4.211244 0.324465
v 10.131763 4.200151 0.319181
v 9.520581 4.192231 0.324520
v 9.528831 4.292783 0.322699
v 9.515710 4.091092 0.319132
v 9.022846 4.464844 -0.112308
v 8.954835 3.803447 -0.123548
v 9.122419 5.176651 -0.114209
v 9.306123 5.703054 -0.114804
v 9.300925 5.702919 -0.209544
v 9.543766 6.046528 -0.114792
v 9.805162 6.209543 -0.114869
v 9.800988 6.212763 -0.209649
v 10.073244 6.247097 -0.114970
v 10.330950 6.214187 -0.115027
v 10.330143 6.219703 -0.209903
v 10.560901 6.088550 -0.115021
v 10.745718 5.847927 -0.114937
v 10.748467 5.852868 -0.209756
v 10.850771 5.554293 -0.114860
v 10.841426 5.269629 -0.114878
v 10.846350 5.271460 -0.209664
v 10.734023 5.015145 -0.114946
v 10.544904 4.812052 -0.115023
v 10.550297 4.810477 -0.209901
v 10.299484 4.649844 -0.115073
v 10.023178 4.518012 -0.115057
v 10.027573 4.514323 -0.209957
v 9.764853 4.432419 -0.114855
v 9.573376 4.408924 -0.114341
v 9.571856 4.404502 -0.208909
v 9.446106 4.411878 -0.118345
v 8.788479 4.462564 -0.324377
v 8.723129 3.798525 -0.348727
v 8.895715 5.201838 -0.324371
v 9.097391 5.779769 -0.324329
v 8.999233 5.803783 -0.319155
v 9.373527 6.182184 -0.324308
v 9.195598 5.755485 -0.322363
v 9.704135 6.394910 -0.324362
v 9.656049 6.472408 -0.319191
v 10.058747 6.457574 -0.324413
v 9.752194 6.317180 -0.322395
v 10.406888 6.409802 -0.324381
v 10.445646 6.491006 -0.319194
v 10.712329 6.248110 -0.324328
v 10.368176 6.328377 -0.322443
v 10.938839 5.969009 -0.324317
v 11.027619 6.021577 -0.319159
v 11.061039 5.622193 -0.324337
v 10.849944 5.916267 -0.322353
v 11.053547 5.257356 -0.324376
v 11.146159 5.257814 -0.319192
v 10.928796 4.919854 -0.324413
v 10.960798 5.257126 -0.322420
v 10.699219 4.655044 -0.324429
v 10.764495 4.582806 -0.319199
v 10.408655 4.452301 -0.324433
v 10.633921 4.727489 -0.322525
v 10.100948 4.300998 -0.324437
v 10.131783 4.200088 -0.319178
v 9.797686 4.210867 -0.324457
v 10.069960 4.402008 -0.322564
v 9.520451 4.191640 -0.324508
v 9.515677 4.090944 -0.319128
v 9.528651 4.291855 -0.322647
v 8.563745 4.466018 -0.111816
v 8.502596 3.793816 -0.125130
v 8.674899 5.230789 -0.111789
v 8.893121 5.857066 -0.111781
v 9.207683 6.315765 -0.111784
v 8.896261 5.855297 -0.204278
v 9.607859 6.577803 -0.111791
v 10.049067 6.664998 -0.111798
v 9.609327 6.574522 -0.204295
v 10.486733 6.599164 -0.111798
v 10.865791 6.398870 -0.111794
v 10.485664 6.595709 -0.204306
v 11.131177 6.082686 -0.111788
v 11.268042 5.685757 -0.111785
v 11.128136 6.080734 -0.204289
v 11.261544 5.243227 -0.111791
v 11.119134 4.824437 -0.111798
v 11.257982 5.243712 -0.204295
v 10.848267 4.498726 -0.111798
v 10.511519 4.255902 -0.111795
v 10.845566 4.501158 -0.204306
v 10.171465 4.085772 -0.111793
v 9.847589 3.989086 -0.111732
v 10.170097 4.089123 -0.204296
v 9.559375 3.966593 -0.111555
v 9.348114 3.982152 -0.115649
v 9.554738 3.970654 -0.203821
v 8.647110 3.446297 0.421799
v 8.565756 3.249973 0.519230
v 8.741414 3.440693 0.420164
v 8.553174 3.450199 0.416558
v 8.434387 3.445248 0.165003
v 8.362651 3.258496 0.218153
v 8.435286 3.438479 0.296575
v 8.436604 3.451045 0.000001
v 8.434387 3.445248 -0.165002
v 8.362651 3.258496 -0.218152
v 8.435286 3.438478 -0.296573
v 8.647110 3.446295 -0.421797
v 8.565756 3.249971 -0.519228
v 8.553174 3.450197 -0.416556
v 8.741408 3.440675 -0.420128
v 8.865823 3.428272 -0.162376
v 8.766306 3.196209 -0.214997
v 8.857468 3.418810 -0.293032
v 8.869287 3.436047 0.000114
v 8.865914 3.428494 0.162829
v 8.766491 3.196651 0.215902
v 8.857615 3.419159 0.293746
v 8.953381 4.465799 0.311864
v 8.883609 3.800599 0.336064
v 8.984770 4.463114 0.291855
v 9.057876 5.190434 0.312407
v 9.005650 4.461893 0.260958
v 8.936728 3.798330 0.284281
v 9.105989 5.176830 0.263406
v 9.248558 5.734074 0.312517
v 9.273735 5.717929 0.293520
v 9.497548 6.094306 0.312475
v 9.290679 5.707694 0.264156
v 9.530334 6.055871 0.264131
v 9.776966 6.268714 0.312562
v 9.787874 6.240962 0.293587
v 10.066932 6.311888 0.312660
v 9.795565 6.222749 0.264253
v 10.068811 6.262937 0.264408
v 10.347564 6.278417 0.312652
v 10.338263 6.250055 0.293739
v 10.598546 6.144484 0.312598
v 10.332511 6.231050 0.264482
v 10.568222 6.104338 0.264465
v 10.799562 5.886275 0.312555
v 10.774144 5.870785 0.293630
v 10.914244 5.569984 0.312545
v 10.757504 5.860054 0.264343
v 10.865570 5.561184 0.264238
v 10.906218 5.261807 0.312586
v 10.877054 5.267458 0.293604
v 10.793775 4.986442 0.312651
v 10.857635 5.270712 0.264269
v 10.750123 5.010731 0.264374
v 10.595203 4.768589 0.312714
v 10.573938 4.789668 0.293766
v 10.338417 4.596359 0.312756
v 10.559458 4.803336 0.264489
v 10.311737 4.637965 0.264563
v 10.051327 4.457859 0.312757
v 10.040637 4.485705 0.293809
v 9.771652 4.369628 0.312818
v 10.033052 4.504053 0.264543
v 9.767846 4.417519 0.264514
v 9.537108 4.348204 0.313037
v 9.547116 4.376151 0.294127
v 9.560553 4.394280 0.264559
v 8.498608 3.450528 0.405912
v 8.468225 3.447507 0.388081
v 8.427883 3.265808 0.504211
v 8.446840 3.441362 0.361285
v 8.373209 3.249816 0.464273
v 8.905405 5.849712 0.258205
v 8.921859 5.839529 0.287873
v 9.217373 6.305035 0.258211
v 8.946928 5.823961 0.307597
v 9.249880 6.267927 0.307611
v 9.613366 6.564651 0.258224
v 9.620559 6.546789 0.287895
v 10.049578 6.650772 0.258235
v 9.631488 6.519538 0.307627
v 10.050623 6.602300 0.307636
v 10.482201 6.585612 0.258234
v 10.475860 6.567430 0.287900
v 10.856806 6.387627 0.258226
v 10.466156 6.539721 0.307628
v 10.825737 6.349838 0.307614
v 11.118962 6.075274 0.258215
v 11.102356 6.065520 0.287881
v 11.254056 5.683062 0.258212
v 11.077016 6.050685 0.307605
v 11.206230 5.674608 0.307607
v 11.247471 5.245500 0.258224
v 11.228512 5.248832 0.287893
v 11.106347 4.831153 0.258236
v 11.199611 5.253955 0.307624
v 11.063134 4.854656 0.307636
v 10.837823 4.508587 0.258232
v 10.823931 4.522065 0.287896
v 10.503855 4.267887 0.258224
v 10.802777 4.542642 0.307621
v 10.478396 4.309013 0.307600
v 10.166397 4.099140 0.258220
v 10.159826 4.117247 0.287881
v 9.840453 4.003642 0.258043
v 10.149848 4.144866 0.307597
v 9.826461 4.052425 0.307492
v 9.541027 3.982689 0.257513
v 9.526037 4.003506 0.287127
v 9.326462 3.995083 0.224882
v 9.517563 4.033912 0.307167
v 9.291433 4.048430 0.268500
v 9.255097 3.999624 0.128403
v 9.228462 4.022704 0.143186
v 9.255215 3.999932 0.000001
v 9.216350 4.055084 0.153366
v 9.216568 4.056445 0.000001
v 8.797065 3.435189 -0.410043
v 8.827511 3.429008 -0.390448
v 8.702150 3.219711 -0.508981
v 8.846170 3.421302 -0.360250
v 8.744857 3.187688 -0.462840
v 9.290563 5.707791 -0.264152
v 9.273462 5.718156 -0.293511
v 9.530219 6.056016 -0.264127
v 9.248048 5.734501 -0.312503
v 9.497046 6.094941 -0.312458
v 9.795496 6.222894 -0.264249
v 9.787713 6.241303 -0.293578
v 10.068806 6.263069 -0.264404
v 9.776666 6.269354 -0.312547
v 10.066914 6.312466 -0.312648
v 10.332564 6.231182 -0.264478
v 10.338391 6.250364 -0.293731
v 10.568326 6.104461 -0.264460
v 10.347802 6.278997 -0.312639
v 10.599007 6.145028 -0.312583
v 10.757649 5.860137 -0.264338
v 10.774488 5.870979 -0.293621
v 10.865738 5.561210 -0.264233
v 10.800206 5.886640 -0.312540
v 10.914988 5.570097 -0.312529
v 10.857797 5.270679 -0.264265
v 10.877436 5.267383 -0.293596
v 10.750256 5.010660 -0.264370
v 10.906931 5.261666 -0.312571
v 10.794356 4.986131 -0.312638
v 10.559544 4.803264 -0.264486
v 10.574141 4.789500 -0.293760
v 10.311779 4.637899 -0.264560
v 10.595581 4.768274 -0.312704
v 10.338604 4.596078 -0.312748
v 10.033074 4.503976 -0.264540
v 10.040691 4.485527 -0.293805
v 9.767979 4.417407 -0.264354
v 10.051431 4.457528 -0.312750
v 9.771701 4.369142 -0.312774
v 9.561032 4.394105 -0.263929
v 9.547299 4.375747 -0.293791
v 9.426940 4.401151 -0.230597
v 9.537054 4.347444 -0.312886
v 9.377372 4.357571 -0.273873
v 9.322535 4.364660 -0.156521
v 9.348483 4.389963 -0.146909
v 9.380407 4.405630 -0.131692
v 8.446840 3.441360 -0.361283
v 8.468225 3.447506 -0.388079
v 8.373209 3.249814 -0.464271
v 8.498608 3.450526 -0.405910
v 8.427883 3.265807 -0.504210
v 8.946929 5.823961 -0.307595
v 8.921859 5.839529 -0.287871
v 9.249880 6.267927 -0.307609
v 8.905405 5.849712 -0.258203
v 9.217373 6.305035 -0.258210
v 9.631488 6.519538 -0.307625
v 9.620559 6.546789 -0.287893
v 10.050622 6.602300 -0.307634
v 9.613366 6.564651 -0.258223
v 10.049578 6.650772 -0.258233
v 10.466155 6.539721 -0.307626
v 10.475859 6.567429 -0.287898
v 10.825736 6.349838 -0.307613
v 10.482201 6.585612 -0.258232
v 10.856806 6.387627 -0.258224
v 11.077016 6.050685 -0.307604
v 11.102356 6.065519 -0.287880
v 11.206230 5.674608 -0.307605
v 11.118962 6.075274 -0.258214
v 11.254056 5.683062 -0.258210
v 11.199611 5.253955 -0.307623
v 11.228512 5.248832 -0.287892
v 11.063134 4.854656 -0.307634
v 11.247471 5.245500 -0.258222
v 11.106347 4.831153 -0.258234
v 10.802777 4.542642 -0.307619
v 10.823931 4.522065 -0.287895
v 10.478396 4.309013 -0.307599
v 10.837823 4.508587 -0.258231
v 10.503855 4.267888 -0.258222
v 10.149848 4.144866 -0.307596
v 10.159826 4.117247 -0.287879
v 9.826461 4.052425 -0.307491
v 10.166396 4.099140 -0.258219
v 9.840453 4.003642 -0.258041
v 9.517563 4.033912 -0.307166
v 9.526038 4.003506 -0.287126
v 9.291433 4.048430 -0.268498
v 9.541027 3.982689 -0.257511
v 9.326462 3.995084 -0.224881
v 9.255097 3.999625 -0.128402
v 9.228461 4.022704 -0.143185
v 9.216349 4.055084 -0.153365
v 8.846291 3.421591 0.360840
v 8.827576 3.429165 0.390767
v 8.745097 3.188264 0.464018
v 8.797093 3.435257 0.410180
v 8.702207 3.219846 0.509255
v 0.850224 2.859810 0.713423
v 1.042955 2.859810 0.379604
v 1.109889 2.859810 0.000000
v 1.042955 2.859810 -0.379604
v 0.850224 2.859810 -0.713423
v 0.554945 2.859810 -0.961192
v 0.192731 2.859810 -1.093027
v -0.192730 2.859810 -1.093027
v -0.554944 2.859810 -0.961192
v -0.850224 2.859810 -0.713423
v -1.042954 2.859810 -0.379605
v -1.109889 2.859810 -0.000000
v -1.042955 2.859810 0.379604
v -0.850224 2.859810 0.713423
v -0.554945 2.859810 0.961192
v -0.192730 2.859810 1.093027
v 0.192730 2.859810 1.093027
v 0.554945 2.859810 0.961192
v 0.987519 3.301280 -0.359427
v 0.805033 3.301280 -0.675502
v 0.525448 3.301280 -0.910102
v 0.182486 3.301280 -1.034930
v -0.182486 3.301280 -1.034930
v -0.525448 3.301281 -0.910102
v -0.805032 3.301280 -0.675503
v -0.987519 3.301280 -0.359428
v -1.050896 3.301280 -0.000000
v -0.987519 3.301280 0.359427
v -0.805033 3.301280 0.675503
v -0.525448 3.301280 0.910102
v -0.182486 3.301281 1.034930
v 0.182486 3.301280 1.034930
v 0.525448 3.301281 0.910102
v 0.805033 3.301281 0.675502
v 0.987519 3.301281 0.359427
v 1.050896 3.301280 0.000000
v 1.042955 3.720873 -0.379604
v 0.850225 3.720873 -0.713423
v 0.554945 3.720873 -0.961192
v 0.192731 3.720873 -1.093027
v -0.192730 3.720873 -1.093028
v -0.554944 3.720873 -0.961193
v -0.850224 3.720873 -0.713423
v -1.042954 3.720873 -0.379605
v -1.109889 3.720873 -0.000001
v -1.042955 3.720873 0.379605
v -0.850225 3.720873 0.713423
v -0.554945 3.720873 0.961192
v -0.192730 3.720873 1.093027
v 0.192730 3.720873 1.093028
v 0.554944 3.720874 0.961193
v 0.850224 3.720874 0.713423
v 1.042955 3.720873 0.379604
v 1.109889 3.720873 -0.000000
v 1.685939 5.794266 -0.613632
v 1.374390 5.794266 -1.153250
v 0.897070 5.794266 -1.553769
v 0.311549 5.794266 -1.766881
v -0.311546 5.794266 -1.766885
v -0.897068 5.794267 -1.553770
v -1.374392 5.794266 -1.153250
v -1.685939 5.794266 -0.613633
v -1.794139 5.794266 0.000002
v -1.685939 5.794266 0.613632
v -1.374391 5.794266 1.153250
v -0.897072 5.794266 1.553770
v -0.311549 5.794267 1.766881
v 0.311546 5.794266 1.766883
v 0.897064 5.794267 1.553771
v 1.374389 5.794267 1.153245
v 1.685939 5.794267 0.613626
v 1.794139 5.794266 -0.000002
v 1.245646 0.419232 2.157523
v 1.131691 0.485516 1.960147
v 1.054400 0.663266 1.826275
v 1.615435 0.663266 1.355511
v 1.733852 0.485516 1.454874
v 1.908441 0.419232 1.601372
v 1.981624 0.663266 0.721252
v 2.126884 0.485516 0.774122
v 2.341049 0.419232 0.852072
v 2.108801 0.663266 0.000000
v 2.263383 0.485516 0.000000
v 2.491292 0.419232 0.000000
v 1.981624 0.663266 -0.721251
v 2.126884 0.485516 -0.774122
v 2.341049 0.419232 -0.852071
v 1.615435 0.663266 -1.355510
v 1.733852 0.485516 -1.454874
v 1.908441 0.419232 -1.601371
v 1.054401 0.663266 -1.826274
v 1.131692 0.485516 -1.960146
v 1.245647 0.419232 -2.157522
v 0.366190 0.663266 -2.076763
v 0.393033 0.485516 -2.228996
v 0.432609 0.419232 -2.453444
v -0.366189 0.663266 -2.076763
v -0.393032 0.485516 -2.228997
v -0.432608 0.419232 -2.453444
v -1.054400 0.663266 -1.826275
v -1.131691 0.485516 -1.960147
v -1.245646 0.419232 -2.157523
v -1.615434 0.663266 -1.355511
v -1.733851 0.485516 -1.454875
v -1.908440 0.419232 -1.601372
v -1.981624 0.663266 -0.721253
v -2.126884 0.485516 -0.774123
v -2.341049 0.419232 -0.852073
v -2.108801 0.663266 -0.000001
v -2.263383 0.485516 -0.000001
v -2.491292 0.419232 -0.000001
v -1.981624 0.663266 0.721252
v -2.126884 0.485516 0.774122
v -2.341049 0.419232 0.852072
v -1.615435 0.663266 1.355511
v -1.733852 0.485516 1.454874
v -1.908441 0.419232 1.601372
v -1.054401 0.663266 1.826274
v -1.131692 0.485516 1.960146
v -1.245647 0.419232 2.157522
v -0.366190 0.663266 2.076763
v -0.393033 0.485516 2.228997
v -0.432609 0.419232 2.453444
v 0.366189 0.663266 2.076763
v 0.393032 0.485516 2.228997
v 0.432608 0.419232 2.453444
v 1.781076 7.114875 -0.648259
v 1.895382 7.114875 -0.000002
v 1.781076 7.114876 0.648253
v 1.451945 7.114876 1.218322
v 0.947685 7.114876 1.641450
v 0.329127 7.114875 1.866587
v -0.329130 7.114876 1.866585
v -0.947693 7.114875 1.641449
v -1.451947 7.114875 1.218328
v -1.781076 7.114875 0.648259
v -1.895382 7.114875 0.000002
v -1.781076 7.114875 -0.648260
v -1.451948 7.114875 -1.218328
v -0.947690 7.114876 -1.641449
v -0.329127 7.114875 -1.866589
v 0.329130 7.114875 -1.866585
v 0.947691 7.114875 -1.641448
v 1.451947 7.114875 -1.218328
v 1.781076 7.114875 -0.648259
v 1.895382 7.114875 -0.000002
v 1.781076 7.114876 0.648253
v 1.451945 7.114876 1.218322
v 0.947685 7.114876 1.641450
v 0.329127 7.114875 1.866587
v -0.329130 7.114876 1.866585
v -0.947693 7.114875 1.641449
v -1.451947 7.114875 1.218328
v -1.781076 7.114875 0.648259
v -1.895382 7.114875 0.000002
v -1.781076 7.114875 -0.648260
v -1.451948 7.114875 -1.218328
v -0.947690 7.114876 -1.641449
v -0.329127 7.114875 -1.866589
v 0.329130 7.114875 -1.866585
v 0.947691 7.114875 -1.641448
v 1.451947 7.114875 -1.218328
v -1.314508 7.261610 1.103002
v -1.612482 7.261610 0.586896
v -1.715968 7.261610 0.000002
v -1.612482 7.261610 -0.586897
v -1.314509 7.261610 -1.103003
v -0.857983 7.261611 -1.486072
v -0.297972 7.261610 -1.689901
v 0.297975 7.261610 -1.689897
v 0.857984 7.261610 -1.486071
v 1.314508 7.261610 -1.103003
v 1.612482 7.261610 -0.586896
v 1.715968 7.261610 -0.000002
v 1.612482 7.261611 0.586891
v 1.314506 7.261611 1.102998
v 0.857978 7.261611 1.486072
v 0.297972 7.261610 1.689899
v -0.297975 7.261611 1.689897
v -0.857986 7.261610 1.486072
v 1.791647 7.344981 -0.652106
v 1.460564 7.344981 -1.225559
v 0.953316 7.344981 -1.651190
v 0.331083 7.344981 -1.877664
v -0.331080 7.344981 -1.877668
v -0.953314 7.344982 -1.651191
v -1.460565 7.344981 -1.225558
v -1.791647 7.344981 -0.652108
v -1.906631 7.344981 0.000002
v -1.791647 7.344981 0.652107
v -1.460564 7.344981 1.225558
v -0.953318 7.344981 1.651191
v -0.331083 7.344982 1.877664
v 0.331080 7.344981 1.877666
v 0.953309 7.344982 1.651191
v 1.460563 7.344982 1.225553
v 1.791647 7.344982 0.652101
v 1.906631 7.344981 -0.000002
v 1.870959 7.255139 -0.680974
v 1.991033 7.255139 -0.000002
v 1.870959 7.255140 0.680968
v 1.525218 7.255141 1.279805
v 0.995510 7.255141 1.724286
v 0.345737 7.255139 1.960785
v -0.345739 7.255140 1.960783
v -0.995519 7.255139 1.724286
v -1.525220 7.255139 1.279811
v -1.870959 7.255139 0.680974
v -1.991033 7.255139 0.000002
v -1.870958 7.255139 -0.680975
v -1.525221 7.255139 -1.279811
v -0.995515 7.255140 -1.724285
v -0.345736 7.255139 -1.960787
v 0.345740 7.255139 -1.960783
v 0.995517 7.255139 -1.724284
v 1.525220 7.255139 -1.279811
v 1.835893 7.324976 -0.668210
v 1.852085 7.313733 -0.674104
v 1.863553 7.297286 -0.678278
v 1.868842 7.277692 -0.680203
v 1.496634 7.324976 -1.255825
v 1.509834 7.313733 -1.266901
v 1.519183 7.297286 -1.274745
v 1.523494 7.277692 -1.278363
v 0.976858 7.324976 -1.691967
v 0.985474 7.313733 -1.706890
v 0.991576 7.297286 -1.717459
v 0.994390 7.277692 -1.722333
v 0.339260 7.324976 -1.924034
v 0.342252 7.313733 -1.941004
v 0.344371 7.297286 -1.953022
v 0.345349 7.277692 -1.958565
v -0.339256 7.324976 -1.924037
v -0.342248 7.313733 -1.941008
v -0.344367 7.297286 -1.953026
v -0.345345 7.277692 -1.958569
v -0.976857 7.324977 -1.691968
v -0.985473 7.313733 -1.706891
v -0.991575 7.297286 -1.717460
v -0.994389 7.277693 -1.722334
v -1.496635 7.324976 -1.255824
v -1.509835 7.313733 -1.266901
v -1.519184 7.297286 -1.274745
v -1.523495 7.277692 -1.278363
v -1.835892 7.324976 -0.668212
v -1.852085 7.313733 -0.674106
v -1.863553 7.297286 -0.678279
v -1.868842 7.277692 -0.680204
v -1.953716 7.324976 0.000002
v -1.970948 7.313733 0.000002
v -1.983152 7.297286 0.000002
v -1.988780 7.277692 0.000002
v -1.835893 7.324976 0.668211
v -1.852085 7.313733 0.674105
v -1.863553 7.297286 0.678279
v -1.868842 7.277692 0.680203
v -1.496634 7.324976 1.255824
v -1.509834 7.313733 1.266901
v -1.519183 7.297286 1.274745
v -1.523495 7.277692 1.278363
v -0.976861 7.324976 1.691968
v -0.985476 7.313733 1.706892
v -0.991578 7.297286 1.717460
v -0.994392 7.277692 1.722335
v -0.339259 7.324977 1.924034
v -0.342252 7.313733 1.941003
v -0.344371 7.297286 1.953022
v -0.345348 7.277693 1.958565
v 0.339256 7.324976 1.924035
v 0.342249 7.313733 1.941005
v 0.344368 7.297286 1.953024
v 0.345345 7.277692 1.958567
v 0.976852 7.324977 1.691969
v 0.985468 7.313734 1.706892
v 0.991570 7.297287 1.717461
v 0.994384 7.277694 1.722335
v 1.496632 7.324977 1.255819
v 1.509833 7.313734 1.266895
v 1.519181 7.297287 1.274739
v 1.523493 7.277694 1.278357
v 1.835893 7.324977 0.668205
v 1.852085 7.313733 0.674098
v 1.863553 7.297286 0.678272
v 1.868842 7.277693 0.680197
v 1.953716 7.324976 -0.000002
v 1.970948 7.313733 -0.000002
v 1.983152 7.297286 -0.000002
v 1.988780 7.277692 -0.000002
v 1.314508 7.303579 -1.103003
v 1.318822 7.324280 -1.106623
v 1.330610 7.339434 -1.116514
v 1.346712 7.344981 -1.130026
v 1.651987 7.344981 -0.601274
v 1.632234 7.339434 -0.594085
v 1.617775 7.324280 -0.588822
v 1.612482 7.303579 -0.586896
v 0.857984 7.303579 -1.486071
v 0.860800 7.324280 -1.490949
v 0.868494 7.339434 -1.504275
v 0.879004 7.344981 -1.522479
v 0.297975 7.303579 -1.689897
v 0.298953 7.324280 -1.695444
v 0.301625 7.339434 -1.710598
v 0.305275 7.344981 -1.731298
v -0.297972 7.303579 -1.689901
v -0.298950 7.324280 -1.695448
v -0.301622 7.339434 -1.710601
v -0.305272 7.344981 -1.731302
v -0.857983 7.303580 -1.486072
v -0.860799 7.324281 -1.490950
v -0.868493 7.339436 -1.504276
v -0.879003 7.344982 -1.522480
v -1.314509 7.303579 -1.103003
v -1.318823 7.324280 -1.106623
v -1.330611 7.339434 -1.116514
v -1.346713 7.344981 -1.130025
v -1.612482 7.303579 -0.586897
v -1.617775 7.324280 -0.588823
v -1.632234 7.339434 -0.594086
v -1.651987 7.344981 -0.601275
v -1.715968 7.303579 0.000002
v -1.721600 7.324280 0.000002
v -1.736988 7.339434 0.000002
v -1.758008 7.344981 0.000002
v -1.612482 7.303579 0.586896
v -1.617775 7.324280 0.588822
v -1.632235 7.339434 0.594085
v -1.651987 7.344981 0.601274
v -1.314508 7.303579 1.103003
v -1.318823 7.324280 1.106623
v -1.330610 7.339434 1.116514
v -1.346713 7.344981 1.130025
v -0.857986 7.303579 1.486072
v -0.860802 7.324280 1.490950
v -0.868496 7.339434 1.504276
v -0.879006 7.344981 1.522479
v -0.297975 7.303580 1.689897
v -0.298953 7.324281 1.695444
v -0.301625 7.339436 1.710598
v -0.305275 7.344982 1.731298
v 0.297972 7.303579 1.689899
v 0.298950 7.324280 1.695446
v 0.301622 7.339434 1.710599
v 0.305272 7.344981 1.731300
v 0.857978 7.303580 1.486072
v 0.860794 7.324281 1.490950
v 0.868488 7.339436 1.504276
v 0.878998 7.344982 1.522480
v 1.314506 7.303580 1.102997
v 1.318821 7.324281 1.106618
v 1.330608 7.339436 1.116509
v 1.346710 7.344982 1.130020
v 1.612482 7.303580 0.586890
v 1.617774 7.324281 0.588817
v 1.632234 7.339436 0.594080
v 1.651986 7.344982 0.601269
v 1.715968 7.303579 -0.000002
v 1.721600 7.324280 -0.000002
v 1.736988 7.339434 -0.000002
v 1.758008 7.344981 -0.000002
v 1.863366 7.149737 -0.678210
v 1.856594 7.129502 -0.675745
v 1.841071 7.115550 -0.670095
v 1.820957 7.111621 -0.662774
v 1.937822 7.111621 -0.000002
v 1.959227 7.115550 -0.000002
v 1.975746 7.129502 -0.000002
v 1.982953 7.149737 -0.000002
v 1.820957 7.111623 0.662769
v 1.841071 7.115551 0.670090
v 1.856594 7.129503 0.675740
v 1.863366 7.149737 0.678204
v 1.484456 7.111623 1.245602
v 1.500854 7.115551 1.259361
v 1.513508 7.129503 1.269979
v 1.519028 7.149737 1.274611
v 0.968905 7.111623 1.678203
v 0.979608 7.115551 1.696741
v 0.987867 7.129503 1.711047
v 0.991470 7.149737 1.717288
v 0.336497 7.111621 1.908382
v 0.340214 7.115550 1.929462
v 0.343082 7.129502 1.945730
v 0.344333 7.149737 1.952827
v -0.336499 7.111623 1.908380
v -0.340216 7.115551 1.929461
v -0.343085 7.129503 1.945729
v -0.344336 7.149737 1.952825
v -0.968913 7.111621 1.678203
v -0.979616 7.115550 1.696741
v -0.987875 7.129502 1.711047
v -0.991478 7.149737 1.717288
v -1.484458 7.111621 1.245607
v -1.500856 7.115550 1.259367
v -1.513510 7.129502 1.269985
v -1.519030 7.149737 1.274617
v -1.820957 7.111621 0.662775
v -1.841071 7.115550 0.670096
v -1.856594 7.129502 0.675746
v -1.863366 7.149737 0.678210
v -1.937822 7.111621 0.000002
v -1.959227 7.115550 0.000002
v -1.975746 7.129502 0.000002
v -1.982952 7.149737 0.000002
v -1.820956 7.111621 -0.662776
v -1.841071 7.115550 -0.670097
v -1.856594 7.129502 -0.675747
v -1.863365 7.149737 -0.678211
v -1.484459 7.111621 -1.245607
v -1.500856 7.115550 -1.259367
v -1.513510 7.129502 -1.269985
v -1.519031 7.149737 -1.274617
v -0.968910 7.111623 -1.678203
v -0.979612 7.115551 -1.696741
v -0.987872 7.129503 -1.711047
v -0.991475 7.149737 -1.717287
v -0.336496 7.111621 -1.908384
v -0.340213 7.115550 -1.929465
v -0.343082 7.129502 -1.945733
v -0.344333 7.149737 -1.952829
v 0.336500 7.111621 -1.908381
v 0.340217 7.115550 -1.929461
v 0.343085 7.129502 -1.945729
v 0.344337 7.149737 -1.952826
v 0.968911 7.111621 -1.678202
v 0.979614 7.115550 -1.696740
v 0.987873 7.129502 -1.711046
v 0.991476 7.149737 -1.717286
v 1.484457 7.111621 -1.245608
v 1.500855 7.115550 -1.259367
v 1.513509 7.129502 -1.269985
v 1.519030 7.149737 -1.274617
v 1.454482 4.757569 -0.529388
v 1.547827 4.757569 -0.000001
v 1.454482 4.757570 0.529385
v 1.185704 4.757570 0.994921
v 0.773910 4.757570 1.340458
v 0.268776 4.757569 1.524313
v -0.268777 4.757570 1.524311
v -0.773915 4.757569 1.340457
v -1.185705 4.757569 0.994924
v -1.454482 4.757569 0.529389
v -1.547827 4.757569 0.000001
v -1.454481 4.757569 -0.529389
v -1.185705 4.757569 -0.994924
v -0.773913 4.757570 -1.340458
v -0.268776 4.757569 -1.524314
v 0.268778 4.757569 -1.524312
v 0.773914 4.757569 -1.340457
v 1.185705 4.757569 -0.994924
v 1.630679 7.090531 -0.594284
v 1.329342 7.090531 -1.116216
v 0.867667 7.090531 -1.503607
v 0.301338 7.090531 -1.709734
v -0.301337 7.090531 -1.709735
v -0.867666 7.090531 -1.503608
v -1.329342 7.090531 -1.116216
v -1.630679 7.090531 -0.594285
v -1.735332 7.090531 -0.000766
v -1.630679 7.090531 0.592753
v -1.329342 7.090531 1.114684
v -0.867666 7.090531 1.502076
v -0.301338 7.090531 1.708203
v 0.301337 7.090531 1.708203
v 0.867666 7.090531 1.502076
v 1.329342 7.090531 1.114685
v 1.630679 7.090531 0.592753
v 1.735332 7.090531 -0.000766
v 0.815340 19.730242 -0.297525
v 0.664671 19.730242 -0.558491
v 0.433833 19.730242 -0.752187
v 0.150669 19.730242 -0.855250
v -0.150668 19.730242 -0.855250
v -0.433833 19.730242 -0.752187
v -0.664671 19.730242 -0.558491
v -0.815339 19.730242 -0.297525
v -0.867666 19.730242 -0.000766
v -0.815340 19.730242 0.295993
v -0.664671 19.730242 0.556959
v -0.433833 19.730242 0.750655
v -0.150669 19.730242 0.853719
v 0.150669 19.730242 0.853719
v 0.433833 19.730242 0.750655
v 0.664671 19.730242 0.556959
v 0.815340 19.730242 0.295994
v 0.867666 19.730242 -0.000766
v 0.000000 19.730242 -0.000766
v 1.630679 19.473923 -0.594284
v 1.559044 19.655169 -0.568211
v 1.386102 19.730242 -0.505265
v 1.329342 19.473923 -1.116216
v 1.270945 19.655169 -1.067214
v 1.129961 19.730242 -0.948915
v 0.867667 19.473923 -1.503607
v 0.829550 19.655169 -1.437588
v 0.737530 19.730242 -1.278204
v 0.301338 19.473923 -1.709734
v 0.288100 19.655169 -1.634660
v 0.256142 19.730242 -1.453415
v -0.301337 19.473923 -1.709735
v -0.288099 19.655169 -1.634660
v -0.256141 19.730242 -1.453415
v -0.867666 19.473923 -1.503608
v -0.829550 19.655169 -1.437589
v -0.737529 19.730242 -1.278204
v -1.329342 19.473923 -1.116216
v -1.270944 19.655169 -1.067215
v -1.129960 19.730242 -0.948915
v -1.630679 19.473923 -0.594285
v -1.559044 19.655169 -0.568212
v -1.386101 19.730242 -0.505266
v -1.735332 19.473923 -0.000766
v -1.659100 19.655169 -0.000766
v -1.475058 19.730242 -0.000766
v -1.630679 19.473923 0.592753
v -1.559044 19.655169 0.566680
v -1.386102 19.730242 0.503734
v -1.329342 19.473923 1.114684
v -1.270945 19.655169 1.065683
v -1.129961 19.730242 0.947384
v -0.867666 19.473923 1.502076
v -0.829550 19.655169 1.436057
v -0.737530 19.730242 1.276672
v -0.301338 19.473923 1.708203
v -0.288100 19.655169 1.633129
v -0.256141 19.730242 1.451883
v 0.301337 19.473923 1.708203
v 0.288100 19.655169 1.633129
v 0.256141 19.730242 1.451883
v 0.867666 19.473923 1.502076
v 0.829550 19.655169 1.436057
v 0.737529 19.730242 1.276673
v 1.329342 19.473923 1.114685
v 1.270944 19.655169 1.065683
v 1.129960 19.730242 0.947384
v 1.630679 19.473923 0.592753
v 1.559044 19.655169 0.566680
v 1.386102 19.730242 0.503734
v 1.735332 19.473923 -0.000766
v 1.659100 19.655169 -0.000766
v 1.475059 19.730242 -0.000766
vt 0.700838 0.627496
vt 0.693713 0.646094
vt 0.679115 0.660371
vt 0.662581 0.668401
vt 0.642799 0.668993
vt 0.624797 0.663292
vt 0.610252 0.652268
vt 0.600630 0.636935
vt 0.595131 0.621672
vt 0.595084 0.602801
vt 0.603070 0.584454
vt 0.615514 0.570893
vt 0.633563 0.563160
vt 0.652301 0.561930
vt 0.669453 0.566565
vt 0.685292 0.577610
vt 0.695270 0.589722
vt 0.701627 0.607279
vt 0.701626 0.607279
vt 0.700838 0.627496
vt 0.695270 0.589723
vt 0.685293 0.577613
vt 0.669449 0.566565
vt 0.652301 0.561931
vt 0.633563 0.563161
vt 0.615514 0.570894
vt 0.603071 0.584454
vt 0.595084 0.602801
vt 0.595131 0.621672
vt 0.600629 0.636931
vt 0.610255 0.652269
vt 0.624798 0.663292
vt 0.642799 0.668992
vt 0.662581 0.668401
vt 0.679115 0.660371
vt 0.693713 0.646093
vt 0.048902 0.011346
vt 0.049789 0.011347
vt 0.048893 0.049000
vt 0.049775 0.049034
vt 0.048009 0.048985
vt 0.050676 0.011347
vt 0.049722 0.049607
vt 0.048014 0.011346
vt 0.048856 0.049549
vt 0.050660 0.049064
vt 0.050593 0.049643
vt 0.047126 0.048994
vt 0.048005 0.049533
vt 0.049621 0.049965
vt 0.047126 0.011346
vt 0.048826 0.049898
vt 0.046242 0.049028
vt 0.047155 0.049544
vt 0.048004 0.049881
vt 0.046240 0.011346
vt 0.045357 0.049061
vt 0.046298 0.049599
vt 0.047183 0.049889
vt 0.045354 0.011346
vt 0.045430 0.049634
vt 0.046397 0.049949
vt 0.038282 0.049029
vt 0.039145 0.011349
vt 0.039166 0.048994
vt 0.038258 0.011350
vt 0.040033 0.011348
vt 0.039196 0.049544
vt 0.037397 0.049062
vt 0.040050 0.048985
vt 0.038339 0.049600
vt 0.040046 0.049533
vt 0.037372 0.011350
vt 0.040920 0.011347
vt 0.039224 0.049889
vt 0.040045 0.049880
vt 0.037471 0.049635
vt 0.040933 0.048999
vt 0.040897 0.049548
vt 0.038438 0.049950
vt 0.040867 0.049897
vt 0.041808 0.011347
vt 0.041816 0.049033
vt 0.041763 0.049606
vt 0.041662 0.049963
vt 0.042695 0.011347
vt 0.042700 0.049061
vt 0.042634 0.049640
vt 0.526566 0.746097
vt 0.819779 0.001964
vt 0.856015 0.115976
vt 0.580942 0.821752
vt 0.819402 0.004176
vt 0.852608 0.032273
vt 0.528498 0.745168
vt 0.846490 0.017460
vt 0.845324 0.019289
vt 0.818570 0.011065
vt 0.850486 0.032418
vt 0.891901 0.003163
vt 0.844541 0.021283
vt 0.848531 0.116170
vt 0.257950 0.894015
vt 0.891900 0.020084
vt 0.865498 0.034948
vt 0.863961 0.036429
vt 0.842959 0.026226
vt 0.818240 0.013356
vt 0.843055 0.033421
vt 0.970281 0.622436
vt 0.937358 0.017522
vt 0.862563 0.038043
vt 0.846374 0.116467
vt 0.918303 0.034948
vt 0.891900 0.036942
vt 0.879634 0.055663
vt 0.877658 0.056565
vt 0.964023 0.001968
vt 0.938491 0.019309
vt 0.878646 0.056114
vt 0.894635 0.568048
vt 0.919840 0.036429
vt 0.904116 0.055636
vt 0.885768 0.056468
vt 0.883583 0.063319
vt 0.881656 0.063319
vt 0.893706 0.569980
vt 0.598559 0.507240
vt 0.964400 0.004179
vt 0.939265 0.021293
vt 0.898008 0.056454
vt 0.891901 0.057293
vt 0.880638 0.063426
vt 0.682260 0.510658
vt 0.921237 0.038045
vt 0.905121 0.056096
vt 0.900198 0.063308
vt 0.887293 0.063621
vt 0.885513 0.074414
vt 0.883818 0.074340
vt 0.965234 0.011068
vt 0.682115 0.512779
vt 0.940831 0.026185
vt 0.906125 0.056555
vt 0.896495 0.063614
vt 0.891897 0.063847
vt 0.882748 0.074293
vt 0.598363 0.514725
vt 0.902128 0.063310
vt 0.898284 0.074411
vt 0.888404 0.074570
vt 0.884440 0.093331
vt 0.879597 0.063495
vt 0.506985 0.520210
vt 0.681112 0.520210
vt 0.903153 0.063420
vt 0.895395 0.074568
vt 0.886050 0.093396
vt 0.891900 0.074670
vt 0.881668 0.074228
vt 0.876435 0.056952
vt 0.883380 0.093289
vt 0.598066 0.516882
vt 0.899979 0.074337
vt 0.897755 0.093395
vt 0.888708 0.093494
vt 0.885940 0.113886
vt 0.884343 0.113856
vt 0.901052 0.074291
vt 0.899365 0.093330
vt 0.895097 0.093494
vt 0.891903 0.093550
vt 0.882319 0.093256
vt 0.883324 0.113869
vt 0.904196 0.063491
vt 0.897869 0.113885
vt 0.888640 0.113965
vt 0.885929 0.129811
vt 0.884341 0.129812
vt 0.900427 0.093288
vt 0.902132 0.074226
vt 0.907356 0.056946
vt 0.895169 0.113964
vt 0.899467 0.113856
vt 0.891904 0.114014
vt 0.882312 0.113912
vt 0.883339 0.129866
vt 0.897879 0.129813
vt 0.888630 0.129872
vt 0.885934 0.141745
vt 0.884350 0.141751
vt 0.901490 0.093255
vt 0.900488 0.113869
vt 0.895178 0.129873
vt 0.899467 0.129815
vt 0.888634 0.141790
vt 0.891904 0.129917
vt 0.882350 0.130066
vt 0.883347 0.141900
vt 0.897868 0.141748
vt 0.895169 0.141792
vt 0.888670 0.150561
vt 0.885994 0.150553
vt 0.901504 0.113914
vt 0.900473 0.129870
vt 0.899454 0.141755
vt 0.891901 0.141827
vt 0.884410 0.150602
vt 0.897802 0.150557
vt 0.895126 0.150563
vt 0.891898 0.150599
vt 0.901468 0.130074
vt 0.900460 0.141907
vt 0.899387 0.150608
vt 0.352033 0.000028
vt 0.353769 0.000230
vt 0.351787 0.003922
vt 0.353470 0.003988
vt 0.348827 0.003983
vt 0.354825 0.000565
vt 0.351968 0.008589
vt 0.348927 0.000006
vt 0.348966 0.008590
vt 0.354503 0.004159
vt 0.353659 0.008588
vt 0.345922 0.004184
vt 0.345957 0.008591
vt 0.353457 0.013185
vt 0.351769 0.013255
vt 0.345803 0.000282
vt 0.348816 0.013196
vt 0.354669 0.008586
vt 0.354500 0.013010
vt 0.344322 0.004382
vt 0.344238 0.008591
vt 0.345922 0.012997
vt 0.353750 0.016941
vt 0.354824 0.016600
vt 0.352006 0.017148
vt 0.344063 0.000641
vt 0.348911 0.017172
vt 0.343354 0.004566
vt 0.343208 0.008592
vt 0.344325 0.012801
vt 0.345803 0.016899
vt 0.342989 0.000971
vt 0.342328 0.004799
vt 0.342173 0.008592
vt 0.343357 0.012617
vt 0.344068 0.016542
vt 0.342330 0.012385
vt 0.342993 0.016213
vt 0.662103 0.432132
vt 0.662817 0.412885
vt 0.663666 0.432150
vt 0.659882 0.412912
vt 0.664467 0.412955
vt 0.663643 0.454061
vt 0.659470 0.432113
vt 0.661017 0.402787
vt 0.666664 0.402727
vt 0.664670 0.432169
vt 0.662084 0.454073
vt 0.664644 0.454031
vt 0.656289 0.412946
vt 0.664787 0.402577
vt 0.656289 0.402973
vt 0.667585 0.403089
vt 0.665462 0.413094
vt 0.663661 0.472842
vt 0.664665 0.472786
vt 0.659460 0.454072
vt 0.656290 0.432109
vt 0.662510 0.397065
vt 0.656288 0.397808
vt 0.669575 0.396879
vt 0.670435 0.397488
vt 0.665675 0.432196
vt 0.665642 0.453983
vt 0.662099 0.472875
vt 0.665660 0.472596
vt 0.656290 0.454067
vt 0.653109 0.432114
vt 0.652696 0.412912
vt 0.668717 0.396267
vt 0.651560 0.402787
vt 0.668529 0.403419
vt 0.666454 0.413277
vt 0.663672 0.488628
vt 0.664676 0.488482
vt 0.659468 0.472887
vt 0.656288 0.381795
vt 0.650067 0.397065
vt 0.683558 0.380901
vt 0.662106 0.488656
vt 0.656291 0.472886
vt 0.650476 0.432133
vt 0.653121 0.454072
vt 0.649761 0.412885
vt 0.681915 0.379425
vt 0.647790 0.402578
vt 0.663704 0.502168
vt 0.659472 0.488671
vt 0.653114 0.472888
vt 0.656291 0.488677
vt 0.650496 0.454073
vt 0.656288 0.368469
vt 0.643860 0.396267
vt 0.701682 0.366727
vt 0.662137 0.502237
vt 0.648913 0.432151
vt 0.648937 0.454061
vt 0.650483 0.472875
vt 0.645913 0.402727
vt 0.700112 0.364933
vt 0.630661 0.379425
vt 0.643002 0.396879
vt 0.659490 0.502267
vt 0.653111 0.488671
vt 0.648111 0.412955
vt 0.648920 0.472843
vt 0.650476 0.488656
vt 0.656287 0.355170
vt 0.612462 0.364933
vt 0.629018 0.380902
vt 0.727410 0.354099
vt 0.656292 0.502268
vt 0.653093 0.502267
vt 0.647909 0.432170
vt 0.647937 0.454032
vt 0.647917 0.472787
vt 0.648911 0.488629
vt 0.644992 0.403090
vt 0.642142 0.397489
vt 0.354183 0.475927
vt 0.610887 0.366725
vt 0.650447 0.502237
vt 0.647116 0.413095
vt 0.647907 0.488483
vt 0.648880 0.502168
vt 0.271968 0.413767
vt 0.586535 0.352368
vt 0.585166 0.354099
vt 0.646904 0.432197
vt 0.646939 0.453983
vt 0.646922 0.472597
vt 0.644048 0.403419
vt 0.646123 0.413277
vt 0.979406 0.629510
vt 0.973249 0.546252
vt 0.986871 0.628663
vt 0.977290 0.629749
vt 0.980734 0.545892
vt 0.999935 0.710640
vt 0.990507 0.712669
vt 0.971125 0.546352
vt 0.971258 0.463013
vt 0.982882 0.545786
vt 0.992608 0.712329
vt 0.975145 0.629652
vt 0.978756 0.463017
vt 0.988996 0.628225
vt 0.980908 0.463016
vt 0.969009 0.546454
vt 0.969131 0.463012
vt 0.973277 0.379778
vt 0.980759 0.380141
vt 0.982909 0.380245
vt 0.967011 0.463013
vt 0.971153 0.379676
vt 0.979459 0.296521
vt 0.986915 0.297372
vt 0.989043 0.297812
vt 0.969038 0.379575
vt 0.977343 0.296281
vt 0.992685 0.213709
vt 1.000000 0.215398
vt 0.975203 0.296376
vt 0.990584 0.213367
vt 0.481910 0.098125
vt 0.479167 0.098014
vt 0.481912 0.089916
vt 0.479103 0.106927
vt 0.479169 0.089865
vt 0.483511 0.089942
vt 0.481798 0.107095
vt 0.475833 0.106843
vt 0.475836 0.097958
vt 0.481841 0.081997
vt 0.483515 0.098198
vt 0.478984 0.115574
vt 0.475833 0.115453
vt 0.475841 0.089832
vt 0.479134 0.081959
vt 0.484513 0.089949
vt 0.483427 0.082003
vt 0.483378 0.107220
vt 0.481606 0.115795
vt 0.472504 0.098010
vt 0.472563 0.106926
vt 0.472513 0.089859
vt 0.479106 0.074029
vt 0.484523 0.098237
vt 0.481789 0.074059
vt 0.472682 0.115573
vt 0.472565 0.081952
vt 0.475850 0.081933
vt 0.485510 0.098264
vt 0.484427 0.082007
vt 0.483366 0.074079
vt 0.484372 0.107308
vt 0.483162 0.115996
vt 0.469761 0.098119
vt 0.469771 0.089906
vt 0.469868 0.107093
vt 0.469858 0.081984
vt 0.479085 0.065645
vt 0.475860 0.073997
vt 0.485506 0.089945
vt 0.481757 0.065666
vt 0.470060 0.115794
vt 0.472614 0.074021
vt 0.485356 0.107521
vt 0.484369 0.074027
vt 0.483341 0.065664
vt 0.484152 0.116205
vt 0.468156 0.098190
vt 0.468170 0.089929
vt 0.468288 0.107217
vt 0.469931 0.074044
vt 0.475872 0.065604
vt 0.472658 0.065636
vt 0.468271 0.081986
vt 0.468504 0.115996
vt 0.467144 0.098228
vt 0.467165 0.089934
vt 0.467290 0.107305
vt 0.468353 0.074060
vt 0.469986 0.065650
vt 0.467268 0.081988
vt 0.467510 0.116206
vt 0.466149 0.098255
vt 0.466164 0.089929
vt 0.467348 0.074006
vt 0.468401 0.065643
vt 0.466299 0.107519
vt 0.495385 0.036333
vt 0.495389 0.048861
vt 0.492225 0.036333
vt 0.498546 0.036332
vt 0.492236 0.048849
vt 0.495382 0.023811
vt 0.498542 0.048847
vt 0.492212 0.060719
vt 0.489622 0.048827
vt 0.492201 0.023831
vt 0.498572 0.060717
vt 0.501155 0.048823
vt 0.498562 0.023829
vt 0.495392 0.060741
vt 0.489578 0.060669
vt 0.489605 0.036348
vt 0.492179 0.011821
vt 0.489567 0.023859
vt 0.501207 0.060666
vt 0.501166 0.036345
vt 0.498577 0.011819
vt 0.501196 0.023856
vt 0.492149 0.072441
vt 0.489470 0.072371
vt 0.488012 0.060624
vt 0.488048 0.036362
vt 0.495378 0.011817
vt 0.489532 0.011839
vt 0.498642 0.072439
vt 0.501321 0.072368
vt 0.502722 0.036358
vt 0.502772 0.060620
vt 0.501224 0.011835
vt 0.495396 0.072453
vt 0.487889 0.072270
vt 0.488071 0.048807
vt 0.488003 0.023883
vt 0.495375 0.000006
vt 0.489516 0.000037
vt 0.487960 0.011845
vt 0.502902 0.072266
vt 0.502707 0.048802
vt 0.502760 0.023878
vt 0.501233 0.000034
vt 0.502796 0.011841
vt 0.487008 0.060587
vt 0.486881 0.072138
vt 0.487075 0.048787
vt 0.486996 0.023897
vt 0.492167 0.000018
vt 0.487947 0.000070
vt 0.503702 0.048782
vt 0.503768 0.023892
vt 0.503777 0.060582
vt 0.503910 0.072133
vt 0.498582 0.000016
vt 0.502802 0.000066
vt 0.487053 0.036375
vt 0.486947 0.011911
vt 0.503718 0.036370
vt 0.503809 0.011906
vt 0.486008 0.060392
vt 0.486057 0.036389
vt 0.485985 0.024066
vt 0.504713 0.036384
vt 0.504776 0.060387
vt 0.504778 0.024061
vt 0.486088 0.048759
vt 0.504689 0.048754
vt 0.766487 0.652704
vt 0.768835 0.663417
vt 0.830386 0.069423
vt 0.300980 0.218671
vt 0.830393 0.080089
vt 0.830372 0.058761
vt 0.287589 0.202737
vt 0.838276 0.674364
vt 0.769622 0.674356
vt 0.909076 0.439612
vt 0.762628 0.642439
vt 0.908281 0.426912
vt 0.291920 0.197605
vt 0.830395 0.090757
vt 0.910886 0.452208
vt 0.830342 0.048115
vt 0.908508 0.414189
vt 0.271875 0.186042
vt 0.306804 0.215327
vt 0.269557 0.192345
vt 0.877350 0.443942
vt 0.876311 0.428683
vt 0.757337 0.632833
vt 0.876499 0.413390
vt 0.913702 0.464617
vt 0.879611 0.459069
vt 0.830281 0.037514
vt 0.909755 0.401525
vt 0.877913 0.398161
vt 0.249077 0.182031
vt 0.249057 0.188746
vt 0.847211 0.447215
vt 0.846006 0.429528
vt 0.846224 0.411801
vt 0.750722 0.624085
vt 0.847863 0.394149
vt 0.883077 0.473965
vt 0.849831 0.464749
vt 0.830179 0.027037
vt 0.912014 0.389003
vt 0.880544 0.383095
vt 0.850912 0.376685
vt 0.226284 0.186061
vt 0.802366 0.578849
vt 0.809870 0.452289
vt 0.808379 0.431590
vt 0.808552 0.410838
vt 0.810390 0.390167
vt 0.742922 0.616376
vt 0.813880 0.369710
vt 0.853848 0.482015
vt 0.813017 0.472801
vt 0.787546 0.564202
vt 0.817800 0.492995
vt 0.757326 0.715876
vt 0.750710 0.724622
vt 0.830385 0.133434
vt 0.249150 0.308602
vt 0.830378 0.144103
vt 0.830390 0.122765
vt 0.269645 0.304972
vt 0.228651 0.305004
vt 0.742907 0.732329
vt 0.963453 0.303148
vt 0.762620 0.706271
vt 0.972014 0.296293
vt 0.271926 0.311288
vt 0.249129 0.315318
vt 0.830370 0.154772
vt 0.954142 0.311822
vt 0.824973 0.735004
vt 0.226335 0.311307
vt 0.210619 0.294609
vt 0.734081 0.738837
vt 0.941796 0.279564
vt 0.953735 0.270004
vt 0.830360 0.165441
vt 0.945557 0.321214
vt 0.930663 0.290050
vt 0.206287 0.299741
vt 0.197231 0.278674
vt 0.724412 0.744013
vt 0.921912 0.256679
vt 0.935751 0.245598
vt 0.830351 0.176108
vt 0.937752 0.331264
vt 0.920407 0.301396
vt 0.909007 0.268834
vt 0.191404 0.282012
vt 0.732785 0.813811
vt 0.714100 0.747749
vt 0.896441 0.228907
vt 0.912589 0.215872
vt 0.830346 0.186769
vt 0.930779 0.341909
vt 0.911094 0.313528
vt 0.897119 0.281985
vt 0.881390 0.243195
vt 0.924683 0.353078
vt 0.902784 0.326368
vt 0.886324 0.296048
vt 0.867534 0.258644
vt 0.895531 0.339833
vt 0.876692 0.310931
vt 0.854962 0.275155
vt 0.868285 0.326539
vt 0.843755 0.292621
vt 0.833985 0.310930
vt 0.868240 0.128817
vt 0.867641 0.128701
vt 0.871083 0.112023
vt 0.864051 0.145292
vt 0.870475 0.111954
vt 0.871691 0.112092
vt 0.864641 0.145450
vt 0.866468 0.128472
vt 0.869288 0.111819
vt 0.872046 0.094999
vt 0.868828 0.128995
vt 0.872658 0.094999
vt 0.862883 0.145038
vt 0.870240 0.094999
vt 0.871435 0.094999
vt 0.871078 0.077975
vt 0.871686 0.077906
vt 0.869284 0.078179
vt 0.870471 0.078045
vt 0.868231 0.061182
vt 0.868819 0.061004
vt 0.866460 0.061527
vt 0.867633 0.061299
vt 0.864628 0.044550
vt 0.862871 0.044963
vt 0.864038 0.044708
vt 0.962916 0.178510
vt 0.963526 0.178515
vt 0.962660 0.198087
vt 0.963623 0.158901
vt 0.963270 0.198087
vt 0.962052 0.198088
vt 0.963013 0.158890
vt 0.966536 0.178542
vt 0.966277 0.198086
vt 0.962918 0.217663
vt 0.962308 0.178506
vt 0.962309 0.217668
vt 0.964342 0.139259
vt 0.966632 0.158964
vt 0.966538 0.217631
vt 0.963528 0.217658
vt 0.962402 0.158971
vt 0.963730 0.139271
vt 0.967182 0.178548
vt 0.966921 0.198086
vt 0.967183 0.217625
vt 0.963018 0.237285
vt 0.962406 0.237203
vt 0.967361 0.139342
vt 0.967277 0.158978
vt 0.966637 0.237209
vt 0.967282 0.237194
vt 0.963629 0.237273
vt 0.967856 0.158992
vt 0.967762 0.178554
vt 0.967500 0.198086
vt 0.967763 0.217619
vt 0.963740 0.256899
vt 0.968007 0.139380
vt 0.968586 0.139432
vt 0.967364 0.256834
vt 0.968010 0.256796
vt 0.967861 0.237181
vt 0.964352 0.256911
vt 0.968436 0.159005
vt 0.969165 0.139517
vt 0.968341 0.178559
vt 0.968079 0.198086
vt 0.968343 0.217613
vt 0.968589 0.256744
vt 0.968440 0.237167
vt 0.968921 0.178655
vt 0.968657 0.198086
vt 0.968922 0.217518
vt 0.969167 0.256659
vt 0.973443 0.174243
vt 0.973539 0.154629
vt 0.976453 0.174269
vt 0.972833 0.174238
vt 0.976548 0.154691
vt 0.976195 0.193814
vt 0.972929 0.154617
vt 0.972578 0.193815
vt 0.974257 0.134987
vt 0.977099 0.174276
vt 0.973188 0.193815
vt 0.976839 0.193814
vt 0.972225 0.174234
vt 0.971970 0.193815
vt 0.977276 0.135069
vt 0.977193 0.154706
vt 0.976457 0.213359
vt 0.977102 0.213353
vt 0.973645 0.134999
vt 0.972318 0.154699
vt 0.972837 0.213391
vt 0.972228 0.213396
vt 0.977772 0.154719
vt 0.977679 0.174281
vt 0.973447 0.213386
vt 0.977418 0.193814
vt 0.977922 0.135107
vt 0.978501 0.135159
vt 0.976557 0.232936
vt 0.977202 0.232922
vt 0.977682 0.213347
vt 0.972938 0.233013
vt 0.972326 0.232931
vt 0.978352 0.154732
vt 0.979080 0.135244
vt 0.978258 0.174287
vt 0.973549 0.233001
vt 0.977997 0.193814
vt 0.977285 0.252562
vt 0.977931 0.252523
vt 0.977781 0.232909
vt 0.978262 0.213341
vt 0.973661 0.252626
vt 0.978838 0.174382
vt 0.974273 0.252639
vt 0.978575 0.193814
vt 0.978510 0.252471
vt 0.978361 0.232895
vt 0.978841 0.213246
vt 0.979088 0.252386
vt 0.007596 0.089581
vt 0.003588 0.073063
vt 0.004760 0.072834
vt 0.006410 0.089715
vt 0.000001 0.056498
vt 0.005359 0.072718
vt 0.008558 0.106536
vt 0.001168 0.056243
vt 0.001758 0.056086
vt 0.008204 0.089511
vt 0.007364 0.106535
vt 0.005947 0.072540
vt 0.007596 0.123490
vt 0.009169 0.106536
vt 0.008812 0.089442
vt 0.006409 0.123355
vt 0.004759 0.140237
vt 0.008204 0.123559
vt 0.009781 0.106535
vt 0.003586 0.140008
vt 0.001168 0.156828
vt 0.005358 0.140353
vt 0.008812 0.123628
vt 0.000000 0.156573
vt 0.001758 0.156985
vt 0.005947 0.140531
vt 0.625906 0.000026
vt 0.643054 0.000028
vt 0.688739 0.503923
vt 0.671940 0.507363
vt 0.704923 0.498259
vt 0.660201 0.000031
vt 0.671189 0.501819
vt 0.608759 0.000023
vt 0.687250 0.498531
vt 0.654832 0.508514
vt 0.654832 0.502920
vt 0.720199 0.490471
vt 0.702723 0.493115
vt 0.591612 0.000020
vt 0.734291 0.480701
vt 0.717329 0.485669
vt 0.574465 0.000017
vt 0.746943 0.469127
vt 0.730802 0.476329
vt 0.557318 0.000015
vt 0.742898 0.465263
vt 0.745936 0.000044
vt 0.763083 0.000047
vt 0.575382 0.480672
vt 0.562734 0.469094
vt 0.589470 0.490447
vt 0.780230 0.000050
vt 0.566781 0.465231
vt 0.728789 0.000042
vt 0.578873 0.476301
vt 0.551757 0.455921
vt 0.556286 0.452637
vt 0.604744 0.498240
vt 0.592342 0.485646
vt 0.797377 0.000053
vt 0.711642 0.000039
vt 0.542649 0.441393
vt 0.547578 0.438747
vt 0.606945 0.493097
vt 0.814524 0.000055
vt 0.814469 0.352383
vt 0.540815 0.423813
vt 0.003381 0.002914
vt 0.003159 0.003296
vt 0.002175 0.002480
vt 0.003841 0.003882
vt 0.002817 0.003578
vt 0.003457 0.002477
vt 0.004220 0.003222
vt 0.003255 0.004353
vt 0.002400 0.003727
vt 0.003378 0.002041
vt 0.004095 0.004133
vt 0.002552 0.004604
vt 0.001957 0.003728
vt 0.004350 0.002474
vt 0.003154 0.001659
vt 0.003423 0.004665
vt 0.001808 0.004604
vt 0.001539 0.003580
vt 0.004216 0.001726
vt 0.002811 0.001379
vt 0.002610 0.004953
vt 0.001106 0.004356
vt 0.001197 0.003301
vt 0.003833 0.001072
vt 0.002393 0.001231
vt 0.001748 0.004953
vt 0.000518 0.003888
vt 0.000972 0.002919
vt 0.003244 0.000604
vt 0.001950 0.001232
vt 0.000938 0.004666
vt 0.000135 0.003233
vt 0.000893 0.002483
vt 0.003413 0.000294
vt 0.002542 0.000355
vt 0.001534 0.001382
vt 0.000267 0.004139
vt 0.000000 0.002486
vt 0.000970 0.002046
vt 0.002602 0.000007
vt 0.004084 0.000821
vt 0.001798 0.000356
vt 0.001192 0.001664
vt 0.000130 0.001738
vt 0.001740 0.000007
vt 0.001096 0.000607
vt 0.000510 0.001078
vt 0.000927 0.000295
vt 0.000255 0.000827
vt 0.357373 0.852874
vt 0.311325 0.881917
vt 0.252140 0.734713
vt 0.419260 0.920683
vt 0.391183 0.810422
vt 0.337104 0.967000
vt 0.191090 0.881260
vt 0.408638 0.759064
vt 0.814830 0.542806
vt 0.164358 0.965996
vt 0.145330 0.851700
vt 0.407728 0.704831
vt 0.083203 0.918642
vt 0.112147 0.808706
vt 0.731813 0.534538
vt 0.388569 0.654083
vt 0.815287 0.540716
vt 0.501337 0.666288
vt 0.095346 0.757147
vt 0.731777 0.532399
vt 0.649125 0.545615
vt 0.353413 0.612771
vt 0.493083 0.583270
vt 0.096887 0.702972
vt 0.648597 0.543542
vt 0.571211 0.575441
vt 0.306383 0.585738
vt 0.499247 0.666745
vt 0.504173 0.500583
vt 0.116604 0.652491
vt 0.570220 0.573545
vt 0.411385 0.542148
vt 0.252995 0.576150
vt 0.490944 0.583233
vt 0.534012 0.422675
vt 0.152200 0.611611
vt 0.500862 0.620795
vt 0.337139 0.499700
vt 0.199511 0.585127
vt 0.502100 0.500055
vt 0.580994 0.353734
vt 0.252932 0.484779
vt 0.532116 0.421683
vt 0.168640 0.499128
vt 0.579378 0.352333
vt 0.432255 0.426742
vt 0.355421 0.477757
vt 0.430658 0.425234
vt 0.477054 0.356778
vt 0.324168 0.397445
vt 0.479039 0.357680
vt 0.398458 0.320788
vt 0.367783 0.365214
vt 0.481017 0.358579
vt 0.501049 0.277500
vt 0.412875 0.268720
vt 0.700889 0.669450
vt 0.713245 0.648052
vt 0.503211 0.277719
vt 0.433892 0.428173
vt 0.498879 0.277281
vt 0.319549 0.283632
vt 0.713249 0.599386
vt 0.681959 0.685330
vt 0.495801 0.194541
vt 0.497918 0.194050
vt 0.409541 0.214810
vt 0.700897 0.577987
vt 0.177382 0.396824
vt 0.678584 0.679477
vt 0.695715 0.665104
vt 0.706897 0.645738
vt 0.493677 0.195034
vt 0.710781 0.623716
vt 0.191378 0.215388
vt 0.146264 0.474823
vt 0.658740 0.693778
vt 0.657570 0.687124
vt 0.463841 0.117745
vt 0.465689 0.116602
vt 0.388848 0.164910
vt 0.681972 0.562103
vt 0.183484 0.237132
vt 0.070771 0.422985
vt 0.134137 0.364026
vt 0.461987 0.118893
vt 0.210549 0.202801
vt 0.197189 0.218755
vt 0.634032 0.693776
vt 0.408627 0.055241
vt 0.410063 0.053617
vt 0.353034 0.124449
vt 0.658754 0.553650
vt 0.183486 0.260263
vt 0.190094 0.238315
vt 0.069154 0.424471
vt 0.025283 0.354313
vt 0.104114 0.318980
vt 0.407250 0.056934
vt 0.610814 0.685323
vt 0.314730 0.237078
vt 0.335461 0.014419
vt 0.305927 0.098051
vt 0.634045 0.553647
vt 0.190103 0.259123
vt 0.023287 0.355192
vt 0.004336 0.274709
vt 0.090380 0.266704
vt 0.308113 0.238224
vt 0.334729 0.016475
vt 0.021298 0.356067
vt 0.591888 0.669438
vt 0.314736 0.260226
vt 0.308127 0.259036
vt 0.252900 0.000002
vt 0.252715 0.088675
vt 0.610826 0.562096
vt 0.635215 0.560302
vt 0.067500 0.425881
vt 0.002164 0.274906
vt 0.010363 0.192617
vt 0.094377 0.212833
vt 0.252891 0.002184
vt 0.000000 0.275101
vt 0.579536 0.648039
vt 0.306828 0.281969
vt 0.301022 0.278597
vt 0.170226 0.013626
vt 0.199387 0.097381
vt 0.591897 0.577976
vt 0.614201 0.567949
vt 0.008243 0.192104
vt 0.042762 0.116883
vt 0.115667 0.163174
vt 0.170940 0.015688
vt 0.006132 0.191591
vt 0.575248 0.623706
vt 0.291967 0.299703
vt 0.287660 0.294550
vt 0.096741 0.053734
vt 0.151938 0.123183
vt 0.579540 0.599373
vt 0.597070 0.582322
vt 0.040918 0.115719
vt 0.098105 0.055439
vt 0.039082 0.114558
vt 0.585888 0.601687
vt 0.095321 0.052099
vt 0.091635 0.045746
vt 0.092445 0.044908
vt 0.094777 0.047154
vt 0.091364 0.041153
vt 0.095219 0.046157
vt 0.090409 0.041615
vt 0.092940 0.040770
vt 0.093518 0.043541
vt 0.098904 0.047177
vt 0.090829 0.046469
vt 0.090244 0.035301
vt 0.091241 0.035193
vt 0.095577 0.044281
vt 0.098902 0.046171
vt 0.089487 0.042016
vt 0.089263 0.035402
vt 0.095642 0.040649
vt 0.092844 0.035126
vt 0.102576 0.046145
vt 0.089314 0.027163
vt 0.090314 0.027223
vt 0.091318 0.027245
vt 0.098903 0.040653
vt 0.098901 0.044291
vt 0.103027 0.047151
vt 0.102215 0.044264
vt 0.095586 0.035155
vt 0.092906 0.027303
vt 0.105342 0.044890
vt 0.104270 0.043521
vt 0.090414 0.018363
vt 0.091413 0.018458
vt 0.098907 0.035198
vt 0.106165 0.045742
vt 0.102158 0.040638
vt 0.095618 0.027405
vt 0.092989 0.018562
vt 0.102226 0.035152
vt 0.106432 0.041141
vt 0.104852 0.040754
vt 0.091257 0.009800
vt 0.102198 0.027405
vt 0.098908 0.027458
vt 0.107397 0.041613
vt 0.104965 0.035122
vt 0.092240 0.010023
vt 0.095669 0.018683
vt 0.104909 0.027303
vt 0.098908 0.018758
vt 0.106983 0.046478
vt 0.107570 0.035302
vt 0.106570 0.035191
vt 0.104827 0.018562
vt 0.108329 0.042023
vt 0.108558 0.035406
vt 0.106498 0.027246
vt 0.102147 0.018683
vt 0.106403 0.018459
vt 0.107503 0.027225
vt 0.108507 0.027164
vt 0.107403 0.018362
vt 0.106559 0.009797
vt 0.105574 0.010022
vt 0.437252 0.025265
vt 0.434515 0.025145
vt 0.437237 0.017762
vt 0.437018 0.033022
vt 0.434506 0.017744
vt 0.438832 0.017753
vt 0.438566 0.033206
vt 0.434383 0.032845
vt 0.431195 0.025076
vt 0.437029 0.010256
vt 0.438857 0.025344
vt 0.438591 0.010166
vt 0.431194 0.017727
vt 0.434383 0.010285
vt 0.439831 0.017729
vt 0.439586 0.010036
vt 0.439548 0.033401
vt 0.431198 0.032783
vt 0.427882 0.017745
vt 0.439867 0.025390
vt 0.436998 0.042136
vt 0.428014 0.032847
vt 0.427875 0.025147
vt 0.428004 0.010285
vt 0.431194 0.010261
vt 0.440817 0.017554
vt 0.440520 0.033647
vt 0.436055 0.041765
vt 0.425151 0.017764
vt 0.425359 0.010256
vt 0.440863 0.025426
vt 0.425380 0.033026
vt 0.425139 0.025269
vt 0.423555 0.017755
vt 0.423796 0.010166
vt 0.423831 0.033213
vt 0.423533 0.025349
vt 0.422552 0.017730
vt 0.422797 0.010034
vt 0.422846 0.033410
vt 0.422520 0.025396
vt 0.425420 0.042142
vt 0.421560 0.017554
vt 0.421867 0.033661
vt 0.426365 0.041766
vt 0.421518 0.025432
vt 0.983752 0.024784
vt 0.980616 0.024759
vt 0.983754 0.012213
vt 0.980498 0.037551
vt 0.980585 0.012220
vt 0.986888 0.024760
vt 0.983750 0.037564
vt 0.978017 0.024737
vt 0.983756 0.000006
vt 0.986923 0.012221
vt 0.987002 0.037552
vt 0.977812 0.037448
vt 0.977957 0.012248
vt 0.980521 0.000037
vt 0.989487 0.024739
vt 0.976469 0.024718
vt 0.986990 0.000038
vt 0.989551 0.012250
vt 0.989689 0.037450
vt 0.976226 0.037330
vt 0.976395 0.012280
vt 0.977852 0.000109
vt 0.991035 0.024721
vt 0.975474 0.024706
vt 0.989660 0.000111
vt 0.991113 0.012282
vt 0.991274 0.037332
vt 0.975224 0.037188
vt 0.975393 0.012312
vt 0.976276 0.000207
vt 0.992030 0.024708
vt 0.974482 0.024695
vt 0.972929 0.050400
vt 0.991235 0.000210
vt 0.992115 0.012314
vt 0.992276 0.037191
vt 0.974232 0.036992
vt 0.971970 0.050078
vt 0.974399 0.012487
vt 0.975274 0.000344
vt 0.993023 0.024698
vt 0.994567 0.050403
vt 0.992238 0.000346
vt 0.993109 0.012490
vt 0.993269 0.036995
vt 0.995526 0.050082
vt 0.019768 0.092238
vt 0.019766 0.081393
vt 0.022926 0.092245
vt 0.016609 0.092246
vt 0.023007 0.081432
vt 0.019769 0.101845
vt 0.016526 0.081433
vt 0.025545 0.092273
vt 0.022911 0.101840
vt 0.013990 0.092274
vt 0.016627 0.101841
vt 0.025683 0.081505
vt 0.025518 0.101860
vt 0.022918 0.110049
vt 0.013849 0.081507
vt 0.014019 0.101862
vt 0.016622 0.110050
vt 0.027102 0.092290
vt 0.027076 0.101942
vt 0.019770 0.110063
vt 0.025528 0.110124
vt 0.012433 0.092292
vt 0.012462 0.101943
vt 0.014012 0.110125
vt 0.027264 0.081579
vt 0.027090 0.110466
vt 0.019771 0.116139
vt 0.023124 0.116069
vt 0.012268 0.081581
vt 0.012450 0.110468
vt 0.016417 0.116069
vt 0.028104 0.092294
vt 0.028094 0.102033
vt 0.028125 0.110863
vt 0.025145 0.114634
vt 0.011431 0.092296
vt 0.011444 0.102036
vt 0.011415 0.110865
vt 0.014396 0.114636
vt 0.028270 0.081659
vt 0.026322 0.116564
vt 0.023591 0.118764
vt 0.011263 0.081661
vt 0.013220 0.116566
vt 0.015951 0.118765
vt 0.029105 0.092289
vt 0.028626 0.069941
vt 0.029113 0.102080
vt 0.029162 0.111097
vt 0.027261 0.117302
vt 0.019771 0.118820
vt 0.010904 0.069944
vt 0.010430 0.092292
vt 0.010425 0.102082
vt 0.010378 0.111099
vt 0.012281 0.117304
vt 0.029270 0.081764
vt 0.029612 0.070154
vt 0.009918 0.070156
vt 0.010263 0.081767
vt 0.028253 0.117702
vt 0.011288 0.117704
vt 0.489253 0.071674
vt 0.490229 0.099755
vt 0.487999 0.100474
vt 0.488923 0.123170
vt 0.493915 0.122443
vt 0.486760 0.123432
vt 0.493918 0.145749
vt 0.488085 0.144786
vt 0.491002 0.145266
vt 0.487035 0.144660
vt 0.487484 0.150929
vt 0.485985 0.144533
vt 0.489047 0.151175
vt 0.486479 0.150878
vt 0.147083 0.004292
vt 0.119017 0.003227
vt 0.147815 0.002033
vt 0.170517 0.002942
vt 0.170778 0.000779
vt 0.169789 0.007934
vt 0.192132 0.002106
vt 0.193095 0.007939
vt 0.192006 0.001056
vt 0.192613 0.005023
vt 0.191879 0.000006
vt 0.198276 0.001505
vt 0.198225 0.000500
vt 0.198522 0.003067
vt 0.088476 0.448380
vt 0.088074 0.448850
vt 0.073245 0.439609
vt 0.099103 0.462157
vt 0.073034 0.440192
vt 0.091227 0.445170
vt 0.099644 0.461855
vt 0.098565 0.462458
vt 0.055979 0.436758
vt 0.074690 0.435630
vt 0.103342 0.459796
vt 0.104894 0.478363
vt 0.087673 0.449317
vt 0.104289 0.478466
vt 0.055988 0.437378
vt 0.092176 0.444064
vt 0.104617 0.459087
vt 0.109665 0.477562
vt 0.105503 0.478260
vt 0.038785 0.439951
vt 0.055925 0.432529
vt 0.075186 0.434258
vt 0.111101 0.477322
vt 0.104899 0.495532
vt 0.104293 0.495426
vt 0.039004 0.440531
vt 0.075406 0.433716
vt 0.092559 0.443619
vt 0.105130 0.458802
vt 0.111099 0.496610
vt 0.109665 0.496361
vt 0.105507 0.495639
vt 0.023727 0.448668
vt 0.037286 0.435991
vt 0.055905 0.431072
vt 0.111679 0.477226
vt 0.099030 0.511667
vt 0.098496 0.511360
vt 0.024129 0.449136
vt 0.105659 0.458557
vt 0.111676 0.496711
vt 0.104505 0.514802
vt 0.103239 0.514078
vt 0.099567 0.511975
vt 0.012591 0.462082
vt 0.020971 0.445466
vt 0.036767 0.434629
vt 0.112256 0.477130
vt 0.087967 0.524840
vt 0.087569 0.524372
vt 0.013130 0.462387
vt 0.112252 0.496811
vt 0.105014 0.515093
vt 0.092044 0.529643
vt 0.091102 0.528531
vt 0.088367 0.525311
vt 0.006752 0.478445
vt 0.024530 0.449602
vt 0.008906 0.460005
vt 0.020021 0.444362
vt 0.073131 0.533347
vt 0.007360 0.478549
vt 0.013667 0.462690
vt 0.019639 0.443917
vt 0.105540 0.515345
vt 0.092423 0.530091
vt 0.075327 0.539263
vt 0.074818 0.537897
vt 0.073346 0.533928
vt 0.006829 0.495805
vt 0.002590 0.477741
vt 0.007635 0.459291
vt 0.007123 0.459003
vt 0.036544 0.434089
vt 0.056238 0.536389
vt 0.007437 0.495697
vt 0.007966 0.478653
vt 0.075546 0.539805
vt 0.056285 0.542694
vt 0.056274 0.541237
vt 0.056243 0.537008
vt 0.012851 0.512139
vt 0.002672 0.496539
vt 0.001154 0.477499
vt 0.000576 0.477402
vt 0.039309 0.533468
vt 0.013389 0.511832
vt 0.008042 0.495590
vt 0.000000 0.477305
vt 0.037165 0.539407
vt 0.037660 0.538035
vt 0.039099 0.534052
vt 0.023965 0.525469
vt 0.009168 0.514230
vt 0.001238 0.496791
vt 0.000661 0.496892
vt 0.000085 0.496992
vt 0.006596 0.458756
vt 0.024364 0.524998
vt 0.013926 0.511527
vt 0.020296 0.529809
vt 0.021237 0.528697
vt 0.007901 0.514952
vt 0.007391 0.515242
vt 0.006865 0.515495
vt 0.036949 0.539950
vt 0.024762 0.524528
vt 0.019917 0.530257
vt 0.423184 0.438253
vt 0.422968 0.437673
vt 0.442067 0.434821
vt 0.406229 0.447446
vt 0.442063 0.434201
vt 0.423608 0.439388
vt 0.406631 0.447917
vt 0.460985 0.438077
vt 0.442074 0.436032
vt 0.407419 0.448838
vt 0.393888 0.462328
vt 0.461194 0.437494
vt 0.395482 0.463226
vt 0.394427 0.462632
vt 0.393351 0.462025
vt 0.477651 0.447596
vt 0.460575 0.439217
vt 0.387412 0.480481
vt 0.386804 0.480377
vt 0.405809 0.446997
vt 0.478050 0.447122
vt 0.389216 0.480791
vt 0.388022 0.480586
vt 0.489986 0.462338
vt 0.476871 0.448523
vt 0.387414 0.499797
vt 0.386806 0.499904
vt 0.490525 0.462032
vt 0.389217 0.499481
vt 0.388024 0.499690
vt 0.478468 0.446670
vt 0.496531 0.480345
vt 0.488934 0.462937
vt 0.394034 0.517954
vt 0.393499 0.518260
vt 0.491061 0.461727
vt 0.497141 0.480239
vt 0.395622 0.517044
vt 0.394571 0.517646
vt 0.496534 0.499471
vt 0.495337 0.480550
vt 0.406480 0.532789
vt 0.406062 0.533242
vt 0.497749 0.480135
vt 0.497144 0.499580
vt 0.407663 0.531392
vt 0.406880 0.532316
vt 0.489996 0.517426
vt 0.495342 0.499259
vt 0.423300 0.542505
vt 0.497751 0.499688
vt 0.490534 0.517734
vt 0.423925 0.540784
vt 0.423512 0.541923
vt 0.477808 0.532116
vt 0.488946 0.516825
vt 0.442419 0.545790
vt 0.491069 0.518040
vt 0.478210 0.532587
vt 0.442408 0.543959
vt 0.442416 0.545170
vt 0.461277 0.541764
vt 0.477020 0.531195
vt 0.461494 0.542344
vt 0.478629 0.533036
vt 0.460854 0.540629
vt 0.957866 0.070692
vt 0.965289 0.074975
vt 0.949431 0.093882
vt 0.976389 0.061739
vt 0.970799 0.081539
vt 0.949425 0.069206
vt 0.963770 0.054458
vt 0.985756 0.072898
vt 0.973732 0.089591
vt 0.940986 0.070696
vt 0.965710 0.049142
vt 0.980030 0.057407
vt 0.990743 0.086587
vt 0.973734 0.098161
vt 0.949421 0.051931
vt 0.933565 0.074982
vt 0.949426 0.046272
vt 0.990660 0.070072
vt 0.990746 0.101157
vt 0.970804 0.106215
vt 0.935074 0.054465
vt 0.928058 0.081549
vt 0.996317 0.085609
vt 0.985767 0.114848
vt 0.965297 0.112782
vt 0.933143 0.049145
vt 0.922458 0.061752
vt 0.925129 0.089603
vt 0.996319 0.102144
vt 0.976405 0.126012
vt 0.957876 0.117068
vt 0.918824 0.057414
vt 0.913096 0.072915
vt 0.925131 0.098173
vt 0.990665 0.117682
vt 0.963789 0.133299
vt 0.949437 0.118558
vt 0.908197 0.070082
vt 0.908116 0.086607
vt 0.928064 0.106225
vt 0.980038 0.130350
vt 0.949441 0.135833
vt 0.940997 0.117072
vt 0.902544 0.085620
vt 0.908120 0.101177
vt 0.933574 0.112789
vt 0.965720 0.138619
vt 0.935093 0.133306
vt 0.902546 0.102155
vt 0.913106 0.114866
vt 0.949436 0.141492
vt 0.922474 0.126025
vt 0.908202 0.117692
vt 0.933153 0.138622
vt 0.918832 0.130357
vt 0.034713 0.011353
vt 0.035599 0.011352
vt 0.034741 0.049065
vt 0.035626 0.049050
vt 0.036486 0.011351
vt 0.035637 0.049609
vt 0.036512 0.049050
vt 0.034783 0.049630
vt 0.036500 0.049610
vt 0.037356 0.049631
vt 0.043581 0.011347
vt 0.043586 0.049047
vt 0.044467 0.011347
vt 0.043596 0.049606
vt 0.044471 0.049047
vt 0.042743 0.049627
vt 0.044459 0.049608
vt 0.045316 0.049630
vt 0.415003 0.001742
vt 0.396093 0.002767
vt 0.414800 0.000082
vt 0.396564 0.005599
vt 0.395864 0.001140
vt 0.436463 0.001665
vt 0.415551 0.004670
vt 0.385871 0.002315
vt 0.436447 0.000007
vt 0.397056 0.008446
vt 0.386101 0.004984
vt 0.385710 0.000741
vt 0.454177 0.004990
vt 0.436808 0.004612
vt 0.416109 0.007611
vt 0.379667 0.000587
vt 0.454534 0.003401
vt 0.453918 0.007858
vt 0.416337 0.009316
vt 0.386351 0.007664
vt 0.379603 0.003541
vt 0.467489 0.011378
vt 0.466422 0.013894
vt 0.453654 0.010723
vt 0.437153 0.007564
vt 0.397337 0.010128
vt 0.437167 0.009236
vt 0.468287 0.010004
vt 0.465348 0.016412
vt 0.386514 0.009274
vt 0.379526 0.006493
vt 0.475917 0.020402
vt 0.454939 0.002475
vt 0.473976 0.022132
vt 0.472031 0.023860
vt 0.453279 0.012310
vt 0.464523 0.017784
vt 0.477149 0.019463
vt 0.468927 0.009212
vt 0.470789 0.024793
vt 0.379455 0.007587
vt 0.480025 0.031134
vt 0.477490 0.031753
vt 0.474955 0.032373
vt 0.473441 0.032714
vt 0.463856 0.018572
vt 0.469939 0.025344
vt 0.357050 0.000005
vt 0.477986 0.018905
vt 0.481542 0.030793
vt 0.452859 0.013235
vt 0.379384 0.008681
vt 0.481895 0.042738
vt 0.480390 0.042408
vt 0.477913 0.041739
vt 0.475434 0.041073
vt 0.386674 0.010315
vt 0.473923 0.040753
vt 0.478464 0.053744
vt 0.477137 0.052842
vt 0.474976 0.051117
vt 0.472807 0.049391
vt 0.479355 0.054223
vt 0.471459 0.048497
vt 0.471587 0.062430
vt 0.482885 0.042920
vt 0.472283 0.063159
vt 0.470469 0.061197
vt 0.468492 0.059021
vt 0.466512 0.056848
vt 0.472925 0.040589
vt 0.465385 0.055616
vt 0.470546 0.048032
vt 0.461870 0.068213
vt 0.461098 0.066793
vt 0.459546 0.064442
vt 0.457996 0.062088
vt 0.457230 0.060659
vt 0.464682 0.054889
vt 0.450128 0.070512
vt 0.449916 0.068967
vt 0.449349 0.066390
vt 0.448788 0.063813
vt 0.448594 0.062263
vt 0.438621 0.067586
vt 0.439219 0.064956
vt 0.439821 0.062326
vt 0.440232 0.060784
vt 0.438229 0.069129
vt 0.440539 0.059812
vt 0.428845 0.062554
vt 0.430420 0.060273
vt 0.432000 0.057992
vt 0.432892 0.056643
vt 0.433431 0.055785
vt 0.427964 0.063903
vt 0.437921 0.070096
vt 0.420588 0.055434
vt 0.422865 0.053603
vt 0.425143 0.051773
vt 0.426382 0.050675
vt 0.427086 0.049956
vt 0.427437 0.064765
vt 0.419351 0.056530
vt 0.413999 0.047693
vt 0.416577 0.046146
vt 0.419154 0.044595
vt 0.420577 0.043688
vt 0.421396 0.043099
vt 0.418656 0.057253
vt 0.412572 0.048590
vt 0.409309 0.039602
vt 0.411998 0.038400
vt 0.414685 0.037212
vt 0.416208 0.036569
vt 0.407784 0.040302
vt 0.406737 0.031448
vt 0.409546 0.030893
vt 0.412359 0.030420
vt 0.413969 0.030231
vt 0.405137 0.031878
vt 0.403925 0.025422
vt 0.405575 0.025205
vt 0.408514 0.025220
vt 0.411466 0.025389
vt 0.413146 0.025605
vt 0.103347 0.006469
vt 0.125830 0.000008
vt 0.103417 0.007561
vt 0.103487 0.008652
vt 0.096359 0.009253
vt 0.096198 0.010290
vt 0.096522 0.007643
vt 0.103269 0.003518
vt 0.085538 0.010112
vt 0.096771 0.004962
vt 0.085818 0.008430
vt 0.103204 0.000563
vt 0.066538 0.009313
vt 0.086309 0.005583
vt 0.097001 0.002293
vt 0.066766 0.007610
vt 0.067322 0.004665
vt 0.045711 0.009248
vt 0.067868 0.001734
vt 0.086779 0.002749
vt 0.046067 0.004622
vt 0.045725 0.007579
vt 0.046409 0.001667
vt 0.087007 0.001122
vt 0.029607 0.012334
vt 0.068070 0.000072
vt 0.097160 0.000719
vt 0.029233 0.010750
vt 0.028963 0.007878
vt 0.046423 0.000006
vt 0.028697 0.005001
vt 0.018370 0.017814
vt 0.017548 0.016445
vt 0.016467 0.013920
vt 0.019031 0.018594
vt 0.028338 0.003409
vt 0.015390 0.011394
vt 0.012108 0.024819
vt 0.030023 0.013252
vt 0.012951 0.025365
vt 0.010868 0.023889
vt 0.008916 0.022156
vt 0.014588 0.010017
vt 0.006964 0.020419
vt 0.009457 0.032732
vt 0.027932 0.002483
vt 0.007946 0.032392
vt 0.005404 0.031771
vt 0.005729 0.019479
vt 0.013948 0.009226
vt 0.002859 0.031151
vt 0.007472 0.041084
vt 0.004985 0.041752
vt 0.002498 0.042424
vt 0.008979 0.040764
vt 0.001339 0.030810
vt 0.004892 0.018920
vt 0.000990 0.042755
vt 0.010101 0.049393
vt 0.007925 0.051124
vt 0.005753 0.052856
vt 0.004424 0.053759
vt 0.011445 0.048501
vt 0.003533 0.054239
vt 0.016392 0.056842
vt 0.009970 0.040601
vt 0.014407 0.059023
vt 0.012422 0.061208
vt 0.011301 0.062444
vt 0.010606 0.063173
vt 0.000000 0.042937
vt 0.017516 0.055614
vt 0.012351 0.048040
vt 0.024902 0.062076
vt 0.023348 0.064439
vt 0.021793 0.066802
vt 0.021020 0.068226
vt 0.018214 0.054893
vt 0.025666 0.060651
vt 0.034101 0.063799
vt 0.033540 0.066385
vt 0.032974 0.068974
vt 0.032761 0.070523
vt 0.034295 0.062253
vt 0.042652 0.060776
vt 0.043062 0.062314
vt 0.043666 0.064952
vt 0.044266 0.067592
vt 0.042346 0.059811
vt 0.044660 0.069138
vt 0.049991 0.056641
vt 0.049454 0.055787
vt 0.050881 0.057986
vt 0.052463 0.060273
vt 0.054042 0.062561
vt 0.054924 0.063913
vt 0.056500 0.050678
vt 0.055799 0.049962
vt 0.057738 0.051774
vt 0.060019 0.053608
vt 0.062300 0.055443
vt 0.044968 0.070106
vt 0.063538 0.056541
vt 0.055451 0.064775
vt 0.062304 0.043693
vt 0.061489 0.043106
vt 0.063726 0.044600
vt 0.066306 0.046153
vt 0.068888 0.047703
vt 0.070317 0.048602
vt 0.064232 0.057264
vt 0.066669 0.036576
vt 0.068189 0.037219
vt 0.070882 0.038408
vt 0.073578 0.039614
vt 0.075106 0.040314
vt 0.068901 0.030239
vt 0.070505 0.030430
vt 0.073328 0.030904
vt 0.076150 0.031460
vt 0.077754 0.031890
vt 0.071395 0.025402
vt 0.074358 0.025233
vt 0.077313 0.025217
vt 0.078967 0.025434
vt 0.069722 0.025615
vt 0.954614 0.319001
vt 0.961804 0.402462
vt 0.947193 0.320156
vt 0.956732 0.318813
vt 0.954313 0.402767
vt 0.963928 0.402376
vt 0.961797 0.486087
vt 0.954311 0.485780
vt 0.963920 0.486174
vt 0.954585 0.569546
vt 0.947175 0.568389
vt 0.956702 0.569735
vt 0.852365 0.809044
vt 0.845163 0.725584
vt 0.859785 0.807888
vt 0.850247 0.809232
vt 0.852654 0.725277
vt 0.843039 0.725670
vt 0.845158 0.641958
vt 0.852644 0.642265
vt 0.843035 0.641871
vt 0.852359 0.558498
vt 0.859769 0.559654
vt 0.850242 0.558309
vt 0.768832 0.685294
vt 0.836776 0.695148
vt 0.830396 0.101426
vt 0.832310 0.715501
vt 0.766482 0.696006
vt 0.830394 0.112096
vt 0.917503 0.476761
vt 0.922266 0.488561
vt 0.887727 0.488535
vt 0.927961 0.499941
vt 0.893530 0.502686
vt 0.859238 0.498904
vt 0.900451 0.516325
vt 0.865966 0.515307
vt 0.824187 0.512740
vt 0.873987 0.531116
vt 0.832137 0.531910
vt 0.840611 0.548611
vt 0.714119 0.600949
vt 0.724429 0.604687
vt 0.752409 0.541993
vt 0.830353 0.197416
vt 0.732819 0.534891
vt 0.770778 0.551831
vt 0.734097 0.609865
vt 0.830391 0.208019
vt 0.919502 0.364701
vt 0.830478 0.218499
vt 0.915269 0.376701
vt 0.889381 0.353837
vt 0.884375 0.368288
vt 0.861156 0.342771
vt 0.855353 0.359522
vt 0.825716 0.329964
vt 0.818999 0.349599
vt 0.858632 0.058126
vt 0.858525 0.038519
vt 0.861639 0.058118
vt 0.858023 0.058128
vt 0.861538 0.038468
vt 0.861639 0.077745
vt 0.857915 0.038558
vt 0.858023 0.077737
vt 0.862284 0.058118
vt 0.858633 0.077739
vt 0.862283 0.077746
vt 0.862183 0.038478
vt 0.861533 0.097398
vt 0.862179 0.097389
vt 0.857912 0.097303
vt 0.862763 0.038504
vt 0.862863 0.058117
vt 0.858523 0.097342
vt 0.862862 0.077747
vt 0.862758 0.097362
vt 0.877020 0.099022
vt 0.877127 0.118629
vt 0.874013 0.099030
vt 0.877630 0.099020
vt 0.874115 0.118680
vt 0.874014 0.079403
vt 0.877737 0.118590
vt 0.877629 0.079411
vt 0.873369 0.099031
vt 0.877019 0.079409
vt 0.873369 0.079402
vt 0.873469 0.118670
vt 0.874119 0.059750
vt 0.873474 0.059759
vt 0.877740 0.059845
vt 0.872889 0.118644
vt 0.872790 0.099031
vt 0.877129 0.059806
vt 0.872790 0.079401
vt 0.872894 0.059786
vt 0.080083 0.027089
vt 0.079350 0.010165
vt 0.081277 0.027063
vt 0.080542 0.010111
vt 0.081275 0.044039
vt 0.081150 0.010056
vt 0.080081 0.044012
vt 0.081887 0.027049
vt 0.080538 0.060990
vt 0.081885 0.044053
vt 0.079345 0.060936
vt 0.081146 0.061045
vt 0.998569 0.033956
vt 0.999302 0.050880
vt 0.997375 0.033983
vt 0.998110 0.050934
vt 0.997377 0.017006
vt 0.997502 0.050990
vt 0.998572 0.017034
vt 0.996765 0.033997
vt 0.998115 0.000055
vt 0.996767 0.016993
vt 0.999308 0.000109
vt 0.997507 0.000000
vt 0.677348 0.000034
vt 0.637724 0.507356
vt 0.694495 0.000036
vt 0.638476 0.501813
vt 0.620926 0.503911
vt 0.622417 0.498519
vt 0.505877 0.000007
vt 0.523024 0.000009
vt 0.774118 0.425817
vt 0.767039 0.441434
vt 0.540171 0.000012
vt 0.762110 0.438786
vt 0.757925 0.455959
vt 0.768879 0.423855
vt 0.753397 0.452673
vt 0.324480 0.234444
vt 0.326110 0.259463
vt 0.314841 0.211319
vt 0.298245 0.192630
vt 0.276503 0.180460
vt 0.252004 0.176165
vt 0.227466 0.180229
vt 0.205621 0.192201
vt 0.188887 0.210749
vt 0.179081 0.233812
vt 0.177266 0.258844
vt 0.183634 0.283101
vt 0.240896 0.326459
vt 0.285574 0.319105
vt 0.582004 0.623709
vt 0.585886 0.645732
vt 0.597066 0.665098
vt 0.614195 0.679473
vt 0.635208 0.687123
vt 0.206243 0.197647
vt 0.706899 0.601694
vt 0.695719 0.582328
vt 0.678590 0.567953
vt 0.657577 0.560303
vt 0.285275 0.490067
vt 0.726040 0.352368
vt 0.229297 0.413974
vt 0.261981 0.326250
vt 0.214859 0.490061
vt 0.717538 0.623720
vt 0.305516 0.304289
vt 0.217310 0.318959
vt 0.197488 0.303918
vt 0.591557 0.352348
vt 0.608704 0.352351
vt 0.574410 0.352345
vt 0.557262 0.352343
vt 0.540115 0.352340
vt 0.522968 0.352337
vt 0.505821 0.352335
vt 0.535575 0.425773
vt 0.797322 0.352381
vt 0.780175 0.352378
vt 0.763028 0.352375
vt 0.745880 0.352372
vt 0.728733 0.352370
vt 0.711586 0.352367
vt 0.694439 0.352364
vt 0.677292 0.352362
vt 0.660145 0.352359
vt 0.642998 0.352356
vt 0.625851 0.352353
vt 0.752376 0.806714
vt 0.770747 0.796880
vt 0.787518 0.784514
vt 0.802343 0.769870
vt 0.814914 0.753252
vt 0.836781 0.653580
vt 0.832321 0.633226
vt 0.824988 0.613722
vt 0.814934 0.595470
vt 0.228563 0.192378
vt 0.031391 0.851406
vt 0.004959 0.770468
vt 0.007262 0.685203
vt 0.038176 0.605610
vt 0.094146 0.541052
vt 0.466962 0.607147
vt 0.502263 0.622411
vt 0.497360 0.687071
vt 0.499040 0.772545
vt 0.471877 0.853558
vt 0.265622 0.975803
vt 0.244295 0.894121
vt 0.235610 0.975797
vt 0.852333 0.208435
vt 0.845352 0.207740
vt 0.843035 0.207547
vt 0.820675 0.000006
vt 0.579034 0.822799
vt 0.506793 0.517893
vt 0.506098 0.510912
vt 0.965564 0.013360
vt 0.505821 0.508659
vt 0.963126 0.000010
vt 0.858138 0.115946
vt 0.854586 0.208713
vt 0.971328 0.620528
vt 0.598589 0.505118
vt 0.145001 0.476635
vt 0.818303 0.058755
vt 0.818322 0.069421
vt 0.818271 0.048080
vt 0.818240 0.037374
vt 0.818331 0.026562
vt 0.818332 0.080087
vt 0.818337 0.090754
vt 0.842739 0.026292
vt 0.843015 0.037223
vt 0.843071 0.080083
vt 0.843072 0.090757
vt 0.843069 0.069404
vt 0.843067 0.058715
vt 0.843060 0.048000
vt 0.818275 0.208272
vt 0.818529 0.219202
vt 0.818254 0.197500
vt 0.818269 0.186789
vt 0.818336 0.112088
vt 0.818333 0.122756
vt 0.818338 0.101421
vt 0.843048 0.208190
vt 0.842935 0.219004
vt 0.843042 0.197479
vt 0.843033 0.186800
vt 0.843069 0.112102
vt 0.843065 0.122774
vt 0.843071 0.101430
vt 0.818285 0.176105
vt 0.818300 0.165430
vt 0.818311 0.154760
vt 0.818320 0.144091
vt 0.818328 0.133423
vt 0.843032 0.176128
vt 0.843038 0.165458
vt 0.843046 0.154787
vt 0.843053 0.144116
vt 0.843060 0.133445
vt 0.808322 0.429565
vt 0.808658 0.408816
vt 0.810658 0.388160
vt 0.814308 0.367731
vt 0.819585 0.347660
vt 0.826455 0.328078
vt 0.834873 0.309110
vt 0.844787 0.290878
vt 0.856130 0.273500
vt 0.868831 0.257088
vt 0.882808 0.241748
vt 0.897970 0.227578
vt 0.831293 0.530068
vt 0.823494 0.510837
vt 0.817262 0.491042
vt 0.812638 0.470812
vt 0.809651 0.450275
vt 0.908331 0.428671
vt 0.908416 0.415946
vt 0.909522 0.403269
vt 0.911642 0.390722
vt 0.914761 0.378385
vt 0.918859 0.366338
vt 0.923911 0.354659
vt 0.929884 0.343423
vt 0.936738 0.332702
vt 0.944430 0.322565
vt 0.952911 0.313078
vt 0.962125 0.304302
vt 0.922999 0.490160
vt 0.918105 0.478414
vt 0.914169 0.466313
vt 0.911216 0.453936
vt 0.909266 0.441361
vn 0.000000 1.000000 -0.000063
vn 0.000000 1.000000 0.000000
vn 0.000000 1.000000 0.000002
vn 0.000000 1.000000 0.000022
vn 0.000000 1.000000 0.000039
vn 0.000000 1.000000 0.000000
vn 0.000000 1.000000 0.000004
vn 0.000000 1.000000 0.000005
vn 0.000000 1.000000 0.000083
vn 0.000000 1.000000 0.000062
vn 0.000000 1.000000 0.000018
vn 0.000000 1.000000 0.000015
vn 0.000000 1.000000 0.000000
vn 0.000000 1.000000 -0.000023
vn 0.000000 1.000000 -0.000011
vn 0.000000 1.000000 0.000030
vn 0.000000 1.000000 0.000015
vn 0.000000 1.000000 0.000021
vn 0.000000 1.000000 -0.000017
vn 0.939693 0.000000 -0.342020
vn 0.766044 0.000000 -0.642788
vn 0.939701 0.002829 -0.341986
vn 0.766064 0.002829 -0.642758
vn 0.500000 0.000000 -0.866026
vn 0.500028 0.002828 -0.866005
vn 0.173649 0.000000 -0.984808
vn 0.173682 0.002828 -0.984798
vn -0.173648 0.000000 -0.984808
vn -0.173613 0.002828 -0.984810
vn -0.500000 0.000000 -0.866025
vn -0.499968 0.002828 -0.866039
vn -0.766044 0.000000 -0.642788
vn -0.766020 0.002828 -0.642811
vn -0.939693 0.000000 -0.342020
vn -0.939677 0.002829 -0.342051
vn -1.000000 0.000000 -0.000000
vn -0.999996 0.002829 -0.000035
vn -0.939692 0.000000 0.342020
vn -0.939701 0.002829 0.341986
vn -0.766044 0.000000 0.642788
vn -0.766064 0.002829 0.642759
vn -0.500001 0.000000 0.866025
vn -0.500028 0.002828 0.866005
vn -0.173649 0.000000 0.984808
vn -0.173681 0.002828 0.984798
vn 0.173648 0.000000 0.984808
vn 0.173614 0.002829 0.984810
vn 0.500000 0.000000 0.866025
vn 0.499968 0.002828 0.866039
vn 0.766044 0.000000 0.642788
vn 0.766020 0.002829 0.642811
vn 0.939693 0.000000 0.342020
vn 0.939677 0.002829 0.342051
vn 1.000000 0.000000 0.000000
vn 0.999996 0.002829 0.000034
vn 0.225792 0.970873 -0.080144
vn 0.184758 0.970870 -0.152564
vn 0.121445 0.970873 -0.206533
vn 0.043478 0.970863 -0.235658
vn -0.039723 0.970880 -0.236252
vn -0.118142 0.970879 -0.208416
vn -0.182306 0.970871 -0.155482
vn -0.224485 0.970869 -0.083790
vn -0.239584 0.970874 -0.001940
vn -0.225786 0.970869 0.080211
vn -0.184763 0.970872 0.152548
vn -0.121447 0.970878 0.206509
vn -0.043482 0.970870 0.235629
vn 0.039723 0.970877 0.236264
vn 0.118143 0.970880 0.208408
vn 0.182310 0.970877 0.155437
vn 0.224485 0.970876 0.083703
vn 0.239584 0.970874 0.001911
vn 0.855472 0.416534 -0.307681
vn 0.909117 0.416526 0.003423
vn 0.698652 0.416538 -0.581705
vn 0.457573 0.416563 -0.785559
vn 0.161238 0.416498 -0.894724
vn -0.154483 0.416515 -0.895908
vn -0.451581 0.416525 -0.789038
vn -0.694229 0.416534 -0.586980
vn -0.853113 0.416528 -0.314170
vn -0.909117 0.416527 -0.003433
vn -0.855456 0.416522 0.307741
vn -0.698640 0.416533 0.581724
vn -0.457550 0.416543 0.785582
vn -0.161237 0.416506 0.894721
vn 0.154478 0.416521 0.895906
vn 0.451578 0.416529 0.789038
vn 0.694205 0.416526 0.587014
vn 0.853116 0.416527 0.314162
vn 0.144743 -0.981987 -0.121453
vn 0.197008 -0.977511 -0.075237
vn 0.000000 -1.000000 0.000000
vn 0.104251 -0.979419 -0.172830
vn 0.038854 -0.979419 -0.198065
vn -0.031232 -0.979418 -0.199409
vn -0.097550 -0.979418 -0.176702
vn -0.152103 -0.979419 -0.132681
vn -0.188310 -0.979419 -0.072657
vn -0.201803 -0.979418 -0.003870
vn -0.190956 -0.979418 0.065385
vn -0.157078 -0.979419 0.126752
vn -0.104253 -0.979418 0.172832
vn -0.038854 -0.979418 0.198065
vn 0.031232 -0.979418 0.199409
vn 0.097551 -0.979418 0.176702
vn 0.152097 -0.979420 0.132677
vn 0.197008 -0.977511 0.075237
vn 0.213297 -0.976987 0.000000
vn 0.746753 -0.323848 0.580933
vn 0.871370 -0.342848 0.350956
vn 0.742525 0.335181 0.579923
vn 0.851075 0.314581 0.420370
vn 0.352804 -0.890266 0.288020
vn 0.470246 -0.872191 0.134725
vn 0.287314 0.931789 0.221855
vn 0.309772 0.921074 0.235931
vn -0.357390 0.889216 -0.285599
vn -0.473851 0.870058 -0.135882
vn 0.687935 0.490115 0.535287
vn 0.774821 0.484388 0.406227
vn -0.527140 0.240466 0.815046
vn -0.486314 0.466981 0.738531
vn -0.894650 0.396616 0.205661
vn -0.801980 0.568539 0.183282
vn -0.323587 0.792614 0.516773
vn -0.134109 0.956855 0.257765
vn -0.555017 0.821113 0.133152
vn -0.231470 0.970747 0.063821
vn -0.988186 0.119773 0.095617
vn -0.987190 0.136204 0.083088
vn -0.935264 0.117890 0.333741
vn -0.933396 0.153954 0.324145
vn -0.708952 0.097181 0.698529
vn -0.696053 0.158394 0.700301
vn -0.340033 0.057462 0.938656
vn -0.334909 0.135809 0.932412
vn 0.986604 -0.119156 -0.111423
vn 0.983995 -0.144832 -0.103818
vn 0.928222 -0.108511 -0.355850
vn 0.934520 -0.113265 -0.337406
vn 0.702554 -0.041335 -0.710429
vn 0.326701 0.037333 -0.944390
vn 0.691283 -0.073503 -0.718836
vn 0.314044 -0.023624 -0.949115
vn -0.105033 0.030644 -0.993997
vn -0.106765 0.111762 -0.987983
vn -0.340171 0.057474 -0.938605
vn -0.334943 0.135814 -0.932399
vn -0.696052 0.158394 -0.700302
vn -0.933393 0.153952 -0.324155
vn -0.708951 0.097181 -0.698530
vn -0.935263 0.117891 -0.333743
vn 0.860933 0.115319 0.495475
vn 0.779195 0.082439 0.621337
vn 0.437053 0.542371 0.717508
vn 0.208729 0.505538 0.837176
vn 0.454452 0.360256 0.814671
vn 0.925857 -0.377166 0.023123
vn 0.924800 -0.379529 0.026509
vn 0.923859 -0.160798 0.347318
vn 0.357082 -0.889723 -0.284402
vn 0.470383 -0.872121 -0.134703
vn 0.229298 -0.892893 -0.387510
vn 0.082922 -0.892907 -0.442539
vn -0.073436 -0.892907 -0.444211
vn -0.220937 -0.892907 -0.392305
vn -0.341789 -0.892907 -0.293082
vn -0.421416 -0.892908 -0.158508
vn -0.450215 -0.892907 -0.004816
vn -0.424711 -0.892907 0.149457
vn -0.347980 -0.892907 0.285703
vn -0.229278 -0.892907 0.387490
vn -0.082921 -0.892907 0.442539
vn 0.073436 -0.892907 0.444211
vn 0.220933 -0.892907 0.392308
vn 0.574212 -0.818707 -0.000003
vn 0.851054 0.314590 -0.420405
vn 0.742525 0.335182 -0.579922
vn 0.774841 0.484372 -0.406209
vn 0.687936 0.490114 -0.535287
vn 0.470173 0.336508 -0.815904
vn 0.434946 0.490795 -0.754945
vn 0.162773 0.336498 -0.927510
vn 0.150564 0.490980 -0.858061
vn -0.164271 0.336498 -0.927246
vn -0.151990 0.490980 -0.857810
vn -0.471501 0.336495 -0.815143
vn -0.436213 0.490978 -0.754095
vn -0.721860 0.336499 -0.604720
vn -0.667821 0.490980 -0.559423
vn -0.885154 0.336497 -0.321360
vn -0.818880 0.490981 -0.297278
vn -0.941686 0.336493 0.000761
vn -0.871171 0.490980 0.000724
vn -0.884634 0.336496 0.322790
vn -0.818386 0.490978 0.298638
vn -0.720883 0.336496 0.605886
vn -0.666890 0.490981 0.560532
vn -0.470184 0.336495 0.815903
vn -0.434959 0.490980 0.754818
vn -0.162773 0.336496 0.927510
vn -0.150565 0.490978 0.858062
vn 0.164271 0.336498 0.927246
vn 0.151990 0.490980 0.857810
vn 0.470907 0.336091 0.815653
vn 0.435420 0.491340 0.754317
vn -0.516598 0.133344 0.845782
vn -0.921229 0.317785 0.224389
vn -0.916336 0.400410 -0.000249
vn -0.894302 0.397275 -0.205902
vn -0.943729 0.330720 0.000003
vn -0.921203 0.317898 -0.224334
vn -0.473851 0.870058 0.135882
vn -0.354086 0.889026 0.290268
vn -0.274744 0.955793 0.104762
vn -0.213274 0.959172 0.185750
vn -0.222359 0.891243 0.395275
vn -0.136894 0.959166 0.247509
vn -0.073772 0.891242 0.447488
vn -0.043985 0.959166 0.279403
vn 0.083727 0.891242 0.445733
vn 0.054228 0.959166 0.277597
vn 0.231127 0.891242 0.390216
vn 0.145902 0.959166 0.242308
vn 0.350650 0.891242 0.287633
vn 0.219977 0.959166 0.177794
vn 0.427880 0.891242 0.150357
vn 0.267520 0.959166 0.091835
vn 0.453500 0.891242 -0.005054
vn 0.282796 0.959166 -0.005201
vn 0.424423 0.891242 -0.159855
vn 0.263962 0.959166 -0.101609
vn 0.344153 0.891242 -0.295376
vn 0.213291 0.959166 -0.185762
vn 0.222373 0.891242 -0.395270
vn 0.136894 0.959166 -0.247509
vn 0.073772 0.891242 -0.447488
vn 0.043985 0.959166 -0.279403
vn -0.083727 0.891242 -0.445733
vn -0.054229 0.959166 -0.277597
vn -0.231093 0.891268 -0.390176
vn -0.145895 0.959168 -0.242303
vn -0.206885 0.962841 -0.173597
vn -0.274744 0.955793 -0.104762
vn -0.591174 0.806544 -0.000000
vn -0.504952 0.863147 -0.000000
vn 0.906742 -0.420827 0.026891
vn 0.919758 -0.392487 -0.000001
vn 0.984023 -0.144749 0.103669
vn 0.988428 -0.149348 0.026564
vn 0.986643 -0.119146 0.111087
vn 0.992342 -0.120787 0.025830
vn 0.969296 -0.221054 0.107701
vn 0.974433 -0.223279 0.025031
vn 0.895577 -0.431832 0.107065
vn 0.899475 -0.436281 0.024586
vn 0.356382 -0.928186 0.107062
vn 0.710708 -0.694964 0.109178
vn 0.353268 -0.935233 0.023253
vn 0.711910 -0.701855 0.024172
vn 0.014393 -0.994154 0.107007
vn 0.009901 -0.999634 0.025179
vn -0.303606 -0.946322 0.110900
vn -0.309604 -0.950458 0.027842
vn -0.655613 -0.746719 0.112173
vn -0.662332 -0.748687 0.028004
vn -0.872789 -0.475915 0.108369
vn -0.878967 -0.476175 0.025984
vn -0.980566 -0.165177 0.105864
vn -0.986382 -0.162715 0.023955
vn -0.972776 0.206882 0.104433
vn -0.976968 0.212093 0.023475
vn -0.642517 0.758617 0.108039
vn -0.836326 0.537706 0.106915
vn -0.643133 0.765366 0.024379
vn -0.838300 0.544690 0.023814
vn -0.375646 0.920084 0.111061
vn -0.490243 0.864661 0.109653
vn -0.376358 0.926051 0.028004
vn -0.490746 0.870897 0.026593
vn -0.074557 0.992280 0.099103
vn -0.234298 0.966734 0.102615
vn -0.068634 0.997352 0.024059
vn -0.235346 0.971557 0.026273
vn -0.896278 0.443493 -0.000029
vn -0.933452 0.358703 -0.000000
vn -0.992922 0.118767 -0.000001
vn -0.992221 0.124487 0.000000
vn -0.992750 0.118921 0.017461
vn -0.991759 0.127592 0.011579
vn -0.897664 0.440681 0.000000
vn -0.973106 0.230358 -0.000000
vn -0.897464 0.440732 0.017721
vn -0.972940 0.230383 0.017641
vn -0.383518 0.923534 0.000000
vn -0.710131 0.704070 -0.000000
vn -0.383426 0.923402 0.017693
vn -0.709961 0.704013 0.017889
vn -0.024424 0.999702 0.000001
vn -0.024336 0.999547 0.017734
vn 0.309701 0.950834 -0.000001
vn 0.309876 0.950610 0.017851
vn 0.625278 0.780402 -0.000000
vn 0.625360 0.780128 0.018017
vn 0.870926 0.491415 0.000000
vn 0.870875 0.491183 0.017785
vn 0.985409 -0.170203 0.000000
vn 0.988139 0.153560 0.000000
vn 0.985225 -0.170352 0.017672
vn 0.988012 0.153369 0.017606
vn 0.683332 -0.730108 -0.000003
vn 0.874375 -0.485252 -0.000000
vn 0.683235 -0.729980 0.017889
vn 0.874233 -0.485174 0.017980
vn 0.372960 -0.927848 -0.000000
vn 0.520897 -0.853619 0.000002
vn 0.372598 -0.927816 0.018097
vn 0.520802 -0.853491 0.017832
vn 0.013775 -0.999905 0.000000
vn 0.191198 -0.981551 0.000000
vn 0.014758 -0.999685 0.020281
vn 0.190909 -0.981408 0.019820
vn 0.709286 0.496639 0.500263
vn 0.496964 0.671945 0.549105
vn -0.106733 0.111760 0.987987
vn -0.017161 0.097560 0.995082
vn -0.104940 0.030637 0.994007
vn -0.016375 0.019357 0.999679
vn -0.101900 0.049402 0.993567
vn -0.106077 0.024901 0.994046
vn -0.017085 0.009077 0.999813
vn -0.017226 0.004482 0.999842
vn -0.048992 0.116868 0.991938
vn -0.086498 0.084437 0.992667
vn -0.008645 0.022548 0.999708
vn -0.015039 0.016109 0.999757
vn -0.002948 0.124705 0.992190
vn -0.000404 0.023721 0.999719
vn 0.039641 0.121003 0.991860
vn 0.007171 0.023301 0.999703
vn 0.075964 0.093933 0.992676
vn 0.013596 0.017780 0.999749
vn 0.098769 0.054745 0.993603
vn 0.017527 0.009550 0.999801
vn 0.117568 0.017633 0.992908
vn 0.021893 0.002489 0.999757
vn 0.123032 -0.022304 0.992152
vn 0.022991 -0.004949 0.999723
vn 0.079319 -0.085402 0.993184
vn 0.106422 -0.059507 0.992539
vn 0.014557 -0.015635 0.999772
vn 0.020069 -0.011581 0.999732
vn 0.039798 -0.100146 0.994177
vn 0.057257 -0.094163 0.993909
vn 0.007054 -0.017229 0.999827
vn 0.010144 -0.016372 0.999815
vn -0.076346 -0.109373 0.991064
vn 0.019403 -0.109182 0.993832
vn -0.081813 -0.012521 0.996569
vn 0.003687 -0.019529 0.999802
vn 0.906766 -0.420773 -0.026924
vn 0.992644 -0.121066 0.000000
vn 0.989043 -0.147627 -0.000059
vn 0.992340 -0.120792 -0.025900
vn 0.988419 -0.149383 -0.026712
vn 0.899190 -0.437558 -0.000001
vn 0.974544 -0.224199 -0.000000
vn 0.899472 -0.436275 -0.024765
vn 0.974431 -0.223273 -0.025152
vn 0.350150 -0.936694 -0.000002
vn 0.710281 -0.703918 -0.000004
vn 0.353261 -0.935231 -0.023452
vn 0.711909 -0.701848 -0.024389
vn -0.312345 -0.949969 0.000000
vn 0.006914 -0.999976 -0.000002
vn -0.309598 -0.950455 -0.028012
vn 0.009897 -0.999630 -0.025342
vn -0.880103 -0.474782 -0.000001
vn -0.664338 -0.747432 -0.000001
vn -0.878963 -0.476170 -0.026189
vn -0.662329 -0.748682 -0.028204
vn -0.976664 0.214776 -0.000002
vn -0.987035 -0.160503 0.000001
vn -0.976963 0.212093 -0.023680
vn -0.986377 -0.162715 -0.024163
vn -0.641647 0.767000 -0.000000
vn -0.837439 0.546531 -0.000005
vn -0.643125 0.765369 -0.024517
vn -0.838294 0.544690 -0.024000
vn -0.375365 0.926877 -0.000007
vn -0.489592 0.871951 0.000001
vn -0.376402 0.926030 -0.028123
vn -0.490742 0.870896 -0.026691
vn -0.234199 0.972189 -0.000086
vn -0.235581 0.971490 -0.026624
vn -0.062215 0.998063 -0.000115
vn -0.069022 0.997314 -0.024526
vn 0.707912 0.498047 -0.500809
vn 0.497093 0.672058 -0.548850
vn 0.074116 0.007295 -0.997223
vn 0.078842 0.080203 -0.993656
vn -0.016375 0.019356 -0.999679
vn -0.017122 0.097553 -0.995083
vn 0.069086 -0.015977 -0.997483
vn -0.017221 0.004487 -0.999842
vn 0.063188 -0.030294 -0.997542
vn -0.017076 0.009083 -0.999813
vn 0.049960 -0.048493 -0.997573
vn -0.015037 0.016127 -0.999757
vn 0.026268 -0.065833 -0.997485
vn -0.008646 0.022567 -0.999708
vn -0.021950 -0.067396 -0.997485
vn 0.001377 -0.070765 -0.997492
vn 0.007173 0.023318 -0.999702
vn -0.000404 0.023728 -0.999718
vn -0.056984 -0.031200 -0.997888
vn -0.043788 -0.050293 -0.997774
vn 0.017526 0.009550 -0.999801
vn 0.013596 0.017792 -0.999749
vn -0.070112 0.013984 -0.997441
vn -0.066077 -0.011377 -0.997750
vn 0.023008 -0.004957 -0.999723
vn 0.021902 0.002484 -0.999757
vn -0.058575 0.035487 -0.997652
vn 0.020084 -0.011590 -0.999731
vn -0.045227 0.051669 -0.997640
vn 0.014565 -0.015638 -0.999772
vn -0.034192 0.059221 -0.997659
vn 0.010145 -0.016368 -0.999815
vn -0.024830 0.062091 -0.997762
vn 0.007045 -0.017225 -0.999827
vn -0.013236 0.064887 -0.997805
vn 0.003660 -0.019482 -0.999804
vn -0.088864 0.079578 -0.992860
vn -0.081795 -0.012431 -0.996572
vn -0.896117 0.443817 -0.000184
vn -0.987190 0.136204 -0.083088
vn -0.991759 0.127592 -0.011575
vn -0.988186 0.119773 -0.095618
vn -0.992750 0.118921 -0.017462
vn -0.968606 0.229362 -0.095897
vn -0.972940 0.230383 -0.017641
vn -0.893426 0.438816 -0.096082
vn -0.897464 0.440732 -0.017721
vn -0.706824 0.700733 -0.096820
vn -0.709961 0.704014 -0.017889
vn -0.381871 0.919245 -0.095723
vn -0.383425 0.923402 -0.017693
vn 0.308971 0.946210 -0.096037
vn -0.024070 0.995116 -0.095734
vn 0.309876 0.950609 -0.017853
vn -0.024336 0.999547 -0.017733
vn 0.867204 0.488630 -0.095902
vn 0.622929 0.776294 -0.096580
vn 0.870876 0.491181 -0.017785
vn 0.625359 0.780129 -0.018016
vn 0.980819 -0.169672 -0.095947
vn 0.983685 0.152450 -0.095511
vn 0.985225 -0.170353 -0.017672
vn 0.988012 0.153370 -0.017598
vn 0.870273 -0.482932 -0.096960
vn 0.874232 -0.485176 -0.017977
vn 0.680202 -0.726633 -0.096594
vn 0.683234 -0.729980 -0.017889
vn 0.518466 -0.849679 -0.096117
vn 0.520803 -0.853490 -0.017833
vn 0.369751 -0.924041 -0.097119
vn 0.372598 -0.927816 -0.018101
vn 0.187798 -0.976407 -0.106588
vn 0.190908 -0.981408 -0.019817
vn 0.019305 -0.993341 -0.113579
vn 0.014758 -0.999685 -0.020282
vn 0.201799 0.657248 0.726156
vn -0.015174 0.606468 0.794963
vn 0.071447 0.573920 0.815789
vn -0.933457 0.358690 -0.000000
vn -0.933463 0.358673 -0.000000
vn -0.932735 0.360562 0.001233
vn -0.927857 0.372437 0.019290
vn -0.925142 0.378969 0.022251
vn -0.932734 0.360562 -0.001234
vn -0.927857 0.372437 -0.019291
vn -0.925140 0.378971 -0.022283
vn 0.436883 0.542412 -0.717581
vn 0.201674 0.657102 -0.726323
vn 0.210957 0.504595 -0.837186
vn -0.015174 0.606475 -0.794958
vn 0.071458 0.573929 -0.815782
vn 0.919654 -0.392731 0.000009
vn 0.919535 -0.393008 0.000002
vn 0.920318 -0.391150 -0.004120
vn 0.924790 -0.379556 -0.026472
vn 0.925873 -0.377129 -0.023113
vn 0.920316 -0.391153 0.004117
vn -0.089943 0.337021 0.937191
vn 0.000845 0.298616 0.954373
vn -0.968505 0.248996 -0.000001
vn -0.965727 0.259472 0.006768
vn -0.955492 0.289529 -0.056631
vn -0.965727 0.259471 -0.006769
vn 0.095261 0.265523 -0.959387
vn 0.001031 0.298539 -0.954397
vn 0.956704 -0.291064 -0.000066
vn 0.954783 -0.296554 -0.021078
vn 0.953362 -0.292846 0.073097
vn 0.954790 -0.296545 0.020913
vn 0.871345 -0.342903 -0.350964
vn 0.746751 -0.323855 -0.580931
vn 0.472816 -0.325208 -0.818953
vn 0.164067 -0.324609 -0.931510
vn -0.164423 -0.324608 -0.931447
vn -0.473080 -0.324611 -0.819038
vn -0.724679 -0.324606 -0.607842
vn -0.888865 -0.324619 -0.323328
vn -0.945846 -0.324617 0.000181
vn -0.888744 -0.324610 0.323670
vn -0.724442 -0.324622 0.608115
vn -0.472766 -0.324613 0.819218
vn -0.164067 -0.324608 0.931511
vn 0.164423 -0.324608 0.931448
vn 0.473075 -0.324613 0.819040
vn 0.944761 0.066617 0.320919
vn 0.309826 0.921062 -0.235910
vn 0.287315 0.931789 -0.221855
vn 0.178831 0.933855 -0.309732
vn 0.062420 0.933603 -0.352831
vn -0.062020 0.933603 -0.352900
vn -0.178980 0.933602 -0.310408
vn -0.274350 0.933603 -0.230473
vn -0.336630 0.933603 -0.122740
vn -0.358307 0.933604 -0.000204
vn -0.336774 0.933601 0.122360
vn -0.274610 0.933603 0.230161
vn -0.179331 0.933603 0.310202
vn -0.062420 0.933603 0.352830
vn 0.062020 0.933602 0.352903
vn 0.178539 0.933944 0.309633
vn 0.074085 0.007282 0.997225
vn 0.078602 0.080250 0.993671
vn 0.314517 -0.023746 0.948955
vn 0.326054 0.037511 0.944607
vn 0.692428 -0.073727 0.717710
vn 0.701913 -0.041022 0.711081
vn 0.928590 -0.108569 0.354872
vn 0.934454 -0.113068 0.337654
vn 0.063093 -0.030274 0.997548
vn 0.069027 -0.015992 0.997487
vn 0.271757 -0.134100 0.952977
vn 0.298002 -0.070639 0.951948
vn 0.620367 -0.299361 0.724933
vn 0.675113 -0.155760 0.721083
vn 0.843027 -0.405296 0.353612
vn 0.912221 -0.208572 0.352634
vn 0.026244 -0.065681 0.997496
vn 0.049868 -0.048394 0.997583
vn 0.108684 -0.284623 0.952459
vn 0.210729 -0.210882 0.954527
vn 0.246105 -0.636242 0.731183
vn 0.484326 -0.473386 0.735754
vn 0.336787 -0.871055 0.357544
vn 0.667534 -0.650618 0.362071
vn 0.001386 -0.070629 0.997502
vn 0.005211 -0.309252 0.950966
vn -0.021927 -0.067263 0.997494
vn -0.091906 -0.290847 0.952345
vn 0.011869 -0.690522 0.723214
vn 0.015452 -0.935786 0.352229
vn -0.206432 -0.649475 0.731825
vn -0.282971 -0.888919 0.360209
vn -0.043717 -0.050182 0.997783
vn -0.191192 -0.222405 0.956024
vn -0.056885 -0.031141 0.997895
vn -0.257517 -0.140847 0.955953
vn -0.444596 -0.509104 0.736985
vn -0.613142 -0.700878 0.364454
vn -0.601417 -0.328968 0.728064
vn -0.819896 -0.448220 0.356187
vn -0.065945 -0.011362 0.997759
vn -0.292707 -0.047864 0.955003
vn -0.069982 0.013941 0.997451
vn -0.301918 0.063420 0.951222
vn -0.675931 -0.115166 0.727911
vn -0.921521 -0.156249 0.355507
vn -0.670348 0.138522 0.729003
vn -0.915152 0.192234 0.354321
vn -0.045199 0.051576 0.997646
vn -0.058488 0.035401 0.997660
vn -0.198450 0.229408 0.952885
vn -0.255318 0.159691 0.953578
vn -0.447084 0.522142 0.726281
vn -0.576902 0.363908 0.731270
vn -0.606195 0.711702 0.354976
vn -0.787915 0.500878 0.358205
vn -0.024764 0.062045 0.997766
vn -0.034176 0.059158 0.997663
vn -0.112451 0.278815 0.953739
vn -0.151887 0.263960 0.952500
vn -0.259546 0.640327 0.722923
vn -0.343525 0.601550 0.721199
vn -0.353158 0.865873 0.354322
vn -0.462953 0.813233 0.352599
vn -0.088752 0.078655 0.992943
vn -0.013030 0.064620 0.997825
vn -0.095165 0.319582 0.942768
vn -0.062685 0.294665 0.953542
vn -0.086728 0.721213 0.687263
vn -0.153398 0.685009 0.712202
vn -0.071315 0.943425 0.323826
vn -0.216342 0.916741 0.335832
vn -0.336583 0.844364 0.416847
vn -0.311584 0.375677 0.872801
vn -0.642341 0.394343 0.657184
vn -0.896877 0.343576 0.278509
vn -0.893425 0.438816 0.096081
vn -0.968606 0.229362 0.095897
vn -0.847246 0.415682 0.330730
vn -0.918209 0.217155 0.331266
vn -0.649027 0.317168 0.691497
vn -0.701781 0.165302 0.692949
vn -0.323993 0.155043 0.933269
vn -0.342681 0.078976 0.936126
vn -0.381871 0.919245 0.095721
vn -0.706823 0.700733 0.096819
vn -0.362970 0.872059 0.328277
vn -0.670548 0.663658 0.331549
vn -0.279911 0.670040 0.687529
vn -0.514541 0.506989 0.691526
vn -0.147295 0.346575 0.926385
vn -0.265713 0.256176 0.929393
vn -0.024070 0.995116 0.095730
vn -0.022740 0.944223 0.328520
vn 0.308971 0.946210 0.096036
vn 0.293631 0.897442 0.329208
vn -0.017474 0.725377 0.688130
vn -0.009367 0.373113 0.927739
vn 0.225691 0.688709 0.689016
vn 0.117964 0.356753 0.926721
vn 0.622928 0.776294 0.096583
vn 0.591211 0.735876 0.330085
vn 0.867204 0.488630 0.095902
vn 0.823115 0.463136 0.328613
vn 0.453819 0.564271 0.689671
vn 0.233070 0.286653 0.929252
vn 0.632725 0.355260 0.688077
vn 0.315056 0.176250 0.932564
vn 0.980819 -0.169673 0.095947
vn 0.983685 0.152450 0.095511
vn 0.930502 -0.161088 0.328964
vn 0.933334 0.144117 0.328813
vn 0.712789 -0.123560 0.690409
vn 0.717844 0.110171 0.687432
vn 0.368591 -0.062755 0.927471
vn 0.361730 0.057057 0.930535
vn 0.680202 -0.726632 0.096598
vn 0.870273 -0.482933 0.096959
vn 0.644635 -0.688451 0.332388
vn 0.824811 -0.457578 0.332127
vn 0.492114 -0.525815 0.693789
vn 0.630785 -0.350000 0.692539
vn 0.245657 -0.263567 0.932837
vn 0.322109 -0.178350 0.929751
vn 0.369750 -0.924043 0.097106
vn 0.518467 -0.849678 0.096118
vn 0.348249 -0.876023 0.333626
vn 0.491405 -0.805275 0.331743
vn 0.264262 -0.668644 0.695040
vn 0.375202 -0.614862 0.693663
vn 0.127801 -0.324267 0.937293
vn 0.182823 -0.300668 0.936042
vn 0.019305 -0.993341 0.113579
vn 0.187799 -0.976407 0.106590
vn -0.000162 -0.922285 0.386509
vn 0.170237 -0.919070 0.355428
vn -0.042427 -0.699028 0.713835
vn 0.122609 -0.695559 0.707930
vn -0.067790 -0.349262 0.934570
vn 0.059859 -0.344425 0.936904
vn -0.090426 -0.989192 0.115422
vn -0.199239 -0.926224 0.320019
vn -0.114687 -0.993098 0.024549
vn -0.348266 -0.933950 0.080301
vn -0.356446 -0.685058 0.635328
vn -0.473271 -0.278041 0.835887
vn -0.777697 -0.592262 0.210746
vn -0.961878 -0.087639 0.259056
vn 0.942425 0.075546 -0.325773
vn 0.352990 0.162255 -0.921451
vn 0.716465 -0.014028 -0.697482
vn 0.930909 -0.212132 -0.297336
vn 0.969235 -0.221016 -0.108332
vn 0.911491 -0.208338 -0.354655
vn 0.895494 -0.431760 -0.108046
vn 0.841991 -0.404702 -0.356744
vn 0.672773 -0.155108 -0.723407
vn 0.297087 -0.070344 -0.952256
vn 0.617028 -0.297612 -0.728494
vn 0.270475 -0.133384 -0.953442
vn 0.710628 -0.694852 -0.110404
vn 0.666468 -0.649517 -0.365989
vn 0.356313 -0.928088 -0.108144
vn 0.336232 -0.869843 -0.361001
vn 0.481007 -0.470093 -0.740030
vn 0.209493 -0.209632 -0.955074
vn 0.244482 -0.632412 -0.735040
vn 0.108043 -0.283181 -0.952961
vn -0.303558 -0.946225 -0.111856
vn 0.014374 -0.994057 -0.107911
vn -0.282565 -0.887798 -0.363278
vn 0.015397 -0.934704 -0.355093
vn -0.205251 -0.645972 -0.735249
vn 0.011743 -0.687100 -0.726468
vn -0.091439 -0.289510 -0.952797
vn 0.005149 -0.307939 -0.951392
vn -0.872684 -0.475850 -0.109496
vn -0.655525 -0.746631 -0.113265
vn -0.818678 -0.447555 -0.359807
vn -0.612213 -0.699858 -0.367960
vn -0.597591 -0.326883 -0.732142
vn -0.441794 -0.505968 -0.740820
vn -0.256139 -0.140102 -0.956433
vn -0.190182 -0.221276 -0.956487
vn -0.972659 0.206867 -0.105548
vn -0.980446 -0.165150 -0.107010
vn -0.913820 0.191972 -0.357882
vn -0.920137 -0.155992 -0.359187
vn -0.671569 -0.114404 -0.732057
vn -0.291093 -0.047590 -0.955510
vn -0.666130 0.137680 -0.733018
vn -0.300277 0.063102 -0.951763
vn -0.836226 0.537660 -0.107926
vn -0.786842 0.500262 -0.361410
vn -0.642436 0.758579 -0.108780
vn -0.605534 0.711092 -0.357319
vn -0.573606 0.361939 -0.734830
vn -0.254052 0.158990 -0.954034
vn -0.445124 0.520122 -0.728929
vn -0.197661 0.228688 -0.953222
vn -0.490195 0.864621 -0.110176
vn -0.462594 0.812735 -0.354216
vn -0.375747 0.919975 -0.111623
vn -0.353123 0.865196 -0.356006
vn -0.342474 0.599911 -0.723062
vn -0.151463 0.263362 -0.952733
vn -0.259014 0.638394 -0.724820
vn -0.112298 0.278087 -0.953969
vn -0.234827 0.966513 -0.103481
vn -0.217002 0.915933 -0.337605
vn -0.075319 0.992105 -0.100276
vn -0.072371 0.942795 -0.325423
vn -0.153858 0.683159 -0.713878
vn -0.063095 0.294300 -0.953628
vn -0.087705 0.720601 -0.687780
vn -0.095647 0.320942 -0.942257
vn -0.800921 0.569655 -0.184440
vn -0.823654 0.567093 -0.000760
vn -0.554055 0.821429 -0.135194
vn -0.573948 0.818891 -0.001158
vn -0.232069 0.970486 -0.065585
vn -0.215487 0.976507 -0.000746
vn -0.326791 0.846418 -0.420458
vn -0.896874 0.343581 -0.278511
vn -0.642338 0.394344 -0.657187
vn -0.311585 0.375678 -0.872800
vn -0.106244 0.024935 -0.994027
vn -0.342941 0.079030 -0.936027
vn -0.102153 0.049523 -0.993535
vn -0.324360 0.155209 -0.933113
vn -0.701780 0.165302 -0.692950
vn -0.918209 0.217154 -0.331265
vn -0.649022 0.317166 -0.691503
vn -0.847246 0.415682 -0.330731
vn -0.086773 0.084711 -0.992620
vn -0.266071 0.256512 -0.929198
vn -0.049133 0.117222 -0.991890
vn -0.147471 0.346996 -0.926200
vn -0.514541 0.506989 -0.691527
vn -0.670548 0.663657 -0.331549
vn -0.279913 0.670043 -0.687525
vn -0.362970 0.872058 -0.328279
vn 0.039744 0.121330 -0.991816
vn -0.002954 0.125013 -0.992151
vn 0.118089 0.357141 -0.926556
vn -0.009378 0.373491 -0.927586
vn 0.225690 0.688708 -0.689017
vn -0.017473 0.725373 -0.688134
vn 0.293632 0.897440 -0.329213
vn -0.022740 0.944222 -0.328525
vn 0.099040 0.054898 -0.993568
vn 0.076179 0.094206 -0.992634
vn 0.315440 0.176468 -0.932393
vn 0.233351 0.287000 -0.929074
vn 0.632726 0.355260 -0.688075
vn 0.453824 0.564277 -0.689664
vn 0.823115 0.463135 -0.328615
vn 0.591211 0.735877 -0.330081
vn 0.123409 -0.022375 -0.992104
vn 0.117919 0.017688 -0.992866
vn 0.369051 -0.062831 -0.927283
vn 0.362193 0.057136 -0.930350
vn 0.712788 -0.123559 -0.690411
vn 0.717844 0.110171 -0.687432
vn 0.930502 -0.161087 -0.328964
vn 0.933327 0.144114 -0.328834
vn 0.106710 -0.059676 -0.992498
vn 0.322470 -0.178555 -0.929587
vn 0.079469 -0.085575 -0.993157
vn 0.245861 -0.263794 -0.932719
vn 0.630783 -0.350000 -0.692541
vn 0.824808 -0.457578 -0.332135
vn 0.492114 -0.525815 -0.693788
vn 0.644636 -0.688450 -0.332387
vn 0.057332 -0.094288 -0.993893
vn 0.182933 -0.300848 -0.935963
vn 0.039856 -0.100278 -0.994161
vn 0.127884 -0.324467 -0.937212
vn 0.375202 -0.614863 -0.693662
vn 0.491405 -0.805279 -0.331733
vn 0.264264 -0.668650 -0.695034
vn 0.348250 -0.876022 -0.333627
vn 0.019451 -0.109386 -0.993809
vn 0.059920 -0.344718 -0.936792
vn -0.076312 -0.109774 -0.991023
vn -0.067755 -0.349773 -0.934381
vn 0.122608 -0.695554 -0.707935
vn 0.170237 -0.919068 -0.355434
vn -0.042426 -0.699029 -0.713834
vn -0.000163 -0.922284 -0.386512
vn -0.114688 -0.993098 -0.024550
vn -0.110377 -0.993890 -0.000000
vn -0.348263 -0.933951 -0.080304
vn -0.335598 -0.942005 0.000000
vn -0.777697 -0.592261 -0.210747
vn -0.829593 -0.558368 0.000002
vn -0.961846 -0.088160 -0.258999
vn -0.998848 -0.047997 0.000045
vn 0.930653 -0.211157 0.298827
vn 0.713002 -0.011238 0.701072
vn 0.349797 0.163886 0.922379
vn -0.478044 0.717898 0.506060
vn -0.573187 0.627519 0.526951
vn -0.805084 0.523913 0.278130
vn -0.268017 0.650588 0.710564
vn -0.478192 0.717663 -0.506253
vn -0.268016 0.650600 -0.710554
vn -0.573185 0.627524 -0.526947
vn -0.805085 0.523910 -0.278131
vn 0.861082 0.115626 -0.495145
vn 0.784859 0.075706 -0.615032
vn 0.925189 -0.165284 -0.341623
vn 0.460889 0.356116 -0.812873
vn -0.007332 0.996579 0.082320
vn -0.019345 0.999292 0.032276
vn -0.012686 0.999920 -0.000186
vn -0.971373 0.237559 0.000067
vn -0.945987 0.212063 0.245232
vn -0.502114 0.009369 0.864751
vn -0.526977 0.241850 -0.814742
vn -0.516553 0.133478 -0.845788
vn -0.502042 0.008755 -0.864799
vn -0.946080 0.211746 -0.245145
vn -0.008036 0.996468 -0.083583
vn -0.019721 0.999261 -0.032986
vn -0.090429 -0.989192 -0.115423
vn 0.094313 0.265856 0.959388
vn -0.955492 0.289531 0.056630
vn -0.089947 0.337019 -0.937191
vn 0.953327 -0.292914 -0.073276
vn -0.323012 0.792908 -0.516682
vn -0.134748 0.956398 -0.259124
vn -0.485445 0.469344 -0.737604
vn -0.356442 -0.685068 -0.635319
vn -0.473108 -0.278816 -0.835721
vn -0.199240 -0.926225 -0.320018
vn 0.866475 0.377281 -0.326927
vn 0.702404 0.377281 -0.603562
vn 0.939686 -0.000081 -0.342037
vn 0.766033 -0.000081 -0.642801
vn 0.453613 0.377281 -0.807400
vn 0.499985 -0.000081 -0.866034
vn 0.150111 0.377281 -0.913852
vn 0.173631 -0.000081 -0.984811
vn -0.171498 0.377281 -0.910081
vn -0.173665 -0.000081 -0.984805
vn -0.472422 0.377280 -0.796541
vn -0.500015 -0.000081 -0.866017
vn -0.716364 0.377280 -0.586926
vn -0.766056 -0.000081 -0.642774
vn -0.873902 0.377281 -0.306519
vn -0.939699 -0.000081 -0.342004
vn -0.926035 0.377281 0.010859
vn -1.000000 -0.000081 0.000018
vn -0.866475 0.377281 0.326927
vn -0.939687 -0.000081 0.342036
vn -0.702404 0.377281 0.603562
vn -0.766033 -0.000081 0.642801
vn -0.453614 0.377280 0.807400
vn -0.499984 -0.000080 0.866034
vn -0.150110 0.377281 0.913852
vn -0.173631 -0.000081 0.984811
vn 0.171498 0.377281 0.910081
vn 0.173665 -0.000081 0.984805
vn 0.472422 0.377281 0.796541
vn 0.500016 -0.000081 0.866017
vn 0.716364 0.377280 0.586926
vn 0.766056 -0.000081 0.642774
vn 0.873902 0.377281 0.306519
vn 0.939699 -0.000080 0.342004
vn 0.926035 0.377281 -0.010859
vn 1.000000 -0.000081 -0.000017
vn 0.889793 -0.328807 -0.316473
vn 0.727892 -0.328807 -0.601714
vn 0.478196 -0.328807 -0.814380
vn 0.170823 -0.328807 -0.928819
vn -0.157153 -0.328807 -0.931230
vn -0.466176 -0.328807 -0.821320
vn -0.718970 -0.328807 -0.612347
vn -0.885045 -0.328807 -0.329515
vn -0.944372 -0.328807 -0.006940
vn -0.889793 -0.328807 0.316473
vn -0.727891 -0.328807 0.601715
vn -0.478195 -0.328807 0.814380
vn -0.170823 -0.328807 0.928819
vn 0.157154 -0.328807 0.931230
vn 0.466177 -0.328806 0.821319
vn 0.718971 -0.328806 0.612346
vn 0.885046 -0.328806 0.329516
vn 0.944372 -0.328807 0.006940
vn 0.895515 -0.308381 -0.320864
vn 0.731767 -0.308381 -0.607798
vn 0.479757 -0.308381 -0.821422
vn 0.169883 -0.308380 -0.935971
vn -0.160483 -0.308381 -0.937628
vn -0.471494 -0.308380 -0.826193
vn -0.725633 -0.308381 -0.615108
vn -0.892252 -0.308381 -0.329830
vn -0.951251 -0.308381 -0.004771
vn -0.895515 -0.308381 0.320864
vn -0.731768 -0.308381 0.607797
vn -0.479757 -0.308381 0.821422
vn -0.169882 -0.308380 0.935971
vn 0.160484 -0.308380 0.937628
vn 0.471496 -0.308380 0.826192
vn 0.725634 -0.308379 0.615108
vn 0.892252 -0.308380 0.329832
vn 0.951251 -0.308381 0.004771
vn 0.930786 -0.143437 -0.336248
vn 0.759650 -0.143437 -0.634317
vn 0.937397 -0.076439 -0.339771
vn 0.764656 -0.076439 -0.639889
vn 0.496888 -0.143437 -0.855879
vn 0.499687 -0.076439 -0.862827
vn 0.174197 -0.143437 -0.974208
vn 0.174451 -0.076439 -0.981694
vn -0.169508 -0.143438 -0.975035
vn -0.171831 -0.076439 -0.982156
vn -0.492769 -0.143437 -0.858257
vn -0.497386 -0.076439 -0.864155
vn -0.756591 -0.143438 -0.637962
vn -0.762948 -0.076439 -0.641925
vn -0.929160 -0.143437 -0.340717
vn -0.936489 -0.076439 -0.342266
vn -0.989657 -0.143437 -0.002379
vn -0.997073 -0.076439 -0.001329
vn -0.930786 -0.143437 0.336247
vn -0.937397 -0.076439 0.339771
vn -0.759651 -0.143438 0.634316
vn -0.764657 -0.076439 0.639888
vn -0.496888 -0.143438 0.855879
vn -0.499686 -0.076439 0.862827
vn -0.174194 -0.143437 0.974208
vn -0.174448 -0.076439 0.981695
vn 0.169509 -0.143437 0.975035
vn 0.171831 -0.076439 0.982156
vn 0.492771 -0.143437 0.858256
vn 0.497389 -0.076439 0.864153
vn 0.756592 -0.143437 0.637962
vn 0.762949 -0.076439 0.641924
vn 0.929159 -0.143437 0.340720
vn 0.936488 -0.076439 0.342269
vn 0.989657 -0.143437 0.002379
vn 0.997073 -0.076439 0.001328
vn 0.451605 0.440835 0.775704
vn 0.251138 0.861803 0.440710
vn 0.689676 0.440835 0.574466
vn 0.386725 0.861803 0.328237
vn 0.006522 0.999913 0.011474
vn 0.010053 0.999913 0.008552
vn 0.012372 0.999913 0.004597
vn 0.000000 1.000000 0.000000
vn 0.013198 0.999913 0.000089
vn 0.012433 0.999913 -0.004431
vn 0.010167 0.999913 -0.008416
vn 0.006676 0.999913 -0.011386
vn 0.002379 0.999913 -0.012982
vn -0.002204 0.999913 -0.013013
vn -0.006522 0.999913 -0.011474
vn -0.010053 0.999913 -0.008552
vn -0.012372 0.999913 -0.004597
vn -0.013198 0.999913 -0.000089
vn -0.012433 0.999913 0.004431
vn -0.010167 0.999913 0.008416
vn -0.006676 0.999913 0.011386
vn -0.002379 0.999913 0.012982
vn 0.002204 0.999913 0.013013
vn 0.844562 0.440835 0.303938
vn 0.897582 0.440835 -0.003249
vn 0.842340 0.440835 -0.310044
vn 0.685500 0.440835 -0.579443
vn 0.445978 0.440835 -0.778953
vn 0.152664 0.440835 -0.884510
vn -0.159063 0.440835 -0.883382
vn -0.451605 0.440835 -0.775705
vn -0.689676 0.440835 -0.574466
vn -0.844562 0.440835 -0.303939
vn -0.897582 0.440835 0.003249
vn -0.842340 0.440835 0.310044
vn -0.685499 0.440835 0.579444
vn -0.445978 0.440835 0.778953
vn -0.152664 0.440835 0.884510
vn 0.159063 0.440835 0.883382
vn 0.475665 0.861804 0.176174
vn 0.507235 0.861803 0.002863
vn 0.477624 0.861803 -0.170795
vn 0.390405 0.861803 -0.323851
vn 0.256096 0.861803 -0.437847
vn 0.090900 0.861803 -0.499031
vn -0.085261 0.861803 -0.500026
vn -0.251138 0.861803 -0.440709
vn -0.386724 0.861803 -0.328237
vn -0.475666 0.861803 -0.176175
vn -0.507235 0.861803 -0.002863
vn -0.477624 0.861803 0.170795
vn -0.390405 0.861803 0.323851
vn -0.256097 0.861803 0.437847
vn -0.090900 0.861803 0.499032
vn 0.085261 0.861803 0.500026
vn 0.000000 0.000000 0.000000
vn 0.000000 0.000000 0.000000
vn 0.000000 0.000000 0.000000
vn 0.000000 0.000000 0.000000
vn 0.000000 0.000000 0.000000
vn 0.000000 0.000000 0.000000
vn 0.000000 0.000000 0.000000
vn 0.000000 0.000000 0.000000
vn 0.000000 0.000000 0.000000
vn 0.000000 0.000000 0.000000
vn 0.000000 0.000000 0.000000
vn 0.000000 0.000000 0.000000
vn 0.000000 0.000000 0.000000
vn 0.000000 0.000000 0.000000
vn 0.000000 0.000000 0.000000
vn 0.000000 0.000000 0.000000
vn 0.000000 0.000000 0.000000
vn 0.000000 0.000000 0.000000
vn 0.000000 0.000000 0.000000
vn 0.000000 0.000000 0.000000
vn 0.000000 0.000000 0.000000
vn 0.000000 0.000000 0.000000
vn 0.000000 0.000000 0.000000
vn 0.000000 0.000000 0.000000
vn 0.000000 0.000000 0.000000
vn 0.000000 0.000000 0.000000
vn 0.000000 0.000000 0.000000
vn 0.000000 0.000000 0.000000
vn 0.000000 0.000000 0.000000
vn 0.000000 0.000000 0.000000
vn 0.000000 0.000000 0.000000
vn 0.000000 0.000000 0.000000
vn 0.000000 0.000000 0.000000
vn 0.000000 0.000000 0.000000
vn 0.000000 0.000000 0.000000
vn 0.000000 0.000000 0.000000
vn 0.000000 0.000000 0.000000
vn 0.000000 0.000000 0.000000
vn 0.000000 0.000000 0.000000
vn 0.000000 0.000000 0.000000
vn 0.000000 0.000000 0.000000
vn 0.000000 0.000000 0.000000
vn 0.000000 0.000000 0.000000
vn 0.000000 0.000000 0.000000
vn 0.000000 0.000000 0.000000
vn 0.000000 0.000000 0.000000
vn 0.000000 0.000000 0.000000
vn 0.000000 0.000000 0.000000
vn 0.000000 0.000000 0.000000
vn 0.000000 0.000000 0.000000
vn 0.000000 0.000000 0.000000
vn 0.000000 0.000000 0.000000
vn 0.000000 0.000000 0.000000
vn 0.000000 0.000000 0.000000
vn 0.000000 0.000000 0.000000
vn 0.000000 0.000000 0.000000
vn 0.000000 0.000000 0.000000
vn 0.000000 0.000000 0.000000
vn 0.000000 0.000000 0.000000
vn 0.000000 0.000000 0.000000
vn 0.000000 0.000000 0.000000
vn 0.000000 0.000000 0.000000
vn 0.000000 0.000000 0.000000
vn 0.000000 0.000000 0.000000
vn 0.000000 0.000000 0.000000
vn 0.000000 0.000000 0.000000
vn 0.000000 0.000000 0.000000
vn 0.000000 0.000000 0.000000
vn 0.000000 0.000000 0.000000
vn 0.000000 0.000000 0.000000
vn 0.000000 0.000000 0.000000
vn 0.000000 0.000000 0.000000
vn -0.019869 0.999664 0.016639
vn -0.361609 0.881756 0.302895
vn -0.024361 0.999664 0.008837
vn -0.443400 0.881754 0.160953
vn -0.655235 0.518656 0.549239
vn -0.659541 0.712499 0.239482
vn -0.762906 0.091317 0.640028
vn -0.906826 0.262532 0.329763
vn -0.935799 0.091316 0.340502
vn 0.023253 -0.999692 -0.008626
vn 0.169575 -0.983571 -0.061900
vn 0.024802 -0.999692 -0.000154
vn 0.180518 -0.983572 -0.000175
vn 0.606172 -0.763977 -0.221122
vn 0.606173 -0.763977 -0.221120
vn 0.645254 -0.763968 -0.000467
vn 0.645254 -0.763968 -0.000465
vn 0.885134 -0.335485 -0.322473
vn 0.933094 -0.118972 -0.339383
vn 0.942043 -0.335492 -0.000297
vn 0.992898 -0.118971 0.000223
vn 0.115304 0.992432 -0.042237
vn 0.093904 0.992432 -0.079124
vn 0.061179 0.992431 -0.106478
vn -0.012981 0.999664 0.022422
vn 0.021075 0.992433 -0.120969
vn -0.004527 0.999664 0.025519
vn -0.021571 0.992432 -0.120887
vn 0.004474 0.999664 0.025526
vn -0.061617 0.992432 -0.106215
vn 0.012933 0.999664 0.022454
vn -0.094230 0.992432 -0.078735
vn 0.019834 0.999664 0.016679
vn -0.115477 0.992432 -0.041762
vn 0.024343 0.999664 0.008889
vn -0.122795 0.992432 0.000252
vn 0.025915 0.999664 0.000027
vn -0.115303 0.992432 0.042237
vn 0.024361 0.999664 -0.008839
vn -0.093904 0.992432 0.079125
vn 0.019869 0.999664 -0.016637
vn -0.061179 0.992432 0.106473
vn 0.012980 0.999664 -0.022434
vn -0.021074 0.992432 0.120975
vn 0.004526 0.999664 -0.025509
vn 0.021572 0.992432 0.120887
vn -0.004474 0.999664 -0.025527
vn 0.061615 0.992433 0.106213
vn -0.012935 0.999664 -0.022456
vn 0.094228 0.992432 0.078734
vn -0.019835 0.999664 -0.016680
vn 0.115477 0.992432 0.041760
vn -0.024341 0.999664 -0.008891
vn 0.122795 0.992432 -0.000253
vn -0.025915 0.999664 -0.000028
vn 0.998963 -0.045528 0.000249
vn 0.938802 -0.045531 -0.341434
vn 0.932941 -0.118970 0.339804
vn 0.938631 -0.045531 0.341904
vn 0.760459 -0.118969 0.638395
vn 0.765091 -0.045530 0.642311
vn 0.496255 -0.118970 0.859987
vn 0.499269 -0.045530 0.865250
vn 0.172193 -0.118973 0.977852
vn 0.173224 -0.045532 0.983829
vn -0.172637 -0.118972 0.977774
vn -0.173714 -0.045532 0.983743
vn -0.496642 -0.118972 0.859763
vn -0.499695 -0.045532 0.865004
vn -0.760748 -0.118972 0.638051
vn -0.765411 -0.045532 0.641929
vn -0.933095 -0.118974 0.339380
vn -0.938803 -0.045531 0.341432
vn -0.992898 -0.118972 -0.000224
vn -0.998963 -0.045533 -0.000250
vn -0.932942 -0.118970 -0.339801
vn -0.938633 -0.045530 -0.341901
vn -0.760460 -0.118972 -0.638393
vn -0.765092 -0.045531 -0.642309
vn -0.496254 -0.118971 -0.859987
vn -0.499266 -0.045530 -0.865252
vn -0.172195 -0.118971 -0.977852
vn -0.173223 -0.045531 -0.983830
vn 0.172638 -0.118969 -0.977774
vn 0.173715 -0.045530 -0.983743
vn 0.496641 -0.118972 -0.859764
vn 0.499698 -0.045531 -0.865003
vn 0.760747 -0.118973 -0.638051
vn 0.765409 -0.045531 -0.641932
vn 0.417258 0.895937 -0.152291
vn 0.340008 0.895938 -0.285815
vn -0.766044 -0.000002 0.642788
vn -0.939692 -0.000000 0.342023
vn 0.221748 0.895934 -0.384876
vn -0.500000 0.000000 0.866026
vn -0.497996 0.091316 0.862358
vn 0.076745 0.895945 -0.437484
vn -0.173652 0.000000 0.984807
vn -0.173020 0.091319 0.980676
vn -0.077518 0.895935 -0.437369
vn 0.173648 0.000000 0.984808
vn 0.172832 0.091320 0.980709
vn -0.222438 0.895930 -0.384488
vn 0.499986 0.000002 0.866033
vn 0.497817 0.091315 0.862462
vn -0.340516 0.895938 -0.285209
vn 0.766043 -0.000000 0.642789
vn 0.762785 0.091314 0.640173
vn -0.417528 0.895937 -0.151548
vn 0.939691 0.000001 0.342025
vn 0.935733 0.091318 0.340684
vn -0.444182 0.895936 0.000390
vn 1.000000 -0.000001 0.000002
vn 0.995822 0.091316 0.000096
vn -0.417257 0.895938 0.152291
vn 0.939691 0.000000 -0.342025
vn 0.935798 0.091313 -0.340507
vn -0.340008 0.895939 0.285811
vn 0.766044 0.000002 -0.642788
vn 0.762907 0.091321 -0.640026
vn -0.221748 0.895935 0.384874
vn 0.500000 -0.000002 -0.866025
vn 0.497992 0.091316 -0.862360
vn -0.076745 0.895934 0.437507
vn 0.173647 0.000003 -0.984808
vn 0.173018 0.091322 -0.980676
vn 0.077518 0.895929 0.437382
vn -0.173649 0.000006 -0.984808
vn -0.172826 0.091317 -0.980710
vn 0.222439 0.895935 0.384476
vn -0.500010 0.000004 -0.866020
vn -0.497836 0.091321 -0.862450
vn 0.340524 0.895933 0.285216
vn -0.766046 -0.000005 -0.642786
vn -0.762786 0.091311 -0.640172
vn 0.417541 0.895931 0.151548
vn -0.939690 0.000001 -0.342028
vn -0.935732 0.091311 -0.340688
vn 0.444181 0.895937 -0.000395
vn -1.000000 -0.000003 0.000002
vn -0.995822 0.091318 -0.000093
vn -0.076436 -0.997074 -0.000140
vn -0.071876 -0.997074 0.026011
vn 0.924041 0.181866 -0.336264
vn 0.983322 0.181872 0.000059
vn -0.071757 -0.997076 -0.026268
vn 0.023364 -0.999692 0.008334
vn 0.924000 0.181868 0.336376
vn -0.058453 -0.997075 -0.049233
vn 0.019098 -0.999692 0.015823
vn 0.753234 0.181863 0.632111
vn -0.038087 -0.997076 -0.066254
vn 0.012536 -0.999692 0.021406
vn 0.491617 0.181866 0.851609
vn -0.013132 -0.997076 -0.075281
vn 0.004459 -0.999692 0.024409
vn 0.170697 0.181873 0.968393
vn 0.013412 -0.997076 -0.075227
vn -0.004154 -0.999692 0.024460
vn -0.170808 0.181866 0.968375
vn 0.038343 -0.997074 -0.066127
vn -0.012266 -0.999693 0.021549
vn -0.491712 0.181868 0.851554
vn 0.058646 -0.997074 -0.049027
vn -0.018900 -0.999692 0.016066
vn -0.753309 0.181868 0.632020
vn 0.071876 -0.997074 -0.026013
vn -0.023254 -0.999692 0.008623
vn -0.924038 0.181864 0.336271
vn 0.076436 -0.997074 0.000142
vn -0.024802 -0.999692 0.000156
vn -0.983323 0.181868 -0.000059
vn 0.071777 -0.997075 0.026272
vn -0.023359 -0.999692 -0.008332
vn -0.924002 0.181859 -0.336373
vn 0.058462 -0.997075 0.049236
vn -0.019099 -0.999692 -0.015830
vn -0.753231 0.181874 -0.632112
vn 0.038082 -0.997076 0.066255
vn -0.012538 -0.999692 -0.021411
vn -0.491618 0.181868 -0.851608
vn 0.013131 -0.997076 0.075277
vn -0.004461 -0.999692 -0.024419
vn -0.170688 0.181860 -0.968397
vn -0.013415 -0.997074 0.075255
vn 0.004154 -0.999693 -0.024432
vn 0.170808 0.181857 -0.968376
vn -0.038343 -0.997073 0.066144
vn 0.012267 -0.999692 -0.021566
vn 0.491721 0.181873 -0.851547
vn -0.058646 -0.997074 0.049026
vn 0.018900 -0.999692 -0.016066
vn 0.753302 0.181867 -0.632029
vn 0.846195 0.435100 -0.307640
vn 0.689943 0.435099 -0.578504
vn 0.654248 0.717964 -0.237671
vn 0.533504 0.717962 -0.447106
vn 0.450482 0.435112 -0.779579
vn 0.348411 0.717965 -0.602608
vn 0.156675 0.435093 -0.886650
vn 0.121297 0.717961 -0.685433
vn -0.156018 0.435098 -0.886763
vn -0.120450 0.717972 -0.685571
vn -0.449911 0.435120 -0.779904
vn -0.347673 0.717950 -0.603052
vn -0.689506 0.435107 -0.579020
vn -0.532949 0.717961 -0.447768
vn -0.845972 0.435094 -0.308259
vn -0.653957 0.717963 -0.238471
vn -0.900377 0.435111 -0.000330
vn -0.696080 0.717964 -0.000431
vn -0.846196 0.435098 0.307641
vn -0.654247 0.717965 0.237671
vn -0.689941 0.435103 0.578504
vn -0.533503 0.717964 0.447105
vn -0.450487 0.435111 0.779577
vn -0.348416 0.717968 0.602602
vn -0.156677 0.435111 0.886640
vn -0.121298 0.717954 0.685441
vn 0.156017 0.435101 0.886761
vn 0.120447 0.717951 0.685594
vn 0.449901 0.435112 0.779915
vn 0.347670 0.717967 0.603033
vn 0.689515 0.435101 0.579013
vn 0.532952 0.717967 0.447756
vn 0.845962 0.435115 0.308257
vn 0.653966 0.717953 0.238480
vn 0.900380 0.435105 0.000334
vn 0.696080 0.717964 0.000428
vn -0.236202 0.881750 0.408321
vn -0.427860 0.518645 0.740232
vn -0.044566 0.966905 0.251214
vn -0.148890 0.518642 0.841928
vn -0.122374 0.712483 0.690936
vn 0.081517 0.881751 0.464619
vn 0.148046 0.518655 0.842068
vn 0.235511 0.881766 0.408685
vn 0.427124 0.518646 0.740656
vn 0.361092 0.881755 0.303513
vn 0.654684 0.518654 0.549897
vn 0.443129 0.881750 0.161720
vn 0.803276 0.518650 0.292830
vn 0.255137 0.966905 0.000264
vn 0.854986 0.518651 0.000427
vn 0.701673 0.712499 0.000536
vn 0.239842 0.966904 -0.087025
vn 0.803571 0.518646 -0.292026
vn 0.659540 0.712497 -0.239488
vn 0.361611 0.881756 -0.302894
vn 0.655241 0.518652 -0.549235
vn 0.236202 0.881759 -0.408302
vn 0.427867 0.518657 -0.740220
vn 0.082306 0.881757 -0.464467
vn 0.148892 0.518651 -0.841922
vn -0.081517 0.881756 -0.464610
vn -0.148044 0.518645 -0.842075
vn -0.235511 0.881753 -0.408713
vn -0.427127 0.518643 -0.740656
vn -0.361091 0.881758 -0.303507
vn -0.739001 0.262531 -0.620447
vn -0.537168 0.712494 -0.451446
vn -0.443125 0.881753 -0.161715
vn -0.906638 0.262520 -0.330288
vn -0.659181 0.712488 -0.240501
vn -0.471709 0.881754 -0.000399
vn -0.964920 0.262544 -0.000272
vn -0.701670 0.712502 -0.000535
vn 0.885333 -0.335483 0.321928
vn 0.169672 -0.983576 0.061559
vn 0.606478 -0.763989 0.220240
vn 0.606477 -0.763989 0.220242
vn 0.721841 -0.335493 0.605302
vn 0.138380 -0.983576 0.115890
vn 0.494588 -0.763974 0.414400
vn 0.494587 -0.763973 0.414402
vn 0.471272 -0.335498 0.815686
vn 0.090399 -0.983574 0.156238
vn 0.323038 -0.763988 0.558542
vn 0.323037 -0.763988 0.558543
vn 0.163874 -0.335480 0.927685
vn 0.031515 -0.983572 0.177745
vn 0.112508 -0.763980 0.635355
vn 0.112507 -0.763980 0.635356
vn -0.163290 -0.335489 0.927784
vn -0.031175 -0.983575 0.177790
vn -0.111581 -0.763988 0.635509
vn -0.111583 -0.763989 0.635508
vn -0.470763 -0.335482 0.815987
vn -0.090111 -0.983574 0.156405
vn -0.322218 -0.763980 0.559026
vn -0.322220 -0.763981 0.559024
vn -0.721459 -0.335485 0.605761
vn -0.138177 -0.983569 0.116186
vn -0.493985 -0.763977 0.415112
vn -0.493986 -0.763977 0.415111
vn -0.885126 -0.335491 0.322486
vn -0.169574 -0.983572 0.061895
vn -0.606172 -0.763977 0.221120
vn -0.606173 -0.763977 0.221118
vn -0.942046 -0.335484 0.000299
vn -0.180521 -0.983571 0.000176
vn -0.645248 -0.763973 0.000461
vn -0.645248 -0.763973 0.000459
vn -0.885337 -0.335483 -0.321917
vn -0.169690 -0.983573 -0.061560
vn -0.606498 -0.763968 -0.220255
vn -0.606498 -0.763968 -0.220256
vn -0.721834 -0.335484 -0.605315
vn -0.138395 -0.983571 -0.115911
vn -0.494586 -0.763978 -0.414393
vn -0.494584 -0.763979 -0.414395
vn -0.471260 -0.335480 -0.815700
vn -0.090397 -0.983571 -0.156255
vn -0.323028 -0.763996 -0.558537
vn -0.323026 -0.763996 -0.558538
vn -0.163875 -0.335482 -0.927683
vn -0.031516 -0.983569 -0.177761
vn -0.112506 -0.763973 -0.635364
vn -0.112504 -0.763973 -0.635365
vn 0.163296 -0.335482 -0.927786
vn 0.031179 -0.983579 -0.177763
vn 0.111587 -0.763976 -0.635523
vn 0.111589 -0.763976 -0.635522
vn 0.470765 -0.335482 -0.815986
vn 0.090111 -0.983563 -0.156473
vn 0.322222 -0.763987 -0.559015
vn 0.322224 -0.763987 -0.559013
vn 0.721459 -0.335492 -0.605758
vn 0.138176 -0.983570 -0.116184
vn 0.493985 -0.763975 -0.415116
vn 0.493986 -0.763975 -0.415114
vn 0.000000 1.000000 0.000001
vn 0.000000 1.000000 0.000001
vn 0.000000 1.000000 0.000001
vn 0.000000 1.000000 0.000001
vn 0.000000 1.000000 0.000000
vn 0.000000 1.000000 0.000000
vn 0.000000 1.000000 0.000002
vn 0.000000 1.000000 0.000004
vn 0.000000 1.000000 0.000000
vn 0.000000 1.000000 0.000001
vn 0.000000 1.000000 0.000001
vn 0.000000 1.000000 0.000001
vn 0.000000 1.000000 0.000001
vn 0.000000 1.000000 0.000002
vn 0.000000 1.000000 0.000001
vn 0.000000 1.000000 0.000001
vn 0.000000 1.000000 0.000002
vn 0.000000 1.000000 0.000002
vn 0.000000 1.000000 0.000000
vn 0.939693 0.000000 -0.342020
vn 0.766044 0.000000 -0.642788
vn 0.939692 0.005711 -0.341975
vn 0.766059 0.005712 -0.642745
vn 0.500000 0.000000 -0.866025
vn 0.500028 0.005711 -0.865990
vn 0.173649 0.000000 -0.984808
vn 0.173688 0.005711 -0.984784
vn -0.173648 0.000000 -0.984808
vn -0.173604 0.005711 -0.984799
vn -0.500000 0.000000 -0.866025
vn -0.499955 0.005711 -0.866033
vn -0.766044 0.000000 -0.642788
vn -0.766005 0.005712 -0.642810
vn -0.939693 0.000000 -0.342020
vn -0.939663 0.005712 -0.342054
vn -1.000000 0.000000 -0.000000
vn -0.999984 0.005711 -0.000042
vn -0.939693 0.000000 0.342020
vn -0.939692 0.005711 0.341975
vn -0.766045 0.000000 0.642787
vn -0.766059 0.005711 0.642745
vn -0.500000 0.000000 0.866025
vn -0.500028 0.005711 0.865990
vn -0.173648 0.000000 0.984808
vn -0.173687 0.005711 0.984784
vn 0.173648 0.000000 0.984808
vn 0.173604 0.005711 0.984799
vn 0.500000 0.000000 0.866026
vn 0.499955 0.005711 0.866032
vn 0.766045 0.000000 0.642788
vn 0.766005 0.005712 0.642809
vn 0.939693 0.000000 0.342020
vn 0.939663 0.005712 0.342054
vn 1.000000 0.000000 0.000000
vn 0.999984 0.005711 0.000042
vn 0.113075 0.992778 -0.040084
vn 0.092546 0.992778 -0.076340
vn 0.060854 0.992778 -0.103388
vn 0.021822 0.992778 -0.117968
vn -0.019841 0.992777 -0.118322
vn -0.059112 0.992778 -0.104395
vn -0.091252 0.992778 -0.077882
vn -0.112387 0.992778 -0.041976
vn -0.119966 0.992778 -0.001004
vn -0.113075 0.992777 0.040089
vn -0.092546 0.992778 0.076340
vn -0.060854 0.992777 0.103392
vn -0.021822 0.992777 0.117970
vn 0.019841 0.992778 0.118317
vn 0.059112 0.992778 0.104395
vn 0.091252 0.992778 0.077884
vn 0.112387 0.992778 0.041977
vn 0.119966 0.992778 0.001006
vn 0.689021 0.681204 -0.247411
vn 0.732087 0.681204 0.003168
vn 0.562847 0.681202 -0.468153
vn 0.368788 0.681203 -0.632423
vn 0.130246 0.681205 -0.720414
vn -0.124004 0.681201 -0.721518
vn -0.363300 0.681203 -0.635591
vn -0.558775 0.681205 -0.473002
vn -0.686853 0.681204 -0.253366
vn -0.732087 0.681204 -0.003169
vn -0.689020 0.681203 0.247414
vn -0.562848 0.681204 0.468149
vn -0.368787 0.681201 0.632425
vn -0.130246 0.681205 0.720413
vn 0.124004 0.681201 0.721518
vn 0.363300 0.681204 0.635589
vn 0.558775 0.681204 0.473003
vn 0.686853 0.681204 0.253366
s 1
g pCylinder4
usemtl initialShadingGroup
f 19/818/1 20/819/2 37/820/3
f 20/819/2 21/822/4 37/820/3
f 21/822/4 22/826/5 37/820/3
f 22/826/5 23/830/6 37/820/3
f 23/830/6 24/835/7 37/820/3
f 24/835/7 25/840/8 37/820/3
f 25/840/8 26/845/9 37/820/3
f 26/845/9 27/850/10 37/820/3
f 27/850/10 28/856/11 37/820/3
f 28/856/11 29/860/12 37/820/3
f 29/860/12 30/853/13 37/820/3
f 30/853/13 31/847/14 37/820/3
f 31/847/14 32/842/15 37/820/3
f 32/842/15 33/837/16 37/820/3
f 33/837/16 34/832/17 37/820/3
f 34/832/17 35/827/18 37/820/3
f 35/827/18 36/823/19 37/820/3
f 36/823/19 19/818/1 37/820/3
f 1/37/20 2/38/21 38/39/22
f 38/39/22 2/38/21 41/40/23
f 2/38/21 3/42/24 41/40/23
f 41/40/23 3/42/24 44/46/25
f 3/1489/24 4/1490/26 44/1491/25
f 44/1491/25 4/1490/26 47/1492/27
f 4/1490/26 5/1493/28 47/1492/27
f 47/1492/27 5/1493/28 50/1495/29
f 5/1493/28 6/73/30 50/1495/29
f 50/1495/29 6/73/30 53/69/31
f 6/73/30 7/66/32 53/69/31
f 53/69/31 7/66/32 56/63/33
f 7/66/32 8/64/34 56/63/33
f 56/63/33 8/64/34 59/65/35
f 8/64/34 9/67/36 59/65/35
f 59/65/35 9/67/36 62/70/37
f 9/67/36 10/74/38 62/70/37
f 62/70/37 10/74/38 65/78/39
f 10/74/38 11/82/40 65/78/39
f 65/78/39 11/82/40 68/83/41
f 11/82/40 12/86/42 68/83/41
f 68/83/41 12/86/42 71/87/43
f 12/86/42 13/1499/44 71/87/43
f 71/87/43 13/1499/44 74/1500/45
f 13/1499/44 14/1501/46 74/1500/45
f 74/1500/45 14/1501/46 77/1503/47
f 14/1501/46 15/60/48 77/1503/47
f 77/1503/47 15/60/48 80/57/49
f 15/60/48 16/56/50 80/57/49
f 80/57/49 16/56/50 83/53/51
f 16/56/50 17/51/52 83/53/51
f 83/53/51 17/51/52 86/48/53
f 17/51/52 18/44/54 86/48/53
f 86/48/53 18/44/54 89/41/55
f 18/44/54 1/37/20 89/41/55
f 89/41/55 1/37/20 38/39/22
f 40/824/56 43/821/57 19/818/1
f 19/818/1 43/821/57 20/819/2
f 43/821/57 46/825/58 20/819/2
f 20/819/2 46/825/58 21/822/4
f 46/825/58 49/829/59 21/822/4
f 21/822/4 49/829/59 22/826/5
f 49/829/59 52/834/60 22/826/5
f 22/826/5 52/834/60 23/830/6
f 52/834/60 55/839/61 23/830/6
f 23/830/6 55/839/61 24/835/7
f 55/839/61 58/844/62 24/835/7
f 24/835/7 58/844/62 25/840/8
f 58/844/62 61/849/63 25/840/8
f 25/840/8 61/849/63 26/845/9
f 61/849/63 64/855/64 26/845/9
f 26/845/9 64/855/64 27/850/10
f 64/855/64 67/861/65 27/850/10
f 27/850/10 67/861/65 28/856/11
f 67/861/65 70/864/66 28/856/11
f 28/856/11 70/864/66 29/860/12
f 70/864/66 73/863/67 29/860/12
f 29/860/12 73/863/67 30/853/13
f 73/863/67 76/859/68 30/853/13
f 30/853/13 76/859/68 31/847/14
f 76/859/68 79/852/69 31/847/14
f 31/847/14 79/852/69 32/842/15
f 79/852/69 82/846/70 32/842/15
f 32/842/15 82/846/70 33/837/16
f 82/846/70 85/841/71 33/837/16
f 33/837/16 85/841/71 34/832/17
f 85/841/71 88/836/72 34/832/17
f 34/832/17 88/836/72 35/827/18
f 88/836/72 91/831/73 35/827/18
f 35/827/18 91/831/73 36/823/19
f 91/831/73 40/824/56 36/823/19
f 36/823/19 40/824/56 19/818/1
f 38/39/22 39/45/74 89/41/55
f 89/41/55 39/45/74 90/49/75
f 39/45/74 40/52/56 90/49/75
f 90/49/75 40/52/56 91/55/73
f 40/52/56 39/45/74 43/50/57
f 43/50/57 39/45/74 42/43/76
f 39/45/74 38/39/22 42/43/76
f 42/43/76 38/39/22 41/40/23
f 43/821/57 42/828/76 46/825/58
f 46/825/58 42/828/76 45/833/77
f 42/43/76 41/40/23 45/47/77
f 45/47/77 41/40/23 44/46/25
f 46/825/58 45/833/77 49/829/59
f 49/829/59 45/833/77 48/838/78
f 45/1496/77 44/1491/25 48/1494/78
f 48/1494/78 44/1491/25 47/1492/27
f 49/829/59 48/838/78 52/834/60
f 52/834/60 48/838/78 51/843/79
f 48/1494/78 47/1492/27 51/1497/79
f 51/1497/79 47/1492/27 50/1495/29
f 52/834/60 51/843/79 55/839/61
f 55/839/61 51/843/79 54/848/80
f 51/1497/79 50/1495/29 54/1498/80
f 54/1498/80 50/1495/29 53/69/31
f 55/839/61 54/848/80 58/844/62
f 58/844/62 54/848/80 57/854/81
f 54/77/80 53/69/31 57/71/81
f 57/71/81 53/69/31 56/63/33
f 58/80/62 57/71/81 61/75/63
f 61/75/63 57/71/81 60/68/82
f 57/71/81 56/63/33 60/68/82
f 60/68/82 56/63/33 59/65/35
f 61/75/63 60/68/82 64/76/64
f 64/76/64 60/68/82 63/72/83
f 60/68/82 59/65/35 63/72/83
f 63/72/83 59/65/35 62/70/37
f 64/76/64 63/72/83 67/81/65
f 67/81/65 63/72/83 66/79/84
f 63/72/83 62/70/37 66/79/84
f 66/79/84 62/70/37 65/78/39
f 67/81/65 66/79/84 70/85/66
f 70/85/66 66/79/84 69/84/85
f 66/79/84 65/78/39 69/84/85
f 69/84/85 65/78/39 68/83/41
f 70/864/66 69/866/85 73/863/67
f 73/863/67 69/866/85 72/865/86
f 69/84/85 68/83/41 72/88/86
f 72/88/86 68/83/41 71/87/43
f 73/863/67 72/865/86 76/859/68
f 76/859/68 72/865/86 75/862/87
f 72/1504/86 71/87/43 75/1502/87
f 75/1502/87 71/87/43 74/1500/45
f 76/859/68 75/862/87 79/852/69
f 79/852/69 75/862/87 78/857/88
f 75/1502/87 74/1500/45 78/1505/88
f 78/1505/88 74/1500/45 77/1503/47
f 79/852/69 78/857/88 82/846/70
f 82/846/70 78/857/88 81/851/89
f 78/1505/88 77/1503/47 81/1506/89
f 81/1506/89 77/1503/47 80/57/49
f 82/846/70 81/851/89 85/841/71
f 85/841/71 81/851/89 84/858/90
f 81/61/89 80/57/49 84/58/90
f 84/58/90 80/57/49 83/53/51
f 85/62/71 84/58/90 88/59/72
f 88/59/72 84/58/90 87/54/91
f 84/58/90 83/53/51 87/54/91
f 87/54/91 83/53/51 86/48/53
f 88/59/72 87/54/91 91/55/73
f 91/55/73 87/54/91 90/49/75
f 87/54/91 86/48/53 90/49/75
f 90/49/75 86/48/53 89/41/55
s 4
f 93/867/92 92/868/93 130/869/94
f 94/871/95 93/867/92 130/869/94
f 95/874/96 94/871/95 130/869/94
f 96/878/97 95/874/96 130/869/94
f 97/882/98 96/878/97 130/869/94
f 98/888/99 97/882/98 130/869/94
f 99/893/100 98/888/99 130/869/94
f 100/899/101 99/893/100 130/869/94
f 101/905/102 100/899/101 130/869/94
f 102/902/103 101/905/102 130/869/94
f 103/896/104 102/902/103 130/869/94
f 104/890/105 103/896/104 130/869/94
f 105/885/106 104/890/105 130/869/94
f 106/880/107 105/885/106 130/869/94
f 107/877/108 106/880/107 130/869/94
f 108/873/109 107/877/108 130/869/94
f 109/1970/110 108/873/109 130/869/94
f 92/868/93 109/103/110 130/869/94
f 201/1982/111 204/1983/112 202/91/113
f 202/91/113 204/1983/112 203/1972/114
f 200/95/115 205/92/116 201/89/111
f 201/89/111 205/92/116 204/1976/112
f 252/912/117 255/913/118 253/914/119
f 253/914/119 255/913/118 254/335/120
f 252/113/117 251/102/121 255/1974/118
f 255/1974/118 251/102/121 256/1973/122
f 289/215/123 420/216/124 423/217/125
f 423/217/125 420/216/124 419/218/126
f 288/1015/127 425/1016/128 421/1017/129
f 421/1017/129 425/1016/128 424/1019/130
f 432/253/131 298/254/132 428/255/133
f 428/255/133 298/254/132 429/257/134
f 430/262/135 297/269/136 433/278/137
f 433/278/137 297/269/136 434/288/138
f 441/165/139 334/150/140 437/170/141
f 437/170/141 334/150/140 438/164/142
f 333/169/143 443/181/144 439/180/145
f 439/180/145 443/181/144 442/192/146
f 450/1507/147 367/1508/148 446/1509/149
f 446/1509/149 367/1508/148 447/1511/150
f 366/338/151 452/320/152 448/329/153
f 448/329/153 452/320/152 451/311/154
f 396/106/155 399/117/156 397/112/157
f 398/1633/158 397/1634/157 875/1635/159
f 397/1634/157 399/1636/156 875/1635/159
f 395/105/160 400/116/161 396/106/155
f 399/117/156 396/106/155 873/120/162
f 396/106/155 400/116/161 873/120/162
f 93/867/92 158/870/163 92/868/93
f 92/868/93 158/870/163 155/872/164
f 93/867/92 94/871/95 158/870/163
f 158/870/163 94/871/95 161/1968/165
f 94/871/95 95/874/96 161/1968/165
f 161/1968/165 95/874/96 164/1967/166
f 95/874/96 96/878/97 164/1967/166
f 164/1967/166 96/878/97 167/1966/167
f 96/878/97 97/882/98 167/1966/167
f 167/1966/167 97/882/98 170/1964/168
f 97/882/98 98/888/99 170/1964/168
f 170/1964/168 98/888/99 173/898/169
f 98/888/99 99/893/100 173/898/169
f 173/898/169 99/893/100 176/904/170
f 99/893/100 100/899/101 176/904/170
f 176/904/170 100/899/101 179/908/171
f 100/899/101 101/905/102 179/908/171
f 179/908/171 101/905/102 182/910/172
f 101/905/102 102/902/103 182/910/172
f 182/910/172 102/902/103 185/1963/173
f 102/902/103 103/896/104 185/1963/173
f 185/1963/173 103/896/104 188/1962/174
f 103/896/104 104/890/105 188/1962/174
f 188/1962/174 104/890/105 191/1961/175
f 104/890/105 105/885/106 191/1961/175
f 191/1961/175 105/885/106 194/1960/176
f 105/885/106 106/880/107 194/1960/176
f 194/1960/176 106/880/107 197/1959/177
f 106/880/107 107/877/108 197/1959/177
f 197/1959/177 107/877/108 200/879/115
f 107/877/108 108/873/109 200/879/115
f 200/879/115 108/873/109 205/876/116
f 108/873/109 109/1970/110 205/876/116
f 205/876/116 109/1970/110 110/1971/178
f 92/868/93 155/872/164 109/103/110
f 109/103/110 155/872/164 110/1969/178
f 157/1978/179 160/128/180 206/1977/181
f 206/1977/181 160/128/180 209/148/182
f 160/128/180 163/142/183 209/148/182
f 209/148/182 163/142/183 212/155/184
f 163/1759/183 166/1760/185 212/1761/184
f 212/1761/184 166/1760/185 215/1763/186
f 166/1760/185 169/1765/187 215/1763/186
f 215/1763/186 169/1765/187 218/1766/188
f 169/1765/187 172/1768/189 218/1766/188
f 218/1766/188 172/1768/189 221/1769/190
f 172/359/189 175/349/191 221/354/190
f 221/354/190 175/349/191 224/351/192
f 175/349/191 178/350/193 224/351/192
f 224/351/192 178/350/193 227/353/194
f 178/350/193 181/357/195 227/353/194
f 227/353/194 181/357/195 230/361/196
f 181/357/195 184/366/197 230/361/196
f 230/361/196 184/366/197 233/367/198
f 184/366/197 187/371/199 233/367/198
f 233/367/198 187/371/199 236/372/200
f 187/371/199 190/376/201 236/372/200
f 236/372/200 190/376/201 239/377/202
f 190/1771/201 193/1772/203 239/1773/202
f 239/1773/202 193/1772/203 242/1775/204
f 193/1772/203 196/1777/205 242/1775/204
f 242/1775/204 196/1777/205 245/1778/206
f 196/1777/205 199/1780/207 245/1778/206
f 245/1778/206 199/1780/207 248/1781/208
f 202/91/113 251/102/121 199/99/207
f 199/99/207 251/102/121 248/109/208
f 203/1972/114 256/1973/122 202/91/113
f 202/91/113 256/1973/122 251/102/121
f 458/222/209 289/215/123 455/219/210
f 455/219/210 289/215/123 423/217/125
f 290/221/211 460/229/212 456/223/213
f 456/223/213 460/229/212 459/231/214
f 208/942/215 211/950/216 112/935/217
f 112/935/217 211/950/216 113/951/218
f 211/950/216 214/963/219 113/951/218
f 113/951/218 214/963/219 114/964/220
f 214/963/219 217/973/221 114/964/220
f 114/964/220 217/973/221 115/974/222
f 217/973/221 220/987/223 115/974/222
f 115/974/222 220/987/223 116/988/224
f 220/987/223 223/999/225 116/988/224
f 116/988/224 223/999/225 117/1000/226
f 223/999/225 226/1011/227 117/1000/226
f 117/1000/226 226/1011/227 118/1007/228
f 226/1011/227 229/1001/229 118/1007/228
f 118/1007/228 229/1001/229 119/995/230
f 229/1001/229 232/989/231 119/995/230
f 119/995/230 232/989/231 120/982/232
f 232/989/231 235/976/233 120/982/232
f 120/982/232 235/976/233 121/969/234
f 235/976/233 238/965/235 121/969/234
f 121/969/234 238/965/235 122/958/236
f 238/965/235 241/952/237 122/958/236
f 122/958/236 241/952/237 123/947/238
f 241/952/237 244/939/239 123/947/238
f 123/947/238 244/939/239 124/933/240
f 244/939/239 247/927/241 124/933/240
f 124/933/240 247/927/241 125/922/242
f 247/927/241 250/915/243 125/922/242
f 125/922/242 250/915/243 126/918/244
f 250/915/243 253/914/119 126/918/244
f 126/918/244 253/914/119 127/919/245
f 254/335/120 128/916/246 253/914/119
f 253/914/119 128/916/246 127/919/245
f 111/1921/247 129/341/248 254/335/120
f 254/335/120 129/341/248 128/916/246
f 111/1925/247 208/942/215 129/1923/248
f 129/1923/248 208/942/215 112/935/217
f 205/1975/116 110/100/178 259/96/249
f 259/96/249 110/100/178 154/104/250
f 260/139/251 464/151/252 467/158/253
f 467/158/253 464/151/252 463/166/254
f 263/167/255 466/177/256 471/178/257
f 471/178/257 466/177/256 468/189/258
f 475/203/259 266/190/260 472/202/261
f 472/202/261 266/190/260 470/196/262
f 269/1078/263 474/1079/264 479/1080/265
f 479/1080/265 474/1079/264 476/1082/266
f 272/398/267 478/391/268 483/386/269
f 483/386/269 478/391/268 480/383/270
f 275/380/271 482/381/272 487/382/273
f 487/382/273 482/381/272 484/384/274
f 491/404/275 278/389/276 488/402/277
f 488/402/277 278/389/276 486/394/278
f 495/1042/279 281/1051/280 492/1050/281
f 492/1050/281 281/1051/280 490/1061/282
f 498/1021/283 284/1032/284 496/1031/285
f 496/1031/285 284/1032/284 494/1041/286
f 254/1922/120 295/315/287 111/323/247
f 111/323/247 295/315/287 153/307/288
f 502/273/289 140/265/290 499/259/291
f 499/259/291 140/265/290 500/256/292
f 506/296/293 141/282/294 503/291/295
f 503/291/295 141/282/294 501/272/296
f 510/327/297 142/305/298 507/318/299
f 507/318/299 142/305/298 505/303/300
f 143/1124/301 509/1125/302 514/1126/303
f 514/1126/303 509/1125/302 511/1128/304
f 144/480/305 513/469/306 518/460/307
f 518/460/307 513/469/306 515/454/308
f 522/447/309 145/448/310 519/449/311
f 519/449/311 145/448/310 517/451/312
f 526/473/313 146/452/314 523/463/315
f 523/463/315 146/452/314 521/456/316
f 530/1170/317 147/1171/318 527/1172/319
f 527/1172/319 147/1171/318 525/1174/320
f 534/1189/321 148/1175/322 531/1183/323
f 531/1183/323 148/1175/322 529/1178/324
f 203/93/114 257/101/325 256/98/122
f 256/98/122 257/101/325 293/107/326
f 296/1652/327 536/1646/328 435/1651/329
f 435/1651/329 536/1646/328 535/1649/330
f 542/1663/331 301/1655/332 539/1661/333
f 539/1661/333 301/1655/332 538/1653/334
f 546/1676/335 304/1669/336 543/1674/337
f 543/1674/337 304/1669/336 541/1666/338
f 307/1683/339 545/1680/340 550/1686/341
f 550/1686/341 545/1680/340 547/1685/342
f 310/1693/343 549/1692/344 554/1700/345
f 554/1700/345 549/1692/344 551/1699/346
f 313/1708/347 553/1707/348 558/1714/349
f 558/1714/349 553/1707/348 555/1713/350
f 562/1727/351 316/1720/352 559/1726/353
f 559/1726/353 316/1720/352 557/1719/354
f 566/1741/355 319/1733/356 563/1740/357
f 563/1740/357 319/1733/356 561/1732/358
f 569/1752/359 322/1747/360 567/1751/361
f 567/1751/361 322/1747/360 565/1746/362
f 155/1981/164 331/111/363 110/100/178
f 110/100/178 331/111/363 154/104/250
f 465/172/364 131/159/365 570/171/366
f 570/171/366 131/159/365 571/157/367
f 469/197/368 132/185/369 573/194/370
f 573/194/370 132/185/369 572/183/371
f 473/211/372 133/207/373 576/210/374
f 576/210/374 133/207/373 575/201/375
f 477/1090/376 134/1086/377 579/1096/378
f 579/1096/378 134/1086/377 578/1100/379
f 481/387/380 135/392/381 582/400/382
f 582/400/382 135/392/381 581/405/383
f 485/393/384 136/388/385 585/401/386
f 585/401/386 136/388/385 584/399/387
f 489/418/388 137/407/389 588/422/390
f 588/422/390 137/407/389 587/406/391
f 493/1057/392 138/1063/393 591/1056/394
f 591/1056/394 138/1063/393 590/1071/395
f 139/1047/396 593/1052/397 497/1037/398
f 497/1037/398 593/1052/397 594/1049/399
f 157/129/179 206/141/181 329/130/400
f 329/130/400 206/141/181 364/143/401
f 444/1521/402 332/1516/403 597/1513/404
f 597/1513/404 332/1516/403 598/1510/405
f 337/1531/406 599/1520/407 603/1530/408
f 603/1530/408 599/1520/407 600/1524/409
f 340/1535/410 602/1529/411 607/1541/412
f 607/1541/412 602/1529/411 604/1540/413
f 611/1562/414 343/1550/415 608/1561/416
f 608/1561/416 343/1550/415 606/1549/417
f 615/1576/418 346/1568/419 612/1575/420
f 612/1575/420 346/1568/419 610/1567/421
f 619/1589/422 349/1583/423 616/1588/424
f 616/1588/424 349/1583/423 614/1582/425
f 352/1593/426 618/1592/427 623/1599/428
f 623/1599/428 618/1592/427 620/1598/429
f 355/1606/430 622/1605/431 627/1613/432
f 627/1613/432 622/1605/431 624/1612/433
f 358/1620/434 626/1619/435 630/1625/436
f 630/1625/436 626/1619/435 628/1624/437
f 208/342/215 111/323/247 362/324/438
f 362/324/438 111/323/247 153/307/288
f 365/299/439 632/284/440 453/297/441
f 453/297/441 632/284/440 631/283/442
f 370/306/443 633/298/444 636/313/445
f 636/313/445 633/298/444 634/304/446
f 373/322/447 635/319/448 639/337/449
f 639/337/449 635/319/448 637/328/450
f 642/1141/451 376/1138/452 640/1133/453
f 640/1133/453 376/1138/452 638/1129/454
f 645/465/455 379/476/456 643/457/457
f 643/457/457 379/476/456 641/475/458
f 648/466/459 382/458/460 646/450/461
f 646/450/461 382/458/460 644/453/462
f 385/468/463 647/459/464 651/479/465
f 651/479/465 647/459/464 649/467/466
f 388/1184/467 650/1176/468 654/1179/469
f 654/1179/469 650/1176/468 652/1173/470
f 391/1185/471 653/1180/472 657/1193/473
f 657/1193/473 653/1180/472 655/1186/474
f 397/1236/157 398/1238/158 401/1235/475
f 404/1239/476 401/1235/475 659/1240/477
f 401/1235/475 398/1238/158 659/1240/477
f 151/275/478 149/292/479 663/274/480
f 663/274/480 149/292/479 406/285/481
f 149/292/479 403/300/482 406/285/481
f 151/275/478 667/293/483 149/292/479
f 667/293/483 410/308/484 149/292/479
f 407/316/485 149/292/479 410/308/484
f 413/1251/486 409/1249/487 416/1253/488
f 412/1252/489 670/1255/490 409/1249/487
f 409/1249/487 670/1255/490 416/1253/488
f 152/132/491 150/115/492 674/131/493
f 674/131/493 150/115/492 418/123/494
f 150/115/492 415/114/495 418/123/494
f 152/132/491 678/124/496 150/115/492
f 678/124/496 400/116/161 150/115/492
f 395/105/160 150/115/492 400/116/161
f 661/1647/497 404/1644/476 658/1642/498
f 658/1642/498 404/1644/476 659/1640/477
f 665/267/499 151/275/478 662/260/500
f 662/260/500 151/275/478 663/274/480
f 410/308/484 667/293/483 668/301/501
f 668/301/501 667/293/483 666/286/502
f 416/1537/488 670/1527/490 672/1526/503
f 672/1526/503 670/1527/490 669/1517/504
f 676/146/505 152/132/491 673/145/506
f 673/145/506 152/132/491 674/131/493
f 400/116/161 678/124/496 679/125/507
f 679/125/507 678/124/496 677/138/508
f 257/101/325 397/112/157 293/107/326
f 293/1233/326 397/1236/157 401/1235/475
f 295/315/287 403/300/482 153/307/288
f 153/307/288 403/300/482 149/292/479
f 362/324/438 153/307/288 407/316/485
f 407/316/485 153/307/288 149/292/479
f 329/130/400 364/143/401 413/135/486
f 413/1251/486 364/1246/401 409/1249/487
f 331/111/363 415/114/495 154/104/250
f 154/104/250 415/114/495 150/115/492
f 259/96/249 154/104/250 395/105/160
f 395/105/160 154/104/250 150/115/492
f 157/1978/179 156/1980/509 160/128/180
f 160/128/180 156/1980/509 159/1985/510
f 156/1984/509 155/110/164 159/121/510
f 159/121/510 155/110/164 158/127/163
f 159/1985/510 162/134/511 160/128/180
f 160/128/180 162/134/511 163/142/183
f 158/127/163 161/875/165 159/121/510
f 159/121/510 161/875/165 162/883/511
f 163/1759/183 162/1762/511 166/1760/185
f 166/1760/185 162/1762/511 165/1764/512
f 162/883/511 161/875/165 165/886/512
f 165/886/512 161/875/165 164/881/166
f 166/1760/185 165/1764/512 169/1765/187
f 169/1765/187 165/1764/512 168/1767/513
f 165/886/512 164/881/166 168/891/513
f 168/891/513 164/881/166 167/887/167
f 169/1765/187 168/1767/513 172/1768/189
f 172/1768/189 168/1767/513 171/1770/514
f 168/891/513 167/887/167 171/897/514
f 171/897/514 167/887/167 170/892/168
f 172/359/189 171/355/514 175/349/191
f 175/349/191 171/355/514 174/352/515
f 171/897/514 170/892/168 174/903/515
f 174/903/515 170/892/168 173/1965/169
f 175/349/191 174/352/515 178/350/193
f 178/350/193 174/352/515 177/356/516
f 174/352/515 173/360/169 177/356/516
f 177/356/516 173/360/169 176/364/170
f 178/350/193 177/356/516 181/357/195
f 181/357/195 177/356/516 180/365/517
f 177/356/516 176/364/170 180/365/517
f 180/365/517 176/364/170 179/369/171
f 181/357/195 180/365/517 184/366/197
f 184/366/197 180/365/517 183/370/518
f 180/365/517 179/369/171 183/370/518
f 183/370/518 179/369/171 182/374/172
f 184/366/197 183/370/518 187/371/199
f 187/371/199 183/370/518 186/375/519
f 183/370/518 182/374/172 186/375/519
f 186/375/519 182/374/172 185/378/173
f 187/371/199 186/375/519 190/376/201
f 190/376/201 186/375/519 189/379/520
f 186/911/519 185/907/173 189/909/520
f 189/909/520 185/907/173 188/901/174
f 190/1771/201 189/1774/520 193/1772/203
f 193/1772/203 189/1774/520 192/1776/521
f 189/909/520 188/901/174 192/906/521
f 192/906/521 188/901/174 191/895/175
f 193/1772/203 192/1776/521 196/1777/205
f 196/1777/205 192/1776/521 195/1779/522
f 192/906/521 191/895/175 195/900/522
f 195/900/522 191/895/175 194/889/176
f 196/1777/205 195/1779/522 199/1780/207
f 199/1780/207 195/1779/522 198/1782/523
f 195/900/522 194/889/176 198/894/523
f 198/894/523 194/889/176 197/884/177
f 199/99/207 198/94/523 202/91/113
f 202/91/113 198/94/523 201/1982/111
f 198/894/523 197/884/177 201/89/111
f 201/89/111 197/884/177 200/95/115
f 204/90/112 258/97/524 203/93/114
f 203/93/114 258/97/524 257/101/325
f 205/1975/116 259/96/249 204/90/112
f 204/90/112 259/96/249 258/97/524
f 208/942/215 207/1986/525 211/950/216
f 211/950/216 207/1986/525 210/962/526
f 206/1977/181 209/148/182 207/154/525
f 207/154/525 209/148/182 210/163/526
f 211/950/216 210/962/526 214/963/219
f 214/963/219 210/962/526 213/972/527
f 209/985/182 212/977/184 210/962/526
f 210/962/526 212/977/184 213/972/527
f 214/963/219 213/972/527 217/973/221
f 217/973/221 213/972/527 216/986/528
f 213/972/527 212/977/184 216/986/528
f 216/986/528 212/977/184 215/990/186
f 217/973/221 216/986/528 220/987/223
f 220/987/223 216/986/528 219/998/529
f 216/986/528 215/990/186 219/998/529
f 219/998/529 215/990/186 218/1002/188
f 220/987/223 219/998/529 223/999/225
f 223/999/225 219/998/529 222/1010/530
f 219/998/529 218/1002/188 222/1010/530
f 222/1010/530 218/1002/188 221/1012/190
f 223/999/225 222/1010/530 226/1011/227
f 226/1011/227 222/1010/530 225/1006/531
f 222/1010/530 221/1012/190 225/1006/531
f 225/1006/531 221/1012/190 224/1014/192
f 226/1011/227 225/1006/531 229/1001/229
f 229/1001/229 225/1006/531 228/994/532
f 225/362/531 224/351/192 228/358/532
f 228/358/532 224/351/192 227/353/194
f 229/1001/229 228/994/532 232/989/231
f 232/989/231 228/994/532 231/981/533
f 228/358/532 227/353/194 231/363/533
f 231/363/533 227/353/194 230/361/196
f 232/989/231 231/981/533 235/976/233
f 235/976/233 231/981/533 234/968/534
f 231/363/533 230/361/196 234/368/534
f 234/368/534 230/361/196 233/367/198
f 235/976/233 234/968/534 238/965/235
f 238/965/235 234/968/534 237/956/535
f 234/368/534 233/367/198 237/373/535
f 237/373/535 233/367/198 236/372/200
f 238/965/235 237/956/535 241/952/237
f 241/952/237 237/956/535 240/945/536
f 237/956/535 236/957/200 240/945/536
f 240/945/536 236/957/200 239/946/202
f 241/952/237 240/945/536 244/939/239
f 244/939/239 240/945/536 243/931/537
f 240/945/536 239/946/202 243/931/537
f 243/931/537 239/946/202 242/932/204
f 244/939/239 243/931/537 247/927/241
f 247/927/241 243/931/537 246/921/538
f 243/931/537 242/932/204 246/921/538
f 246/921/538 242/932/204 245/925/206
f 247/927/241 246/921/538 250/915/243
f 250/915/243 246/921/538 249/917/539
f 246/921/538 245/925/206 249/917/539
f 249/917/539 245/925/206 248/920/208
f 249/917/539 252/912/117 250/915/243
f 250/915/243 252/912/117 253/914/119
f 249/917/539 248/920/208 252/912/117
f 252/912/117 248/920/208 251/926/121
f 537/1648/540 262/1643/541 680/1645/542
f 680/1645/542 262/1643/541 681/1641/543
f 682/162/544 261/147/545 684/152/546
f 684/152/546 261/147/545 685/140/547
f 540/1660/548 265/1654/549 687/1657/550
f 687/1657/550 265/1654/549 683/1650/551
f 688/187/552 264/174/553 690/179/554
f 690/179/554 264/174/553 686/168/555
f 544/1673/556 268/1665/557 692/1670/558
f 692/1670/558 268/1665/557 689/1664/559
f 693/1094/560 267/1098/561 695/1084/562
f 695/1084/562 267/1098/561 691/1105/563
f 271/1679/564 694/1677/565 548/1684/566
f 548/1684/566 694/1677/565 697/1687/567
f 270/1097/568 696/1088/569 698/1092/570
f 698/1092/570 696/1088/569 700/1083/571
f 274/1691/572 699/1695/573 552/1697/574
f 552/1697/574 699/1695/573 702/1704/575
f 273/426/576 701/412/577 703/411/578
f 703/411/578 701/412/577 705/397/579
f 277/1706/580 704/1711/581 556/1712/582
f 556/1712/582 704/1711/581 707/1716/583
f 276/403/584 706/390/585 708/395/586
f 708/395/586 706/390/585 710/385/587
f 560/1725/588 280/1718/589 712/1723/590
f 712/1723/590 280/1718/589 709/1717/591
f 713/424/592 279/409/593 715/410/594
f 715/410/594 279/409/593 711/396/595
f 564/1739/596 283/1731/597 717/1737/598
f 717/1737/598 283/1731/597 714/1729/599
f 718/1035/600 282/1045/601 720/1036/602
f 720/1036/602 282/1045/601 716/1046/603
f 568/1750/604 286/1745/605 722/1749/606
f 722/1749/606 286/1745/605 719/1744/607
f 723/1020/608 285/1025/609 724/1018/610
f 724/1018/610 285/1025/609 721/1026/611
f 254/1922/120 255/326/118 295/315/287
f 295/315/287 255/326/118 294/309/612
f 256/98/122 293/107/326 255/108/118
f 255/1232/118 293/1233/326 294/1234/612
f 296/1652/327 434/1656/138 661/1647/497
f 661/1647/497 434/1656/138 725/1659/613
f 297/269/136 429/257/134 726/268/614
f 726/268/614 429/257/134 728/261/615
f 504/280/616 299/263/617 730/270/618
f 730/270/618 299/263/617 431/258/619
f 731/271/620 300/264/621 733/281/622
f 733/281/622 300/264/621 436/279/623
f 508/310/624 302/295/625 735/302/626
f 735/302/626 302/295/625 732/289/627
f 736/1689/628 303/1682/629 738/1681/630
f 738/1681/630 303/1682/629 734/1675/631
f 305/1131/632 737/1139/633 512/1136/634
f 512/1136/634 737/1139/633 740/1144/635
f 306/1147/636 739/1155/637 741/1152/638
f 741/1152/638 739/1155/637 743/1162/639
f 308/470/640 742/481/641 516/461/642
f 516/461/642 742/481/641 745/471/643
f 309/1696/644 744/1694/645 746/1702/646
f 746/1702/646 744/1694/645 748/1701/647
f 520/462/648 311/455/649 750/472/650
f 750/472/650 311/455/649 747/482/651
f 751/504/652 312/494/653 753/509/654
f 753/509/654 312/494/653 749/514/655
f 524/474/656 314/464/657 755/486/658
f 755/486/658 314/464/657 752/483/659
f 756/1736/660 315/1734/661 758/1728/662
f 758/1728/662 315/1734/661 754/1722/663
f 528/1177/664 317/1181/665 760/1187/666
f 760/1187/666 317/1181/665 757/1194/667
f 761/1201/668 318/1209/669 763/1215/670
f 763/1215/670 318/1209/669 759/1226/671
f 532/1190/672 320/1182/673 765/1195/674
f 765/1195/674 320/1182/673 762/1188/675
f 766/1203/676 321/1202/677 768/1218/678
f 768/1218/678 321/1202/677 764/1217/679
f 323/1204/680 767/1210/681 533/1197/682
f 533/1197/682 767/1210/681 770/1211/683
f 324/246/684 769/240/685 771/242/686
f 771/242/686 769/240/685 773/234/687
f 155/1981/164 156/118/509 331/111/363
f 331/111/363 156/118/509 330/119/688
f 156/118/509 157/129/179 330/119/688
f 330/119/688 157/129/179 329/130/400
f 332/1516/403 443/1532/144 672/1526/503
f 672/1526/503 443/1532/144 775/1536/689
f 333/169/143 438/164/142 776/156/690
f 776/156/690 438/164/142 778/149/691
f 335/176/692 440/184/693 574/188/694
f 574/188/694 440/184/693 780/195/695
f 336/193/696 445/204/697 781/205/698
f 781/205/698 445/204/697 783/212/699
f 338/200/700 782/206/701 577/209/702
f 577/209/702 782/206/701 785/214/703
f 339/1552/704 784/1543/705 786/1553/706
f 786/1553/706 784/1543/705 788/1546/707
f 580/1106/708 341/1110/709 790/1111/710
f 790/1111/710 341/1110/709 787/1114/711
f 791/1115/712 342/1118/713 793/1120/714
f 793/1120/714 342/1118/713 789/1123/715
f 583/415/716 344/421/717 795/429/718
f 795/429/718 344/421/717 792/434/719
f 796/1585/720 345/1579/721 798/1578/722
f 798/1578/722 345/1579/721 794/1570/723
f 586/414/724 347/413/725 800/428/726
f 800/428/726 347/413/725 797/427/727
f 348/435/728 799/442/729 801/436/730
f 801/436/730 799/442/729 803/443/731
f 350/416/732 802/433/733 589/430/734
f 589/430/734 802/433/733 805/438/735
f 351/1596/736 804/1594/737 806/1601/738
f 806/1601/738 804/1594/737 808/1600/739
f 353/1067/740 807/1072/741 592/1062/742
f 592/1062/742 807/1072/741 810/1070/743
f 354/1608/744 809/1607/745 811/1615/746
f 811/1615/746 809/1607/745 813/1614/747
f 356/1059/748 812/1066/749 595/1054/750
f 595/1054/750 812/1066/749 815/1053/751
f 357/1065/752 814/1069/753 816/1058/754
f 816/1058/754 814/1069/753 818/1068/755
f 460/229/212 290/221/211 820/228/756
f 820/228/756 290/221/211 422/225/757
f 821/1039/758 291/1023/759 822/1033/760
f 822/1033/760 291/1023/759 427/1028/761
f 206/141/181 207/1979/525 364/143/401
f 364/1246/401 207/1247/525 363/1248/762
f 208/342/215 362/324/438 207/343/525
f 207/343/525 362/324/438 363/336/762
f 668/301/501 365/299/439 823/314/763
f 823/314/763 365/299/439 452/320/152
f 824/333/764 366/338/151 826/347/765
f 826/347/765 366/338/151 447/348/150
f 368/1512/766 449/1515/767 601/1519/768
f 601/1519/768 449/1515/767 828/1523/769
f 369/330/770 454/312/771 829/331/772
f 829/331/772 454/312/771 831/321/773
f 371/1528/774 830/1534/775 605/1538/776
f 605/1538/776 830/1534/775 833/1544/777
f 372/1169/778 832/1165/779 834/1159/780
f 834/1159/780 832/1165/779 836/1150/781
f 609/1560/782 374/1548/783 838/1559/784
f 838/1559/784 374/1548/783 835/1556/785
f 839/1158/786 375/1154/787 841/1149/788
f 841/1149/788 375/1154/787 837/1146/789
f 613/1574/790 377/1566/791 843/1571/792
f 843/1571/792 377/1566/791 840/1565/793
f 844/500/794 378/501/795 846/478/796
f 846/478/796 378/501/795 842/487/797
f 617/1587/798 380/1581/799 848/1586/800
f 848/1586/800 380/1581/799 845/1580/801
f 849/506/802 381/498/803 851/477/804
f 851/477/804 381/498/803 847/488/805
f 383/1591/806 850/1595/807 621/1597/808
f 621/1597/808 850/1595/807 853/1602/809
f 384/499/810 852/489/811 854/507/812
f 854/507/812 852/489/811 856/491/813
f 386/1604/814 855/1610/815 625/1611/816
f 625/1611/816 855/1610/815 858/1617/817
f 387/1212/818 857/1198/819 859/1205/820
f 859/1205/820 857/1198/819 861/1191/821
f 389/1618/822 860/1622/823 629/1623/824
f 629/1623/824 860/1622/823 863/1627/825
f 390/1206/826 862/1192/827 864/1207/828
f 864/1207/828 862/1192/827 866/1199/829
f 656/1200/830 326/1196/831 868/1214/832
f 868/1214/832 326/1196/831 772/1220/833
f 869/249/834 327/243/835 870/244/836
f 870/244/836 327/243/835 774/235/837
f 258/97/524 396/106/155 257/101/325
f 257/101/325 396/106/155 397/112/157
f 259/96/249 395/105/160 258/97/524
f 258/97/524 395/105/160 396/106/155
f 679/125/507 260/139/251 871/126/838
f 871/126/838 260/139/251 685/140/547
f 872/133/839 261/147/545 874/153/840
f 874/153/840 261/147/545 681/160/543
f 295/315/287 294/309/612 403/300/482
f 403/300/482 294/309/612 402/294/841
f 293/1233/326 401/1235/475 294/1234/612
f 294/1234/612 401/1235/475 402/1237/841
f 403/300/482 402/294/841 406/285/481
f 405/277/842 729/276/843 402/294/841
f 402/294/841 729/276/843 406/285/481
f 401/1235/475 404/1239/476 402/1237/841
f 404/1239/476 727/1241/844 402/1237/841
f 402/1237/841 727/1241/844 405/1243/842
f 364/1246/401 363/1248/762 409/1249/487
f 409/1249/487 363/1248/762 408/1250/845
f 362/324/438 407/316/485 363/336/762
f 363/336/762 407/316/485 408/325/845
f 409/1249/487 408/1250/845 412/1252/489
f 412/1252/489 408/1250/845 827/1254/846
f 408/1250/845 411/1256/847 827/1254/846
f 407/316/485 410/308/484 408/325/845
f 411/334/847 408/325/845 825/317/848
f 408/325/845 410/308/484 825/317/848
f 331/111/363 330/119/688 415/114/495
f 415/114/495 330/119/688 414/122/849
f 330/119/688 329/130/400 414/122/849
f 414/122/849 329/130/400 413/135/486
f 415/114/495 414/122/849 418/123/494
f 417/144/850 779/136/851 414/122/849
f 414/122/849 779/136/851 418/123/494
f 414/122/849 413/135/486 417/144/850
f 416/1537/488 777/1547/852 413/1554/486
f 413/1554/486 777/1547/852 417/1558/850
f 420/216/124 288/220/127 419/218/126
f 419/218/126 288/220/127 421/224/129
f 291/232/759 422/225/757 421/224/129
f 421/224/129 422/225/757 419/218/126
f 422/225/757 290/221/211 419/218/126
f 419/218/126 290/221/211 423/217/125
f 425/1016/128 287/1022/853 424/1019/130
f 424/1019/130 287/1022/853 426/1027/854
f 292/1038/855 427/1028/761 426/1027/854
f 426/1027/854 427/1028/761 424/1019/130
f 427/1028/761 291/1023/759 424/1019/130
f 424/1019/130 291/1023/759 421/1017/129
f 297/269/136 430/262/135 429/257/134
f 429/257/134 430/262/135 428/255/133
f 430/262/135 300/264/621 428/255/133
f 428/255/133 300/264/621 431/258/619
f 299/263/617 432/253/131 431/258/619
f 431/258/619 432/253/131 428/255/133
f 434/1656/138 296/1652/327 433/1658/137
f 433/1658/137 296/1652/327 435/1651/329
f 435/1651/329 301/1655/332 433/1658/137
f 433/1658/137 301/1655/332 436/1662/623
f 300/264/621 430/262/135 436/279/623
f 436/279/623 430/262/135 433/278/137
f 438/164/142 333/169/143 437/170/141
f 437/170/141 333/169/143 439/180/145
f 336/193/696 440/184/693 439/180/145
f 439/180/145 440/184/693 437/170/141
f 440/184/693 335/176/692 437/170/141
f 437/170/141 335/176/692 441/165/139
f 443/1532/144 332/1516/403 442/1525/146
f 442/1525/146 332/1516/403 444/1521/402
f 337/1531/406 445/1533/697 444/1521/402
f 444/1521/402 445/1533/697 442/1525/146
f 445/204/697 336/193/696 442/192/146
f 442/192/146 336/193/696 439/180/145
f 447/348/150 366/338/151 446/344/149
f 446/344/149 366/338/151 448/329/153
f 369/330/770 449/345/767 448/329/153
f 448/329/153 449/345/767 446/344/149
f 449/1515/767 368/1512/766 446/1509/149
f 446/1509/149 368/1512/766 450/1507/147
f 452/320/152 365/299/439 451/311/154
f 451/311/154 365/299/439 453/297/441
f 370/306/443 454/312/771 453/297/441
f 453/297/441 454/312/771 451/311/154
f 454/312/771 369/330/770 451/311/154
f 451/311/154 369/330/770 448/329/153
f 290/221/211 456/223/213 423/217/125
f 423/217/125 456/223/213 455/219/210
f 456/223/213 328/227/856 455/219/210
f 455/219/210 328/227/856 457/226/857
f 325/230/858 458/222/209 457/226/857
f 457/226/857 458/222/209 455/219/210
f 460/229/212 361/239/859 459/231/214
f 459/231/214 361/239/859 461/241/860
f 392/245/861 462/236/862 461/241/860
f 461/241/860 462/236/862 459/231/214
f 462/236/862 328/227/856 459/231/214
f 459/231/214 328/227/856 456/223/213
f 464/151/252 131/159/365 463/166/254
f 463/166/254 131/159/365 465/172/364
f 132/185/369 466/177/256 465/172/364
f 465/172/364 466/177/256 463/166/254
f 466/177/256 263/167/255 463/166/254
f 463/166/254 263/167/255 467/158/253
f 466/177/256 132/185/369 468/189/258
f 468/189/258 132/185/369 469/197/368
f 133/207/373 470/196/262 469/197/368
f 469/197/368 470/196/262 468/189/258
f 266/190/260 471/178/257 470/196/262
f 470/196/262 471/178/257 468/189/258
f 470/196/262 133/207/373 472/202/261
f 472/202/261 133/207/373 473/211/372
f 473/1095/372 134/1086/377 472/1085/261
f 472/1085/261 134/1086/377 474/1079/264
f 269/1078/263 475/1081/259 474/1079/264
f 474/1079/264 475/1081/259 472/1085/261
f 474/1079/264 134/1086/377 476/1082/266
f 476/1082/266 134/1086/377 477/1090/376
f 135/1102/381 478/1091/268 477/1090/376
f 477/1090/376 478/1091/268 476/1082/266
f 478/1091/268 272/1087/267 476/1082/266
f 476/1082/266 272/1087/267 479/1080/265
f 478/391/268 135/392/381 480/383/270
f 480/383/270 135/392/381 481/387/380
f 136/388/385 482/381/272 481/387/380
f 481/387/380 482/381/272 480/383/270
f 482/381/272 275/380/271 480/383/270
f 480/383/270 275/380/271 483/386/269
f 482/381/272 136/388/385 484/384/274
f 484/384/274 136/388/385 485/393/384
f 137/407/389 486/394/278 485/393/384
f 485/393/384 486/394/278 484/384/274
f 486/394/278 278/389/276 484/384/274
f 484/384/274 278/389/276 487/382/273
f 486/394/278 137/407/389 488/402/277
f 488/402/277 137/407/389 489/418/388
f 138/431/393 490/417/282 489/418/388
f 489/418/388 490/417/282 488/402/277
f 281/420/280 491/404/275 490/417/282
f 490/417/282 491/404/275 488/402/277
f 490/1061/282 138/1063/393 492/1050/281
f 492/1050/281 138/1063/393 493/1057/392
f 493/1057/392 139/1047/396 492/1050/281
f 492/1050/281 139/1047/396 494/1041/286
f 284/1032/284 495/1042/279 494/1041/286
f 494/1041/286 495/1042/279 492/1050/281
f 139/1047/396 497/1037/398 494/1041/286
f 494/1041/286 497/1037/398 496/1031/285
f 292/1038/855 426/1027/854 497/1037/398
f 497/1037/398 426/1027/854 496/1031/285
f 426/1027/854 287/1022/853 496/1031/285
f 496/1031/285 287/1022/853 498/1021/283
f 298/254/132 432/253/131 500/256/292
f 500/256/292 432/253/131 499/259/291
f 432/253/131 299/263/617 499/259/291
f 499/259/291 299/263/617 501/272/296
f 501/272/296 141/282/294 499/259/291
f 499/259/291 141/282/294 502/273/289
f 299/263/617 504/280/616 501/272/296
f 501/272/296 504/280/616 503/291/295
f 504/280/616 302/295/625 503/291/295
f 503/291/295 302/295/625 505/303/300
f 505/303/300 142/305/298 503/291/295
f 503/291/295 142/305/298 506/296/293
f 302/295/625 508/310/624 505/303/300
f 505/303/300 508/310/624 507/318/299
f 508/1135/624 305/1131/632 507/1127/299
f 507/1127/299 305/1131/632 509/1125/302
f 509/1125/302 143/1124/301 507/1127/299
f 507/1127/299 143/1124/301 510/1130/297
f 509/1125/302 305/1131/632 511/1128/304
f 511/1128/304 305/1131/632 512/1136/634
f 308/1145/640 513/1137/306 512/1136/634
f 512/1136/634 513/1137/306 511/1128/304
f 513/1137/306 144/1132/305 511/1128/304
f 511/1128/304 144/1132/305 514/1126/303
f 513/469/306 308/470/640 515/454/308
f 515/454/308 308/470/640 516/461/642
f 311/455/649 517/451/312 516/461/642
f 516/461/642 517/451/312 515/454/308
f 517/451/312 145/448/310 515/454/308
f 515/454/308 145/448/310 518/460/307
f 517/451/312 311/455/649 519/449/311
f 519/449/311 311/455/649 520/462/648
f 520/462/648 314/464/657 519/449/311
f 519/449/311 314/464/657 521/456/316
f 521/456/316 146/452/314 519/449/311
f 519/449/311 146/452/314 522/447/309
f 314/464/657 524/474/656 521/456/316
f 521/456/316 524/474/656 523/463/315
f 524/474/656 317/485/665 523/463/315
f 523/463/315 317/485/665 525/496/320
f 525/496/320 147/484/318 523/463/315
f 523/463/315 147/484/318 526/473/313
f 317/1181/665 528/1177/664 525/1174/320
f 525/1174/320 528/1177/664 527/1172/319
f 528/1177/664 320/1182/673 527/1172/319
f 527/1172/319 320/1182/673 529/1178/324
f 529/1178/324 148/1175/322 527/1172/319
f 527/1172/319 148/1175/322 530/1170/317
f 320/1182/673 532/1190/672 529/1178/324
f 529/1178/324 532/1190/672 531/1183/323
f 323/1204/680 533/1197/682 532/1190/672
f 532/1190/672 533/1197/682 531/1183/323
f 533/1197/682 326/1196/831 531/1183/323
f 531/1183/323 326/1196/831 534/1189/321
f 536/1646/328 262/1643/541 535/1649/330
f 535/1649/330 262/1643/541 537/1648/540
f 265/1654/549 538/1653/334 537/1648/540
f 537/1648/540 538/1653/334 535/1649/330
f 538/1653/334 301/1655/332 535/1649/330
f 535/1649/330 301/1655/332 435/1651/329
f 265/1654/549 540/1660/548 538/1653/334
f 538/1653/334 540/1660/548 539/1661/333
f 540/1660/548 268/1665/557 539/1661/333
f 539/1661/333 268/1665/557 541/1666/338
f 304/1669/336 542/1663/331 541/1666/338
f 541/1666/338 542/1663/331 539/1661/333
f 268/1665/557 544/1673/556 541/1666/338
f 541/1666/338 544/1673/556 543/1674/337
f 544/1673/556 271/1679/564 543/1674/337
f 543/1674/337 271/1679/564 545/1680/340
f 307/1683/339 546/1676/335 545/1680/340
f 545/1680/340 546/1676/335 543/1674/337
f 545/1680/340 271/1679/564 547/1685/342
f 547/1685/342 271/1679/564 548/1684/566
f 274/1691/572 549/1692/344 548/1684/566
f 548/1684/566 549/1692/344 547/1685/342
f 549/1692/344 310/1693/343 547/1685/342
f 547/1685/342 310/1693/343 550/1686/341
f 549/1692/344 274/1691/572 551/1699/346
f 551/1699/346 274/1691/572 552/1697/574
f 277/1706/580 553/1707/348 552/1697/574
f 552/1697/574 553/1707/348 551/1699/346
f 553/1707/348 313/1708/347 551/1699/346
f 551/1699/346 313/1708/347 554/1700/345
f 553/1707/348 277/1706/580 555/1713/350
f 555/1713/350 277/1706/580 556/1712/582
f 556/1712/582 280/1718/589 555/1713/350
f 555/1713/350 280/1718/589 557/1719/354
f 316/1720/352 558/1714/349 557/1719/354
f 557/1719/354 558/1714/349 555/1713/350
f 280/1718/589 560/1725/588 557/1719/354
f 557/1719/354 560/1725/588 559/1726/353
f 560/1725/588 283/1731/597 559/1726/353
f 559/1726/353 283/1731/597 561/1732/358
f 319/1733/356 562/1727/351 561/1732/358
f 561/1732/358 562/1727/351 559/1726/353
f 283/1731/597 564/1739/596 561/1732/358
f 561/1732/358 564/1739/596 563/1740/357
f 564/1739/596 286/1745/605 563/1740/357
f 563/1740/357 286/1745/605 565/1746/362
f 322/1747/360 566/1741/355 565/1746/362
f 565/1746/362 566/1741/355 563/1740/357
f 286/1745/605 568/1750/604 565/1746/362
f 565/1746/362 568/1750/604 567/1751/361
f 289/1754/123 458/1755/209 568/1750/604
f 568/1750/604 458/1755/209 567/1751/361
f 458/1755/209 325/1756/858 567/1751/361
f 567/1751/361 325/1756/858 569/1752/359
f 334/150/140 441/165/139 571/157/367
f 571/157/367 441/165/139 570/171/366
f 441/165/139 335/176/692 570/171/366
f 570/171/366 335/176/692 572/183/371
f 132/185/369 465/172/364 572/183/371
f 572/183/371 465/172/364 570/171/366
f 335/176/692 574/188/694 572/183/371
f 572/183/371 574/188/694 573/194/370
f 338/200/700 575/201/375 574/188/694
f 574/188/694 575/201/375 573/194/370
f 133/207/373 469/197/368 575/201/375
f 575/201/375 469/197/368 573/194/370
f 575/201/375 338/200/700 576/210/374
f 576/210/374 338/200/700 577/209/702
f 341/1110/709 578/1100/379 577/1109/702
f 577/1109/702 578/1100/379 576/1099/374
f 578/1100/379 134/1086/377 576/1099/374
f 576/1099/374 134/1086/377 473/1095/372
f 341/1110/709 580/1106/708 578/1100/379
f 578/1100/379 580/1106/708 579/1096/378
f 580/1106/708 344/1107/717 579/1096/378
f 579/1096/378 344/1107/717 581/1101/383
f 135/1102/381 477/1090/376 581/1101/383
f 581/1101/383 477/1090/376 579/1096/378
f 344/421/717 583/415/716 581/405/383
f 581/405/383 583/415/716 582/400/382
f 583/415/716 347/413/725 582/400/382
f 582/400/382 347/413/725 584/399/387
f 136/388/385 481/387/380 584/399/387
f 584/399/387 481/387/380 582/400/382
f 347/413/725 586/414/724 584/399/387
f 584/399/387 586/414/724 585/401/386
f 586/414/724 350/416/732 585/401/386
f 585/401/386 350/416/732 587/406/391
f 137/407/389 485/393/384 587/406/391
f 587/406/391 485/393/384 585/401/386
f 587/406/391 350/416/732 588/422/390
f 588/422/390 350/416/732 589/430/734
f 353/439/740 590/432/395 589/430/734
f 589/430/734 590/432/395 588/422/390
f 138/431/393 489/418/388 590/432/395
f 590/432/395 489/418/388 588/422/390
f 590/1071/395 353/1067/740 591/1056/394
f 591/1056/394 353/1067/740 592/1062/742
f 356/1059/748 593/1052/397 592/1062/742
f 592/1062/742 593/1052/397 591/1056/394
f 593/1052/397 139/1047/396 591/1056/394
f 591/1056/394 139/1047/396 493/1057/392
f 593/1052/397 356/1059/748 594/1049/399
f 594/1049/399 356/1059/748 595/1054/750
f 595/1054/750 359/1044/863 594/1049/399
f 594/1049/399 359/1044/863 596/1040/864
f 292/1038/855 497/1037/398 596/1040/864
f 596/1040/864 497/1037/398 594/1049/399
f 367/1508/148 450/1507/147 598/1510/405
f 598/1510/405 450/1507/147 597/1513/404
f 450/1507/147 368/1512/766 597/1513/404
f 597/1513/404 368/1512/766 599/1520/407
f 337/1531/406 444/1521/402 599/1520/407
f 599/1520/407 444/1521/402 597/1513/404
f 599/1520/407 368/1512/766 600/1524/409
f 600/1524/409 368/1512/766 601/1519/768
f 371/1528/774 602/1529/411 601/1519/768
f 601/1519/768 602/1529/411 600/1524/409
f 602/1529/411 340/1535/410 600/1524/409
f 600/1524/409 340/1535/410 603/1530/408
f 602/1529/411 371/1528/774 604/1540/413
f 604/1540/413 371/1528/774 605/1538/776
f 374/1548/783 606/1549/417 605/1538/776
f 605/1538/776 606/1549/417 604/1540/413
f 606/1549/417 343/1550/415 604/1540/413
f 604/1540/413 343/1550/415 607/1541/412
f 374/1548/783 609/1560/782 606/1549/417
f 606/1549/417 609/1560/782 608/1561/416
f 609/1560/782 377/1566/791 608/1561/416
f 608/1561/416 377/1566/791 610/1567/421
f 346/1568/419 611/1562/414 610/1567/421
f 610/1567/421 611/1562/414 608/1561/416
f 377/1566/791 613/1574/790 610/1567/421
f 610/1567/421 613/1574/790 612/1575/420
f 613/1574/790 380/1581/799 612/1575/420
f 612/1575/420 380/1581/799 614/1582/425
f 349/1583/423 615/1576/418 614/1582/425
f 614/1582/425 615/1576/418 612/1575/420
f 380/1581/799 617/1587/798 614/1582/425
f 614/1582/425 617/1587/798 616/1588/424
f 383/1591/806 618/1592/427 617/1587/798
f 617/1587/798 618/1592/427 616/1588/424
f 618/1592/427 352/1593/426 616/1588/424
f 616/1588/424 352/1593/426 619/1589/422
f 618/1592/427 383/1591/806 620/1598/429
f 620/1598/429 383/1591/806 621/1597/808
f 386/1604/814 622/1605/431 621/1597/808
f 621/1597/808 622/1605/431 620/1598/429
f 622/1605/431 355/1606/430 620/1598/429
f 620/1598/429 355/1606/430 623/1599/428
f 622/1605/431 386/1604/814 624/1612/433
f 624/1612/433 386/1604/814 625/1611/816
f 389/1618/822 626/1619/435 625/1611/816
f 625/1611/816 626/1619/435 624/1612/433
f 626/1619/435 358/1620/434 624/1612/433
f 624/1612/433 358/1620/434 627/1613/432
f 626/1619/435 389/1618/822 628/1624/437
f 628/1624/437 389/1618/822 629/1623/824
f 629/1623/824 392/1629/861 628/1624/437
f 628/1624/437 392/1629/861 461/1630/860
f 361/1631/859 630/1625/436 461/1630/860
f 461/1630/860 630/1625/436 628/1624/437
f 632/284/440 140/265/290 631/283/442
f 631/283/442 140/265/290 502/273/289
f 502/273/289 141/282/294 631/283/442
f 631/283/442 141/282/294 633/298/444
f 633/298/444 370/306/443 631/283/442
f 631/283/442 370/306/443 453/297/441
f 633/298/444 141/282/294 634/304/446
f 634/304/446 141/282/294 506/296/293
f 506/296/293 142/305/298 634/304/446
f 634/304/446 142/305/298 635/319/448
f 635/319/448 373/322/447 634/304/446
f 634/304/446 373/322/447 636/313/445
f 635/319/448 142/305/298 637/328/450
f 637/328/450 142/305/298 510/327/297
f 510/1130/297 143/1124/301 637/1134/450
f 637/1134/450 143/1124/301 638/1129/454
f 638/1129/454 376/1138/452 637/1134/450
f 637/1134/450 376/1138/452 639/1142/449
f 143/1124/301 514/1126/303 638/1129/454
f 638/1129/454 514/1126/303 640/1133/453
f 514/1126/303 144/1132/305 640/1133/453
f 640/1133/453 144/1132/305 641/1140/458
f 379/1148/456 642/1141/451 641/1140/458
f 641/1140/458 642/1141/451 640/1133/453
f 144/480/305 518/460/307 641/475/458
f 641/475/458 518/460/307 643/457/457
f 518/460/307 145/448/310 643/457/457
f 643/457/457 145/448/310 644/453/462
f 382/458/460 645/465/455 644/453/462
f 644/453/462 645/465/455 643/457/457
f 644/453/462 145/448/310 646/450/461
f 646/450/461 145/448/310 522/447/309
f 522/447/309 146/452/314 646/450/461
f 646/450/461 146/452/314 647/459/464
f 647/459/464 385/468/463 646/450/461
f 646/450/461 385/468/463 648/466/459
f 647/459/464 146/452/314 649/467/466
f 649/467/466 146/452/314 526/473/313
f 526/473/313 147/484/318 649/467/466
f 649/467/466 147/484/318 650/502/468
f 650/502/468 388/490/467 649/467/466
f 649/467/466 388/490/467 651/479/465
f 650/1176/468 147/1171/318 652/1173/470
f 652/1173/470 147/1171/318 530/1170/317
f 530/1170/317 148/1175/322 652/1173/470
f 652/1173/470 148/1175/322 653/1180/472
f 653/1180/472 391/1185/471 652/1173/470
f 652/1173/470 391/1185/471 654/1179/469
f 653/1180/472 148/1175/322 655/1186/474
f 655/1186/474 148/1175/322 534/1189/321
f 534/1189/321 326/1196/831 655/1186/474
f 655/1186/474 326/1196/831 656/1200/830
f 394/1208/865 657/1193/473 656/1200/830
f 656/1200/830 657/1193/473 655/1186/474
f 398/1633/158 660/1639/866 659/1640/477
f 659/1640/477 660/1639/866 658/1642/498
f 660/1639/866 262/1643/541 658/1642/498
f 658/1642/498 262/1643/541 536/1646/328
f 296/1652/327 661/1647/497 536/1646/328
f 536/1646/328 661/1647/497 658/1642/498
f 406/285/481 664/266/867 663/274/480
f 663/274/480 664/266/867 662/260/500
f 664/266/867 298/254/132 662/260/500
f 662/260/500 298/254/132 500/256/292
f 140/265/290 665/267/499 500/256/292
f 500/256/292 665/267/499 662/260/500
f 667/293/483 151/275/478 666/286/502
f 666/286/502 151/275/478 665/267/499
f 140/265/290 632/284/440 665/267/499
f 665/267/499 632/284/440 666/286/502
f 632/284/440 365/299/439 666/286/502
f 666/286/502 365/299/439 668/301/501
f 670/1527/490 412/1522/489 669/1517/504
f 669/1517/504 412/1522/489 671/1514/868
f 367/1508/148 598/1510/405 671/1514/868
f 671/1514/868 598/1510/405 669/1517/504
f 598/1510/405 332/1516/403 669/1517/504
f 669/1517/504 332/1516/403 672/1526/503
f 418/123/494 675/137/869 674/131/493
f 674/131/493 675/137/869 673/145/506
f 675/137/869 334/150/140 673/145/506
f 673/145/506 334/150/140 571/157/367
f 131/159/365 676/146/505 571/157/367
f 571/157/367 676/146/505 673/145/506
f 678/124/496 152/132/491 677/138/508
f 677/138/508 152/132/491 676/146/505
f 131/159/365 464/151/252 676/146/505
f 676/146/505 464/151/252 677/138/508
f 464/151/252 260/139/251 677/138/508
f 677/138/508 260/139/251 679/125/507
f 261/147/545 682/162/544 681/160/543
f 681/160/543 682/162/544 680/173/542
f 682/162/544 264/174/553 680/173/542
f 680/173/542 264/174/553 683/186/551
f 265/1654/549 537/1648/540 683/1650/551
f 683/1650/551 537/1648/540 680/1645/542
f 685/140/547 260/139/251 684/152/546
f 684/152/546 260/139/251 467/158/253
f 467/158/253 263/167/255 684/152/546
f 684/152/546 263/167/255 686/168/555
f 264/174/553 682/162/544 686/168/555
f 686/168/555 682/162/544 684/152/546
f 264/174/553 688/187/552 683/186/551
f 683/186/551 688/187/552 687/198/550
f 688/1671/552 267/1667/561 687/1657/550
f 687/1657/550 267/1667/561 689/1664/559
f 268/1665/557 540/1660/548 689/1664/559
f 689/1664/559 540/1660/548 687/1657/550
f 263/167/255 471/178/257 686/168/555
f 686/168/555 471/178/257 690/179/554
f 471/178/257 266/190/260 690/179/554
f 690/179/554 266/190/260 691/191/563
f 267/199/561 688/187/552 691/191/563
f 691/191/563 688/187/552 690/179/554
f 267/1667/561 693/1672/560 689/1664/559
f 689/1664/559 693/1672/560 692/1670/558
f 693/1094/560 270/1097/568 692/1104/558
f 692/1104/558 270/1097/568 694/1108/565
f 271/1679/564 544/1673/556 694/1677/565
f 694/1677/565 544/1673/556 692/1670/558
f 266/190/260 475/203/259 691/191/563
f 691/191/563 475/203/259 695/208/562
f 475/1081/259 269/1078/263 695/1084/562
f 695/1084/562 269/1078/263 696/1088/569
f 270/1097/568 693/1094/560 696/1088/569
f 696/1088/569 693/1094/560 695/1084/562
f 694/1108/565 270/1097/568 697/1103/567
f 697/1103/567 270/1097/568 698/1092/570
f 273/1705/576 699/1695/573 698/1698/570
f 698/1698/570 699/1695/573 697/1687/567
f 699/1695/573 274/1691/572 697/1687/567
f 697/1687/567 274/1691/572 548/1684/566
f 696/1088/569 269/1078/263 700/1083/571
f 700/1083/571 269/1078/263 479/1080/265
f 272/1087/267 701/1089/577 479/1080/265
f 479/1080/265 701/1089/577 700/1083/571
f 701/1089/577 273/1093/576 700/1083/571
f 700/1083/571 273/1093/576 698/1092/570
f 699/1695/573 273/1705/576 702/1704/575
f 702/1704/575 273/1705/576 703/1710/578
f 276/403/584 704/408/581 703/411/578
f 703/411/578 704/408/581 702/423/575
f 704/1711/581 277/1706/580 702/1704/575
f 702/1704/575 277/1706/580 552/1697/574
f 701/412/577 272/398/267 705/397/579
f 705/397/579 272/398/267 483/386/269
f 275/380/271 706/390/585 483/386/269
f 483/386/269 706/390/585 705/397/579
f 706/390/585 276/403/584 705/397/579
f 705/397/579 276/403/584 703/411/578
f 276/403/584 708/395/586 704/408/581
f 704/408/581 708/395/586 707/419/583
f 708/395/586 279/409/593 707/419/583
f 707/1716/583 279/1721/593 709/1717/591
f 280/1718/589 556/1712/582 709/1717/591
f 709/1717/591 556/1712/582 707/1716/583
f 706/390/585 275/380/271 710/385/587
f 710/385/587 275/380/271 487/382/273
f 487/382/273 278/389/276 710/385/587
f 710/385/587 278/389/276 711/396/595
f 279/409/593 708/395/586 711/396/595
f 711/396/595 708/395/586 710/385/587
f 279/1721/593 713/1724/592 709/1717/591
f 709/1717/591 713/1724/592 712/1723/590
f 713/1724/592 282/1730/601 712/1723/590
f 712/1723/590 282/1730/601 714/1729/599
f 283/1731/597 560/1725/588 714/1729/599
f 714/1729/599 560/1725/588 712/1723/590
f 278/389/276 491/404/275 711/396/595
f 711/396/595 491/404/275 715/410/594
f 491/404/275 281/420/280 715/410/594
f 715/410/594 281/420/280 716/425/603
f 282/1045/601 713/1055/592 716/1046/603
f 716/1046/603 713/1055/592 715/1060/594
f 282/1730/601 718/1738/600 714/1729/599
f 714/1729/599 718/1738/600 717/1737/598
f 718/1035/600 285/1025/609 717/1034/598
f 717/1034/598 285/1025/609 719/1030/607
f 286/1745/605 564/1739/596 719/1744/607
f 719/1744/607 564/1739/596 717/1737/598
f 281/1051/280 495/1042/279 716/1046/603
f 716/1046/603 495/1042/279 720/1036/602
f 495/1042/279 284/1032/284 720/1036/602
f 720/1036/602 284/1032/284 721/1026/611
f 285/1025/609 718/1035/600 721/1026/611
f 721/1026/611 718/1035/600 720/1036/602
f 285/1025/609 723/1020/608 719/1030/607
f 719/1030/607 723/1020/608 722/1029/606
f 288/1015/127 420/1024/124 723/1020/608
f 723/1020/608 420/1024/124 722/1029/606
f 420/1758/124 289/1754/123 722/1749/606
f 722/1749/606 289/1754/123 568/1750/604
f 284/1032/284 498/1021/283 721/1026/611
f 721/1026/611 498/1021/283 724/1018/610
f 287/1022/853 425/1016/128 498/1021/283
f 498/1021/283 425/1016/128 724/1018/610
f 425/1016/128 288/1015/127 724/1018/610
f 724/1018/610 288/1015/127 723/1020/608
f 434/288/138 297/269/136 725/287/613
f 725/287/613 297/269/136 726/268/614
f 405/1243/842 727/1241/844 726/1245/614
f 726/1245/614 727/1241/844 725/1242/613
f 727/1241/844 404/1239/476 725/1242/613
f 725/1242/613 404/1239/476 661/1244/497
f 429/257/134 298/254/132 728/261/615
f 728/261/615 298/254/132 664/266/867
f 406/285/481 729/276/843 664/266/867
f 664/266/867 729/276/843 728/261/615
f 729/276/843 405/277/842 728/261/615
f 728/261/615 405/277/842 726/268/614
f 300/264/621 731/271/620 431/258/619
f 431/258/619 731/271/620 730/270/618
f 731/271/620 303/290/629 730/270/618
f 730/270/618 303/290/629 732/289/627
f 302/295/625 504/280/616 732/289/627
f 732/289/627 504/280/616 730/270/618
f 301/1655/332 542/1663/331 436/1662/623
f 436/1662/623 542/1663/331 733/1668/622
f 542/1663/331 304/1669/336 733/1668/622
f 733/1668/622 304/1669/336 734/1675/631
f 303/1682/629 731/1678/620 734/1675/631
f 734/1675/631 731/1678/620 733/1668/622
f 303/1161/629 736/1151/628 732/1156/627
f 732/1156/627 736/1151/628 735/1143/626
f 736/1151/628 306/1147/636 735/1143/626
f 735/1143/626 306/1147/636 737/1139/633
f 305/1131/632 508/1135/624 737/1139/633
f 737/1139/633 508/1135/624 735/1143/626
f 304/1669/336 546/1676/335 734/1675/631
f 734/1675/631 546/1676/335 738/1681/630
f 546/1676/335 307/1683/339 738/1681/630
f 738/1681/630 307/1683/339 739/1688/637
f 306/1147/636 736/1151/628 739/1155/637
f 739/1155/637 736/1151/628 738/1160/630
f 737/1139/633 306/1147/636 740/1144/635
f 740/1144/635 306/1147/636 741/1152/638
f 309/1163/644 742/1153/641 741/1152/638
f 741/1152/638 742/1153/641 740/1144/635
f 742/1153/641 308/1145/640 740/1144/635
f 740/1144/635 308/1145/640 512/1136/634
f 739/1688/637 307/1683/339 743/1690/639
f 743/1690/639 307/1683/339 550/1686/341
f 310/1693/343 744/1694/645 550/1686/341
f 550/1686/341 744/1694/645 743/1690/639
f 744/1694/645 309/1696/644 743/1690/639
f 743/1690/639 309/1696/644 741/1703/638
f 742/481/641 309/493/644 745/471/643
f 745/471/643 309/493/644 746/492/646
f 312/494/653 747/482/651 746/492/646
f 746/492/646 747/482/651 745/471/643
f 747/482/651 311/455/649 745/471/643
f 745/471/643 311/455/649 516/461/642
f 744/1694/645 310/1693/343 748/1701/647
f 748/1701/647 310/1693/343 554/1700/345
f 313/1708/347 749/1709/655 554/1700/345
f 554/1700/345 749/1709/655 748/1701/647
f 749/514/655 312/494/653 748/508/647
f 748/508/647 312/494/653 746/492/646
f 747/482/651 312/494/653 750/472/650
f 750/472/650 312/494/653 751/504/652
f 751/504/652 315/495/661 750/472/650
f 750/472/650 315/495/661 752/483/659
f 314/464/657 520/462/648 752/483/659
f 752/483/659 520/462/648 750/472/650
f 749/1709/655 313/1708/347 753/1715/654
f 753/1715/654 313/1708/347 558/1714/349
f 558/1714/349 316/1720/352 753/1715/654
f 753/1715/654 316/1720/352 754/1722/663
f 315/495/661 751/504/652 754/510/663
f 754/510/663 751/504/652 753/509/654
f 315/495/661 756/505/660 752/483/659
f 752/483/659 756/505/660 755/486/658
f 756/1227/660 318/1209/669 755/1216/658
f 755/1216/658 318/1209/669 757/1194/667
f 317/485/665 524/474/656 757/497/667
f 757/497/667 524/474/656 755/486/658
f 316/1720/352 562/1727/351 754/1722/663
f 754/1722/663 562/1727/351 758/1728/662
f 562/1727/351 319/1733/356 758/1728/662
f 758/1728/662 319/1733/356 759/1735/671
f 318/1743/669 756/1736/660 759/1735/671
f 759/1735/671 756/1736/660 758/1728/662
f 318/1209/669 761/1201/668 757/1194/667
f 757/1194/667 761/1201/668 760/1187/666
f 761/1201/668 321/1202/677 760/1187/666
f 760/1187/666 321/1202/677 762/1188/675
f 320/1182/673 528/1177/664 762/1188/675
f 762/1188/675 528/1177/664 760/1187/666
f 319/1733/356 566/1741/355 759/1735/671
f 759/1735/671 566/1741/355 763/1742/670
f 566/1741/355 322/1747/360 763/1742/670
f 763/1742/670 322/1747/360 764/1748/679
f 321/1202/677 761/1201/668 764/1217/679
f 764/1217/679 761/1201/668 763/1215/670
f 321/1202/677 766/1203/676 762/1188/675
f 762/1188/675 766/1203/676 765/1195/674
f 324/1219/684 767/1210/681 766/1203/676
f 766/1203/676 767/1210/681 765/1195/674
f 767/1210/681 323/1204/680 765/1195/674
f 765/1195/674 323/1204/680 532/1190/672
f 322/1747/360 569/1752/359 764/1748/679
f 764/1748/679 569/1752/359 768/1753/678
f 325/1756/858 769/1757/685 569/1752/359
f 569/1752/359 769/1757/685 768/1753/678
f 769/1230/685 324/1219/684 768/1218/678
f 768/1218/678 324/1219/684 766/1203/676
f 767/1210/681 324/1219/684 770/1211/683
f 770/247/683 324/246/684 771/242/686
f 327/243/835 772/248/833 771/242/686
f 771/242/686 772/248/833 770/247/683
f 772/1220/833 326/1196/831 770/1211/683
f 770/1211/683 326/1196/831 533/1197/682
f 769/240/685 325/230/858 773/234/687
f 773/234/687 325/230/858 457/226/857
f 328/227/856 774/235/837 457/226/857
f 457/226/857 774/235/837 773/234/687
f 774/235/837 327/243/835 773/234/687
f 773/234/687 327/243/835 771/242/686
f 443/181/144 333/169/143 775/175/689
f 775/175/689 333/169/143 776/156/690
f 417/1558/850 777/1547/852 776/1563/690
f 776/156/690 777/182/852 775/175/689
f 777/1547/852 416/1537/488 775/1536/689
f 775/1536/689 416/1537/488 672/1526/503
f 438/164/142 334/150/140 778/149/691
f 778/149/691 334/150/140 675/137/869
f 418/123/494 779/136/851 675/137/869
f 675/137/869 779/136/851 778/149/691
f 779/136/851 417/144/850 778/149/691
f 778/149/691 417/144/850 776/156/690
f 440/184/693 336/193/696 780/195/695
f 780/195/695 336/193/696 781/205/698
f 339/213/704 782/206/701 781/205/698
f 781/205/698 782/206/701 780/195/695
f 782/206/701 338/200/700 780/195/695
f 780/195/695 338/200/700 574/188/694
f 445/1533/697 337/1531/406 783/1542/699
f 783/1542/699 337/1531/406 603/1530/408
f 340/1535/410 784/1543/705 603/1530/408
f 603/1530/408 784/1543/705 783/1542/699
f 784/1543/705 339/1552/704 783/1542/699
f 783/1542/699 339/1552/704 781/1557/698
f 782/1122/701 339/1119/704 785/1113/703
f 785/1113/703 339/1119/704 786/1117/706
f 342/1118/713 787/1114/711 786/1117/706
f 786/1117/706 787/1114/711 785/1113/703
f 787/1114/711 341/1110/709 785/1113/703
f 785/1113/703 341/1110/709 577/1109/702
f 784/1543/705 340/1535/410 788/1546/707
f 788/1546/707 340/1535/410 607/1541/412
f 343/1550/415 789/1551/715 607/1541/412
f 607/1541/412 789/1551/715 788/1546/707
f 789/1123/715 342/1118/713 788/1121/707
f 788/1121/707 342/1118/713 786/1117/706
f 342/1118/713 791/1115/712 787/1114/711
f 787/1114/711 791/1115/712 790/1111/710
f 791/1115/712 345/1116/721 790/1111/710
f 790/1111/710 345/1116/721 792/1112/719
f 344/1107/717 580/1106/708 792/1112/719
f 792/1112/719 580/1106/708 790/1111/710
f 343/1550/415 611/1562/414 789/1551/715
f 789/1551/715 611/1562/414 793/1564/714
f 611/1562/414 346/1568/419 793/1564/714
f 793/1564/714 346/1568/419 794/1570/723
f 345/1579/721 791/1577/712 794/1570/723
f 794/1570/723 791/1577/712 793/1564/714
f 345/441/721 796/437/720 792/434/719
f 792/434/719 796/437/720 795/429/718
f 796/437/720 348/435/728 795/429/718
f 795/429/718 348/435/728 797/427/727
f 347/413/725 583/415/716 797/427/727
f 797/427/727 583/415/716 795/429/718
f 346/1568/419 615/1576/418 794/1570/723
f 794/1570/723 615/1576/418 798/1578/722
f 615/1576/418 349/1583/423 798/1578/722
f 798/1578/722 349/1583/423 799/1584/729
f 348/435/728 796/437/720 799/442/729
f 799/442/729 796/437/720 798/446/722
f 348/435/728 801/436/730 797/427/727
f 797/427/727 801/436/730 800/428/726
f 351/440/736 802/433/733 801/436/730
f 801/436/730 802/433/733 800/428/726
f 802/433/733 350/416/732 800/428/726
f 800/428/726 350/416/732 586/414/724
f 349/1583/423 619/1589/422 799/1584/729
f 799/1584/729 619/1589/422 803/1590/731
f 352/1593/426 804/1594/737 619/1589/422
f 619/1589/422 804/1594/737 803/1590/731
f 804/1594/737 351/1596/736 803/1590/731
f 803/443/731 351/440/736 801/436/730
f 802/433/733 351/440/736 805/438/735
f 805/438/735 351/440/736 806/444/738
f 354/1075/744 807/1072/741 806/1076/738
f 806/1076/738 807/1072/741 805/1077/735
f 807/445/741 353/439/740 805/438/735
f 805/438/735 353/439/740 589/430/734
f 804/1594/737 352/1593/426 808/1600/739
f 808/1600/739 352/1593/426 623/1599/428
f 355/1606/430 809/1607/745 623/1599/428
f 623/1599/428 809/1607/745 808/1600/739
f 809/1607/745 354/1608/744 808/1600/739
f 808/1600/739 354/1608/744 806/1601/738
f 807/1072/741 354/1075/744 810/1070/743
f 810/1070/743 354/1075/744 811/1073/746
f 357/1065/752 812/1066/749 811/1073/746
f 811/1073/746 812/1066/749 810/1070/743
f 812/1066/749 356/1059/748 810/1070/743
f 810/1070/743 356/1059/748 592/1062/742
f 809/1607/745 355/1606/430 813/1614/747
f 813/1614/747 355/1606/430 627/1613/432
f 358/1620/434 814/1621/753 627/1613/432
f 627/1613/432 814/1621/753 813/1614/747
f 814/1069/753 357/1065/752 813/1074/747
f 813/1074/747 357/1065/752 811/1073/746
f 812/1066/749 357/1065/752 815/1053/751
f 815/1053/751 357/1065/752 816/1058/754
f 816/1058/754 360/1048/870 815/1053/751
f 815/1053/751 360/1048/870 817/1043/871
f 359/1044/863 595/1054/750 817/1043/871
f 817/1043/871 595/1054/750 815/1053/751
f 814/1621/753 358/1620/434 818/1626/755
f 818/1626/755 358/1620/434 630/1625/436
f 630/1625/436 361/1631/859 818/1626/755
f 818/1626/755 361/1631/859 819/1632/872
f 360/1048/870 816/1058/754 819/1064/872
f 819/1064/872 816/1058/754 818/1068/755
f 291/232/759 821/233/758 422/225/757
f 422/225/757 821/233/758 820/228/756
f 821/233/758 360/238/870 820/228/756
f 820/228/756 360/238/870 819/237/872
f 361/239/859 460/229/212 819/237/872
f 819/237/872 460/229/212 820/228/756
f 292/1038/855 596/1040/864 427/1028/761
f 427/1028/761 596/1040/864 822/1033/760
f 596/1040/864 359/1044/863 822/1033/760
f 822/1033/760 359/1044/863 817/1043/871
f 360/1048/870 821/1039/758 817/1043/871
f 817/1043/871 821/1039/758 822/1033/760
f 366/338/151 824/333/764 452/320/152
f 452/320/152 824/333/764 823/314/763
f 824/333/764 411/334/847 823/314/763
f 823/314/763 411/334/847 825/317/848
f 410/308/484 668/301/501 825/317/848
f 825/317/848 668/301/501 823/314/763
f 367/1508/148 671/1514/868 447/1511/150
f 447/1511/150 671/1514/868 826/1518/765
f 671/1259/868 412/1252/489 826/1257/765
f 826/1257/765 412/1252/489 827/1254/846
f 411/1256/847 824/1258/764 827/1254/846
f 827/1254/846 824/1258/764 826/1257/765
f 449/345/767 369/330/770 828/346/769
f 828/346/769 369/330/770 829/331/772
f 372/1545/778 830/1534/775 829/1539/772
f 829/1539/772 830/1534/775 828/1523/769
f 830/1534/775 371/1528/774 828/1523/769
f 828/1523/769 371/1528/774 601/1519/768
f 454/312/771 370/306/443 831/321/773
f 831/321/773 370/306/443 636/313/445
f 373/322/447 832/332/779 636/313/445
f 636/313/445 832/332/779 831/321/773
f 832/332/779 372/339/778 831/321/773
f 831/321/773 372/339/778 829/331/772
f 830/1534/775 372/1545/778 833/1544/777
f 833/1544/777 372/1545/778 834/1555/780
f 375/1154/787 835/1164/785 834/1159/780
f 834/1159/780 835/1164/785 833/1168/777
f 835/1556/785 374/1548/783 833/1544/777
f 833/1544/777 374/1548/783 605/1538/776
f 832/332/779 373/322/447 836/340/781
f 836/340/781 373/322/447 639/337/449
f 376/1138/452 837/1146/789 639/1142/449
f 639/1142/449 837/1146/789 836/1150/781
f 837/1146/789 375/1154/787 836/1150/781
f 836/1150/781 375/1154/787 834/1159/780
f 375/1154/787 839/1158/786 835/1164/785
f 835/1164/785 839/1158/786 838/1167/784
f 839/1572/786 378/1569/795 838/1559/784
f 838/1559/784 378/1569/795 840/1565/793
f 377/1566/791 609/1560/782 840/1565/793
f 840/1565/793 609/1560/782 838/1559/784
f 376/1138/452 642/1141/451 837/1146/789
f 837/1146/789 642/1141/451 841/1149/788
f 642/1141/451 379/1148/456 841/1149/788
f 841/1149/788 379/1148/456 842/1157/797
f 378/1166/795 839/1158/786 842/1157/797
f 842/1157/797 839/1158/786 841/1149/788
f 378/1569/795 844/1573/794 840/1565/793
f 840/1565/793 844/1573/794 843/1571/792
f 844/500/794 381/498/803 843/512/792
f 843/512/792 381/498/803 845/515/801
f 380/1581/799 613/1574/790 845/1580/801
f 845/1580/801 613/1574/790 843/1571/792
f 379/476/456 645/465/455 842/487/797
f 842/487/797 645/465/455 846/478/796
f 645/465/455 382/458/460 846/478/796
f 846/478/796 382/458/460 847/488/805
f 381/498/803 844/500/794 847/488/805
f 847/488/805 844/500/794 846/478/796
f 845/515/801 381/498/803 848/511/800
f 848/511/800 381/498/803 849/506/802
f 384/499/810 850/513/807 849/506/802
f 849/506/802 850/513/807 848/511/800
f 850/1595/807 383/1591/806 848/1586/800
f 848/1586/800 383/1591/806 617/1587/798
f 847/488/805 382/458/460 851/477/804
f 851/477/804 382/458/460 648/466/459
f 385/468/463 852/489/811 648/466/459
f 648/466/459 852/489/811 851/477/804
f 852/489/811 384/499/810 851/477/804
f 851/477/804 384/499/810 849/506/802
f 850/1595/807 384/1603/810 853/1602/809
f 853/1602/809 384/1603/810 854/1609/812
f 387/1616/818 855/1610/815 854/1609/812
f 854/1609/812 855/1610/815 853/1602/809
f 855/1610/815 386/1604/814 853/1602/809
f 853/1602/809 386/1604/814 621/1597/808
f 852/489/811 385/468/463 856/491/813
f 856/491/813 385/468/463 651/479/465
f 388/490/467 857/503/819 651/479/465
f 651/479/465 857/503/819 856/491/813
f 857/1198/819 387/1212/818 856/1221/813
f 856/1221/813 387/1212/818 854/1228/812
f 855/1229/815 387/1212/818 858/1222/817
f 858/1222/817 387/1212/818 859/1205/820
f 390/1206/826 860/1223/823 859/1205/820
f 859/1205/820 860/1223/823 858/1222/817
f 860/1622/823 389/1618/822 858/1617/817
f 858/1617/817 389/1618/822 625/1611/816
f 857/1198/819 388/1184/467 861/1191/821
f 861/1191/821 388/1184/467 654/1179/469
f 391/1185/471 862/1192/827 654/1179/469
f 654/1179/469 862/1192/827 861/1191/821
f 862/1192/827 390/1206/826 861/1191/821
f 861/1191/821 390/1206/826 859/1205/820
f 860/1223/823 390/1206/826 863/1224/825
f 863/1224/825 390/1206/826 864/1207/828
f 864/1207/828 393/1225/873 863/1224/825
f 863/1224/825 393/1225/873 865/1231/874
f 392/1629/861 629/1623/824 865/1628/874
f 865/1628/874 629/1623/824 863/1627/825
f 862/1192/827 391/1185/471 866/1199/829
f 866/1199/829 391/1185/471 657/1193/473
f 657/1193/473 394/1208/865 866/1199/829
f 866/1199/829 394/1208/865 867/1213/875
f 393/1225/873 864/1207/828 867/1213/875
f 867/1213/875 864/1207/828 866/1199/829
f 327/243/835 869/249/834 772/248/833
f 772/248/833 869/249/834 868/251/832
f 869/249/834 393/252/873 868/251/832
f 868/1214/832 393/1225/873 867/1213/875
f 394/1208/865 656/1200/830 867/1213/875
f 867/1213/875 656/1200/830 868/1214/832
f 328/227/856 462/236/862 774/235/837
f 774/235/837 462/236/862 870/244/836
f 462/236/862 392/245/861 870/244/836
f 870/244/836 392/245/861 865/250/874
f 393/252/873 869/249/834 865/250/874
f 865/250/874 869/249/834 870/244/836
f 261/147/545 872/133/839 685/140/547
f 685/140/547 872/133/839 871/126/838
f 872/133/839 399/117/156 871/126/838
f 871/126/838 399/117/156 873/120/162
f 400/116/161 679/125/507 873/120/162
f 873/120/162 679/125/507 871/126/838
f 262/1643/541 660/1639/866 681/1641/543
f 681/1641/543 660/1639/866 874/1637/840
f 660/1639/866 398/1633/158 874/1637/840
f 874/1637/840 398/1633/158 875/1635/159
f 399/1636/156 872/1638/839 875/1635/159
f 875/161/159 872/133/839 874/153/840
f 879/1998/876 880/1996/877 894/518/878
f 894/518/878 880/1996/877 895/520/879
f 880/1996/877 881/1997/880 895/520/879
f 895/520/879 881/1997/880 896/529/881
f 881/1997/880 882/2014/882 896/529/881
f 896/529/881 882/2014/882 897/1785/883
f 882/2014/882 883/2012/884 897/1785/883
f 897/1785/883 883/2012/884 898/1788/885
f 883/2012/884 884/2013/886 898/1788/885
f 898/1788/885 884/2013/886 899/575/887
f 884/2013/886 885/2024/888 899/575/887
f 899/575/887 885/2024/888 900/572/889
f 885/2024/888 886/2023/890 900/572/889
f 900/572/889 886/2023/890 901/574/891
f 886/2023/890 887/2022/892 901/574/891
f 901/574/891 887/2022/892 902/584/893
f 887/2022/892 888/2021/894 902/584/893
f 902/584/893 888/2021/894 903/592/895
f 888/2021/894 889/2020/896 903/592/895
f 903/592/895 889/2020/896 904/600/897
f 889/2020/896 890/2011/898 904/600/897
f 904/600/897 890/2011/898 905/609/899
f 890/2011/898 891/2010/900 905/609/899
f 905/609/899 891/2010/900 906/1804/901
f 891/2010/900 892/2008/902 906/1804/901
f 906/1804/901 892/2008/902 907/1808/903
f 892/2008/902 893/2009/904 907/1808/903
f 907/1808/903 893/2009/904 908/1810/905
f 893/1994/904 876/1995/906 908/554/905
f 908/554/905 876/1995/906 909/542/907
f 876/1995/906 877/2000/908 909/542/907
f 909/542/907 877/2000/908 910/531/909
f 877/2000/908 878/1999/910 910/531/909
f 910/531/909 878/1999/910 911/521/911
f 878/1999/910 879/1998/876 911/521/911
f 911/521/911 879/1998/876 894/518/878
f 894/518/878 895/520/879 912/1988/912
f 912/1988/912 895/520/879 913/1992/913
f 895/520/879 896/529/881 913/1992/913
f 913/1992/913 896/529/881 914/1993/914
f 896/529/881 897/1785/883 914/1993/914
f 914/1993/914 897/1785/883 915/2007/915
f 897/1785/883 898/1788/885 915/2007/915
f 915/2007/915 898/1788/885 916/2005/916
f 898/1788/885 899/575/887 916/2005/916
f 916/2005/916 899/575/887 917/2006/917
f 899/575/887 900/572/889 917/2006/917
f 917/2006/917 900/572/889 918/2019/918
f 900/572/889 901/574/891 918/2019/918
f 918/2019/918 901/574/891 919/2018/919
f 901/574/891 902/584/893 919/2018/919
f 919/2018/919 902/584/893 920/2017/920
f 902/584/893 903/592/895 920/2017/920
f 920/2017/920 903/592/895 921/2016/921
f 903/592/895 904/600/897 921/2016/921
f 921/2016/921 904/600/897 922/2015/922
f 904/600/897 905/609/899 922/2015/922
f 922/2015/922 905/609/899 923/2004/923
f 905/609/899 906/1804/901 923/2004/923
f 923/2004/923 906/1804/901 924/2003/924
f 906/1804/901 907/1808/903 924/2003/924
f 924/2003/924 907/1808/903 925/2001/925
f 907/1808/903 908/1810/905 925/2001/925
f 925/2001/925 908/1810/905 926/2002/926
f 908/554/905 909/542/907 926/1991/926
f 926/1991/926 909/542/907 927/1990/927
f 909/542/907 910/531/909 927/1990/927
f 927/1990/927 910/531/909 928/1989/928
f 910/531/909 911/521/911 928/1989/928
f 928/1989/928 911/521/911 929/1987/929
f 911/521/911 894/518/878 929/1987/929
f 929/1987/929 894/518/878 912/1988/912
f 912/2058/912 913/530/913 1308/536/930
f 1308/536/930 913/530/913 1325/541/931
f 913/2057/913 914/540/914 1325/541/931
f 1325/541/931 914/540/914 1324/552/932
f 914/2056/914 915/1789/915 1324/552/932
f 1324/552/932 915/1789/915 1323/1791/933
f 915/2055/915 916/1790/916 1323/1791/933
f 1323/1791/933 916/1790/916 1322/1793/934
f 916/2054/916 917/1792/917 1322/1793/934
f 1322/1793/934 917/1792/917 1321/1795/935
f 917/581/917 918/579/918 1321/591/935
f 1321/591/935 918/579/918 1320/590/936
f 918/2053/918 919/585/919 1320/590/936
f 1320/590/936 919/585/919 1319/594/937
f 919/2052/919 920/593/920 1319/594/937
f 1319/594/937 920/593/920 1318/602/938
f 920/2051/920 921/601/921 1318/602/938
f 1318/602/938 921/601/921 1317/611/939
f 921/2050/921 922/610/922 1317/611/939
f 1317/611/939 922/610/922 1316/615/940
f 922/2049/922 923/614/923 1316/615/940
f 1316/615/940 923/614/923 1315/618/941
f 923/2048/923 924/1809/924 1315/618/941
f 1315/618/941 924/1809/924 1314/1812/942
f 924/2047/924 925/1811/925 1314/1812/942
f 1314/1812/942 925/1811/925 1313/1813/943
f 925/2046/925 926/555/926 1313/1813/943
f 1313/1813/943 926/555/926 1312/556/944
f 926/2045/926 927/543/927 1312/556/944
f 1312/556/944 927/543/927 1311/544/945
f 927/2044/927 928/532/928 1311/544/945
f 1311/544/945 928/532/928 1310/539/946
f 928/2043/928 929/527/929 1310/539/946
f 1310/539/946 929/527/929 1309/537/947
f 929/2042/929 912/525/912 1309/537/947
f 1309/537/947 912/525/912 1308/536/930
f 930/547/948 931/553/949 1002/560/950
f 1002/560/950 931/553/949 1019/2040/951
f 931/553/949 932/566/952 1019/567/951
f 1019/567/951 932/566/952 1018/2039/953
f 932/566/952 933/1794/954 1018/569/953
f 1018/569/953 933/1794/954 1017/2038/955
f 933/1794/954 934/1796/956 1017/1797/955
f 1017/1797/955 934/1796/956 1016/2037/957
f 934/1796/956 935/1798/958 1016/1799/957
f 1016/1799/957 935/1798/958 1015/1800/959
f 935/599/958 936/598/960 1015/608/959
f 1015/608/959 936/598/960 1014/2036/961
f 936/598/960 937/603/962 1014/607/961
f 1014/607/961 937/603/962 1013/2035/963
f 937/603/962 938/612/964 1013/613/963
f 1013/613/963 938/612/964 1012/2034/965
f 938/612/964 939/616/966 1012/617/965
f 1012/617/965 939/616/966 1011/2033/967
f 939/616/966 940/619/968 1011/620/967
f 1011/620/967 940/619/968 1010/2032/969
f 940/619/968 941/621/970 1010/622/969
f 1010/622/969 941/621/970 1009/2031/971
f 941/621/970 942/1814/972 1009/623/971
f 1009/623/971 942/1814/972 1008/2030/973
f 942/1814/972 943/1815/974 1008/1816/973
f 1008/1816/973 943/1815/974 1007/2029/975
f 943/1815/974 944/557/976 1007/1817/975
f 1007/1817/975 944/557/976 1006/2028/977
f 944/557/976 945/551/978 1006/565/977
f 1006/565/977 945/551/978 1005/2027/979
f 945/551/978 946/549/980 1005/563/979
f 1005/563/979 946/549/980 1004/2026/981
f 946/549/980 947/548/982 1004/562/981
f 1004/562/981 947/548/982 1003/2025/983
f 947/548/982 930/547/948 1003/561/983
f 1003/561/983 930/547/948 1002/2041/950
f 950/953/984 949/1916/985 951/1958/986
f 951/1958/986 949/1916/985 952/558/987
f 949/940/985 948/1926/988 952/938/987
f 952/938/987 948/1926/988 953/924/989
f 126/918/244 127/919/245 948/928/988
f 948/928/988 127/919/245 953/1927/989
f 127/919/245 128/916/246 953/1927/989
f 953/1927/989 128/916/246 956/1910/990
f 128/916/246 129/341/991 956/1910/990
f 956/1910/990 129/341/991 959/1924/992
f 129/1923/991 112/935/217 959/1909/992
f 959/1909/992 112/935/217 962/1928/993
f 112/935/217 113/951/218 962/1928/993
f 962/1928/993 113/951/218 965/1929/994
f 113/951/218 114/964/220 965/1929/994
f 965/1929/994 114/964/220 968/1908/995
f 114/964/220 115/974/222 968/1908/995
f 968/1908/995 115/974/222 971/1907/996
f 115/974/222 116/988/224 971/1907/996
f 971/1907/996 116/988/224 974/1906/997
f 116/988/224 117/1000/226 974/1906/997
f 974/1906/997 117/1000/226 977/1905/998
f 117/1000/226 118/1007/228 977/1905/998
f 977/1905/998 118/1007/228 980/1904/999
f 118/1007/228 119/995/230 980/1904/999
f 980/1904/999 119/995/230 983/1903/1000
f 119/995/230 120/982/232 983/1903/1000
f 983/1903/1000 120/982/232 986/1902/1001
f 120/982/232 121/969/234 986/1902/1001
f 986/1902/1001 121/969/234 989/1901/1002
f 121/969/234 122/958/236 989/1901/1002
f 989/1901/1002 122/958/236 992/1900/1003
f 122/958/236 123/947/238 992/1900/1003
f 992/1900/1003 123/947/238 995/1899/1004
f 123/947/238 124/933/240 995/1899/1004
f 995/1899/1004 124/933/240 998/1897/1005
f 124/933/240 125/922/242 998/1897/1005
f 998/1897/1005 125/922/242 1001/1898/1006
f 125/922/242 126/918/244 1001/1898/1006
f 1001/1898/1006 126/918/244 948/928/988
f 951/559/986 954/1957/1007 876/550/906
f 876/550/906 954/1957/1007 877/538/908
f 954/1957/1007 957/1956/1008 877/538/908
f 877/538/908 957/1956/1008 878/526/910
f 957/1956/1008 960/1955/1009 878/526/910
f 878/526/910 960/1955/1009 879/516/876
f 960/1955/1009 963/1954/1010 879/516/876
f 879/516/876 963/1954/1010 880/517/877
f 963/1954/1010 966/523/1011 880/517/877
f 880/517/877 966/523/1011 881/524/880
f 966/523/1011 969/1784/1012 881/524/880
f 881/524/880 969/1784/1012 882/1783/882
f 969/1784/1012 972/1786/1013 882/1783/882
f 882/1783/882 972/1786/1013 883/1787/884
f 972/1786/1013 975/586/1014 883/1787/884
f 883/1787/884 975/586/1014 884/580/886
f 975/586/1014 978/1953/1015 884/580/886
f 884/580/886 978/1953/1015 885/570/888
f 978/1953/1015 981/1952/1016 885/570/888
f 885/570/888 981/1952/1016 886/571/890
f 981/1952/1016 984/1951/1017 886/571/890
f 886/571/890 984/1951/1017 887/578/892
f 984/1951/1017 987/1950/1018 887/578/892
f 887/578/892 987/1950/1018 888/589/894
f 987/1950/1018 990/1949/1019 888/589/894
f 888/589/894 990/1949/1019 889/597/896
f 990/1949/1019 993/605/1020 889/597/896
f 889/597/896 993/605/1020 890/606/898
f 993/1805/1020 996/1803/1021 890/1801/898
f 890/1801/898 996/1803/1021 891/1802/900
f 996/1803/1021 999/1806/1022 891/1802/900
f 891/1802/900 999/1806/1022 892/1807/902
f 999/1806/1022 950/568/984 892/1807/902
f 892/1807/902 950/568/984 893/564/904
f 950/568/984 951/559/986 893/564/904
f 893/564/904 951/559/986 876/550/906
f 951/1958/986 952/558/987 954/546/1007
f 954/546/1007 952/558/987 955/545/1023
f 952/938/987 953/924/989 955/937/1023
f 955/937/1023 953/924/989 956/923/990
f 954/546/1007 955/545/1023 957/535/1008
f 957/535/1008 955/545/1023 958/533/1024
f 955/937/1023 956/923/990 958/936/1024
f 958/936/1024 956/923/990 959/930/992
f 957/535/1008 958/533/1024 960/522/1009
f 960/522/1009 958/533/1024 961/528/1025
f 958/936/1024 959/930/992 961/944/1025
f 961/944/1025 959/930/992 962/943/993
f 960/522/1009 961/528/1025 963/519/1010
f 963/519/1010 961/528/1025 964/534/1026
f 961/944/1025 962/943/993 964/1915/1026
f 964/1915/1026 962/943/993 965/955/994
f 963/519/1010 964/534/1026 966/975/1011
f 966/975/1011 964/534/1026 967/967/1027
f 964/1915/1026 965/955/994 967/1914/1027
f 967/1914/1027 965/955/994 968/966/995
f 966/975/1011 967/967/1027 969/980/1012
f 969/980/1012 967/967/1027 970/979/1028
f 967/1914/1027 968/966/995 970/1913/1028
f 970/1913/1028 968/966/995 971/978/996
f 969/980/1012 970/979/1028 972/993/1013
f 972/993/1013 970/979/1028 973/992/1029
f 970/1913/1028 971/978/996 973/1912/1029
f 973/1912/1029 971/978/996 974/991/997
f 972/993/1013 973/992/1029 975/1005/1014
f 975/1005/1014 973/992/1029 976/1004/1030
f 973/1912/1029 974/991/997 976/1911/1030
f 976/1911/1030 974/991/997 977/1003/998
f 975/1005/1014 976/1004/1030 978/576/1015
f 978/576/1015 976/1004/1030 979/582/1031
f 976/1911/1030 977/1003/998 979/1013/1031
f 979/1013/1031 977/1003/998 980/1008/999
f 978/576/1015 979/582/1031 981/573/1016
f 981/573/1016 979/582/1031 982/583/1032
f 979/1013/1031 980/1008/999 982/1009/1032
f 982/1009/1032 980/1008/999 983/996/1000
f 981/573/1016 982/583/1032 984/577/1017
f 984/577/1017 982/583/1032 985/587/1033
f 982/1009/1032 983/996/1000 985/997/1033
f 985/997/1033 983/996/1000 986/983/1001
f 984/577/1017 985/587/1033 987/588/1018
f 987/588/1018 985/587/1033 988/595/1034
f 985/997/1033 986/983/1001 988/984/1034
f 988/984/1034 986/983/1001 989/970/1002
f 987/588/1018 988/595/1034 990/596/1019
f 990/596/1019 988/595/1034 991/604/1035
f 988/984/1034 989/970/1002 991/1920/1035
f 991/1920/1035 989/970/1002 992/959/1003
f 990/596/1019 991/604/1035 993/971/1020
f 993/971/1020 991/604/1035 994/960/1036
f 991/1920/1035 992/959/1003 994/1919/1036
f 994/1919/1036 992/959/1003 995/948/1004
f 993/971/1020 994/960/1036 996/961/1021
f 996/961/1021 994/960/1036 997/949/1037
f 994/1919/1036 995/948/1004 997/1918/1037
f 997/1918/1037 995/948/1004 998/934/1005
f 996/961/1021 997/949/1037 999/954/1022
f 999/954/1022 997/949/1037 1000/941/1038
f 997/1918/1037 998/934/1005 1000/1917/1038
f 1000/1917/1038 998/934/1005 1001/929/1006
f 948/1926/988 949/940/985 1001/929/1006
f 1001/929/1006 949/940/985 1000/1917/1038
f 949/1916/985 950/953/984 1000/941/1038
f 1000/941/1038 950/953/984 999/954/1022
s 166
f 1021/19/1039 1003/18/1040 1020/20/1041
f 1003/18/1040 1002/1/1042 1020/20/1041
s 167
f 1022/21/1043 1004/17/1044 1021/19/1045
f 1004/17/1044 1003/18/1046 1021/19/1045
s 168
f 1023/22/1047 1005/16/1048 1022/21/1049
f 1005/16/1048 1004/17/1050 1022/21/1049
s 169
f 1024/23/1051 1006/15/1052 1023/22/1053
f 1006/15/1052 1005/16/1054 1023/22/1053
s 170
f 1025/24/1055 1007/14/1056 1024/23/1057
f 1007/14/1056 1006/15/1058 1024/23/1057
s 171
f 1026/25/1059 1008/13/1060 1025/24/1061
f 1008/13/1060 1007/14/1062 1025/24/1061
s 172
f 1027/26/1063 1009/12/1064 1026/25/1065
f 1009/12/1064 1008/13/1066 1026/25/1065
s 173
f 1028/27/1067 1010/11/1068 1027/26/1069
f 1010/11/1068 1009/12/1070 1027/26/1069
s 174
f 1029/28/1071 1011/10/1072 1028/27/1073
f 1011/10/1072 1010/11/1074 1028/27/1073
s 175
f 1030/29/1075 1012/9/1076 1029/28/1077
f 1012/9/1076 1011/10/1078 1029/28/1077
s 176
f 1031/30/1079 1013/8/1080 1030/29/1081
f 1013/8/1080 1012/9/1082 1030/29/1081
s 177
f 1032/31/1083 1014/7/1084 1031/30/1085
f 1014/7/1084 1013/8/1086 1031/30/1085
s 178
f 1033/32/1087 1015/6/1088 1032/31/1089
f 1015/6/1088 1014/7/1090 1032/31/1089
s 179
f 1034/33/1091 1016/5/1092 1033/32/1093
f 1016/5/1092 1015/6/1094 1033/32/1093
s 180
f 1035/34/1095 1017/4/1096 1034/33/1097
f 1017/4/1096 1016/5/1098 1034/33/1097
s 181
f 1036/35/1099 1018/3/1100 1035/34/1101
f 1018/3/1100 1017/4/1102 1035/34/1101
s 182
f 1037/36/1103 1019/2/1104 1036/35/1105
f 1019/2/1104 1018/3/1106 1036/35/1105
s 183
f 1020/20/1107 1002/1/1108 1037/36/1109
f 1002/1/1108 1019/2/1110 1037/36/1109
s 184
f 1167/1260/1111 1166/1261/1112 1168/1262/1113
f 1168/1262/1113 1166/1261/1112 1169/1264/1114
f 1166/634/1112 1165/624/1115 1169/629/1114
f 1169/629/1114 1165/624/1115 1170/626/1116
f 1165/624/1115 1164/625/1117 1170/626/1118
f 1170/626/1118 1164/625/1117 1171/628/1119
s 186
f 1239/1368/1120 1238/1369/1121 1240/1370/1122
f 1240/1370/1122 1238/1369/1121 1241/1372/1123
s 187
f 1238/660/1124 1237/650/1125 1241/655/1126
f 1241/655/1126 1237/650/1125 1242/652/1127
s 184
f 1237/650/1128 1236/651/1129 1242/652/1130
f 1242/652/1130 1236/651/1129 1243/654/1131
f 1056/1269/1132 1057/1265/1133 1168/1262/1113
f 1168/1262/1113 1057/1265/1133 1167/1260/1111
f 1057/1265/1133 1058/1270/1134 1167/1260/1111
f 1167/1260/1111 1058/1270/1134 1175/1266/1135
f 1058/1270/1134 1059/1277/1136 1175/1266/1135
f 1175/1266/1135 1059/1277/1136 1179/1278/1137
f 1059/1277/1136 1060/1290/1138 1179/1278/1137
f 1179/1278/1137 1060/1290/1138 1183/1291/1139
f 1060/1290/1138 1061/1302/1140 1183/1291/1139
f 1183/1291/1139 1061/1302/1140 1187/1303/1141
f 1061/1302/1140 1062/1314/1142 1187/1303/1141
f 1187/1303/1141 1062/1314/1142 1191/1315/1143
f 1062/1314/1142 1063/1327/1144 1191/1315/1143
f 1191/1315/1143 1063/1327/1144 1195/1328/1145
f 1063/1327/1144 1064/1339/1146 1195/1328/1145
f 1195/1328/1145 1064/1339/1146 1199/1340/1147
f 1064/1339/1146 1065/1350/1148 1199/1340/1147
f 1199/1340/1147 1065/1350/1148 1203/1351/1149
f 1065/1350/1148 1066/1361/1150 1203/1351/1149
f 1203/1351/1149 1066/1361/1150 1207/1352/1151
f 1066/1361/1150 1067/1353/1152 1207/1352/1151
f 1207/1352/1151 1067/1353/1152 1211/1341/1153
f 1067/1353/1152 1068/1342/1154 1211/1341/1153
f 1211/1341/1153 1068/1342/1154 1215/1329/1155
f 1068/1342/1154 1069/1330/1156 1215/1329/1155
f 1215/1329/1155 1069/1330/1156 1219/1316/1157
f 1069/1330/1156 1070/1318/1158 1219/1316/1157
f 1219/1316/1157 1070/1318/1158 1223/1304/1159
f 1070/1318/1158 1071/1305/1160 1223/1304/1159
f 1223/1304/1159 1071/1305/1160 1227/1292/1161
f 1071/1305/1160 1072/1293/1162 1227/1292/1161
f 1227/1292/1161 1072/1293/1162 1231/1279/1163
f 1072/1293/1162 1073/1280/1164 1231/1279/1163
f 1231/1279/1163 1073/1280/1164 1235/1268/1165
f 1073/1280/1164 1056/1269/1132 1235/1268/1165
f 1235/1268/1165 1056/1269/1132 1168/1262/1113
f 1243/654/1131 1236/651/1129 1075/658/1166
f 1075/658/1166 1236/651/1129 1074/657/1167
f 1247/665/1168 1243/654/1131 1076/664/1169
f 1076/664/1169 1243/654/1131 1075/658/1166
f 1251/677/1170 1247/665/1168 1077/675/1171
f 1077/675/1171 1247/665/1168 1076/664/1169
f 1255/688/1172 1251/677/1170 1078/685/1173
f 1078/685/1173 1251/677/1170 1077/675/1171
f 1259/1818/1174 1255/1819/1172 1079/1820/1175
f 1079/1820/1175 1255/1819/1172 1078/1822/1173
f 1263/1827/1176 1259/1818/1174 1080/1823/1177
f 1080/1823/1177 1259/1818/1174 1079/1820/1175
f 1267/1835/1178 1263/1827/1176 1081/1830/1179
f 1081/1830/1179 1263/1827/1176 1080/1823/1177
f 1271/701/1180 1267/708/1178 1082/704/1181
f 1082/704/1181 1267/708/1178 1081/714/1179
f 1275/700/1182 1271/701/1180 1083/702/1183
f 1083/702/1183 1271/701/1180 1082/704/1181
f 1279/710/1184 1275/700/1182 1084/705/1185
f 1084/705/1185 1275/700/1182 1083/702/1183
f 1283/724/1186 1279/710/1184 1085/716/1187
f 1085/716/1187 1279/710/1184 1084/705/1185
f 1287/736/1188 1283/724/1186 1086/728/1189
f 1086/728/1189 1283/724/1186 1085/716/1187
f 1291/744/1190 1287/736/1188 1087/738/1191
f 1087/738/1191 1287/736/1188 1086/728/1189
f 1295/1838/1192 1291/1839/1190 1088/1840/1193
f 1088/1840/1193 1291/1839/1190 1087/1842/1191
f 1299/1847/1194 1295/1838/1192 1089/1843/1195
f 1089/1843/1195 1295/1838/1192 1088/1840/1193
f 1303/1855/1196 1299/1847/1194 1090/1850/1197
f 1090/1850/1197 1299/1847/1194 1089/1843/1195
f 1307/653/1198 1303/662/1196 1091/663/1199
f 1091/663/1199 1303/662/1196 1090/673/1197
f 1236/651/1129 1307/653/1198 1074/657/1167
f 1074/657/1167 1307/653/1198 1091/663/1199
f 1092/1281/1200 1096/1275/1201 1056/1269/1132
f 1056/1269/1132 1096/1275/1201 1057/1265/1133
f 1047/631/1202 1048/632/1203 1164/625/1117
f 1164/625/1117 1048/632/1203 1171/628/1119
f 1096/1275/1201 1100/1276/1204 1057/1265/1133
f 1057/1265/1133 1100/1276/1204 1058/1270/1134
f 1046/636/1205 1047/631/1202 1172/627/1206
f 1172/627/1206 1047/631/1202 1164/625/1117
f 1100/1276/1204 1104/1282/1207 1058/1270/1134
f 1058/1270/1134 1104/1282/1207 1059/1277/1136
f 1045/1858/1208 1046/1859/1205 1176/1860/1209
f 1176/1860/1209 1046/1859/1205 1172/1861/1206
f 1104/1282/1207 1108/1289/1210 1059/1277/1136
f 1059/1277/1136 1108/1289/1210 1060/1290/1138
f 1044/1864/1211 1045/1858/1208 1180/1862/1212
f 1180/1862/1212 1045/1858/1208 1176/1860/1209
f 1108/1289/1210 1112/1301/1213 1060/1290/1138
f 1060/1290/1138 1112/1301/1213 1061/1302/1140
f 1043/1868/1214 1044/1864/1211 1184/1866/1215
f 1184/1866/1215 1044/1864/1211 1180/1862/1212
f 1112/1301/1213 1116/1313/1216 1061/1302/1140
f 1061/1302/1140 1116/1313/1216 1062/1314/1142
f 1042/751/1217 1043/754/1214 1188/752/1218
f 1188/752/1218 1043/754/1214 1184/757/1215
f 1116/1313/1216 1120/1326/1219 1062/1314/1142
f 1062/1314/1142 1120/1326/1219 1063/1327/1144
f 1041/753/1220 1042/751/1217 1192/750/1221
f 1192/750/1221 1042/751/1217 1188/752/1218
f 1120/1326/1219 1124/1338/1222 1063/1327/1144
f 1063/1327/1144 1124/1338/1222 1064/1339/1146
f 1040/760/1223 1041/753/1220 1196/756/1224
f 1196/756/1224 1041/753/1220 1192/750/1221
f 1124/1338/1222 1128/1349/1225 1064/1339/1146
f 1064/1339/1146 1128/1349/1225 1065/1350/1148
f 1039/765/1226 1040/760/1223 1200/762/1227
f 1200/762/1227 1040/760/1223 1196/756/1224
f 1128/1349/1225 1132/1360/1228 1065/1350/1148
f 1065/1350/1148 1132/1360/1228 1066/1361/1150
f 1038/769/1229 1039/765/1226 1204/766/1230
f 1204/766/1230 1039/765/1226 1200/762/1227
f 1132/1360/1228 1136/1362/1231 1066/1361/1150
f 1066/1361/1150 1136/1362/1231 1067/1353/1152
f 1055/773/1232 1038/769/1229 1208/770/1233
f 1208/770/1233 1038/769/1229 1204/766/1230
f 1136/1362/1231 1140/1354/1234 1067/1353/1152
f 1067/1353/1152 1140/1354/1234 1068/1342/1154
f 1054/1870/1235 1055/1871/1232 1212/1872/1236
f 1212/1872/1236 1055/1871/1232 1208/1873/1233
f 1140/1354/1234 1144/1343/1237 1068/1342/1154
f 1068/1342/1154 1144/1343/1237 1069/1330/1156
f 1053/1876/1238 1054/1870/1235 1216/1874/1239
f 1216/1874/1239 1054/1870/1235 1212/1872/1236
f 1144/1343/1237 1148/1331/1240 1069/1330/1156
f 1069/1330/1156 1148/1331/1240 1070/1318/1158
f 1052/1880/1241 1053/1876/1238 1220/1878/1242
f 1220/1878/1242 1053/1876/1238 1216/1874/1239
f 1148/1331/1240 1152/1319/1243 1070/1318/1158
f 1070/1318/1158 1152/1319/1243 1071/1305/1160
f 1051/645/1244 1052/648/1241 1224/646/1245
f 1224/646/1245 1052/648/1241 1220/649/1242
f 1152/1319/1243 1156/1306/1246 1071/1305/1160
f 1071/1305/1160 1156/1306/1246 1072/1293/1162
f 1050/641/1247 1051/645/1244 1228/642/1248
f 1228/642/1248 1051/645/1244 1224/646/1245
f 1156/1306/1246 1160/1294/1249 1072/1293/1162
f 1072/1293/1162 1160/1294/1249 1073/1280/1164
f 1049/637/1250 1050/641/1247 1232/638/1251
f 1232/638/1251 1050/641/1247 1228/642/1248
f 1160/1294/1249 1092/1281/1200 1073/1280/1164
f 1073/1280/1164 1092/1281/1200 1056/1269/1132
f 1048/632/1203 1049/637/1250 1171/628/1119
f 1171/628/1119 1049/637/1250 1232/638/1251
s 186
f 1021/1376/1252 1020/1373/1253 1240/1370/1122
f 1240/1370/1122 1020/1373/1253 1239/1368/1120
s 184
f 1095/668/1254 1163/669/1255 1074/657/1167
f 1074/657/1167 1163/669/1255 1075/658/1166
s 186
f 1022/1384/1256 1021/1376/1252 1244/1375/1257
f 1244/1375/1257 1021/1376/1252 1240/1370/1122
s 184
f 1163/669/1255 1159/670/1258 1075/658/1166
f 1075/658/1166 1159/670/1258 1076/664/1169
s 186
f 1023/1392/1259 1022/1384/1256 1248/1383/1260
f 1248/1383/1260 1022/1384/1256 1244/1375/1257
s 184
f 1159/670/1258 1155/676/1261 1076/664/1169
f 1076/664/1169 1155/676/1261 1077/675/1171
s 186
f 1024/1400/1262 1023/1392/1259 1252/1391/1263
f 1252/1391/1263 1023/1392/1259 1248/1383/1260
s 184
f 1155/676/1261 1151/686/1264 1077/675/1171
f 1077/675/1171 1151/686/1264 1078/685/1173
s 186
f 1025/1408/1265 1024/1400/1262 1256/1399/1266
f 1256/1399/1266 1024/1400/1262 1252/1391/1263
s 184
f 1151/1829/1264 1147/1826/1267 1078/1822/1173
f 1078/1822/1173 1147/1826/1267 1079/1820/1175
s 186
f 1026/1416/1268 1025/1408/1265 1260/1407/1269
f 1260/1407/1269 1025/1408/1265 1256/1399/1266
s 184
f 1147/1826/1267 1143/1828/1270 1079/1820/1175
f 1079/1820/1175 1143/1828/1270 1080/1823/1177
s 186
f 1027/1423/1271 1026/1416/1268 1264/1415/1272
f 1264/1415/1272 1026/1416/1268 1260/1407/1269
s 184
f 1143/1828/1270 1139/1831/1273 1080/1823/1177
f 1080/1823/1177 1139/1831/1273 1081/1830/1179
s 186
f 1028/1430/1274 1027/1423/1271 1268/1422/1275
f 1268/1422/1275 1027/1423/1271 1264/1415/1272
s 184
f 1139/726/1273 1135/715/1276 1081/714/1179
f 1081/714/1179 1135/715/1276 1082/704/1181
s 186
f 1029/1433/1277 1028/1430/1274 1272/1429/1278
f 1272/1429/1278 1028/1430/1274 1268/1422/1275
s 184
f 1135/715/1276 1131/709/1279 1082/704/1181
f 1082/704/1181 1131/709/1279 1083/702/1183
s 186
f 1030/1427/1280 1029/1433/1277 1276/1428/1281
f 1276/1428/1281 1029/1433/1277 1272/1429/1278
s 184
f 1131/709/1279 1127/711/1282 1083/702/1183
f 1083/702/1183 1127/711/1282 1084/705/1185
s 186
f 1031/1420/1283 1030/1427/1280 1280/1421/1284
f 1280/1421/1284 1030/1427/1280 1276/1428/1281
s 184
f 1127/711/1282 1123/717/1285 1084/705/1185
f 1084/705/1185 1123/717/1285 1085/716/1187
s 186
f 1032/1413/1286 1031/1420/1283 1284/1414/1287
f 1284/1414/1287 1031/1420/1283 1280/1421/1284
s 184
f 1123/717/1285 1119/729/1288 1085/716/1187
f 1085/716/1187 1119/729/1288 1086/728/1189
s 186
f 1033/1405/1289 1032/1413/1286 1288/1406/1290
f 1288/1406/1290 1032/1413/1286 1284/1414/1287
s 184
f 1119/729/1288 1115/739/1291 1086/728/1189
f 1086/728/1189 1115/739/1291 1087/738/1191
s 186
f 1034/1396/1292 1033/1405/1289 1292/1397/1293
f 1292/1397/1293 1033/1405/1289 1288/1406/1290
s 184
f 1115/1849/1291 1111/1846/1294 1087/1842/1191
f 1087/1842/1191 1111/1846/1294 1088/1840/1193
s 186
f 1035/1389/1295 1034/1396/1292 1296/1390/1296
f 1296/1390/1296 1034/1396/1292 1292/1397/1293
s 184
f 1111/1846/1294 1107/1848/1297 1088/1840/1193
f 1088/1840/1193 1107/1848/1297 1089/1843/1195
s 186
f 1036/1380/1298 1035/1389/1295 1300/1381/1299
f 1300/1381/1299 1035/1389/1295 1296/1390/1296
s 184
f 1107/1848/1297 1103/1851/1300 1089/1843/1195
f 1089/1843/1195 1103/1851/1300 1090/1850/1197
s 186
f 1037/1377/1301 1036/1380/1298 1304/1374/1302
f 1304/1374/1302 1036/1380/1298 1300/1381/1299
s 184
f 1103/683/1300 1099/674/1303 1090/673/1197
f 1090/673/1197 1099/674/1303 1091/663/1199
s 186
f 1020/1373/1253 1037/1377/1301 1239/1368/1120
f 1239/1368/1120 1037/1377/1301 1304/1374/1302
s 184
f 1099/674/1303 1095/668/1254 1091/663/1199
f 1091/663/1199 1095/668/1254 1074/657/1167
f 1094/679/1304 1095/668/1254 1098/678/1305
f 1098/678/1305 1095/668/1254 1099/674/1303
f 1092/1281/1200 1093/1286/1306 1096/1275/1201
f 1096/1275/1201 1093/1286/1306 1097/1287/1307
f 1093/691/1306 1094/679/1304 1097/689/1307
f 1097/689/1307 1094/679/1304 1098/678/1305
f 1098/678/1305 1099/674/1303 1102/684/1308
f 1102/684/1308 1099/674/1303 1103/683/1300
f 1096/1275/1201 1097/1287/1307 1100/1276/1204
f 1100/1276/1204 1097/1287/1307 1101/1288/1309
f 1097/689/1307 1098/678/1305 1101/690/1309
f 1101/690/1309 1098/678/1305 1102/684/1308
f 1102/1857/1308 1103/1851/1300 1106/1856/1310
f 1106/1856/1310 1103/1851/1300 1107/1848/1297
f 1100/1276/1204 1101/1288/1309 1104/1282/1207
f 1104/1282/1207 1101/1288/1309 1105/1295/1311
f 1101/1288/1309 1102/1299/1308 1105/1295/1311
f 1105/1295/1311 1102/1299/1308 1106/1307/1310
f 1106/1856/1310 1107/1848/1297 1110/1854/1312
f 1110/1854/1312 1107/1848/1297 1111/1846/1294
f 1104/1282/1207 1105/1295/1311 1108/1289/1210
f 1108/1289/1210 1105/1295/1311 1109/1300/1313
f 1105/1295/1311 1106/1307/1310 1109/1300/1313
f 1109/1300/1313 1106/1307/1310 1110/1311/1312
f 1110/1854/1312 1111/1846/1294 1114/1853/1314
f 1114/1853/1314 1111/1846/1294 1115/1849/1291
f 1108/1289/1210 1109/1300/1313 1112/1301/1213
f 1112/1301/1213 1109/1300/1313 1113/1312/1315
f 1109/1300/1313 1110/1311/1312 1113/1312/1315
f 1113/1312/1315 1110/1311/1312 1114/1324/1314
f 1114/746/1314 1115/739/1291 1118/740/1316
f 1118/740/1316 1115/739/1291 1119/729/1288
f 1112/1301/1213 1113/1312/1315 1116/1313/1216
f 1116/1313/1216 1113/1312/1315 1117/1325/1317
f 1113/749/1315 1114/746/1314 1117/747/1317
f 1117/747/1317 1114/746/1314 1118/740/1316
f 1118/740/1316 1119/729/1288 1122/730/1318
f 1122/730/1318 1119/729/1288 1123/717/1285
f 1116/1313/1216 1117/1325/1317 1120/1326/1219
f 1120/1326/1219 1117/1325/1317 1121/1337/1319
f 1117/747/1317 1118/740/1316 1121/741/1319
f 1121/741/1319 1118/740/1316 1122/730/1318
f 1122/730/1318 1123/717/1285 1126/725/1320
f 1126/725/1320 1123/717/1285 1127/711/1282
f 1120/748/1219 1121/741/1319 1124/745/1222
f 1124/745/1222 1121/741/1319 1125/737/1321
f 1121/741/1319 1122/730/1318 1125/737/1321
f 1125/737/1321 1122/730/1318 1126/725/1320
f 1126/725/1320 1127/711/1282 1130/723/1322
f 1130/723/1322 1127/711/1282 1131/709/1279
f 1124/745/1222 1125/737/1321 1128/743/1225
f 1128/743/1225 1125/737/1321 1129/735/1323
f 1125/737/1321 1126/725/1320 1129/735/1323
f 1129/735/1323 1126/725/1320 1130/723/1322
f 1130/723/1322 1131/709/1279 1134/722/1324
f 1134/722/1324 1131/709/1279 1135/715/1276
f 1128/1349/1225 1129/1365/1323 1132/1360/1228
f 1132/1360/1228 1129/1365/1323 1133/1367/1325
f 1129/735/1323 1130/723/1322 1133/733/1325
f 1133/733/1325 1130/723/1322 1134/722/1324
f 1134/722/1324 1135/715/1276 1138/727/1326
f 1138/727/1326 1135/715/1276 1139/726/1273
f 1132/1360/1228 1133/1367/1325 1136/1362/1231
f 1136/1362/1231 1133/1367/1325 1137/1363/1327
f 1133/733/1325 1134/722/1324 1137/734/1327
f 1137/734/1327 1134/722/1324 1138/727/1326
f 1138/1837/1326 1139/1831/1273 1142/1836/1328
f 1142/1836/1328 1139/1831/1273 1143/1828/1270
f 1136/1362/1231 1137/1363/1327 1140/1354/1234
f 1140/1354/1234 1137/1363/1327 1141/1355/1329
f 1137/1363/1327 1138/1364/1326 1141/1355/1329
f 1141/1355/1329 1138/1364/1326 1142/1356/1328
f 1142/1836/1328 1143/1828/1270 1146/1834/1330
f 1146/1834/1330 1143/1828/1270 1147/1826/1267
f 1140/1354/1234 1141/1355/1329 1144/1343/1237
f 1144/1343/1237 1141/1355/1329 1145/1344/1331
f 1141/1355/1329 1142/1356/1328 1145/1344/1331
f 1145/1344/1331 1142/1356/1328 1146/1348/1330
f 1146/1834/1330 1147/1826/1267 1150/1833/1332
f 1150/1833/1332 1147/1826/1267 1151/1829/1264
f 1144/1343/1237 1145/1344/1331 1148/1331/1240
f 1148/1331/1240 1145/1344/1331 1149/1332/1333
f 1145/1344/1331 1146/1348/1330 1149/1332/1333
f 1149/1332/1333 1146/1348/1330 1150/1357/1332
f 1150/694/1332 1151/686/1264 1154/687/1334
f 1154/687/1334 1151/686/1264 1155/676/1261
f 1148/1331/1240 1149/1332/1333 1152/1319/1243
f 1152/1319/1243 1149/1332/1333 1153/1323/1335
f 1149/699/1333 1150/694/1332 1153/695/1335
f 1153/695/1335 1150/694/1332 1154/687/1334
f 1154/687/1334 1155/676/1261 1158/681/1336
f 1158/681/1336 1155/676/1261 1159/670/1258
f 1152/1319/1243 1153/1323/1335 1156/1306/1246
f 1156/1306/1246 1153/1323/1335 1157/1333/1337
f 1153/695/1335 1154/687/1334 1157/693/1337
f 1157/693/1337 1154/687/1334 1158/681/1336
f 1158/681/1336 1159/670/1258 1162/680/1338
f 1162/680/1338 1159/670/1258 1163/669/1255
f 1156/698/1246 1157/693/1337 1160/697/1249
f 1160/697/1249 1157/693/1337 1161/692/1339
f 1157/693/1337 1158/681/1336 1161/692/1339
f 1161/692/1339 1158/681/1336 1162/680/1338
f 1095/668/1254 1094/679/1304 1163/669/1255
f 1163/669/1255 1094/679/1304 1162/680/1338
f 1094/679/1304 1093/691/1306 1162/680/1338
f 1162/680/1338 1093/691/1306 1161/692/1339
f 1093/691/1306 1092/696/1200 1161/692/1339
f 1161/692/1339 1092/696/1200 1160/697/1249
f 1166/1261/1112 1167/1260/1111 1174/1263/1340
f 1174/1263/1340 1167/1260/1111 1175/1266/1135
f 1164/625/1117 1165/624/1115 1172/627/1206
f 1172/627/1206 1165/624/1115 1173/630/1341
f 1165/1272/1115 1166/1261/1112 1173/1267/1341
f 1173/1267/1341 1166/1261/1112 1174/1263/1340
f 1174/1263/1340 1175/1266/1135 1178/1271/1342
f 1178/1271/1342 1175/1266/1135 1179/1278/1137
f 1172/1861/1206 1173/1863/1341 1176/1860/1209
f 1176/1860/1209 1173/1863/1341 1177/1865/1343
f 1173/1267/1341 1174/1263/1340 1177/1273/1343
f 1177/1273/1343 1174/1263/1340 1178/1271/1344
f 1178/1271/1342 1179/1278/1137 1182/1283/1345
f 1182/1283/1345 1179/1278/1137 1183/1291/1139
f 1176/1860/1209 1177/1865/1343 1180/1862/1212
f 1180/1862/1212 1177/1865/1343 1181/1867/1346
f 1177/1273/1343 1178/1271/1344 1181/1284/1346
f 1181/1284/1346 1178/1271/1344 1182/1283/1345
f 1182/1283/1345 1183/1291/1139 1186/1296/1347
f 1186/1296/1347 1183/1291/1139 1187/1303/1141
f 1180/1862/1212 1181/1867/1346 1184/1866/1215
f 1184/1866/1215 1181/1867/1346 1185/1869/1348
f 1181/1284/1346 1182/1283/1345 1185/1297/1348
f 1185/1297/1348 1182/1283/1345 1186/1296/1347
f 1186/1296/1347 1187/1303/1141 1190/1308/1349
f 1190/1308/1349 1187/1303/1141 1191/1315/1143
f 1184/757/1215 1185/758/1348 1188/752/1218
f 1188/752/1218 1185/758/1348 1189/755/1350
f 1185/1297/1348 1186/1296/1347 1189/1309/1350
f 1189/1309/1350 1186/1296/1347 1190/1308/1349
f 1190/1308/1349 1191/1315/1143 1194/1320/1351
f 1194/1320/1351 1191/1315/1143 1195/1328/1145
f 1188/752/1218 1189/755/1350 1192/750/1221
f 1192/750/1221 1189/755/1350 1193/759/1352
f 1189/755/1350 1190/761/1349 1193/759/1352
f 1193/759/1352 1190/761/1349 1194/764/1351
f 1194/1320/1351 1195/1328/1145 1198/1334/1353
f 1198/1334/1353 1195/1328/1145 1199/1340/1147
f 1192/750/1221 1193/759/1352 1196/756/1224
f 1196/756/1224 1193/759/1352 1197/763/1354
f 1193/759/1352 1194/764/1351 1197/763/1354
f 1197/763/1354 1194/764/1351 1198/768/1355
f 1198/1334/1353 1199/1340/1147 1202/1345/1356
f 1202/1345/1356 1199/1340/1147 1203/1351/1149
f 1196/756/1224 1197/763/1354 1200/762/1227
f 1200/762/1227 1197/763/1354 1201/767/1357
f 1197/763/1354 1198/768/1355 1201/767/1357
f 1201/767/1357 1198/768/1355 1202/772/1358
f 1202/1345/1356 1203/1351/1149 1206/1358/1359
f 1206/1358/1359 1203/1351/1149 1207/1352/1151
f 1200/762/1227 1201/767/1357 1204/766/1230
f 1204/766/1230 1201/767/1357 1205/771/1360
f 1201/767/1357 1202/772/1358 1205/771/1360
f 1205/771/1360 1202/772/1358 1206/775/1359
f 1206/1358/1359 1207/1352/1151 1210/1346/1361
f 1210/1346/1361 1207/1352/1151 1211/1341/1153
f 1204/766/1230 1205/771/1360 1208/770/1233
f 1208/770/1233 1205/771/1360 1209/774/1362
f 1205/1366/1360 1206/1358/1359 1209/1359/1362
f 1209/1359/1362 1206/1358/1359 1210/1346/1361
f 1210/1346/1361 1211/1341/1153 1214/1335/1363
f 1214/1335/1363 1211/1341/1153 1215/1329/1155
f 1208/1873/1233 1209/1875/1362 1212/1872/1236
f 1212/1872/1236 1209/1875/1362 1213/1877/1364
f 1209/1359/1362 1210/1346/1361 1213/1347/1364
f 1213/1347/1364 1210/1346/1361 1214/1335/1363
f 1214/1335/1363 1215/1329/1155 1218/1321/1365
f 1218/1321/1365 1215/1329/1155 1219/1316/1157
f 1212/1872/1236 1213/1877/1364 1216/1874/1239
f 1216/1874/1239 1213/1877/1364 1217/1879/1366
f 1213/1347/1364 1214/1335/1363 1217/1336/1366
f 1217/1336/1366 1214/1335/1363 1218/1321/1365
f 1218/1321/1365 1219/1316/1157 1222/1310/1367
f 1222/1310/1367 1219/1316/1157 1223/1304/1159
f 1216/1874/1239 1217/1879/1366 1220/1878/1242
f 1220/1878/1242 1217/1879/1366 1221/1881/1368
f 1217/1336/1366 1218/1321/1365 1221/1322/1368
f 1221/1322/1368 1218/1321/1365 1222/1310/1367
f 1222/1310/1367 1223/1304/1159 1226/1298/1369
f 1226/1298/1369 1223/1304/1159 1227/1292/1161
f 1220/649/1242 1221/647/1368 1224/646/1245
f 1224/646/1245 1221/647/1368 1225/643/1370
f 1221/1322/1368 1222/1310/1367 1225/1317/1371
f 1225/1317/1371 1222/1310/1367 1226/1298/1369
f 1226/1298/1369 1227/1292/1161 1230/1285/1372
f 1230/1285/1372 1227/1292/1161 1231/1279/1163
f 1224/646/1245 1225/643/1370 1228/642/1248
f 1228/642/1248 1225/643/1370 1229/639/1373
f 1225/643/1371 1226/644/1369 1229/639/1374
f 1229/639/1374 1226/644/1369 1230/640/1372
f 1230/1285/1372 1231/1279/1163 1234/1274/1375
f 1234/1274/1375 1231/1279/1163 1235/1268/1165
f 1228/642/1248 1229/639/1373 1232/638/1251
f 1232/638/1251 1229/639/1373 1233/633/1376
f 1229/639/1374 1230/640/1372 1233/633/1377
f 1233/633/1377 1230/640/1372 1234/635/1375
f 1168/1262/1113 1169/1264/1114 1235/1268/1165
f 1235/1268/1165 1169/1264/1114 1234/1274/1375
f 1169/629/1114 1170/626/1116 1234/635/1375
f 1234/635/1375 1170/626/1116 1233/633/1377
f 1170/626/1118 1171/628/1119 1233/633/1376
f 1233/633/1376 1171/628/1119 1232/638/1251
f 1242/652/1130 1243/654/1131 1246/659/1378
f 1246/659/1378 1243/654/1131 1247/665/1168
s 186
f 1240/1370/1122 1241/1372/1123 1244/1375/1257
f 1244/1375/1257 1241/1372/1123 1245/1379/1379
s 187
f 1241/655/1126 1242/652/1127 1245/661/1380
f 1245/661/1380 1242/652/1127 1246/659/1381
s 184
f 1246/659/1378 1247/665/1168 1250/671/1382
f 1250/671/1382 1247/665/1168 1251/677/1170
s 186
f 1244/1375/1257 1245/1379/1379 1248/1383/1260
f 1248/1383/1260 1245/1379/1379 1249/1388/1383
s 187
f 1245/661/1380 1246/659/1381 1249/672/1384
f 1249/672/1384 1246/659/1381 1250/671/1385
s 184
f 1250/671/1382 1251/677/1170 1254/682/1386
f 1254/682/1386 1251/677/1170 1255/688/1172
s 186
f 1248/1383/1260 1249/1388/1383 1252/1391/1263
f 1252/1391/1263 1249/1388/1383 1253/1395/1387
s 187
f 1249/1388/1384 1250/1398/1385 1253/1395/1388
f 1253/1395/1388 1250/1398/1385 1254/1403/1389
s 184
f 1254/1824/1386 1255/1819/1172 1258/1821/1390
f 1258/1821/1390 1255/1819/1172 1259/1818/1174
s 186
f 1252/1391/1263 1253/1395/1387 1256/1399/1266
f 1256/1399/1266 1253/1395/1387 1257/1404/1391
s 187
f 1253/1395/1388 1254/1403/1389 1257/1404/1392
f 1257/1404/1392 1254/1403/1389 1258/1411/1393
s 184
f 1258/1821/1390 1259/1818/1174 1262/1825/1394
f 1262/1825/1394 1259/1818/1174 1263/1827/1176
s 186
f 1256/1399/1266 1257/1404/1391 1260/1407/1269
f 1260/1407/1269 1257/1404/1391 1261/1412/1395
s 187
f 1257/1404/1392 1258/1411/1393 1261/1412/1396
f 1261/1412/1396 1258/1411/1393 1262/1418/1397
s 184
f 1262/1825/1394 1263/1827/1176 1266/1832/1398
f 1266/1832/1398 1263/1827/1176 1267/1835/1178
s 186
f 1260/1407/1269 1261/1412/1395 1264/1415/1272
f 1264/1415/1272 1261/1412/1395 1265/1419/1399
s 187
f 1261/1412/1396 1262/1418/1397 1265/1419/1400
f 1265/1419/1400 1262/1418/1397 1266/1425/1401
s 184
f 1266/718/1398 1267/708/1178 1270/706/1402
f 1270/706/1402 1267/708/1178 1271/701/1180
s 186
f 1264/1415/1272 1265/1419/1399 1268/1422/1275
f 1268/1422/1275 1265/1419/1399 1269/1426/1403
s 187
f 1265/1419/1400 1266/1425/1401 1269/1426/1404
f 1269/1426/1404 1266/1425/1401 1270/1432/1405
s 184
f 1270/706/1402 1271/701/1180 1274/703/1406
f 1274/703/1406 1271/701/1180 1275/700/1182
s 186
f 1268/1422/1275 1269/1426/1403 1272/1429/1278
f 1272/1429/1278 1269/1426/1403 1273/1431/1407
s 187
f 1269/719/1404 1270/706/1405 1273/712/1408
f 1273/712/1408 1270/706/1405 1274/703/1409
s 184
f 1274/703/1406 1275/700/1182 1278/707/1410
f 1278/707/1410 1275/700/1182 1279/710/1184
s 186
f 1272/1429/1278 1273/1431/1407 1276/1428/1281
f 1276/1428/1281 1273/1431/1407 1277/1424/1411
s 187
f 1273/712/1408 1274/703/1409 1277/713/1412
f 1277/713/1412 1274/703/1409 1278/707/1413
s 184
f 1278/707/1410 1279/710/1184 1282/720/1414
f 1282/720/1414 1279/710/1184 1283/724/1186
s 186
f 1276/1428/1281 1277/1424/1411 1280/1421/1284
f 1280/1421/1284 1277/1424/1411 1281/1417/1415
s 187
f 1277/713/1412 1278/707/1413 1281/721/1416
f 1281/721/1416 1278/707/1413 1282/720/1417
s 184
f 1282/720/1414 1283/724/1186 1286/731/1418
f 1286/731/1418 1283/724/1186 1287/736/1188
s 186
f 1280/1421/1284 1281/1417/1415 1284/1414/1287
f 1284/1414/1287 1281/1417/1415 1285/1409/1419
s 187
f 1281/721/1416 1282/720/1417 1285/732/1420
f 1285/732/1420 1282/720/1417 1286/731/1421
s 184
f 1286/731/1418 1287/736/1188 1290/742/1422
f 1290/742/1422 1287/736/1188 1291/744/1190
s 186
f 1284/1414/1287 1285/1409/1419 1288/1406/1290
f 1288/1406/1290 1285/1409/1419 1289/1401/1423
s 187
f 1285/1409/1420 1286/1410/1421 1289/1401/1424
f 1289/1401/1424 1286/1410/1421 1290/1402/1425
s 184
f 1290/1844/1422 1291/1839/1190 1294/1841/1426
f 1294/1841/1426 1291/1839/1190 1295/1838/1192
s 186
f 1288/1406/1290 1289/1401/1423 1292/1397/1293
f 1292/1397/1293 1289/1401/1423 1293/1393/1427
s 187
f 1289/1401/1424 1290/1402/1425 1293/1393/1428
f 1293/1393/1428 1290/1402/1425 1294/1394/1429
s 184
f 1294/1841/1426 1295/1838/1192 1298/1845/1430
f 1298/1845/1430 1295/1838/1192 1299/1847/1194
s 186
f 1292/1397/1293 1293/1393/1427 1296/1390/1296
f 1296/1390/1296 1293/1393/1427 1297/1385/1431
s 187
f 1293/1393/1428 1294/1394/1429 1297/1385/1432
f 1297/1385/1432 1294/1394/1429 1298/1386/1433
s 184
f 1298/1845/1430 1299/1847/1194 1302/1852/1434
f 1302/1852/1434 1299/1847/1194 1303/1855/1196
s 186
f 1296/1390/1296 1297/1385/1431 1300/1381/1299
f 1300/1381/1299 1297/1385/1431 1301/1378/1435
s 187
f 1297/1385/1432 1298/1386/1433 1301/1378/1436
f 1301/1378/1436 1298/1386/1433 1302/1382/1437
s 184
f 1302/667/1434 1303/662/1196 1306/656/1438
f 1306/656/1438 1303/662/1196 1307/653/1198
s 186
f 1300/1381/1299 1301/1378/1435 1304/1374/1302
f 1304/1374/1302 1301/1378/1435 1305/1371/1439
s 187
f 1301/1378/1436 1302/1382/1437 1305/1371/1440
f 1305/1371/1440 1302/1382/1437 1306/1387/1441
s 184
f 1236/651/1129 1237/650/1128 1307/653/1198
f 1307/653/1198 1237/650/1128 1306/656/1438
s 187
f 1237/650/1125 1238/660/1124 1306/656/1441
f 1306/656/1441 1238/660/1124 1305/666/1440
s 186
f 1238/1369/1121 1239/1368/1120 1305/1371/1439
f 1305/1371/1439 1239/1368/1120 1304/1374/1302
s 4
f 1309/537/947 1308/536/930 947/548/982
f 947/548/982 1308/536/930 930/547/948
f 1310/539/946 1309/537/947 946/549/980
f 946/549/980 1309/537/947 947/548/982
f 1311/544/945 1310/539/946 945/551/978
f 945/551/978 1310/539/946 946/549/980
f 1312/556/944 1311/544/945 944/557/976
f 944/557/976 1311/544/945 945/551/978
f 1313/1813/943 1312/556/944 943/1815/974
f 943/1815/974 1312/556/944 944/557/976
f 1314/1812/942 1313/1813/943 942/1814/972
f 942/1814/972 1313/1813/943 943/1815/974
f 1315/618/941 1314/1812/942 941/621/970
f 941/621/970 1314/1812/942 942/1814/972
f 1316/615/940 1315/618/941 940/619/968
f 940/619/968 1315/618/941 941/621/970
f 1317/611/939 1316/615/940 939/616/966
f 939/616/966 1316/615/940 940/619/968
f 1318/602/938 1317/611/939 938/612/964
f 938/612/964 1317/611/939 939/616/966
f 1319/594/937 1318/602/938 937/603/962
f 937/603/962 1318/602/938 938/612/964
f 1320/590/936 1319/594/937 936/598/960
f 936/598/960 1319/594/937 937/603/962
f 1321/591/935 1320/590/936 935/599/958
f 935/599/958 1320/590/936 936/598/960
f 1322/1793/934 1321/1795/935 934/1796/956
f 934/1796/956 1321/1795/935 935/1798/958
f 1323/1791/933 1322/1793/934 933/1794/954
f 933/1794/954 1322/1793/934 934/1796/956
f 1324/552/932 1323/1791/933 932/566/952
f 932/566/952 1323/1791/933 933/1794/954
f 1325/541/931 1324/552/932 931/553/949
f 931/553/949 1324/552/932 932/566/952
f 1308/536/930 1325/541/931 930/547/948
f 930/547/948 1325/541/931 931/553/949
s 208
f 1344/1434/1442 1345/1435/1443 1362/1436/1444
f 1345/1435/1443 1346/1438/1445 1362/1436/1444
f 1346/1438/1445 1347/1442/1446 1362/1436/1444
f 1347/1442/1446 1348/1447/1447 1362/1436/1444
f 1348/1447/1447 1349/1453/1448 1362/1436/1444
f 1349/1453/1448 1350/1458/1449 1362/1436/1444
f 1350/1458/1449 1351/1464/1450 1362/1436/1444
f 1351/1464/1450 1352/1470/1451 1362/1436/1444
f 1352/1470/1451 1353/1476/1452 1362/1436/1444
f 1353/1476/1452 1354/1479/1453 1362/1436/1444
f 1354/1479/1453 1355/1473/1454 1362/1436/1444
f 1355/1473/1454 1356/1467/1455 1362/1436/1444
f 1356/1467/1455 1357/1461/1456 1362/1436/1444
f 1357/1461/1456 1358/1455/1457 1362/1436/1444
f 1358/1455/1457 1359/1449/1458 1362/1436/1444
f 1359/1449/1458 1360/1443/1459 1362/1436/1444
f 1360/1443/1459 1361/1439/1460 1362/1436/1444
f 1361/1439/1460 1344/1434/1442 1362/1436/1444
f 1326/776/1461 1327/777/1462 1363/1948/1463
f 1363/1948/1463 1327/777/1462 1366/1947/1464
f 1327/777/1462 1328/781/1465 1366/1947/1464
f 1366/1947/1464 1328/781/1465 1369/1946/1466
f 1328/781/1465 1329/1882/1467 1369/1946/1466
f 1369/1946/1466 1329/1882/1467 1372/1945/1468
f 1329/1882/1467 1330/1884/1469 1372/1945/1468
f 1372/1945/1468 1330/1884/1469 1375/1944/1470
f 1330/1884/1469 1331/811/1471 1375/1944/1470
f 1375/1944/1470 1331/811/1471 1378/1943/1472
f 1331/811/1471 1332/804/1473 1378/1943/1472
f 1378/1943/1472 1332/804/1473 1381/1942/1474
f 1332/804/1473 1333/797/1475 1381/1942/1474
f 1381/1942/1474 1333/797/1475 1384/1941/1476
f 1333/797/1475 1334/798/1477 1384/1941/1476
f 1384/1941/1476 1334/798/1477 1387/1940/1478
f 1334/798/1477 1335/802/1479 1387/1940/1478
f 1387/1940/1478 1335/802/1479 1390/1939/1480
f 1335/802/1479 1336/810/1481 1390/1939/1480
f 1390/1939/1480 1336/810/1481 1393/1938/1482
f 1336/810/1481 1337/815/1483 1393/1938/1482
f 1393/1938/1482 1337/815/1483 1396/816/1484
f 1337/1888/1483 1338/1889/1485 1396/1936/1484
f 1396/1936/1484 1338/1889/1485 1399/1935/1486
f 1338/1889/1485 1339/1892/1487 1399/1935/1486
f 1399/1935/1486 1339/1892/1487 1402/1934/1488
f 1339/1892/1487 1340/795/1489 1402/1934/1488
f 1402/1934/1488 1340/795/1489 1405/1933/1490
f 1340/795/1489 1341/792/1491 1405/1933/1490
f 1405/1933/1490 1341/792/1491 1408/1932/1492
f 1341/792/1491 1342/789/1493 1408/1932/1492
f 1408/1932/1492 1342/789/1493 1411/1930/1494
f 1342/789/1493 1343/783/1495 1411/1930/1494
f 1411/1930/1494 1343/783/1495 1414/1931/1496
f 1343/783/1495 1326/776/1461 1414/1931/1496
f 1414/1931/1496 1326/776/1461 1363/1948/1463
f 1365/1440/1497 1368/1437/1498 1344/1434/1442
f 1344/1434/1442 1368/1437/1498 1345/1435/1443
f 1368/1437/1498 1371/1441/1499 1345/1435/1443
f 1345/1435/1443 1371/1441/1499 1346/1438/1445
f 1371/1441/1499 1374/1446/1500 1346/1438/1445
f 1346/1438/1445 1374/1446/1500 1347/1442/1446
f 1374/1446/1500 1377/1452/1501 1347/1442/1446
f 1347/1442/1446 1377/1452/1501 1348/1447/1447
f 1377/1452/1501 1380/1457/1502 1348/1447/1447
f 1348/1447/1447 1380/1457/1502 1349/1453/1448
f 1380/1457/1502 1383/1463/1503 1349/1453/1448
f 1349/1453/1448 1383/1463/1503 1350/1458/1449
f 1383/1463/1503 1386/1469/1504 1350/1458/1449
f 1350/1458/1449 1386/1469/1504 1351/1464/1450
f 1386/1469/1504 1389/1475/1505 1351/1464/1450
f 1351/1464/1450 1389/1475/1505 1352/1470/1451
f 1389/1475/1505 1392/1481/1506 1352/1470/1451
f 1352/1470/1451 1392/1481/1506 1353/1476/1452
f 1392/1481/1506 1395/1485/1507 1353/1476/1452
f 1353/1476/1452 1395/1485/1507 1354/1479/1453
f 1395/1485/1507 1398/1483/1508 1354/1479/1453
f 1354/1479/1453 1398/1483/1508 1355/1473/1454
f 1398/1483/1508 1401/1478/1509 1355/1473/1454
f 1355/1473/1454 1401/1478/1509 1356/1467/1455
f 1401/1478/1509 1404/1472/1510 1356/1467/1455
f 1356/1467/1455 1404/1472/1510 1357/1461/1456
f 1404/1472/1510 1407/1466/1511 1357/1461/1456
f 1357/1461/1456 1407/1466/1511 1358/1455/1457
f 1407/1466/1511 1410/1460/1512 1358/1455/1457
f 1358/1455/1457 1410/1460/1512 1359/1449/1458
f 1410/1460/1512 1413/1454/1513 1359/1449/1458
f 1359/1449/1458 1413/1454/1513 1360/1443/1459
f 1413/1454/1513 1416/1448/1514 1360/1443/1459
f 1360/1443/1459 1416/1448/1514 1361/1439/1460
f 1416/1448/1514 1365/1440/1497 1361/1439/1460
f 1361/1439/1460 1365/1440/1497 1344/1434/1442
f 1363/778/1463 1364/784/1515 1414/780/1496
f 1414/780/1496 1364/784/1515 1415/788/1516
f 1364/1444/1515 1365/1440/1497 1415/1450/1516
f 1415/1450/1516 1365/1440/1497 1416/1448/1514
f 1365/1440/1497 1364/1444/1515 1368/1437/1498
f 1368/1437/1498 1364/1444/1515 1367/1445/1517
f 1364/784/1515 1363/778/1463 1367/782/1517
f 1367/782/1517 1363/778/1463 1366/779/1464
f 1368/1437/1498 1367/1445/1517 1371/1441/1499
f 1371/1441/1499 1367/1445/1517 1370/1451/1518
f 1367/782/1517 1366/779/1464 1370/786/1518
f 1370/786/1518 1366/779/1464 1369/785/1466
f 1371/1441/1499 1370/1451/1518 1374/1446/1500
f 1374/1446/1500 1370/1451/1518 1373/1456/1519
f 1370/786/1518 1369/785/1466 1373/1885/1519
f 1373/1885/1519 1369/785/1466 1372/1883/1468
f 1374/1446/1500 1373/1456/1519 1377/1452/1501
f 1377/1452/1501 1373/1456/1519 1376/1462/1520
f 1373/1885/1519 1372/1883/1468 1376/1887/1520
f 1376/1887/1520 1372/1883/1468 1375/1886/1470
f 1377/1452/1501 1376/1462/1520 1380/1457/1502
f 1380/1457/1502 1376/1462/1520 1379/1468/1521
f 1376/1887/1520 1375/1886/1470 1379/814/1521
f 1379/814/1521 1375/1886/1470 1378/808/1472
f 1380/1457/1502 1379/1468/1521 1383/1463/1503
f 1383/1463/1503 1379/1468/1521 1382/1474/1522
f 1379/814/1521 1378/808/1472 1382/809/1522
f 1382/809/1522 1378/808/1472 1381/801/1474
f 1383/1463/1503 1382/1474/1522 1386/1469/1504
f 1386/1469/1504 1382/1474/1522 1385/1480/1523
f 1382/809/1522 1381/801/1474 1385/805/1523
f 1385/805/1523 1381/801/1474 1384/799/1476
f 1386/1469/1504 1385/1480/1523 1389/1475/1505
f 1389/1475/1505 1385/1480/1523 1388/1484/1524
f 1385/805/1523 1384/799/1476 1388/803/1524
f 1388/803/1524 1384/799/1476 1387/800/1478
f 1389/1475/1505 1388/1484/1524 1392/1481/1506
f 1392/1481/1506 1388/1484/1524 1391/1487/1525
f 1388/803/1524 1387/800/1478 1391/807/1525
f 1391/807/1525 1387/800/1478 1390/806/1480
f 1392/1481/1506 1391/1487/1525 1395/1485/1507
f 1395/1485/1507 1391/1487/1525 1394/1488/1526
f 1391/807/1525 1390/806/1480 1394/813/1526
f 1394/813/1526 1390/806/1480 1393/812/1482
f 1395/1485/1507 1394/1488/1526 1398/1483/1508
f 1398/1483/1508 1394/1488/1526 1397/1486/1527
f 1394/813/1526 1393/812/1482 1397/817/1527
f 1397/817/1527 1393/812/1482 1396/1937/1484
f 1398/1483/1508 1397/1486/1527 1401/1478/1509
f 1401/1478/1509 1397/1486/1527 1400/1482/1528
f 1397/1895/1527 1396/1890/1484 1400/1893/1528
f 1400/1893/1528 1396/1890/1484 1399/1891/1486
f 1401/1478/1509 1400/1482/1528 1404/1472/1510
f 1404/1472/1510 1400/1482/1528 1403/1477/1529
f 1400/1893/1528 1399/1891/1486 1403/1896/1529
f 1403/1896/1529 1399/1891/1486 1402/1894/1488
f 1404/1472/1510 1403/1477/1529 1407/1466/1511
f 1407/1466/1511 1403/1477/1529 1406/1471/1530
f 1403/1896/1529 1402/1894/1488 1406/796/1530
f 1406/796/1530 1402/1894/1488 1405/793/1490
f 1407/1466/1511 1406/1471/1530 1410/1460/1512
f 1410/1460/1512 1406/1471/1530 1409/1465/1531
f 1406/796/1530 1405/793/1490 1409/794/1531
f 1409/794/1531 1405/793/1490 1408/790/1492
f 1410/1460/1512 1409/1465/1531 1413/1454/1513
f 1413/1454/1513 1409/1465/1531 1412/1459/1532
f 1409/794/1531 1408/790/1492 1412/791/1532
f 1412/791/1532 1408/790/1492 1411/787/1494
f 1413/1454/1513 1412/1459/1532 1416/1448/1514
f 1416/1448/1514 1412/1459/1532 1415/1450/1516
f 1412/791/1532 1411/787/1494 1415/788/1516
f 1415/788/1516 1411/787/1494 1414/780/1496
