# This file uses meters as units for non-parametric coordinates.

mtllib Chair.mtl
g default
v 27.086241 97.428818 -23.937834
v 27.086241 116.055237 -25.465046
v -26.973635 97.428818 -23.937834
v -26.973635 116.055237 -25.465046
v -26.973635 97.222702 -26.356670
v -26.973635 115.849144 -27.883884
v 27.086241 97.222702 -26.356670
v 27.086241 115.849144 -27.883884
v 0.056303 97.405159 -25.514511
v 0.056303 97.199074 -27.933350
v 0.056303 121.682472 -29.789419
v 0.056303 121.888573 -27.370584
v 13.571273 97.470032 -25.148613
v 13.571273 97.263924 -27.567450
v 13.571273 118.311623 -29.234022
v 13.571273 118.517723 -26.815186
v -13.458666 97.263924 -27.567450
v -13.458666 97.470032 -25.148613
v -13.458666 118.517723 -26.815186
v -13.458666 118.311623 -29.234022
v -20.216150 97.247368 -27.188026
v -20.216150 97.453476 -24.769199
v -20.216150 116.939934 -26.347696
v -20.216150 116.733833 -28.766535
v 20.328758 97.453476 -24.769199
v 20.328758 97.247368 -27.188026
v 20.328758 116.733833 -28.766535
v 20.328758 116.939934 -26.347696
v 6.813787 97.222473 -27.854136
v 6.813787 97.428589 -25.435289
v 6.813787 120.791763 -27.250010
v 6.813787 120.585648 -29.668850
v -6.701181 97.428589 -25.435289
v -6.701181 97.222473 -27.854136
v -6.701181 120.585648 -29.668850
v -6.701181 120.791763 -27.250010
v 27.086241 106.390373 -24.701441
v 20.328758 106.715973 -25.558437
v 13.571273 107.249344 -25.981897
v -13.458666 107.249344 -25.981897
v -20.216150 106.715973 -25.558437
v -26.973635 106.390373 -24.701441
v -26.973635 106.184265 -27.120268
v -20.216150 106.509865 -27.977285
v -13.458666 107.043243 -28.400734
v 13.571273 107.043243 -28.400734
v 20.328758 106.509865 -27.977285
v 27.086241 106.184265 -27.120268
v 27.086241 101.909599 -24.319635
v 20.328758 102.084724 -25.163824
v 13.571273 102.359680 -25.565254
v 6.813787 102.752876 -25.888977
v -6.701181 102.752876 -25.888977
v -13.458666 102.359680 -25.565254
v -20.216150 102.084724 -25.163824
v -26.973635 101.909599 -24.319635
v -26.973635 101.703484 -26.738474
v -20.216150 101.878601 -27.582657
v -13.458666 102.153580 -27.984091
v -6.701181 102.546745 -28.307802
v 6.813787 102.546745 -28.307802
v 13.571273 102.153580 -27.984091
v 20.328758 101.878601 -27.582657
v 27.086241 101.703484 -26.738474
v 6.813787 113.401466 -26.796333
v 13.571273 112.139008 -26.398540
v 20.328758 111.347206 -25.953070
v 27.086241 110.871155 -25.083244
v 27.086241 110.665047 -27.502083
v 20.328758 111.141075 -28.371893
v 13.571273 111.932892 -28.817379
v 6.813787 113.195351 -29.215172
v -6.701181 113.195351 -29.215172
v -13.458666 111.932892 -28.817379
v -20.216150 111.141075 -28.371893
v -26.973635 110.665047 -27.502083
v -26.973635 110.871155 -25.083244
v -20.216150 111.347206 -25.953070
v -13.458666 112.139008 -26.398540
v -6.701181 113.401466 -26.796333
v 8.165284 97.436897 -25.377960
v 8.165284 97.230766 -27.796799
v 8.165284 102.468109 -28.243073
v 8.165284 107.705490 -28.689342
v 8.165284 112.942863 -29.135612
v 8.165284 120.246231 -29.581886
v 8.165284 120.452332 -27.163046
v 8.165284 113.148972 -26.716774
v 8.165284 107.911606 -26.270504
v 8.165284 102.674240 -25.824232
v -8.052680 97.230766 -27.796797
v -8.052680 97.436897 -25.377960
v -8.052680 102.674240 -25.824232
v -8.052680 107.911606 -26.270504
v -8.052680 113.148972 -26.716774
v -8.052680 120.452332 -27.163046
v -8.052680 120.246231 -29.581882
v -8.052680 112.942863 -29.135612
v -8.052680 107.705490 -28.689342
v -8.052680 102.468109 -28.243073
v 0.056303 116.413254 -27.134174
v 6.813787 114.466316 -26.887070
v 8.165284 114.196434 -26.806025
v 13.571274 113.116920 -26.481869
v 20.328758 112.273468 -26.031996
v 27.086241 111.767311 -25.159603
v 27.086241 111.561203 -27.578442
v 20.328758 112.067352 -28.450834
v 13.571273 112.910828 -28.900709
v 8.165284 113.990326 -29.224867
v 6.813787 114.260216 -29.305904
v 0.056303 116.207153 -29.553013
v -6.701181 114.260216 -29.305904
v -8.052680 113.990326 -29.224867
v -13.458666 112.910828 -28.900709
v -20.216150 112.067352 -28.450834
v -26.973639 111.561203 -27.578442
v -26.973639 111.767311 -25.159603
v -20.216150 112.273468 -26.031996
v -13.458666 113.116920 -26.481869
v -8.052680 114.196434 -26.806025
v -6.701181 114.466316 -26.887070
v 27.086241 101.013443 -24.243277
v 20.328758 101.158470 -25.084881
v 13.571273 101.381760 -25.481915
v 8.165284 101.626762 -25.734976
v 6.813787 101.688019 -25.798241
v 0.056303 100.185776 -25.751444
v -6.701181 101.688019 -25.798241
v -8.052680 101.626762 -25.734976
v -13.458666 101.381760 -25.481915
v -20.216150 101.158470 -25.084881
v -26.973635 101.013443 -24.243277
v -26.973635 100.807289 -26.662115
v -20.216150 100.952362 -27.503738
v -13.458666 101.175652 -27.900764
v -8.052680 101.420662 -28.153814
v -6.701181 101.481911 -28.217077
v 0.056303 99.979675 -28.170286
v 6.813787 101.481911 -28.217077
v 8.165284 101.420662 -28.153816
v 13.571274 101.175652 -27.900764
v 20.328758 100.952362 -27.503738
v 27.086241 100.807289 -26.662115
v 27.086241 107.734604 -24.815981
v 20.328758 108.105347 -25.676836
v 13.571273 108.716240 -26.106892
v 8.165284 109.482773 -26.404383
v 6.813787 109.674454 -26.478758
v -6.701181 109.674454 -26.478758
v -8.052680 109.482773 -26.404383
v -13.458666 108.716240 -26.106892
v -20.216150 108.105347 -25.676836
v -26.973635 107.734604 -24.815981
v -26.973635 107.528503 -27.234818
v -20.216150 107.899239 -28.095673
v -13.458666 108.510139 -28.525730
v -8.052680 109.276688 -28.823225
v -6.701181 109.468346 -28.897598
v 6.813787 109.468346 -28.897598
v 8.165284 109.276688 -28.823225
v 13.571273 108.510139 -28.525730
v 20.328758 107.899239 -28.095673
v 27.086241 107.528503 -27.234818
v 20.328758 105.326599 -25.440060
v 27.086241 105.046135 -24.586899
v 27.086241 104.840034 -27.005737
v 20.328758 105.120491 -27.858898
v 13.571273 105.576347 -28.275743
v 8.165284 106.134293 -28.555460
v 6.813787 106.273773 -28.625389
v -6.701181 106.273773 -28.625389
v -8.052680 106.134293 -28.555460
v -13.458666 105.576347 -28.275743
v -20.216150 105.120491 -27.858898
v -26.973635 104.840034 -27.005737
v -26.973635 105.046135 -24.586899
v -20.216150 105.326599 -25.440060
v -13.458666 105.782448 -25.856905
v -8.052680 106.340363 -26.136618
v -6.701181 106.479881 -26.206551
v 6.813787 106.479881 -26.206551
v 8.165284 106.340363 -26.136618
v 13.571273 105.782448 -25.856905
v -1.970942 97.412201 -25.490746
v -1.970942 97.206093 -27.909584
v -1.633069 99.951729 -28.143539
v -1.633069 101.294983 -28.257996
v -1.633069 106.401779 -28.693142
v -1.633069 109.647324 -28.969690
v -1.633069 114.727486 -29.402557
v -1.633069 116.211922 -29.519356
v -1.970942 121.543892 -29.753248
v -1.970942 121.750000 -27.334410
v -1.633069 116.418053 -27.100513
v -1.633069 114.933586 -26.983730
v -1.633069 109.853432 -26.550856
v -1.633069 106.607887 -26.274305
v -1.633069 101.501091 -25.839157
v -1.633069 100.157837 -25.724701
v 2.083549 97.206093 -27.909584
v 2.083549 97.412201 -25.490746
v 1.745675 100.157837 -25.724701
v 1.745675 101.501091 -25.839157
v 1.745675 106.607887 -26.274305
v 1.745675 109.853432 -26.550856
v 1.745675 114.933586 -26.983730
v 1.745675 116.418053 -27.100513
v 2.083549 121.750000 -27.334410
v 2.083549 121.543892 -29.753248
v 1.745675 116.211922 -29.519356
v 1.745675 114.727486 -29.402557
v 1.745675 109.647324 -28.969690
v 1.745675 106.401779 -28.693142
v 1.745675 101.294983 -28.257996
v 1.745675 99.951729 -28.143539
v -1.633069 111.060608 -29.090117
v -6.701181 110.586433 -28.992867
v -8.052680 110.376556 -28.916941
v -13.458666 109.536964 -28.613224
v -20.216150 108.871796 -28.178526
v -26.973635 108.469467 -27.315001
v -26.973635 108.675537 -24.896149
v -20.216150 109.077904 -25.759705
v -13.458666 109.743073 -26.194386
v -8.052680 110.582649 -26.498100
v -6.701181 110.792557 -26.574030
v -1.633069 111.266716 -26.671280
v 1.745675 111.266716 -26.671280
v 6.813787 110.792557 -26.574030
v 8.165284 110.582649 -26.498100
v 13.571273 109.743073 -26.194386
v 20.328758 109.077904 -25.759705
v 27.086241 108.675537 -24.896149
v 27.086241 108.469467 -27.315001
v 20.328758 108.871796 -28.178526
v 13.571273 109.536964 -28.613224
v 8.165284 110.376556 -28.916941
v 6.813787 110.586433 -28.992867
v 1.745675 111.060608 -29.090117
v 1.745675 104.977219 -28.571754
v 6.813787 105.155670 -28.530115
v 8.165284 105.034439 -28.461744
v 13.571273 104.549507 -28.188246
v 20.328758 104.147926 -27.776028
v 27.086241 103.899071 -26.925560
v 27.086241 104.105171 -24.506721
v 20.328758 104.354042 -25.357191
v 13.571273 104.755623 -25.769411
v 8.165284 105.240547 -26.042906
v 6.813787 105.361778 -26.111279
v 1.745675 105.183327 -26.152918
v -1.633069 105.183327 -26.152918
v -6.701181 105.361778 -26.111279
v -8.052680 105.240547 -26.042906
v -13.458666 104.755623 -25.769411
v -20.216150 104.354042 -25.357191
v -26.973635 104.105171 -24.506721
v -26.973635 103.899071 -26.925560
v -20.216150 104.147926 -27.776028
v -13.458666 104.549507 -28.188246
v -8.052680 105.034439 -28.461744
v -6.701181 105.155670 -28.530115
v -1.633069 104.977219 -28.571754
v -2.916991 109.817635 -26.536434
v -2.916991 110.949982 -26.632921
v -2.916991 113.592201 -26.858061
v -2.421441 116.425003 -27.084877
v -2.916991 121.685326 -27.317530
v -2.916991 121.479218 -29.736364
v -2.421441 116.218903 -29.503727
v -2.916991 113.386086 -29.276899
v -2.916991 110.743896 -29.051762
v -2.916991 109.611481 -28.955269
v 3.029597 109.611481 -28.955269
v 3.029597 110.743896 -29.051762
v 3.029597 113.386086 -29.276899
v 2.534048 116.218903 -29.503723
v 3.029597 121.479218 -29.736364
v 3.029597 121.685326 -27.317530
v 2.534048 116.425003 -27.084877
v 3.029597 113.592201 -26.858061
v 3.029597 110.949982 -26.632921
v 3.029597 109.817635 -26.536434
v 3.029597 106.582245 -26.260752
v 3.029597 105.449905 -26.164263
v 3.029597 102.807716 -25.939123
v 2.534048 100.144791 -25.712212
v 3.029597 97.415482 -25.479656
v 3.029597 97.209373 -27.898497
v 2.534048 99.938690 -28.131062
v 3.029597 102.601616 -28.357965
v 3.029597 105.243813 -28.583105
v 3.029597 106.376175 -28.679592
v -2.916991 106.376175 -28.679592
v -2.916991 105.243813 -28.583105
v -2.916991 102.601616 -28.357965
v -2.421441 99.938690 -28.131060
v -2.916991 97.209373 -27.898493
v -2.916991 97.415482 -25.479656
v -2.421441 100.144791 -25.712212
v -2.916991 102.807716 -25.939123
v -2.916991 105.449905 -26.164263
v -2.916991 106.582245 -26.260752
v -23.056894 17.086498 -24.124985
v -23.056894 17.086498 23.928240
v -25.831463 51.516579 24.263981
v 25.825750 51.516579 24.263981
v 25.825750 51.516579 21.296909
v -25.831463 51.516579 21.296909
v -25.831463 51.516579 -21.311609
v 25.825750 51.516579 -21.311609
v 25.825750 51.516579 -24.278681
v -25.831463 51.516579 -24.278681
v 27.086241 70.405334 -21.753769
v 27.086241 82.499519 -22.784304
v -26.973635 70.405334 -21.753769
v -26.973635 82.499519 -22.784304
v -26.973635 70.199226 -24.172607
v -26.973635 82.293411 -25.203142
v 27.086241 70.199226 -24.172607
v 27.086241 82.293411 -25.203142
v 0.056303 69.705170 -23.447861
v 0.056303 69.499069 -25.866699
v 0.056303 82.696861 -26.991268
v 0.056303 82.902962 -24.572432
v 13.571273 69.957291 -23.005346
v 13.571273 69.751190 -25.424185
v 13.571273 82.523247 -26.512484
v 13.571273 82.729355 -24.093645
v -13.458666 69.751190 -25.424185
v -13.458666 69.957291 -23.005346
v -13.458666 82.729355 -24.093645
v -13.458666 82.523247 -26.512484
v -20.216150 70.059013 -25.023891
v -20.216150 70.265121 -22.605053
v -20.216150 82.493683 -23.647038
v -20.216150 82.287582 -26.065876
v 20.328758 70.265121 -22.605053
v 20.328758 70.059013 -25.023891
v 20.328758 82.287582 -26.065876
v 20.328758 82.493683 -23.647038
v 6.813787 69.507584 -25.766806
v 6.813787 69.713684 -23.347967
v 6.813787 82.911476 -24.472540
v 6.813787 82.705376 -26.891376
v -6.701181 69.713684 -23.347967
v -6.701181 69.507584 -25.766806
v -6.701181 82.705376 -26.891376
v -6.701181 82.911476 -24.472540
v -23.137562 51.516579 22.386229
v -23.137562 51.516579 -22.383356
v -26.359562 51.516579 -22.383356
v -26.359562 51.516579 22.386229
v 26.353846 51.516579 22.386229
v 26.353846 51.516579 -22.383356
v 23.131849 51.516579 -22.383356
v 23.131849 51.516579 22.386229
v 22.544329 0.219147 24.833696
v 27.399532 0.219147 24.833696
v 22.544329 54.279018 24.833696
v 27.399532 54.279018 24.833696
v 22.544329 54.279018 19.978491
v 27.399532 54.279018 19.978491
v 22.544329 0.219147 19.978491
v 27.399532 0.219147 19.978491
v -26.704206 51.535511 24.275967
v 26.703043 51.535511 24.275967
v -26.704206 51.535511 -24.276077
v 26.703043 51.535511 -24.276077
v -27.434317 0.219154 -20.067373
v -22.579111 0.219154 -20.067373
v -27.434317 54.279018 -20.067373
v -22.579111 54.279018 -20.067373
v -27.434317 54.279018 -24.922579
v -22.579111 54.279018 -24.922579
v -27.434317 0.219154 -24.922579
v -22.579111 0.219154 -24.922579
v -27.434317 54.279018 -20.067373
v -22.579111 54.279018 -20.067373
v -22.579111 54.279018 -24.922579
v -27.434317 54.279018 -24.922579
v -27.434317 117.396675 -27.229689
v -27.434317 115.218803 -24.873312
v -27.434317 116.320541 -25.247465
v -27.434317 117.110291 -26.101942
v -22.579111 117.396675 -27.229689
v -22.579111 117.110291 -26.101942
v -22.579111 116.320541 -25.247465
v -22.579111 115.218803 -24.873312
v -22.579111 116.203636 -29.483196
v -22.579111 117.074684 -28.678141
v -22.579111 117.396675 -27.536575
v -22.579111 115.040283 -29.714441
v -27.434317 117.396675 -27.536575
v -27.434317 117.074684 -28.678141
v -27.434317 116.203636 -29.483196
v -27.434317 115.040283 -29.714441
v 22.544329 0.219154 -20.067373
v 27.399532 0.219154 -20.067373
v 22.544329 54.279018 -20.067373
v 27.399532 54.279018 -20.067373
v 22.544329 54.279018 -24.922579
v 27.399532 54.279018 -24.922579
v 22.544329 0.219154 -24.922579
v 27.399532 0.219154 -24.922579
v 22.544329 54.279018 -20.067373
v 27.399532 54.279018 -20.067373
v 27.399532 54.279018 -24.922579
v 22.544329 54.279018 -24.922579
v 22.544329 117.396675 -27.229689
v 22.544329 115.218803 -24.873312
v 22.544329 116.320541 -25.247465
v 22.544329 117.110291 -26.101942
v 27.399532 117.396675 -27.229689
v 27.399532 117.110291 -26.101942
v 27.399532 116.320541 -25.247465
v 27.399532 115.218803 -24.873312
v 27.399532 116.203636 -29.483196
v 27.399532 117.074684 -28.678141
v 27.399532 117.396675 -27.536575
v 27.399532 115.040283 -29.714441
v 22.544329 117.396675 -27.536575
v 22.544329 117.074684 -28.678141
v 22.544329 116.203636 -29.483196
v 22.544329 115.040283 -29.714441
v -27.434305 0.219147 24.833696
v -22.579102 0.219147 24.833696
v -27.434305 54.279018 24.833696
v -22.579102 54.279018 24.833696
v -27.434305 54.279018 19.978491
v -22.579102 54.279018 19.978491
v -27.434305 0.219147 19.978491
v -22.579102 0.219147 19.978491
v -23.353573 13.579960 -24.124985
v -23.056894 13.876637 -24.124985
v -23.143791 13.666855 -24.124985
v -23.353573 13.579960 23.928240
v -23.143791 13.666855 23.928240
v -23.056894 13.876637 23.928240
v -26.625345 13.666855 23.928240
v -26.415564 13.579960 23.928240
v -26.712240 13.876637 23.928240
v -26.415564 13.579960 -24.124985
v -26.625345 13.666855 -24.124985
v -26.712240 13.876637 -24.124985
v -26.625345 16.999601 23.928240
v -26.712240 16.789820 23.928240
v -26.415564 17.086498 23.928240
v -26.415564 17.086498 -24.124985
v -26.712240 16.789820 -24.124985
v -26.625345 16.999601 -24.124985
v 26.528168 13.579960 -24.124985
v 26.824846 13.876637 -24.124985
v 26.737949 13.666855 -24.124985
v 26.528168 13.579960 23.928240
v 26.737949 13.666855 23.928240
v 26.824846 13.876637 23.928240
v 26.528168 17.086498 -24.124985
v 26.737949 16.999601 -24.124985
v 26.824846 16.789820 -24.124985
v 26.528168 17.086498 23.928240
v 26.824846 16.789820 23.928240
v 26.737949 16.999601 23.928240
v 23.256395 13.666855 23.928240
v 23.466177 13.579960 23.928240
v 23.169500 13.876637 23.928240
v 23.466177 13.579960 -24.124985
v 23.256395 13.666855 -24.124985
v 23.169500 13.876637 -24.124985
v 23.256395 16.999601 23.928240
v 23.169500 16.789820 23.928240
v 23.466177 17.086498 23.928240
v 23.466177 17.086498 -24.124985
v 23.169500 16.789820 -24.124985
v 23.256395 16.999601 -24.124985
v -25.831463 48.117939 23.967304
v -25.831463 48.204830 24.177084
v -25.831463 48.414616 24.263981
v 25.825750 48.414616 24.263981
v 25.825750 48.204830 24.177084
v 25.825750 48.117939 23.967304
v 25.825750 48.117939 21.593586
v 25.825750 48.204830 21.383804
v 25.825750 48.414616 21.296909
v -25.831463 48.414616 21.296909
v -25.831463 48.204830 21.383804
v -25.831463 48.117939 21.593586
v 27.086241 19.335123 23.703516
v 27.086241 19.631800 24.000193
v 27.086241 19.422018 23.913298
v -26.973635 19.335123 23.703516
v -26.973635 19.422018 23.913298
v -26.973635 19.631800 24.000193
v 27.086241 22.841660 23.703516
v 27.086241 22.754763 23.913298
v 27.086241 22.544981 24.000193
v -26.973635 22.841660 23.703516
v -26.973635 22.544981 24.000193
v -26.973635 22.754763 23.913298
v -26.973635 19.422018 20.796339
v -26.973635 19.335123 21.006121
v -26.973635 19.631800 20.709442
v 27.086241 19.335123 21.006121
v 27.086241 19.422018 20.796339
v 27.086241 19.631800 20.709442
v -26.973635 22.754763 20.796339
v -26.973635 22.544981 20.709442
v -26.973635 22.841660 21.006121
v 27.086241 22.841660 21.006121
v 27.086241 22.544981 20.709442
v 27.086241 22.754763 20.796339
v -25.831463 48.117939 -21.608286
v -25.831463 48.204830 -21.398504
v -25.831463 48.414616 -21.311609
v 25.825750 48.414616 -21.311609
v 25.825750 48.204830 -21.398504
v 25.825750 48.117939 -21.608286
v 25.825750 48.117939 -23.982002
v 25.825750 48.204830 -24.191784
v 25.825750 48.414616 -24.278681
v -25.831463 48.414616 -24.278681
v -25.831463 48.204830 -24.191784
v -25.831463 48.117939 -23.982002
v -23.434238 48.117939 22.386229
v -23.224457 48.204830 22.386229
v -23.137562 48.414616 22.386229
v -23.137562 48.414616 -22.383356
v -23.224457 48.204830 -22.383356
v -23.434238 48.117939 -22.383356
v -26.062885 48.117939 -22.383356
v -26.272667 48.204830 -22.383356
v -26.359562 48.414616 -22.383356
v -26.359562 48.414616 22.386229
v -26.272667 48.204830 22.386229
v -26.062885 48.117939 22.386229
v 26.057169 48.117939 22.386229
v 26.266951 48.204830 22.386229
v 26.353846 48.414616 22.386229
v 26.353846 48.414616 -22.383356
v 26.266951 48.204830 -22.383356
v 26.057169 48.117939 -22.383356
v 23.428526 48.117939 -22.383356
v 23.218746 48.204830 -22.383356
v 23.131849 48.414616 -22.383356
v 23.131849 48.414616 22.386229
v 23.218746 48.204830 22.386229
v 23.428526 48.117939 22.386229
v 27.086241 19.335123 -21.202864
v 27.086241 19.631800 -20.906187
v 27.086241 19.422018 -20.993082
v -26.973635 19.335123 -21.202864
v -26.973635 19.422018 -20.993082
v -26.973635 19.631800 -20.906187
v 27.086241 22.841660 -21.202864
v 27.086241 22.754763 -20.993082
v 27.086241 22.544981 -20.906187
v -26.973635 22.841660 -21.202864
v -26.973635 22.544981 -20.906187
v -26.973635 22.754763 -20.993082
v -26.973635 19.422018 -24.110041
v -26.973635 19.335123 -23.900261
v -26.973635 19.631800 -24.196938
v 27.086241 19.335123 -23.900261
v 27.086241 19.422018 -24.110041
v 27.086241 19.631800 -24.196938
v -26.973635 22.754763 -24.110041
v -26.973635 22.544981 -24.196938
v -26.973635 22.841660 -23.900261
v 27.086241 22.841660 -23.900261
v 27.086241 22.544981 -24.196938
v 27.086241 22.754763 -24.110041
v -26.704206 53.477642 24.275967
v -26.562014 53.820923 24.133776
v -26.218735 53.963116 23.790495
v 26.217571 53.963116 23.790495
v 26.560850 53.820923 24.133776
v 26.703043 53.477642 24.275967
v -26.218735 53.963116 -23.790606
v -26.562014 53.820923 -24.133886
v -26.704206 53.477642 -24.276077
v 26.217571 53.963116 -23.790606
v 26.560850 53.820923 -24.133886
v 26.703043 53.477642 -24.276077
v 26.561735 53.419411 6.781091
v 27.341160 52.377396 6.953451
v 26.584116 51.975578 7.947660
v 26.604681 51.687641 6.113891
v 26.561735 53.430305 14.648164
v 27.341160 52.375057 14.603815
v 26.584116 51.778446 15.494859
v 26.604681 51.871548 13.640957
v 14.890141 53.430305 -24.057888
v 14.845793 52.375057 -24.837313
v 15.736837 51.778446 -24.080269
v 13.882935 51.871548 -24.100834
v 7.023068 53.419411 -24.057888
v 7.195428 52.377396 -24.837313
v 8.189637 51.975578 -24.080269
v 6.355868 51.687641 -24.100834
v 0.265407 53.431618 -24.057888
v 0.254929 52.375488 -24.837313
v 1.164650 51.807762 -24.080269
v -0.691284 51.841351 -24.100834
v -7.008773 53.429176 -24.057888
v -7.070894 52.374825 -24.837313
v -6.190029 51.763283 -24.080269
v -8.042098 51.887608 -24.100834
v -14.766570 53.419411 -24.057888
v -14.594211 52.377396 -24.837313
v -13.600000 51.975578 -24.080269
v -15.433770 51.687641 -24.100834
v 26.561735 53.431618 0.023429
v 27.341160 52.375488 0.012951
v 26.584116 51.807762 0.922673
v 26.604681 51.841351 -0.933261
v 26.561735 53.429176 -7.250750
v 27.341160 52.374825 -7.312871
v 26.584116 51.763283 -6.432006
v 26.604681 51.887608 -8.284076
v -26.497028 53.430305 -14.957063
v -27.276455 52.375057 -14.912715
v -26.519411 51.778446 -15.803759
v -26.539976 51.871548 -13.949857
v -26.497028 53.419411 -7.089991
v -27.276455 52.377396 -7.262351
v -26.519411 51.975578 -8.256560
v -26.539976 51.687641 -6.422791
v -26.497028 53.431618 -0.332329
v -27.276455 52.375488 -0.321851
v -26.519411 51.807762 -1.231573
v -26.539976 51.841351 0.624361
v -26.497028 53.429176 6.941850
v -27.276455 52.374825 7.003971
v -26.519411 51.763283 6.123106
v -26.539976 51.887608 7.975176
v -26.497028 53.419411 14.699648
v -27.276455 52.377396 14.527288
v -26.519411 51.975578 13.533078
v -26.539976 51.687641 15.366848
v 26.561735 53.419411 -15.008547
v 27.341160 52.377396 -14.836187
v 26.584116 51.975578 -13.841978
v 26.604681 51.687641 -15.675748
v -14.715086 53.430305 24.097538
v -14.670738 52.375057 24.876963
v -15.561781 51.778446 24.119919
v -13.707880 51.871548 24.140486
v -6.848013 53.419411 24.097538
v -7.020373 52.377396 24.876963
v -8.014583 51.975578 24.119919
v -6.180814 51.687641 24.140486
v -0.090352 53.431618 24.097538
v -0.079874 52.375488 24.876963
v -0.989595 51.807762 24.119919
v 0.866339 51.841351 24.140486
v 7.183827 53.429176 24.097538
v 7.245948 52.374825 24.876963
v 6.365083 51.763283 24.119919
v 8.217154 51.887608 24.140486
v 14.941625 53.419411 24.097538
v 14.769265 52.377396 24.876963
v 13.775056 51.975578 24.119919
v 15.608825 51.687641 24.140486
vt 0.955228 0.977129
vt 0.953530 0.977129
vt 0.953530 0.978827
vt 0.955228 0.978827
vt 0.955228 0.977129
vt 0.953530 0.977129
vt 0.955228 0.978827
vt 0.953530 0.978827
vt 0.964973 0.977129
vt 0.963274 0.977129
vt 0.963274 0.978827
vt 0.964973 0.978827
vt 0.964973 0.977129
vt 0.963274 0.977129
vt 0.964973 0.978827
vt 0.963274 0.978827
vt 0.866168 0.614816
vt 0.864463 0.634832
vt 0.852662 0.613666
vt 0.850956 0.633681
vt 0.850530 0.638685
vt 0.864036 0.639836
vt 0.849485 0.650945
vt 0.862992 0.652096
vt 0.849038 0.656199
vt 0.862544 0.657350
vt 0.848398 0.663705
vt 0.861905 0.664856
vt 0.847759 0.671211
vt 0.861265 0.672362
vt 0.847311 0.676465
vt 0.860817 0.677616
vt 0.846266 0.688725
vt 0.859773 0.689876
vt 0.845840 0.693729
vt 0.859346 0.694880
vt 0.844134 0.717672
vt 0.857641 0.718823
vt 0.886875 0.613666
vt 0.888580 0.633681
vt 0.873369 0.614816
vt 0.875074 0.634832
vt 0.875500 0.639836
vt 0.889007 0.638685
vt 0.876545 0.652096
vt 0.890051 0.650945
vt 0.876993 0.657350
vt 0.890499 0.656199
vt 0.877632 0.664856
vt 0.891139 0.663705
vt 0.878272 0.672362
vt 0.891778 0.671211
vt 0.878720 0.677616
vt 0.892226 0.676465
vt 0.879764 0.689876
vt 0.893271 0.688725
vt 0.880191 0.694880
vt 0.893697 0.693729
vt 0.895403 0.717672
vt 0.881896 0.718823
vt 0.960155 0.651511
vt 0.959591 0.643183
vt 0.973662 0.650360
vt 0.973097 0.642032
vt 0.957846 0.622708
vt 0.971352 0.621557
vt 0.957174 0.614816
vt 0.970680 0.613666
vt 0.998008 0.614816
vt 0.997335 0.622708
vt 0.984502 0.613666
vt 0.983829 0.621557
vt 0.995591 0.643183
vt 0.982084 0.642032
vt 0.981520 0.650360
vt 0.995026 0.651511
vt 0.831820 0.897472
vt 0.832343 0.891330
vt 0.845326 0.898622
vt 0.845849 0.892481
vt 0.833091 0.882557
vt 0.846597 0.883708
vt 0.833838 0.873784
vt 0.847345 0.874934
vt 0.834361 0.867642
vt 0.847868 0.868793
vt 0.961878 0.692742
vt 0.961200 0.684787
vt 0.975384 0.691591
vt 0.974706 0.683637
vt 0.959448 0.664226
vt 0.972954 0.663076
vt 0.972246 0.655502
vt 0.958739 0.656653
vt 0.952604 0.687490
vt 0.951895 0.695064
vt 0.939098 0.686340
vt 0.938389 0.693913
vt 0.950143 0.715625
vt 0.936637 0.714474
vt 0.949465 0.723579
vt 0.935959 0.722428
vt 0.812178 0.898622
vt 0.811655 0.892481
vt 0.825684 0.897472
vt 0.825161 0.891330
vt 0.810907 0.883708
vt 0.824414 0.882557
vt 0.810160 0.874934
vt 0.823666 0.873784
vt 0.809636 0.868793
vt 0.823143 0.867642
vt 0.486699 0.881986
vt 0.486699 0.613665
vt 0.504622 0.881986
vt 0.485527 0.881986
vt 0.504622 0.613665
vt 0.485527 0.613665
vt 0.512035 0.881986
vt 0.512035 0.613665
vt 0.528302 0.881986
vt 0.510864 0.881986
vt 0.528302 0.613665
vt 0.510864 0.613665
vt 0.529473 0.613665
vt 0.529473 0.881986
vt 0.591942 0.881986
vt 0.591942 0.613665
vt 0.608209 0.881986
vt 0.590771 0.881986
vt 0.608209 0.613665
vt 0.590771 0.613665
vt 0.609380 0.613665
vt 0.609380 0.881986
vt 0.617278 0.881986
vt 0.617278 0.613665
vt 0.633545 0.881986
vt 0.616107 0.881986
vt 0.633545 0.613665
vt 0.616107 0.613665
vt 0.634716 0.613665
vt 0.634716 0.881986
vt 0.921863 0.614816
vt 0.916109 0.682348
vt 0.908357 0.613666
vt 0.902603 0.681197
vt 0.943395 0.613666
vt 0.949149 0.681197
vt 0.929888 0.614816
vt 0.935642 0.682348
vt 0.714506 0.863651
vt 0.697185 0.863651
vt 0.714506 0.613666
vt 0.697185 0.613666
vt 0.696014 0.863651
vt 0.696014 0.613666
vt 0.739843 0.863651
vt 0.722522 0.863651
vt 0.739843 0.613666
vt 0.722522 0.613666
vt 0.721350 0.863651
vt 0.721350 0.613666
vt 0.788566 0.863651
vt 0.771246 0.863651
vt 0.788566 0.613666
vt 0.771246 0.613666
vt 0.770074 0.863651
vt 0.770074 0.613666
vt 0.813903 0.863651
vt 0.796582 0.863651
vt 0.813903 0.613665
vt 0.796582 0.613665
vt 0.795411 0.863651
vt 0.795411 0.613665
vt 0.748348 0.307813
vt 0.775458 0.307813
vt 0.748348 0.609674
vt 0.775458 0.609674
vt 0.715102 0.307813
vt 0.742212 0.307813
vt 0.715102 0.609674
vt 0.742212 0.609674
vt 0.482380 0.307813
vt 0.509491 0.307813
vt 0.482380 0.609674
vt 0.509491 0.609674
vt 0.449135 0.307813
vt 0.476245 0.307813
vt 0.449135 0.609674
vt 0.476245 0.609674
vt 0.001992 0.001961
vt 0.029103 0.001961
vt 0.028828 0.342238
vt 0.055860 0.341241
vt 0.030917 0.348390
vt 0.035688 0.352800
vt 0.041985 0.354399
vt 0.054568 0.347737
vt 0.043699 0.354399
vt 0.050073 0.352601
vt 0.116472 0.001961
vt 0.089636 0.342238
vt 0.089361 0.001961
vt 0.062604 0.341241
vt 0.087547 0.348390
vt 0.082776 0.352800
vt 0.076479 0.354399
vt 0.063896 0.347737
vt 0.074765 0.354399
vt 0.068391 0.352601
vt 0.349397 0.351729
vt 0.376507 0.351729
vt 0.349397 0.653589
vt 0.376507 0.653589
vt 0.316151 0.351729
vt 0.343262 0.351729
vt 0.316151 0.653589
vt 0.343262 0.653589
vt 0.123022 0.001961
vt 0.150133 0.001961
vt 0.149857 0.342238
vt 0.176889 0.341241
vt 0.151947 0.348390
vt 0.156718 0.352800
vt 0.163015 0.354399
vt 0.175598 0.347737
vt 0.164729 0.354399
vt 0.171103 0.352601
vt 0.237307 0.001961
vt 0.210471 0.342238
vt 0.210196 0.001961
vt 0.183439 0.341241
vt 0.208382 0.348390
vt 0.203611 0.352800
vt 0.197314 0.354399
vt 0.184731 0.347737
vt 0.195600 0.354399
vt 0.189226 0.352601
vt 0.615364 0.307813
vt 0.642475 0.307813
vt 0.615364 0.609674
vt 0.642475 0.609674
vt 0.582118 0.307813
vt 0.609229 0.307813
vt 0.582118 0.609674
vt 0.609229 0.609674
vt 0.383924 0.969112
vt 0.383439 0.967940
vt 0.385095 0.969597
vt 0.383439 0.951674
vt 0.400157 0.969597
vt 0.401328 0.969112
vt 0.401814 0.967940
vt 0.383924 0.950502
vt 0.385095 0.950017
vt 0.401814 0.951674
vt 0.400157 0.950017
vt 0.401328 0.950502
vt 0.359414 0.969112
vt 0.358928 0.967940
vt 0.360585 0.969597
vt 0.375647 0.969597
vt 0.358928 0.951674
vt 0.376818 0.969112
vt 0.377303 0.967940
vt 0.359414 0.950502
vt 0.360585 0.950017
vt 0.377303 0.951674
vt 0.375647 0.950017
vt 0.376818 0.950502
vt 0.334903 0.969112
vt 0.334418 0.967940
vt 0.336075 0.969597
vt 0.334418 0.951674
vt 0.351136 0.969597
vt 0.352308 0.969112
vt 0.352793 0.967940
vt 0.334903 0.950502
vt 0.336075 0.950017
vt 0.352793 0.951674
vt 0.351136 0.950017
vt 0.352308 0.950502
vt 0.310393 0.972129
vt 0.309908 0.970958
vt 0.311564 0.972614
vt 0.326626 0.972614
vt 0.309908 0.954691
vt 0.327798 0.972129
vt 0.328283 0.970958
vt 0.310393 0.953520
vt 0.311564 0.953035
vt 0.328283 0.954691
vt 0.326626 0.953035
vt 0.327798 0.953520
vt 0.446548 0.884771
vt 0.446548 0.613666
vt 0.457393 0.884771
vt 0.457393 0.613666
vt 0.459309 0.614459
vt 0.459309 0.883977
vt 0.466038 0.884771
vt 0.466038 0.613666
vt 0.476882 0.884771
vt 0.476882 0.613666
vt 0.478799 0.614459
vt 0.478799 0.883977
vt 0.672627 0.001961
vt 0.686133 0.001961
vt 0.677555 0.039694
vt 0.691061 0.039694
vt 0.680165 0.077426
vt 0.693672 0.077426
vt 0.682108 0.107612
vt 0.695614 0.107612
vt 0.682593 0.115159
vt 0.696100 0.115159
vt 0.696477 0.136289
vt 0.682970 0.136289
vt 0.683065 0.141572
vt 0.696571 0.141572
vt 0.683267 0.152891
vt 0.696773 0.152891
vt 0.696571 0.164211
vt 0.683065 0.164211
vt 0.696477 0.169494
vt 0.682970 0.169494
vt 0.682593 0.190624
vt 0.696100 0.190624
vt 0.695614 0.198171
vt 0.682108 0.198171
vt 0.693672 0.228357
vt 0.680165 0.228357
vt 0.691061 0.266089
vt 0.677555 0.266089
vt 0.686133 0.303822
vt 0.672627 0.303822
vt 0.726120 0.001961
vt 0.721478 0.039694
vt 0.712614 0.001961
vt 0.707972 0.039694
vt 0.719359 0.077426
vt 0.705853 0.077426
vt 0.718079 0.107612
vt 0.704572 0.107612
vt 0.717759 0.115159
vt 0.704252 0.115159
vt 0.717511 0.136289
vt 0.704004 0.136289
vt 0.717449 0.141572
vt 0.703942 0.141572
vt 0.717316 0.152891
vt 0.703810 0.152891
vt 0.703942 0.164211
vt 0.717449 0.164211
vt 0.704004 0.169494
vt 0.717511 0.169494
vt 0.704252 0.190624
vt 0.717759 0.190624
vt 0.704572 0.198171
vt 0.718079 0.198171
vt 0.705853 0.228357
vt 0.719359 0.228357
vt 0.707972 0.266089
vt 0.721478 0.266089
vt 0.712614 0.303822
vt 0.726120 0.303822
vt 0.803501 0.867642
vt 0.803414 0.872045
vt 0.789995 0.867642
vt 0.789907 0.872045
vt 0.803226 0.881478
vt 0.789719 0.881478
vt 0.789907 0.890911
vt 0.803414 0.890911
vt 0.789995 0.895313
vt 0.803501 0.895313
vt 0.874937 0.758660
vt 0.875017 0.751491
vt 0.888443 0.758660
vt 0.888524 0.751491
vt 0.875339 0.730361
vt 0.888846 0.730361
vt 0.875231 0.722815
vt 0.888738 0.722815
vt 0.868726 0.751491
vt 0.855220 0.751491
vt 0.868423 0.730361
vt 0.855295 0.758660
vt 0.854917 0.730361
vt 0.868802 0.758660
vt 0.867509 0.722815
vt 0.854003 0.722815
vt 0.769859 0.895313
vt 0.769928 0.890911
vt 0.783365 0.895313
vt 0.783435 0.890911
vt 0.770078 0.881478
vt 0.783584 0.881478
vt 0.783435 0.872045
vt 0.769928 0.872045
vt 0.783365 0.867642
vt 0.769859 0.867642
vt 0.929502 0.693509
vt 0.915995 0.693509
vt 0.929421 0.686340
vt 0.916317 0.714639
vt 0.915915 0.686340
vt 0.929824 0.714639
vt 0.916209 0.722186
vt 0.929716 0.722186
vt 0.895895 0.751114
vt 0.896197 0.729984
vt 0.909401 0.751114
vt 0.909704 0.729984
vt 0.908487 0.758660
vt 0.896273 0.722815
vt 0.894981 0.758660
vt 0.909779 0.722815
vt 0.556125 0.881986
vt 0.537371 0.881986
vt 0.556125 0.613665
vt 0.537371 0.613665
vt 0.536200 0.881986
vt 0.536200 0.613665
vt 0.564657 0.881986
vt 0.564657 0.613666
vt 0.581754 0.881986
vt 0.563485 0.881986
vt 0.581754 0.613666
vt 0.563485 0.613666
vt 0.582926 0.613666
vt 0.582926 0.881986
vt 0.659712 0.613665
vt 0.659712 0.881986
vt 0.642615 0.613665
vt 0.660884 0.613665
vt 0.642615 0.881986
vt 0.660884 0.881986
vt 0.641443 0.881986
vt 0.641443 0.613665
vt 0.669900 0.881986
vt 0.669900 0.613666
vt 0.686998 0.881986
vt 0.668729 0.881986
vt 0.686998 0.613666
vt 0.668729 0.613666
vt 0.688169 0.613666
vt 0.688169 0.881986
vt 0.363526 0.657581
vt 0.363526 0.946025
vt 0.350272 0.657581
vt 0.364698 0.657581
vt 0.350272 0.946025
vt 0.364698 0.946025
vt 0.349100 0.946025
vt 0.349100 0.657581
vt 0.981775 0.609674
vt 0.981775 0.307813
vt 0.996837 0.609674
vt 0.980603 0.609674
vt 0.996837 0.307813
vt 0.980603 0.307813
vt 0.998008 0.307813
vt 0.998008 0.609674
vt 0.784888 0.303822
vt 0.784888 0.001961
vt 0.799950 0.303822
vt 0.783717 0.303822
vt 0.799950 0.001961
vt 0.783717 0.001961
vt 0.801121 0.001961
vt 0.801121 0.303822
vt 0.437586 0.613666
vt 0.437586 0.902110
vt 0.424332 0.613666
vt 0.438758 0.613666
vt 0.424332 0.902110
vt 0.438758 0.902110
vt 0.423161 0.902110
vt 0.423161 0.613666
vt 0.888960 0.001961
vt 0.902467 0.001961
vt 0.893778 0.039694
vt 0.907284 0.039694
vt 0.896271 0.077426
vt 0.909778 0.077426
vt 0.898387 0.115159
vt 0.911893 0.115159
vt 0.898945 0.152891
vt 0.912451 0.152891
vt 0.911893 0.190624
vt 0.898387 0.190624
vt 0.909778 0.228357
vt 0.896271 0.228357
vt 0.907284 0.266089
vt 0.893778 0.266089
vt 0.902467 0.303822
vt 0.888960 0.303822
vt 0.894591 0.307813
vt 0.889838 0.345546
vt 0.881085 0.307813
vt 0.876331 0.345546
vt 0.887602 0.383278
vt 0.874096 0.383278
vt 0.885689 0.421011
vt 0.872183 0.421011
vt 0.885131 0.458744
vt 0.871625 0.458744
vt 0.872183 0.496476
vt 0.885689 0.496476
vt 0.874096 0.534209
vt 0.887602 0.534209
vt 0.876331 0.571941
vt 0.889838 0.571941
vt 0.881085 0.609674
vt 0.894591 0.609674
vt 0.762536 0.613666
vt 0.762536 0.863651
vt 0.747858 0.613666
vt 0.763707 0.613666
vt 0.747858 0.863651
vt 0.763707 0.863651
vt 0.746687 0.863651
vt 0.746687 0.613666
vt 0.836596 0.613666
vt 0.836596 0.863651
vt 0.821918 0.613666
vt 0.837768 0.613666
vt 0.821918 0.863651
vt 0.837768 0.863651
vt 0.820747 0.863651
vt 0.820747 0.613666
vt 0.971988 0.303822
vt 0.971988 0.001961
vt 0.987049 0.303822
vt 0.970816 0.303822
vt 0.987049 0.001961
vt 0.970816 0.001961
vt 0.988221 0.001961
vt 0.988221 0.303822
vt 0.849257 0.609674
vt 0.849257 0.307813
vt 0.864319 0.609674
vt 0.848085 0.609674
vt 0.864319 0.307813
vt 0.848085 0.307813
vt 0.865490 0.307813
vt 0.865490 0.609674
vt 0.736613 0.867642
vt 0.763723 0.867642
vt 0.736613 0.894753
vt 0.763723 0.894753
vt 0.703367 0.867642
vt 0.730477 0.867642
vt 0.703367 0.894753
vt 0.730477 0.894753
vt 0.038910 0.656607
vt 0.038910 0.358390
vt 0.310016 0.656607
vt 0.310016 0.358390
vt 0.684648 0.913088
vt 0.684648 0.885978
vt 0.686362 0.913088
vt 0.678351 0.913088
vt 0.686362 0.885978
vt 0.678351 0.885978
vt 0.692736 0.885978
vt 0.673580 0.913088
vt 0.692736 0.913088
vt 0.673580 0.885978
vt 0.697232 0.885978
vt 0.697232 0.913088
vt 0.640334 0.885978
vt 0.667445 0.885978
vt 0.640334 0.913088
vt 0.667445 0.913088
vt 0.521878 0.913088
vt 0.521878 0.885978
vt 0.523591 0.913088
vt 0.515581 0.913088
vt 0.523591 0.885978
vt 0.515581 0.885978
vt 0.529966 0.885978
vt 0.510809 0.913088
vt 0.529966 0.913088
vt 0.510809 0.885978
vt 0.534461 0.885978
vt 0.534461 0.913088
vt 0.607088 0.885978
vt 0.634199 0.885978
vt 0.607088 0.913088
vt 0.634199 0.913088
vt 0.573842 0.885978
vt 0.600953 0.885978
vt 0.573842 0.913088
vt 0.600953 0.913088
vt 0.540596 0.885978
vt 0.567707 0.885978
vt 0.540596 0.913088
vt 0.567707 0.913088
vt 0.023593 0.955310
vt 0.021676 0.957227
vt 0.023593 0.662515
vt 0.291195 0.957227
vt 0.021676 0.660598
vt 0.289278 0.955310
vt 0.289278 0.662515
vt 0.291195 0.660598
vt 0.384314 0.001961
vt 0.404330 0.001961
vt 0.384451 0.039694
vt 0.405139 0.039694
vt 0.409334 0.001961
vt 0.384544 0.077426
vt 0.410311 0.039694
vt 0.406386 0.077426
vt 0.421593 0.001961
vt 0.384359 0.107612
vt 0.422983 0.039694
vt 0.411847 0.077426
vt 0.407754 0.107612
vt 0.426847 0.001961
vt 0.384312 0.115159
vt 0.428414 0.039694
vt 0.425225 0.077426
vt 0.413603 0.107612
vt 0.408096 0.115159
vt 0.434353 0.001961
vt 0.399479 0.139056
vt 0.436172 0.039694
vt 0.430959 0.077426
vt 0.427933 0.107612
vt 0.414042 0.115159
vt 0.414348 0.136289
vt 0.384239 0.136289
vt 0.441859 0.001961
vt 0.407053 0.143458
vt 0.384221 0.141572
vt 0.443929 0.039694
vt 0.439150 0.077426
vt 0.434074 0.107612
vt 0.428610 0.115159
vt 0.427613 0.143458
vt 0.399552 0.143458
vt 0.447113 0.001961
vt 0.434853 0.115159
vt 0.429102 0.136289
vt 0.384182 0.152891
vt 0.449360 0.039694
vt 0.447341 0.077426
vt 0.442848 0.107612
vt 0.435568 0.143458
vt 0.399708 0.152891
vt 0.459373 0.001961
vt 0.435425 0.136289
vt 0.399552 0.162325
vt 0.462031 0.039694
vt 0.453074 0.077426
vt 0.451621 0.107612
vt 0.384221 0.164211
vt 0.464377 0.001961
vt 0.399479 0.166727
vt 0.467204 0.039694
vt 0.466453 0.077426
vt 0.457762 0.107612
vt 0.384239 0.169494
vt 0.488320 0.001961
vt 0.384312 0.190624
vt 0.493260 0.039694
vt 0.471913 0.077426
vt 0.472092 0.107612
vt 0.408096 0.190624
vt 0.458934 0.115159
vt 0.414348 0.169494
vt 0.407754 0.198171
vt 0.502070 0.077426
vt 0.477941 0.107612
vt 0.473502 0.115159
vt 0.452691 0.115159
vt 0.407053 0.162325
vt 0.414042 0.190624
vt 0.413603 0.198171
vt 0.384359 0.198171
vt 0.459813 0.136289
vt 0.453491 0.136289
vt 0.427613 0.162325
vt 0.428610 0.190624
vt 0.411847 0.228357
vt 0.406386 0.228357
vt 0.512873 0.107612
vt 0.479448 0.115159
vt 0.474567 0.136289
vt 0.429102 0.169494
vt 0.427933 0.198171
vt 0.425225 0.228357
vt 0.384544 0.228357
vt 0.461582 0.143458
vt 0.453690 0.143458
vt 0.435568 0.162325
vt 0.434853 0.190624
vt 0.410311 0.266089
vt 0.422983 0.266089
vt 0.405139 0.266089
vt 0.514768 0.115159
vt 0.490385 0.139056
vt 0.482057 0.143458
vt 0.435425 0.169494
vt 0.430959 0.228357
vt 0.428414 0.266089
vt 0.384451 0.266089
vt 0.434074 0.198171
vt 0.409334 0.303822
vt 0.421593 0.303822
vt 0.426847 0.303822
vt 0.404330 0.303822
vt 0.519758 0.136289
vt 0.439150 0.228357
vt 0.436172 0.266089
vt 0.434353 0.303822
vt 0.384314 0.303822
vt 0.520119 0.141572
vt 0.442848 0.198171
vt 0.490346 0.143458
vt 0.447341 0.228357
vt 0.443929 0.266089
vt 0.441859 0.303822
vt 0.490319 0.152891
vt 0.451621 0.198171
vt 0.520893 0.152891
vt 0.453074 0.228357
vt 0.449360 0.266089
vt 0.447113 0.303822
vt 0.520119 0.164211
vt 0.457762 0.198171
vt 0.490346 0.162325
vt 0.466453 0.228357
vt 0.462031 0.266089
vt 0.459373 0.303822
vt 0.490385 0.166727
vt 0.472092 0.198171
vt 0.519758 0.169494
vt 0.458934 0.190624
vt 0.471913 0.228357
vt 0.467204 0.266089
vt 0.464377 0.303822
vt 0.514768 0.190624
vt 0.452691 0.190624
vt 0.473502 0.190624
vt 0.477941 0.198171
vt 0.479448 0.190624
vt 0.453491 0.169494
vt 0.459813 0.169494
vt 0.502070 0.228357
vt 0.493260 0.266089
vt 0.488320 0.303822
vt 0.474567 0.169494
vt 0.512873 0.198171
vt 0.482057 0.162325
vt 0.453690 0.162325
vt 0.461582 0.162325
vt 0.644157 0.039694
vt 0.644967 0.001961
vt 0.664845 0.039694
vt 0.639963 0.001961
vt 0.664983 0.001961
vt 0.664753 0.077426
vt 0.638985 0.039694
vt 0.642911 0.077426
vt 0.627703 0.001961
vt 0.664938 0.107612
vt 0.637450 0.077426
vt 0.626314 0.039694
vt 0.641542 0.107612
vt 0.622449 0.001961
vt 0.664984 0.115159
vt 0.635694 0.107612
vt 0.624072 0.077426
vt 0.620883 0.039694
vt 0.641200 0.115159
vt 0.614943 0.001961
vt 0.649818 0.139056
vt 0.635255 0.115159
vt 0.621364 0.107612
vt 0.618338 0.077426
vt 0.613125 0.039694
vt 0.665058 0.136289
vt 0.634948 0.136289
vt 0.607437 0.001961
vt 0.665076 0.141572
vt 0.642244 0.143458
vt 0.620687 0.115159
vt 0.615222 0.107612
vt 0.610147 0.077426
vt 0.605367 0.039694
vt 0.649745 0.143458
vt 0.621683 0.143458
vt 0.620195 0.136289
vt 0.614443 0.115159
vt 0.602183 0.001961
vt 0.665115 0.152891
vt 0.606449 0.107612
vt 0.601956 0.077426
vt 0.599937 0.039694
vt 0.649589 0.152891
vt 0.613729 0.143458
vt 0.613872 0.136289
vt 0.589923 0.001961
vt 0.649745 0.162325
vt 0.597676 0.107612
vt 0.596222 0.077426
vt 0.587265 0.039694
vt 0.665076 0.164211
vt 0.584919 0.001961
vt 0.649818 0.166727
vt 0.591534 0.107612
vt 0.582844 0.077426
vt 0.582093 0.039694
vt 0.665058 0.169494
vt 0.560976 0.001961
vt 0.664984 0.190624
vt 0.577205 0.107612
vt 0.577383 0.077426
vt 0.556036 0.039694
vt 0.641200 0.190624
vt 0.590362 0.115159
vt 0.634948 0.169494
vt 0.641542 0.198171
vt 0.596606 0.115159
vt 0.575795 0.115159
vt 0.571356 0.107612
vt 0.547226 0.077426
vt 0.635255 0.190624
vt 0.642244 0.162325
vt 0.664938 0.198171
vt 0.635694 0.198171
vt 0.595806 0.136289
vt 0.589483 0.136289
vt 0.620687 0.190624
vt 0.621683 0.162325
vt 0.642911 0.228357
vt 0.637450 0.228357
vt 0.574730 0.136289
vt 0.569849 0.115159
vt 0.536424 0.107612
vt 0.621364 0.198171
vt 0.620195 0.169494
vt 0.664753 0.228357
vt 0.624072 0.228357
vt 0.595606 0.143458
vt 0.587715 0.143458
vt 0.614443 0.190624
vt 0.613729 0.162325
vt 0.644157 0.266089
vt 0.638985 0.266089
vt 0.626314 0.266089
vt 0.567240 0.143458
vt 0.558912 0.139056
vt 0.534529 0.115159
vt 0.618338 0.228357
vt 0.613872 0.169494
vt 0.664845 0.266089
vt 0.620883 0.266089
vt 0.615222 0.198171
vt 0.644967 0.303822
vt 0.639963 0.303822
vt 0.627703 0.303822
vt 0.622449 0.303822
vt 0.529539 0.136289
vt 0.610147 0.228357
vt 0.613125 0.266089
vt 0.664983 0.303822
vt 0.614943 0.303822
vt 0.529178 0.141572
vt 0.606449 0.198171
vt 0.558951 0.143458
vt 0.601956 0.228357
vt 0.605367 0.266089
vt 0.607437 0.303822
vt 0.558977 0.152891
vt 0.597676 0.198171
vt 0.528404 0.152891
vt 0.596222 0.228357
vt 0.599937 0.266089
vt 0.602183 0.303822
vt 0.529178 0.164211
vt 0.591534 0.198171
vt 0.558951 0.162325
vt 0.582844 0.228357
vt 0.587265 0.266089
vt 0.589923 0.303822
vt 0.558912 0.166727
vt 0.577205 0.198171
vt 0.529539 0.169494
vt 0.590362 0.190624
vt 0.577383 0.228357
vt 0.582093 0.266089
vt 0.584919 0.303822
vt 0.534529 0.190624
vt 0.575795 0.190624
vt 0.596606 0.190624
vt 0.571356 0.198171
vt 0.569849 0.190624
vt 0.589483 0.169494
vt 0.595806 0.169494
vt 0.547226 0.228357
vt 0.556036 0.266089
vt 0.560976 0.303822
vt 0.574730 0.169494
vt 0.536424 0.198171
vt 0.567240 0.162325
vt 0.587715 0.162325
vt 0.595606 0.162325
vt 0.316920 0.949043
vt 0.299599 0.949043
vt 0.316920 0.660598
vt 0.299599 0.660598
vt 0.298428 0.949043
vt 0.298428 0.660598
vt 0.323764 0.657581
vt 0.341085 0.657581
vt 0.323764 0.946025
vt 0.341085 0.946025
vt 0.342256 0.657581
vt 0.342256 0.946025
vt 0.734215 0.303822
vt 0.734215 0.001961
vt 0.750482 0.303822
vt 0.733044 0.303822
vt 0.750482 0.001961
vt 0.733044 0.001961
vt 0.751653 0.001961
vt 0.751653 0.303822
vt 0.775819 0.001961
vt 0.775819 0.303822
vt 0.759552 0.001961
vt 0.776990 0.001961
vt 0.759552 0.303822
vt 0.776990 0.303822
vt 0.758380 0.303822
vt 0.758380 0.001961
vt 0.390980 0.946025
vt 0.373659 0.946025
vt 0.390980 0.657581
vt 0.373659 0.657581
vt 0.372488 0.946025
vt 0.372488 0.657581
vt 0.397824 0.613666
vt 0.415145 0.613666
vt 0.397824 0.902110
vt 0.415145 0.902110
vt 0.416317 0.613666
vt 0.416317 0.902110
vt 0.812963 0.001961
vt 0.880495 0.001961
vt 0.812180 0.039694
vt 0.880462 0.039694
vt 0.810461 0.077426
vt 0.881778 0.077426
vt 0.809101 0.115159
vt 0.882795 0.115159
vt 0.809053 0.152891
vt 0.882747 0.152891
vt 0.809101 0.190624
vt 0.882795 0.190624
vt 0.810461 0.228357
vt 0.881778 0.228357
vt 0.812180 0.266089
vt 0.880462 0.266089
vt 0.812963 0.303822
vt 0.880495 0.303822
vt 0.971341 0.345546
vt 0.903059 0.345546
vt 0.970559 0.307813
vt 0.901743 0.383278
vt 0.903027 0.307813
vt 0.973060 0.383278
vt 0.900726 0.421011
vt 0.974420 0.421011
vt 0.900774 0.458744
vt 0.974468 0.458744
vt 0.900726 0.496476
vt 0.974420 0.496476
vt 0.901743 0.534209
vt 0.973060 0.534209
vt 0.903059 0.571941
vt 0.971341 0.571941
vt 0.903027 0.609674
vt 0.970559 0.609674
vt 0.921315 0.303822
vt 0.921315 0.001961
vt 0.937581 0.303822
vt 0.920143 0.303822
vt 0.937581 0.001961
vt 0.920143 0.001961
vt 0.938753 0.001961
vt 0.938753 0.303822
vt 0.962918 0.001961
vt 0.962918 0.303822
vt 0.946651 0.001961
vt 0.964089 0.001961
vt 0.946651 0.303822
vt 0.964089 0.303822
vt 0.945480 0.303822
vt 0.945480 0.001961
vt 0.814839 0.307813
vt 0.841950 0.307813
vt 0.814839 0.609674
vt 0.841950 0.609674
vt 0.781594 0.307813
vt 0.808704 0.307813
vt 0.781594 0.609674
vt 0.808704 0.609674
vt 0.548872 0.307813
vt 0.575983 0.307813
vt 0.548872 0.609674
vt 0.575983 0.609674
vt 0.515626 0.307813
vt 0.542737 0.307813
vt 0.515626 0.609674
vt 0.542737 0.609674
vt 0.243857 0.001961
vt 0.270968 0.001961
vt 0.243857 0.342238
vt 0.270968 0.342238
vt 0.270968 0.348390
vt 0.243857 0.348390
vt 0.341130 0.347737
vt 0.314019 0.347737
vt 0.341130 0.008457
vt 0.314019 0.008457
vt 0.314019 0.001961
vt 0.341130 0.001961
vt 0.415889 0.307813
vt 0.442999 0.307813
vt 0.415889 0.609674
vt 0.442999 0.609674
vt 0.382643 0.307813
vt 0.409753 0.307813
vt 0.382643 0.609674
vt 0.409753 0.609674
vt 0.278938 0.001961
vt 0.306049 0.001961
vt 0.278938 0.342238
vt 0.306049 0.342238
vt 0.306049 0.348390
vt 0.278938 0.348390
vt 0.376211 0.347737
vt 0.349100 0.347737
vt 0.376211 0.008457
vt 0.349100 0.008457
vt 0.349100 0.001961
vt 0.376211 0.001961
vt 0.681856 0.307813
vt 0.708966 0.307813
vt 0.681856 0.609674
vt 0.708966 0.609674
vt 0.648610 0.307813
vt 0.675721 0.307813
vt 0.648610 0.609674
vt 0.675721 0.609674
vt 0.504674 0.885978
vt 0.504674 0.904732
vt 0.486751 0.885978
vt 0.485579 0.886463
vt 0.485094 0.887634
vt 0.504189 0.905903
vt 0.503018 0.906388
vt 0.485094 0.904732
vt 0.485579 0.905903
vt 0.486751 0.906388
vt 0.459379 0.888763
vt 0.477302 0.888763
vt 0.459379 0.907517
vt 0.478474 0.889248
vt 0.478959 0.890420
vt 0.459864 0.908688
vt 0.461036 0.909174
vt 0.478959 0.907517
vt 0.478474 0.908688
vt 0.477302 0.909174
vt 0.452759 0.926027
vt 0.451587 0.926512
vt 0.453244 0.924856
vt 0.435321 0.926512
vt 0.453244 0.907758
vt 0.434149 0.926027
vt 0.433664 0.924856
vt 0.452759 0.906587
vt 0.451587 0.906102
vt 0.435321 0.906102
vt 0.433664 0.907758
vt 0.434149 0.906587
vt 0.408434 0.906587
vt 0.409605 0.906102
vt 0.407949 0.907758
vt 0.407949 0.924856
vt 0.425872 0.906102
vt 0.427043 0.906587
vt 0.427529 0.907758
vt 0.408434 0.926027
vt 0.409605 0.926512
vt 0.425872 0.926512
vt 0.427529 0.924856
vt 0.427043 0.926027
vt 0.032774 0.655813
vt 0.030858 0.656607
vt 0.032774 0.359184
vt 0.030858 0.358390
vt 0.020013 0.358390
vt 0.020013 0.656607
vt 0.003909 0.656607
vt 0.003909 0.358390
vt 0.014753 0.656607
vt 0.001992 0.655813
vt 0.014753 0.358390
vt 0.001992 0.359184
vt 0.205956 0.965906
vt 0.203713 0.971458
vt 0.202105 0.961218
vt 0.211775 0.964944
vt 0.267475 0.966595
vt 0.264144 0.971570
vt 0.264663 0.961218
vt 0.273367 0.966842
vt 0.040067 0.961738
vt 0.039827 0.970442
vt 0.044179 0.964550
vt 0.039952 0.961218
vt 0.106864 0.961218
vt 0.107104 0.970888
vt 0.102752 0.965070
vt 0.019092 0.961406
vt 0.018852 0.970286
vt 0.023204 0.964388
vt 0.018977 0.961218
vt 0.061042 0.961913
vt 0.060802 0.970520
vt 0.065154 0.964633
vt 0.060927 0.961218
vt 0.096377 0.961218
vt 0.096616 0.970888
vt 0.092264 0.965070
vt 0.297875 0.966502
vt 0.294705 0.971582
vt 0.294893 0.961218
vt 0.303772 0.966560
vt 0.221325 0.966641
vt 0.217910 0.971560
vt 0.218604 0.961218
vt 0.227212 0.966988
vt 0.258008 0.966842
vt 0.248785 0.971570
vt 0.252116 0.966595
vt 0.249304 0.961218
vt 0.190151 0.965906
vt 0.187907 0.971458
vt 0.186300 0.961218
vt 0.195969 0.964944
vt 0.288570 0.966560
vt 0.279503 0.971582
vt 0.282673 0.966502
vt 0.279690 0.961218
vt 0.242649 0.966988
vt 0.233347 0.971560
vt 0.236762 0.966641
vt 0.234041 0.961218
vt 0.174346 0.965906
vt 0.172102 0.971458
vt 0.170494 0.961218
vt 0.180164 0.964944
vt 0.158541 0.965906
vt 0.156297 0.971458
vt 0.154689 0.961218
vt 0.164359 0.964944
vt 0.029339 0.970442
vt 0.029464 0.961218
vt 0.033692 0.964550
vt 0.029579 0.961738
vt 0.008364 0.669666
vt 0.008489 0.660598
vt 0.012717 0.663768
vt 0.008604 0.660786
vt 0.050314 0.970520
vt 0.050439 0.961218
vt 0.054666 0.964633
vt 0.050554 0.961913
vt 0.138191 0.965906
vt 0.133964 0.971458
vt 0.134079 0.961218
vt 0.085889 0.961218
vt 0.086129 0.970888
vt 0.081777 0.965070
vt 0.127829 0.965906
vt 0.123602 0.971458
vt 0.123716 0.961218
vt 0.075402 0.961218
vt 0.075641 0.970888
vt 0.071289 0.965070
vt 0.113239 0.966770
vt 0.117466 0.961218
vt 0.117351 0.971458
vt 0.144327 0.966770
vt 0.148554 0.961218
vt 0.148439 0.971458
vt 0.001992 0.681719
vt 0.002117 0.673657
vt 0.006344 0.675901
vt 0.013881 0.982339
vt 0.014006 0.974277
vt 0.018233 0.976521
vt 0.025574 0.982496
vt 0.025699 0.974434
vt 0.029927 0.976677
vt 0.037268 0.982496
vt 0.037393 0.974434
vt 0.041620 0.976677
vn -0.121370 0.084274 0.989023
vn -0.121370 0.084272 0.989024
vn -0.088710 0.084563 0.992462
vn -0.087965 0.084572 0.992527
vn -1.000000 0.000000 0.000000
vn -1.000000 0.000000 0.000000
vn -1.000000 0.000000 0.000000
vn -1.000000 -0.000000 0.000000
vn 0.087966 -0.084573 -0.992527
vn 0.121370 -0.084274 -0.989023
vn 0.088711 -0.084570 -0.992461
vn 0.121370 -0.084275 -0.989023
vn 1.000000 -0.000002 0.000000
vn 1.000000 -0.000000 0.000000
vn 1.000000 -0.000001 0.000000
vn 1.000000 0.000000 0.000000
vn 0.140141 0.986557 -0.084060
vn 0.140141 0.986557 -0.084060
vn 0.184322 0.979318 -0.083443
vn 0.189155 0.978402 -0.083365
vn -0.014080 -0.996290 0.084897
vn -0.010835 -0.996331 0.084897
vn -0.014080 -0.996290 0.084897
vn -0.010447 -0.996335 0.084898
vn 0.010447 -0.996335 0.084901
vn 0.010835 -0.996331 0.084900
vn 0.014080 -0.996290 0.084897
vn 0.014080 -0.996290 0.084897
vn -0.121369 -0.084275 -0.989023
vn -0.121370 -0.084274 -0.989023
vn -0.088711 -0.084570 -0.992461
vn -0.087965 -0.084573 -0.992527
vn -0.189155 0.978402 -0.083365
vn -0.140141 0.986557 -0.084060
vn -0.184322 0.979318 -0.083443
vn -0.140141 0.986557 -0.084060
vn 0.087965 0.084572 0.992527
vn 0.121369 0.084272 0.989024
vn 0.088710 0.084563 0.992461
vn 0.121370 0.084274 0.989023
vn 0.002464 -0.996387 0.084899
vn 0.000000 -0.996390 0.084896
vn 0.002460 -0.996387 0.084900
vn 0.000000 -0.996390 0.084893
vn 0.000000 -0.084903 -0.996389
vn 0.013610 -0.083964 -0.996376
vn 0.000000 -0.083897 -0.996474
vn 0.012090 -0.083214 -0.996458
vn 0.069457 0.993983 -0.084701
vn 0.069459 0.993983 -0.084697
vn 0.000000 0.996389 -0.084902
vn 0.000000 0.996390 -0.084899
vn -0.012091 0.083213 0.996458
vn -0.013612 0.083962 0.996376
vn -0.000000 0.083896 0.996475
vn 0.000000 0.084901 0.996389
vn -0.002460 -0.996387 0.084900
vn -0.002464 -0.996387 0.084899
vn 0.013612 0.083963 0.996376
vn 0.012091 0.083213 0.996458
vn -0.069459 0.993983 -0.084697
vn -0.069457 0.993983 -0.084701
vn -0.012091 -0.083214 -0.996458
vn -0.013612 -0.083964 -0.996376
vn 0.002739 -0.996386 0.084903
vn 0.003040 -0.996385 0.084901
vn 0.049737 0.084797 0.995156
vn 0.049877 0.084792 0.995150
vn -0.282918 0.955681 -0.081431
vn -0.280192 0.956478 -0.081500
vn -0.049876 -0.084796 -0.995149
vn -0.049736 -0.084796 -0.995156
vn -0.003040 -0.996385 0.084904
vn -0.002739 -0.996385 0.084906
vn 0.049736 -0.084796 -0.995156
vn 0.049876 -0.084796 -0.995149
vn 0.280192 0.956478 -0.081500
vn 0.282918 0.955681 -0.081431
vn -0.049877 0.084792 0.995150
vn -0.049737 0.084797 0.995156
vn 0.002511 -0.996385 0.084910
vn 0.002510 -0.996385 0.084912
vn -0.042753 0.084823 0.995478
vn -0.042754 0.084825 0.995478
vn 0.323220 0.942907 -0.080341
vn 0.321875 0.943364 -0.080379
vn 0.042754 -0.084825 -0.995478
vn 0.042753 -0.084824 -0.995478
vn -0.002510 -0.996385 0.084912
vn -0.002511 -0.996386 0.084908
vn -0.042754 -0.084824 -0.995478
vn -0.042754 -0.084825 -0.995478
vn -0.321875 0.943364 -0.080379
vn -0.323220 0.942907 -0.080341
vn 0.042754 0.084825 0.995478
vn 0.042753 0.084823 0.995478
vn -0.122304 0.073121 0.989795
vn -0.121763 0.069134 0.990149
vn -0.090540 0.070726 0.993378
vn -0.083973 0.065749 0.994297
vn -0.051885 0.066280 0.996451
vn -0.049499 0.060071 0.996966
vn -0.045397 0.056991 0.997342
vn -0.045570 0.062131 0.997027
vn -0.020081 0.045086 0.998781
vn -0.015529 0.044098 0.998907
vn 0.000001 0.044563 0.999007
vn 0.000000 0.043137 0.999069
vn 0.020082 0.045086 0.998781
vn 0.015529 0.044098 0.998907
vn 0.051885 0.066280 0.996451
vn 0.045570 0.062131 0.997027
vn 0.049499 0.060071 0.996966
vn 0.045397 0.056992 0.997342
vn 0.090539 0.070726 0.993378
vn 0.083973 0.065749 0.994297
vn 0.122305 0.073122 0.989795
vn 0.121763 0.069134 0.990149
vn -1.000000 0.000000 0.000000
vn -1.000000 -0.000000 -0.000000
vn -1.000000 0.000001 -0.000000
vn -1.000000 0.000001 -0.000000
vn -0.122305 -0.073122 -0.989795
vn -0.121763 -0.069134 -0.990149
vn -0.090539 -0.070728 -0.993378
vn -0.083973 -0.065749 -0.994297
vn -0.051886 -0.066280 -0.996451
vn -0.049499 -0.060070 -0.996966
vn -0.045398 -0.056991 -0.997342
vn -0.045570 -0.062130 -0.997027
vn -0.020077 -0.045085 -0.998782
vn -0.015528 -0.044096 -0.998907
vn -0.000000 -0.044562 -0.999007
vn -0.000000 -0.043137 -0.999069
vn 0.020077 -0.045085 -0.998781
vn 0.015528 -0.044097 -0.998907
vn 0.051886 -0.066280 -0.996451
vn 0.045569 -0.062130 -0.997027
vn 0.049500 -0.060070 -0.996966
vn 0.045399 -0.056991 -0.997342
vn 0.090540 -0.070728 -0.993378
vn 0.083974 -0.065749 -0.994296
vn 0.122304 -0.073122 -0.989795
vn 0.121763 -0.069134 -0.990149
vn 1.000000 0.000000 0.000000
vn 1.000000 0.000000 0.000000
vn 1.000000 0.000000 0.000000
vn 1.000000 0.000001 0.000000
vn -0.121371 0.084273 0.989023
vn -0.121371 0.084274 0.989023
vn -0.088808 0.084562 0.992453
vn -0.088558 0.084568 0.992475
vn -0.049960 0.084794 0.995145
vn -0.049890 0.084796 0.995149
vn -0.042754 0.084825 0.995478
vn -0.042753 0.084824 0.995478
vn 0.049960 0.084794 0.995145
vn 0.042753 0.084824 0.995478
vn 0.049890 0.084796 0.995149
vn 0.042754 0.084825 0.995478
vn 0.088807 0.084561 0.992453
vn 0.088558 0.084568 0.992475
vn 0.121372 0.084274 0.989023
vn 0.121371 0.084273 0.989023
vn -1.000000 -0.000002 0.000000
vn -1.000000 -0.000000 0.000000
vn -1.000000 -0.000001 0.000000
vn -1.000000 0.000002 0.000000
vn -0.121371 -0.084269 -0.989024
vn -0.121371 -0.084274 -0.989023
vn -0.088808 -0.084565 -0.992452
vn -0.088559 -0.084568 -0.992474
vn -0.049961 -0.084796 -0.995145
vn -0.049889 -0.084796 -0.995149
vn -0.042754 -0.084825 -0.995478
vn -0.042754 -0.084824 -0.995478
vn 0.049961 -0.084796 -0.995145
vn 0.042754 -0.084824 -0.995478
vn 0.049889 -0.084796 -0.995149
vn 0.042754 -0.084825 -0.995478
vn 0.088809 -0.084566 -0.992452
vn 0.088559 -0.084568 -0.992475
vn 0.121370 -0.084269 -0.989024
vn 0.121371 -0.084274 -0.989023
vn 1.000000 0.000000 0.000000
vn 1.000000 0.000000 0.000000
vn 1.000000 -0.000001 0.000000
vn 1.000000 -0.000000 0.000000
vn -0.042754 0.084824 0.995478
vn -0.049805 0.084796 0.995153
vn -0.088268 0.084574 0.992500
vn -0.121371 0.084271 0.989024
vn 1.000000 -0.000000 0.000000
vn 1.000000 0.000000 0.000000
vn 0.121371 -0.084279 -0.989023
vn 0.088267 -0.084563 -0.992501
vn 0.049806 -0.084796 -0.995153
vn 0.042754 -0.084824 -0.995478
vn -0.042754 -0.084824 -0.995478
vn -0.049806 -0.084796 -0.995153
vn -0.088267 -0.084564 -0.992501
vn -0.121371 -0.084279 -0.989023
vn -1.000000 -0.000002 0.000000
vn -1.000000 0.000004 0.000000
vn 0.121371 0.084271 0.989024
vn 0.088268 0.084574 0.992500
vn 0.049805 0.084795 0.995153
vn 0.042754 0.084824 0.995478
vn 0.002473 -0.996386 0.084903
vn 0.002470 -0.996386 0.084903
vn 0.018726 -0.085198 -0.996188
vn 0.019502 -0.084501 -0.996233
vn 0.025902 -0.063086 -0.997672
vn 0.021291 -0.052391 -0.998400
vn 0.235083 0.968466 -0.082523
vn 0.234914 0.968506 -0.082528
vn -0.025904 0.063085 0.997672
vn -0.021290 0.052391 0.998400
vn -0.019501 0.084502 0.996233
vn -0.018725 0.085201 0.996188
vn -0.002470 -0.996386 0.084905
vn -0.002473 -0.996386 0.084908
vn 0.018725 0.085201 0.996188
vn 0.019501 0.084502 0.996233
vn 0.025904 0.063086 0.997672
vn 0.021290 0.052391 0.998400
vn -0.234914 0.968507 -0.082528
vn -0.235083 0.968466 -0.082523
vn -0.025904 -0.063086 -0.997672
vn -0.021291 -0.052391 -0.998400
vn -0.019503 -0.084501 -0.996233
vn -0.018726 -0.085198 -0.996188
vn -0.042753 0.084823 0.995478
vn -0.019661 0.084885 0.996197
vn -0.049608 0.084797 0.995163
vn -0.087619 0.084575 0.992557
vn -0.121370 0.084275 0.989023
vn 1.000000 -0.000001 0.000000
vn 1.000000 -0.000000 0.000000
vn 0.121368 -0.084273 -0.989024
vn 0.087618 -0.084580 -0.992557
vn 0.049609 -0.084797 -0.995163
vn 0.042753 -0.084824 -0.995478
vn 0.019662 -0.084884 -0.996197
vn -0.042754 -0.084824 -0.995478
vn -0.019662 -0.084884 -0.996197
vn -0.049609 -0.084797 -0.995163
vn -0.087618 -0.084580 -0.992557
vn -0.121369 -0.084274 -0.989024
vn -1.000000 -0.000001 0.000000
vn -1.000000 0.000000 0.000000
vn 0.121371 0.084276 0.989023
vn 0.087619 0.084575 0.992557
vn 0.049608 0.084797 0.995163
vn 0.042754 0.084823 0.995478
vn 0.019662 0.084885 0.996197
vn -0.121371 0.084275 0.989023
vn -0.088914 0.084571 0.992443
vn -0.049980 0.084799 0.995144
vn -0.042754 0.084825 0.995478
vn -0.020153 0.084884 0.996187
vn 0.042754 0.084824 0.995478
vn 0.020152 0.084884 0.996187
vn 0.049980 0.084799 0.995144
vn 0.088913 0.084571 0.992443
vn 0.121370 0.084275 0.989023
vn -1.000000 -0.000001 0.000000
vn -1.000000 -0.000000 0.000000
vn -0.121371 -0.084273 -0.989023
vn -0.088914 -0.084564 -0.992443
vn -0.049980 -0.084795 -0.995144
vn -0.042752 -0.084824 -0.995478
vn -0.020154 -0.084884 -0.996187
vn 0.042753 -0.084824 -0.995478
vn 0.020154 -0.084883 -0.996187
vn 0.049980 -0.084795 -0.995144
vn 0.088914 -0.084565 -0.992443
vn 0.121370 -0.084272 -0.989024
vn 1.000000 -0.000000 0.000000
vn 1.000000 0.000000 0.000000
vn -0.121371 0.084274 0.989023
vn -0.089279 0.084562 0.992410
vn -0.050100 0.084794 0.995138
vn -0.042753 0.084823 0.995478
vn -0.020328 0.084884 0.996183
vn 0.042753 0.084824 0.995478
vn 0.020328 0.084884 0.996183
vn 0.050100 0.084794 0.995138
vn 0.089279 0.084562 0.992410
vn 0.121372 0.084274 0.989023
vn -1.000000 -0.000002 0.000000
vn -1.000000 0.000002 0.000000
vn -0.121368 -0.084274 -0.989024
vn -0.089278 -0.084558 -0.992411
vn -0.050102 -0.084794 -0.995138
vn -0.042754 -0.084823 -0.995478
vn -0.020329 -0.084884 -0.996184
vn 0.042753 -0.084823 -0.995478
vn 0.020329 -0.084884 -0.996183
vn 0.050102 -0.084795 -0.995138
vn 0.089278 -0.084558 -0.992411
vn 0.121368 -0.084274 -0.989024
vn 1.000000 -0.000001 0.000000
vn 1.000000 -0.000000 0.000000
vn -0.121371 0.084274 0.989023
vn -0.088037 0.084571 0.992521
vn 1.000000 0.000000 0.000000
vn 1.000000 0.000000 0.000000
vn 0.121370 -0.084274 -0.989023
vn 0.088037 -0.084573 -0.992521
vn 0.049745 -0.084797 -0.995156
vn 0.042753 -0.084823 -0.995479
vn 0.019881 -0.084887 -0.996192
vn -0.042753 -0.084823 -0.995479
vn -0.019881 -0.084887 -0.996192
vn -0.049745 -0.084797 -0.995156
vn -0.088037 -0.084573 -0.992521
vn -0.121371 -0.084275 -0.989023
vn -1.000000 -0.000000 0.000000
vn -1.000000 -0.000000 0.000000
vn 0.121372 0.084275 0.989023
vn 0.088037 0.084571 0.992521
vn 0.049744 0.084796 0.995156
vn 0.042754 0.084824 0.995478
vn 0.019879 0.084884 0.996193
vn -0.042754 0.084824 0.995478
vn -0.019879 0.084884 0.996193
vn -0.049744 0.084796 0.995156
vn -0.002455 -0.996387 0.084899
vn -0.002456 -0.996386 0.084901
vn -0.011386 -0.084931 -0.996322
vn -0.011966 -0.082739 -0.996499
vn -0.010971 -0.085702 -0.996260
vn -0.011174 -0.084897 -0.996327
vn -0.010856 -0.082026 -0.996571
vn -0.011190 -0.084896 -0.996327
vn -0.015642 -0.057328 -0.998233
vn -0.008801 -0.045008 -0.998948
vn -0.199437 0.976372 -0.083199
vn -0.199126 0.976435 -0.083204
vn 0.015642 0.057328 0.998233
vn 0.008801 0.045010 0.998948
vn 0.010858 0.082025 0.996571
vn 0.011190 0.084896 0.996327
vn 0.010970 0.085703 0.996260
vn 0.011175 0.084897 0.996327
vn 0.011387 0.084931 0.996322
vn 0.011970 0.082735 0.996500
vn 0.002456 -0.996386 0.084902
vn 0.002455 -0.996386 0.084904
vn -0.011387 0.084932 0.996322
vn -0.011970 0.082735 0.996500
vn -0.010971 0.085703 0.996260
vn -0.011175 0.084897 0.996327
vn -0.010858 0.082025 0.996571
vn -0.011190 0.084896 0.996327
vn -0.015642 0.057328 0.998233
vn -0.008801 0.045010 0.998948
vn 0.199126 0.976435 -0.083204
vn 0.199437 0.976372 -0.083199
vn 0.015642 -0.057328 -0.998233
vn 0.008801 -0.045008 -0.998948
vn 0.010856 -0.082025 -0.996571
vn 0.011190 -0.084896 -0.996327
vn 0.010972 -0.085702 -0.996260
vn 0.011174 -0.084896 -0.996327
vn 0.011386 -0.084931 -0.996322
vn 0.011968 -0.082739 -0.996499
vn -0.011199 -0.084896 -0.996327
vn -0.017705 -0.084886 -0.996233
vn 0.017705 0.084888 0.996233
vn 0.011199 0.084898 0.996327
vn -0.011199 0.084898 0.996327
vn -0.017705 0.084888 0.996233
vn 0.017705 -0.084886 -0.996233
vn 0.011199 -0.084897 -0.996327
vn 0.016760 -0.084891 -0.996249
vn 0.011156 -0.084895 -0.996327
vn -0.011157 0.084899 0.996327
vn -0.016759 0.084889 0.996249
vn 0.016759 0.084889 0.996249
vn 0.011157 0.084899 0.996327
vn -0.011156 -0.084896 -0.996327
vn -0.016760 -0.084890 -0.996249
vn 0.008824 0.084898 0.996351
vn 0.008824 0.084898 0.996351
vn 0.014035 0.079942 0.996701
vn -0.014027 -0.079945 -0.996701
vn -0.008822 -0.084898 -0.996351
vn -0.008821 -0.084899 -0.996351
vn 0.008822 -0.084899 -0.996351
vn 0.008822 -0.084898 -0.996351
vn 0.014024 -0.079944 -0.996701
vn -0.014035 0.079942 0.996701
vn -0.008825 0.084898 0.996351
vn -0.008824 0.084898 0.996351
vn -0.008823 0.084899 0.996351
vn -0.008823 0.084901 0.996350
vn -0.010022 0.086069 0.996239
vn 0.008819 -0.084899 -0.996351
vn 0.010018 -0.086067 -0.996239
vn 0.008820 -0.084899 -0.996351
vn -0.008818 -0.084899 -0.996351
vn -0.008820 -0.084899 -0.996351
vn -0.010021 -0.086067 -0.996239
vn 0.008823 0.084899 0.996351
vn 0.010022 0.086069 0.996239
vn 0.008823 0.084901 0.996350
vn 0.884495 0.464865 -0.039607
vn 0.884496 0.464864 -0.039609
vn 0.884496 0.464864 -0.039610
vn 0.884496 0.464863 -0.039611
vn 0.007101 -0.996365 0.084892
vn 0.007108 -0.996364 0.084897
vn 0.007131 -0.996363 0.084911
vn 0.007139 -0.996363 0.084916
vn 0.001139 -0.996388 0.084905
vn 0.001132 -0.996388 0.084905
vn 0.001128 -0.996388 0.084905
vn 0.001121 -0.996388 0.084905
vn -0.001139 -0.996388 0.084905
vn -0.001128 -0.996388 0.084905
vn -0.001132 -0.996388 0.084905
vn -0.001121 -0.996388 0.084905
vn -0.007100 -0.996365 0.084892
vn -0.007132 -0.996363 0.084911
vn -0.007108 -0.996364 0.084897
vn -0.007139 -0.996363 0.084916
vn -1.000000 0.000000 0.000000
vn -1.000000 0.000000 0.000000
vn -1.000000 0.000000 0.000000
vn -1.000000 0.000000 0.000000
vn -1.000000 0.000000 0.000000
vn -1.000000 0.000000 0.000000
vn -1.000000 0.000000 0.000000
vn -1.000000 0.000000 0.000000
vn -0.884496 0.464864 -0.039603
vn -0.884496 0.464864 -0.039611
vn -0.884496 0.464864 -0.039608
vn -0.884496 0.464864 -0.039615
vn -0.028758 -0.995978 0.084864
vn -0.028747 -0.995977 0.084870
vn -0.028733 -0.995977 0.084878
vn -0.028723 -0.995977 0.084884
vn -0.038953 -0.995632 0.084852
vn -0.038960 -0.995632 0.084848
vn -0.038957 -0.995632 0.084850
vn -0.038964 -0.995632 0.084846
vn 0.557069 -0.827467 0.070510
vn 0.557067 -0.827469 0.070508
vn 0.557066 -0.827470 0.070506
vn 0.557064 -0.827472 0.070503
vn -1.000000 0.000000 0.000000
vn -1.000000 0.000000 0.000000
vn -1.000000 0.000000 0.000000
vn -1.000000 0.000000 0.000000
vn -1.000000 -0.000001 0.000000
vn -1.000000 -0.000000 0.000000
vn -1.000000 -0.000000 0.000000
vn -1.000000 0.000000 0.000000
vn -1.000000 0.000000 0.000000
vn -1.000000 0.000000 0.000000
vn -1.000000 0.000000 0.000000
vn -1.000000 0.000000 0.000000
vn -1.000000 0.000000 0.000000
vn -1.000000 -0.000000 0.000000
vn -1.000000 -0.000000 0.000000
vn -1.000000 -0.000000 0.000000
vn 0.678636 0.731822 -0.062360
vn 0.678637 0.731822 -0.062360
vn 0.678637 0.731822 -0.062360
vn 0.678637 0.731821 -0.062360
vn 0.028168 0.995995 -0.084857
vn 0.028164 0.995995 -0.084861
vn 0.028161 0.995995 -0.084865
vn 0.028157 0.995994 -0.084870
vn 0.020762 0.996174 -0.084891
vn 0.020782 0.996175 -0.084870
vn 0.020771 0.996175 -0.084881
vn 0.020791 0.996176 -0.084861
vn 1.000000 0.000000 0.000000
vn 1.000000 -0.000000 0.000000
vn 1.000000 -0.000000 0.000000
vn 1.000000 -0.000000 0.000000
vn 1.000000 0.000000 0.000000
vn 1.000000 0.000000 0.000000
vn 1.000000 0.000000 0.000000
vn 1.000000 0.000000 0.000000
vn 0.865498 -0.499105 0.042521
vn 0.865497 -0.499106 0.042528
vn 0.865497 -0.499105 0.042525
vn 0.865496 -0.499106 0.042533
vn -0.017830 0.996231 -0.084889
vn -0.017828 0.996231 -0.084889
vn -0.017822 0.996231 -0.084889
vn -0.017821 0.996231 -0.084889
vn -0.017819 0.996231 -0.084884
vn -0.017821 0.996231 -0.084887
vn -0.017822 0.996231 -0.084888
vn -0.017824 0.996231 -0.084891
vn 0.017819 0.996232 -0.084884
vn 0.017822 0.996231 -0.084888
vn 0.017821 0.996231 -0.084887
vn 0.017824 0.996231 -0.084891
vn 0.017831 0.996232 -0.084881
vn 0.017822 0.996231 -0.084887
vn 0.017829 0.996231 -0.084882
vn 0.017820 0.996231 -0.084889
vn -0.865498 -0.499104 0.042524
vn -0.865497 -0.499105 0.042526
vn -0.865497 -0.499106 0.042527
vn -0.865496 -0.499107 0.042529
vn -1.000000 0.000000 0.000000
vn -1.000000 0.000000 0.000000
vn -1.000000 0.000000 0.000000
vn -1.000000 0.000000 0.000000
vn -1.000000 0.000000 0.000000
vn -1.000000 -0.000000 0.000000
vn -1.000000 -0.000000 0.000000
vn -1.000000 -0.000000 0.000000
vn 1.000000 0.000000 0.000000
vn 1.000000 -0.000000 0.000000
vn 1.000000 -0.000000 0.000000
vn 1.000000 -0.000000 0.000000
vn 1.000000 0.000000 0.000000
vn 1.000000 -0.000000 0.000000
vn 1.000000 -0.000000 0.000000
vn 1.000000 -0.000000 0.000000
vn 0.028723 -0.995976 0.084893
vn 0.028747 -0.995977 0.084873
vn 0.028733 -0.995977 0.084884
vn 0.028758 -0.995978 0.084864
vn 0.038964 -0.995632 0.084846
vn 0.038960 -0.995632 0.084848
vn 0.038957 -0.995632 0.084850
vn 0.038953 -0.995632 0.084852
vn -0.557062 -0.827472 0.070511
vn -0.557067 -0.827469 0.070506
vn -0.557065 -0.827470 0.070508
vn -0.557070 -0.827468 0.070503
vn 1.000000 -0.000001 0.000000
vn 1.000000 -0.000001 0.000000
vn 1.000000 0.000000 0.000000
vn 1.000000 0.000001 0.000000
vn 1.000000 0.000000 0.000000
vn 1.000000 0.000000 0.000000
vn 1.000000 0.000000 0.000000
vn 1.000000 0.000000 0.000000
vn 1.000000 0.000000 0.000000
vn 1.000000 0.000000 0.000000
vn 1.000000 0.000000 0.000000
vn 1.000000 0.000000 0.000000
vn 1.000000 0.000000 0.000000
vn 1.000000 -0.000000 0.000000
vn 1.000000 -0.000000 0.000000
vn 1.000000 -0.000001 0.000000
vn -0.678637 0.731822 -0.062360
vn -0.678637 0.731822 -0.062358
vn -0.678637 0.731822 -0.062356
vn -0.678636 0.731823 -0.062354
vn -0.028157 0.995994 -0.084870
vn -0.028164 0.995995 -0.084861
vn -0.028161 0.995995 -0.084865
vn -0.028168 0.995995 -0.084857
vn -0.020791 0.996176 -0.084861
vn -0.020782 0.996175 -0.084870
vn -0.020771 0.996175 -0.084881
vn -0.020762 0.996174 -0.084891
vn 0.999677 -0.025402 0.000000
vn 0.999677 -0.025403 0.000000
vn 1.000000 0.000000 0.000000
vn 1.000000 0.000000 0.000000
vn -0.999613 -0.027813 0.000000
vn -0.999613 -0.027815 0.000000
vn -0.999613 0.027815 0.000000
vn -0.999613 0.027813 0.000000
vn 0.000000 1.000000 0.000000
vn -0.024344 0.999704 0.000000
vn 0.000000 1.000000 0.000000
vn -0.024344 0.999704 0.000000
vn -0.026550 -0.999648 0.000000
vn -0.026549 -0.999647 0.000000
vn 0.026549 -0.999647 0.000000
vn 0.026550 -0.999648 0.000000
vn 0.999613 -0.027813 0.000000
vn 0.999613 -0.027815 0.000000
vn 0.999613 0.027815 0.000000
vn 0.999613 0.027813 0.000000
vn -0.999613 -0.027813 0.000000
vn -0.999613 -0.027815 0.000000
vn -0.999613 0.027815 0.000000
vn -0.999613 0.027813 0.000000
vn 0.026550 0.999648 0.000000
vn 0.026550 0.999647 0.000000
vn -0.026550 0.999647 0.000000
vn -0.026550 0.999648 0.000000
vn -0.026550 -0.999648 0.000000
vn -0.026549 -0.999647 0.000000
vn 0.026549 -0.999647 0.000000
vn 0.026550 -0.999648 0.000000
vn 0.000000 0.000000 1.000000
vn 0.000000 -0.026230 0.999656
vn 0.000000 0.000000 1.000000
vn 0.000000 -0.026230 0.999656
vn 0.000000 0.000000 -1.000000
vn 0.000000 -0.026229 -0.999656
vn 0.000000 0.000000 -1.000000
vn 0.000000 -0.026230 -0.999656
vn 0.000000 -0.999435 0.033616
vn 0.000000 -0.999435 0.033616
vn 0.000000 -0.999435 -0.033616
vn 0.000000 -0.999435 -0.033616
vn 0.000000 -0.027814 0.999613
vn 0.000000 -0.027814 0.999613
vn 0.000000 0.027814 0.999613
vn 0.000000 0.027814 0.999613
vn 0.000000 -0.027814 -0.999613
vn 0.000000 -0.027815 -0.999613
vn 0.000000 0.027815 -0.999613
vn 0.000000 0.027814 -0.999613
vn 0.000000 0.999554 0.029878
vn 0.000000 0.999554 0.029877
vn 0.000000 0.999554 -0.029877
vn 0.000000 0.999554 -0.029878
vn 0.000000 -0.999554 -0.029876
vn 0.000000 -0.999554 -0.029877
vn 0.000000 -0.999554 0.029877
vn 0.000000 -0.999554 0.029876
vn 0.000000 0.000000 1.000000
vn 0.000000 -0.026229 0.999656
vn 0.000000 0.000000 1.000000
vn 0.000000 -0.026230 0.999656
vn 0.000000 0.000000 -1.000000
vn 0.000000 -0.026230 -0.999656
vn 0.000000 0.000000 -1.000000
vn 0.000000 -0.026230 -0.999656
vn 0.000000 -0.999435 0.033616
vn 0.000000 -0.999435 0.033616
vn 0.000000 -0.999435 -0.033616
vn 0.000000 -0.999435 -0.033616
vn -0.126265 0.084222 0.988415
vn -0.126265 0.084222 0.988415
vn -0.094039 0.084525 0.991974
vn -0.093676 0.084528 0.992008
vn -1.000000 0.000000 0.000000
vn -1.000000 0.000000 0.000000
vn -1.000000 0.000000 0.000000
vn -1.000000 0.000000 0.000000
vn 0.093676 -0.084528 -0.992008
vn 0.094040 -0.084525 -0.991974
vn 0.126265 -0.084222 -0.988415
vn 0.126264 -0.084222 -0.988415
vn 1.000000 0.000000 0.000000
vn 1.000000 0.000000 0.000000
vn 1.000000 0.000000 0.000000
vn 1.000000 0.000000 0.000000
vn 0.009978 0.996340 -0.084893
vn 0.009979 0.996340 -0.084893
vn 0.024266 0.996096 -0.084876
vn 0.026096 0.996050 -0.084873
vn 0.009978 -0.996340 0.084893
vn 0.024265 -0.996096 0.084879
vn 0.009978 -0.996340 0.084895
vn 0.026095 -0.996050 0.084875
vn -0.026095 -0.996050 0.084875
vn -0.024265 -0.996096 0.084880
vn -0.009978 -0.996340 0.084898
vn -0.009978 -0.996340 0.084897
vn -0.126265 -0.084222 -0.988415
vn -0.126264 -0.084222 -0.988415
vn -0.094040 -0.084525 -0.991974
vn -0.093676 -0.084528 -0.992008
vn -0.026096 0.996050 -0.084873
vn -0.009979 0.996340 -0.084895
vn -0.024266 0.996096 -0.084876
vn -0.009978 0.996340 -0.084893
vn 0.093676 0.084528 0.992008
vn 0.094040 0.084525 0.991974
vn 0.126265 0.084222 0.988415
vn 0.126264 0.084222 0.988415
vn 0.016145 -0.996260 0.084887
vn -0.000000 -0.996389 0.084900
vn 0.015458 -0.996271 0.084888
vn 0.000000 -0.996389 0.084901
vn 0.000000 -0.084901 -0.996389
vn 0.000000 -0.084901 -0.996389
vn 0.033992 -0.084852 -0.995814
vn 0.033774 -0.084853 -0.995821
vn 0.016145 0.996259 -0.084891
vn 0.015457 0.996270 -0.084890
vn -0.000000 0.996390 -0.084899
vn -0.000000 0.996390 -0.084898
vn -0.033775 0.084853 0.995821
vn -0.033992 0.084852 0.995814
vn -0.000000 0.084901 0.996389
vn -0.000000 0.084901 0.996389
vn -0.015458 -0.996271 0.084888
vn -0.016145 -0.996260 0.084887
vn 0.033992 0.084852 0.995814
vn 0.033775 0.084853 0.995821
vn -0.015457 0.996270 -0.084894
vn -0.016145 0.996259 -0.084894
vn -0.033775 -0.084853 -0.995821
vn -0.033991 -0.084852 -0.995814
vn -0.035802 -0.995751 0.084843
vn -0.036125 -0.995739 0.084843
vn 0.057977 0.084759 0.994713
vn 0.057963 0.084759 0.994714
vn -0.035802 0.995750 -0.084850
vn -0.036125 0.995739 -0.084849
vn -0.057963 -0.084759 -0.994714
vn -0.057977 -0.084759 -0.994713
vn 0.036125 -0.995739 0.084843
vn 0.035802 -0.995751 0.084843
vn 0.057977 -0.084759 -0.994713
vn 0.057963 -0.084759 -0.994714
vn 0.036125 0.995739 -0.084849
vn 0.035802 0.995750 -0.084850
vn -0.057963 0.084759 0.994714
vn -0.057977 0.084759 0.994713
vn 1.000000 0.000000 0.000000
vn 0.999656 -0.026230 0.000000
vn 1.000000 0.000000 0.000000
vn 0.999656 -0.026229 0.000000
vn -1.000000 0.000000 0.000000
vn -0.999656 -0.026230 0.000000
vn -1.000000 0.000000 0.000000
vn -0.999656 -0.026229 0.000000
vn 0.030598 -0.999532 0.000000
vn 0.030598 -0.999532 0.000000
vn -0.030598 -0.999532 0.000000
vn -0.030598 -0.999532 0.000000
vn 1.000000 0.000000 0.000000
vn 0.999656 -0.026229 0.000000
vn 1.000000 0.000000 0.000000
vn 0.999656 -0.026230 0.000000
vn -1.000000 0.000000 0.000000
vn -0.999656 -0.026230 0.000000
vn -1.000000 0.000000 0.000000
vn -0.999656 -0.026230 0.000000
vn 0.030598 -0.999532 0.000000
vn 0.030598 -0.999532 0.000000
vn -0.030598 -0.999532 0.000000
vn -0.030598 -0.999532 0.000000
vn 0.000000 -0.027814 0.999613
vn 0.000000 -0.027814 0.999613
vn 0.000000 0.027814 0.999613
vn 0.000000 0.027814 0.999613
vn 0.000000 -0.027814 -0.999613
vn 0.000000 -0.027815 -0.999613
vn 0.000000 0.027815 -0.999613
vn 0.000000 0.027814 -0.999613
vn 0.000000 0.999554 0.029878
vn 0.000000 0.999554 0.029877
vn 0.000000 0.999554 -0.029877
vn 0.000000 0.999554 -0.029878
vn 0.000000 -0.999554 -0.029876
vn 0.000000 -0.999554 -0.029877
vn 0.000000 -0.999554 0.029877
vn 0.000000 -0.999554 0.029876
vn 0.000000 0.000000 1.000000
vn 0.000000 0.000000 1.000000
vn 0.000000 0.000000 1.000000
vn 0.000000 0.000000 1.000000
vn 0.000000 1.000000 0.000000
vn 0.000000 1.000000 0.000000
vn 0.000000 1.000000 0.000000
vn 0.000000 1.000000 0.000000
vn 0.000000 0.000000 -1.000000
vn 0.000000 0.000000 -1.000000
vn 0.000000 0.000000 -1.000000
vn 0.000000 0.000000 -1.000000
vn 0.000000 -1.000000 0.000000
vn 0.000000 -1.000000 0.000000
vn 0.000000 -1.000000 0.000000
vn 0.000000 -1.000000 0.000000
vn 1.000000 0.000000 0.000000
vn 1.000000 0.000000 0.000000
vn 1.000000 0.000000 0.000000
vn 1.000000 0.000000 0.000000
vn -1.000000 0.000000 0.000000
vn -1.000000 0.000000 0.000000
vn -1.000000 0.000000 0.000000
vn -1.000000 0.000000 0.000000
vn 0.000000 -1.000000 0.000000
vn 0.000000 -1.000000 0.000000
vn 0.000000 -1.000000 0.000000
vn 0.000000 -1.000000 0.000000
vn 0.000000 0.000000 1.000000
vn 0.000000 0.000000 1.000000
vn 0.000000 0.000000 1.000000
vn 0.000000 0.000000 1.000000
vn 0.000000 0.980651 0.195766
vn 0.000000 0.980653 0.195752
vn 0.000000 0.976170 -0.217006
vn 0.000000 0.976170 -0.217006
vn 0.000000 0.000000 -1.000000
vn 0.000000 0.000000 -1.000000
vn 0.000000 0.000000 -1.000000
vn 0.000000 0.000000 -1.000000
vn 0.000000 -1.000000 0.000000
vn 0.000000 -1.000000 0.000000
vn 0.000000 -1.000000 0.000000
vn 0.000000 -1.000000 0.000000
vn 1.000000 0.000000 0.000000
vn 1.000000 0.000000 0.000000
vn 1.000000 0.000000 0.000000
vn 1.000000 0.000000 0.000000
vn -1.000000 0.000000 0.000000
vn -1.000000 0.000000 0.000000
vn -1.000000 0.000000 0.000000
vn -1.000000 0.000000 0.000000
vn 0.000000 0.000000 0.000000
vn 0.000000 0.000000 0.000000
vn 0.000000 0.000000 0.000000
vn 0.000000 0.000000 0.000000
vn 0.000000 0.000000 0.000000
vn 0.000000 0.000000 0.000000
vn 0.000000 0.000000 0.000000
vn 0.000000 0.000000 0.000000
vn 0.000000 0.000000 0.000000
vn 0.000000 0.000000 0.000000
vn 0.000000 0.000000 0.000000
vn 0.000000 0.000000 0.000000
vn 0.000000 0.000000 0.000000
vn 0.000000 0.000000 0.000000
vn 0.000000 0.000000 0.000000
vn 0.000000 0.000000 0.000000
vn 0.000000 0.078620 0.996905
vn 0.000000 0.078620 0.996905
vn 0.000000 0.083204 0.996532
vn 0.000000 0.083204 0.996532
vn 0.000000 -0.078620 -0.996905
vn 0.000000 -0.078620 -0.996905
vn 0.000000 -0.073449 -0.997299
vn 0.000000 -0.073449 -0.997299
vn 0.000000 0.878836 0.477123
vn 0.000000 0.878844 0.477108
vn 0.000000 0.544722 0.838617
vn 0.000000 0.544731 0.838611
vn 0.000000 0.962446 -0.271472
vn 0.000000 0.962446 -0.271472
vn 0.000000 0.678740 -0.734379
vn 0.000000 0.678741 -0.734378
vn 0.000000 0.678749 -0.734371
vn 0.000000 0.678750 -0.734369
vn 0.000000 0.194961 -0.980811
vn 0.000000 0.194957 -0.980812
vn 1.000000 0.000000 0.000000
vn 1.000000 -0.000000 0.000000
vn 1.000000 -0.000000 0.000000
vn 1.000000 -0.000000 0.000000
vn 1.000000 0.000001 0.000000
vn 1.000000 0.000001 0.000000
vn 1.000000 -0.000000 0.000000
vn 1.000000 -0.000003 0.000000
vn 1.000000 -0.000005 0.000000
vn 1.000000 0.000010 0.000000
vn -1.000000 0.000000 0.000000
vn -1.000000 0.000000 0.000000
vn -1.000000 0.000000 0.000000
vn -1.000000 0.000000 0.000000
vn -1.000000 0.000001 0.000000
vn -1.000000 0.000003 0.000000
vn -1.000000 -0.000000 0.000000
vn -1.000000 -0.000001 0.000000
vn -1.000000 0.000002 0.000000
vn -1.000000 0.000010 0.000000
vn 0.000000 0.000000 1.000000
vn 0.000000 0.000000 1.000000
vn 0.000000 0.000000 1.000000
vn 0.000000 0.000000 1.000000
vn 0.000000 0.980651 0.195766
vn 0.000000 0.980653 0.195752
vn 0.000000 0.976171 -0.217003
vn 0.000000 0.976174 -0.216990
vn 0.000000 0.000000 -1.000000
vn 0.000000 0.000000 -1.000000
vn 0.000000 0.000000 -1.000000
vn 0.000000 0.000000 -1.000000
vn 0.000000 -1.000000 0.000000
vn 0.000000 -1.000000 0.000000
vn 0.000000 -1.000000 0.000000
vn 0.000000 -1.000000 0.000000
vn 1.000000 0.000000 0.000000
vn 1.000000 0.000000 0.000000
vn 1.000000 0.000000 0.000000
vn 1.000000 0.000000 0.000000
vn -1.000000 0.000000 0.000000
vn -1.000000 0.000000 0.000000
vn -1.000000 0.000000 0.000000
vn -1.000000 0.000000 0.000000
vn 0.000000 0.000000 0.000000
vn 0.000000 0.000000 0.000000
vn 0.000000 0.000000 0.000000
vn 0.000000 0.000000 0.000000
vn 0.000000 0.000000 0.000000
vn 0.000000 0.000000 0.000000
vn 0.000000 0.000000 0.000000
vn 0.000000 0.000000 0.000000
vn 0.000000 0.000000 0.000000
vn 0.000000 0.000000 0.000000
vn 0.000000 0.000000 0.000000
vn 0.000000 0.000000 0.000000
vn 0.000000 0.000000 0.000000
vn 0.000000 0.000000 0.000000
vn 0.000000 0.000000 0.000000
vn 0.000000 0.000000 0.000000
vn 0.000000 0.078620 0.996905
vn 0.000000 0.078620 0.996905
vn 0.000000 0.083204 0.996532
vn 0.000000 0.083204 0.996532
vn 0.000000 -0.078620 -0.996905
vn 0.000000 -0.078620 -0.996905
vn 0.000000 -0.073449 -0.997299
vn 0.000000 -0.073449 -0.997299
vn 0.000000 0.878841 0.477115
vn 0.000000 0.878841 0.477115
vn 0.000000 0.544731 0.838611
vn 0.000000 0.544726 0.838614
vn 0.000000 0.962451 -0.271456
vn 0.000000 0.962446 -0.271472
vn 0.000000 0.678739 -0.734379
vn 0.000000 0.678739 -0.734379
vn 0.000000 0.678740 -0.734379
vn 0.000000 0.678740 -0.734379
vn 0.000000 0.194960 -0.980811
vn 0.000000 0.194960 -0.980811
vn 1.000000 0.000000 0.000000
vn 1.000000 0.000000 0.000000
vn 1.000000 -0.000000 0.000000
vn 1.000000 -0.000000 0.000000
vn 1.000000 0.000001 0.000000
vn 1.000000 0.000000 0.000000
vn 1.000000 -0.000001 0.000000
vn 1.000000 0.000000 0.000000
vn 1.000000 0.000013 0.000000
vn 1.000000 0.000000 0.000000
vn -1.000000 0.000000 0.000000
vn -1.000000 0.000000 0.000000
vn -1.000000 0.000000 0.000000
vn -1.000000 0.000000 0.000000
vn -1.000000 0.000000 0.000000
vn -1.000000 0.000001 0.000000
vn -1.000000 0.000004 0.000000
vn -1.000000 -0.000000 0.000000
vn -1.000000 -0.000017 0.000000
vn -1.000000 0.000000 0.000000
vn 0.000000 0.000000 1.000000
vn 0.000000 0.000000 1.000000
vn 0.000000 0.000000 1.000000
vn 0.000000 0.000000 1.000000
vn 0.000000 1.000000 0.000000
vn 0.000000 1.000000 0.000000
vn 0.000000 1.000000 0.000000
vn 0.000000 1.000000 0.000000
vn 0.000000 0.000000 -1.000000
vn 0.000000 0.000000 -1.000000
vn 0.000000 0.000000 -1.000000
vn 0.000000 0.000000 -1.000000
vn 0.000000 -1.000000 0.000000
vn 0.000000 -1.000000 0.000000
vn 0.000000 -1.000000 0.000000
vn 0.000000 -1.000000 0.000000
vn 1.000000 0.000000 0.000000
vn 1.000000 0.000000 0.000000
vn 1.000000 0.000000 0.000000
vn 1.000000 0.000000 0.000000
vn -1.000000 0.000000 0.000000
vn -1.000000 0.000000 0.000000
vn -1.000000 0.000000 0.000000
vn -1.000000 0.000000 0.000000
vn 0.382682 -0.923880 0.000000
vn 0.382689 -0.923877 0.000000
vn 0.923873 -0.382700 0.000000
vn 0.923881 -0.382681 0.000000
vn -0.382682 -0.923880 0.000000
vn -0.382689 -0.923877 0.000000
vn -0.923873 -0.382700 0.000000
vn -0.923881 -0.382681 0.000000
vn -0.923880 0.382682 0.000000
vn -0.923872 0.382701 0.000000
vn -0.382697 0.923874 0.000000
vn -0.382689 0.923877 0.000000
vn 0.382682 -0.923880 0.000000
vn 0.382689 -0.923877 0.000000
vn 0.923873 -0.382700 0.000000
vn 0.923881 -0.382681 0.000000
vn 0.923880 0.382682 0.000000
vn 0.923872 0.382701 0.000000
vn 0.382697 0.923874 0.000000
vn 0.382689 0.923877 0.000000
vn -0.382682 -0.923880 0.000000
vn -0.382689 -0.923877 0.000000
vn -0.923873 -0.382700 0.000000
vn -0.923881 -0.382681 0.000000
vn -0.923880 0.382682 0.000000
vn -0.923872 0.382701 0.000000
vn -0.382697 0.923874 0.000000
vn -0.382689 0.923877 0.000000
vn 0.000000 -0.382687 0.923878
vn 0.000000 -0.382687 0.923878
vn 0.000000 -0.923877 0.382690
vn 0.000000 -0.923877 0.382690
vn 0.000000 -0.382680 -0.923881
vn 0.000000 -0.382680 -0.923881
vn 0.000000 -0.923878 -0.382687
vn 0.000000 -0.923878 -0.382687
vn 0.000000 -0.923879 0.382684
vn 0.000000 -0.923879 0.382684
vn 0.000000 -0.382684 0.923879
vn 0.000000 -0.382691 0.923876
vn 0.000000 0.382684 0.923879
vn 0.000000 0.382684 0.923879
vn 0.000000 0.923879 0.382684
vn 0.000000 0.923872 0.382701
vn 0.000000 -0.923879 -0.382684
vn 0.000000 -0.923879 -0.382684
vn 0.000000 -0.382691 -0.923876
vn 0.000000 -0.382698 -0.923873
vn 0.000000 0.382691 -0.923876
vn 0.000000 0.382691 -0.923876
vn 0.000000 0.923879 -0.382684
vn 0.000000 0.923872 -0.382701
vn 0.000000 -0.382680 0.923881
vn 0.000000 -0.382680 0.923881
vn 0.000000 -0.923878 0.382687
vn 0.000000 -0.923878 0.382687
vn 0.000000 -0.382687 -0.923878
vn 0.000000 -0.382687 -0.923878
vn 0.000000 -0.923878 -0.382687
vn 0.000000 -0.923878 -0.382687
vn 0.923877 -0.382690 0.000000
vn 0.923885 -0.382670 0.000000
vn 0.382671 -0.923885 0.000000
vn 0.382671 -0.923885 0.000000
vn -0.923877 -0.382690 0.000000
vn -0.923885 -0.382670 0.000000
vn -0.382671 -0.923885 0.000000
vn -0.382671 -0.923885 0.000000
vn 0.923885 -0.382670 0.000000
vn 0.923877 -0.382691 0.000000
vn 0.382671 -0.923885 0.000000
vn 0.382671 -0.923885 0.000000
vn -0.923877 -0.382691 0.000000
vn -0.923877 -0.382691 0.000000
vn -0.382679 -0.923881 0.000000
vn -0.382671 -0.923885 0.000000
vn 0.000000 -0.923879 0.382684
vn 0.000000 -0.923879 0.382684
vn 0.000000 -0.382684 0.923879
vn 0.000000 -0.382691 0.923876
vn 0.000000 0.382684 0.923879
vn 0.000000 0.382684 0.923879
vn 0.000000 0.923879 0.382684
vn 0.000000 0.923872 0.382701
vn 0.000000 -0.923878 -0.382687
vn 0.000000 -0.923878 -0.382687
vn 0.000000 -0.382691 -0.923876
vn 0.000000 -0.382698 -0.923873
vn 0.000000 0.382691 -0.923876
vn 0.000000 0.382691 -0.923876
vn 0.000000 0.923878 -0.382687
vn 0.000000 0.923871 -0.382704
vn 0.000000 0.000000 1.000000
vn 0.000003 0.000000 1.000000
vn 0.000001 0.000000 1.000000
vn -0.000004 0.000000 1.000000
vn -0.000002 0.000000 1.000000
vn 0.000008 0.000000 1.000000
vn -0.000000 0.000000 1.000000
vn -0.000000 0.000000 1.000000
vn -0.000007 0.000000 1.000000
vn 0.000000 0.000000 1.000000
vn 0.000000 0.000000 -1.000000
vn 0.000000 0.000000 -1.000000
vn 0.000001 0.000000 -1.000000
vn -0.000008 0.000000 -1.000000
vn -0.000003 0.000000 -1.000000
vn 0.000001 0.000000 -1.000000
vn -0.000001 0.000000 -1.000000
vn 0.000000 0.000000 -1.000000
vn 0.000004 0.000000 -1.000000
vn 0.000060 0.000000 -1.000000
vn 0.000013 0.000000 1.000000
vn -0.000009 0.000000 1.000000
vn -0.000000 0.000000 1.000000
vn -0.000000 0.000000 1.000000
vn -0.000002 0.000000 1.000000
vn 0.000008 0.000000 1.000000
vn 0.000004 0.000000 1.000000
vn -0.000004 0.000000 1.000000
vn 0.000002 0.000000 1.000000
vn 0.000000 0.000000 1.000000
vn 0.000001 0.000000 1.000000
vn 0.000000 0.000000 1.000000
vn 0.000013 0.000000 -1.000000
vn -0.000000 0.000000 -1.000000
vn 0.000000 0.000000 -1.000000
vn 0.000001 0.000000 -1.000000
vn -0.000000 0.000000 -1.000000
vn -0.000008 0.000000 -1.000000
vn -0.000003 0.000000 -1.000000
vn 0.000001 0.000000 -1.000000
vn -0.000001 0.000000 -1.000000
vn 0.000000 0.000000 -1.000000
vn 0.000000 0.000000 -1.000000
vn 0.000000 0.000000 -1.000000
vn -1.000000 -0.000026 0.000000
vn -1.000000 -0.000000 0.000000
vn -1.000000 0.000002 0.000000
vn -1.000000 0.000001 0.000000
vn -1.000000 0.000003 0.000000
vn -1.000000 0.000002 0.000000
vn -1.000000 -0.000001 0.000000
vn -1.000000 0.000000 0.000000
vn -1.000000 0.000000 0.000000
vn -1.000000 0.000026 0.000000
vn -1.000000 0.000000 0.000000
vn -1.000000 0.000000 0.000000
vn 1.000000 -0.000026 0.000000
vn 1.000000 -0.000000 0.000000
vn 1.000000 -0.000000 0.000000
vn 1.000000 0.000001 0.000000
vn 1.000000 0.000000 0.000000
vn 1.000000 0.000006 0.000000
vn 1.000000 0.000002 0.000000
vn 1.000000 0.000000 0.000000
vn 1.000000 0.000000 0.000000
vn 1.000000 -0.000026 0.000000
vn 1.000000 -0.000000 0.000000
vn 1.000000 -0.000000 0.000000
vn -1.000000 -0.000026 0.000000
vn -1.000000 -0.000000 0.000000
vn -1.000000 -0.000000 0.000000
vn -1.000000 0.000000 0.000000
vn -1.000000 0.000001 0.000000
vn -1.000000 0.000002 0.000000
vn -1.000000 -0.000001 0.000000
vn -1.000000 0.000000 0.000000
vn -1.000000 0.000000 0.000000
vn -1.000000 0.000026 0.000000
vn -1.000000 0.000000 0.000000
vn -1.000000 0.000000 0.000000
vn 1.000000 -0.000026 0.000000
vn 1.000000 -0.000000 0.000000
vn 1.000000 -0.000000 0.000000
vn 1.000000 -0.000000 0.000000
vn 1.000000 0.000000 0.000000
vn 1.000000 0.000004 0.000000
vn 1.000000 0.000002 0.000000
vn 1.000000 0.000000 0.000000
vn 1.000000 0.000000 0.000000
vn 1.000000 0.000026 0.000000
vn 1.000000 0.000000 0.000000
vn 1.000000 0.000000 0.000000
vn -0.003976 0.999983 0.004319
vn 0.000000 0.923887 0.382665
vn 0.003919 0.999983 0.004376
vn 0.000000 0.923869 0.382708
vn 0.000000 0.382677 0.923882
vn 0.000000 0.049178 0.998790
vn 0.000000 0.382681 0.923881
vn 0.000000 0.049409 0.998779
vn 0.000000 0.000000 1.000000
vn 0.000000 0.000000 1.000000
vn -0.003919 0.999983 -0.004376
vn 0.003976 0.999983 -0.004319
vn 0.000000 0.049409 -0.998779
vn 0.000000 0.049179 -0.998790
vn 0.000000 0.000000 -1.000000
vn 0.000000 0.000000 -1.000000
vn 1.000000 0.000000 0.000000
vn 1.000000 0.000000 0.000000
vn 0.998791 0.049155 0.000000
vn 0.998779 0.049410 0.000000
vn -1.000000 0.000000 0.000000
vn -1.000000 0.000000 0.000000
vn -0.998791 0.049157 0.000000
vn -0.998779 0.049410 0.000000
vn 0.382695 0.923875 0.000000
vn 0.382685 0.923879 0.000000
vn 0.923884 0.382673 0.000000
vn 0.923876 0.382693 0.000000
vn -0.923877 0.382689 0.000000
vn -0.923879 0.382685 0.000000
vn -0.382687 0.923878 0.000000
vn -0.382689 0.923877 0.000000
vn 0.000000 0.382677 -0.923882
vn 0.000000 0.382681 -0.923880
vn 0.000000 0.923869 -0.382708
vn 0.000000 0.923888 -0.382664
vn 0.561066 0.525472 0.639597
vn 0.561066 0.525472 0.639597
vn 0.561065 0.525472 0.639597
vn 0.593788 -0.793834 0.131310
vn 0.593788 -0.793835 0.131310
vn 0.593788 -0.793834 0.131310
vn 0.576734 0.306112 -0.757412
vn 0.576734 0.306112 -0.757412
vn 0.576734 0.306112 -0.757412
vn 0.561068 0.383589 0.733527
vn 0.561068 0.383589 0.733527
vn 0.561068 0.383589 0.733527
vn 0.593785 -0.803915 -0.033785
vn 0.593785 -0.803915 -0.033785
vn 0.593785 -0.803915 -0.033785
vn 0.576736 0.454513 -0.678818
vn 0.576736 0.454513 -0.678818
vn 0.576736 0.454513 -0.678818
vn 0.733526 0.383587 -0.561071
vn 0.733526 0.383587 -0.561071
vn 0.733526 0.383587 -0.561071
vn -0.033784 -0.803915 -0.593784
vn -0.033784 -0.803915 -0.593784
vn -0.033784 -0.803915 -0.593784
vn -0.678819 0.454513 -0.576735
vn -0.678819 0.454513 -0.576735
vn -0.678819 0.454513 -0.576735
vn 0.639597 0.525471 -0.561067
vn 0.639597 0.525471 -0.561067
vn 0.639597 0.525471 -0.561067
vn 0.131308 -0.793840 -0.593781
vn 0.131308 -0.793840 -0.593781
vn 0.131308 -0.793840 -0.593781
vn -0.757411 0.306110 -0.576737
vn -0.757411 0.306110 -0.576736
vn -0.757411 0.306110 -0.576736
vn 0.720848 0.406917 -0.561067
vn 0.720848 0.406918 -0.561067
vn 0.720848 0.406917 -0.561067
vn -0.007980 -0.804583 -0.593787
vn -0.007980 -0.804583 -0.593787
vn -0.007980 -0.804583 -0.593787
vn -0.693050 0.432507 -0.576732
vn -0.693050 0.432507 -0.576732
vn -0.693050 0.432507 -0.576732
vn 0.739886 0.371173 -0.561070
vn 0.739886 0.371173 -0.561070
vn 0.739886 0.371173 -0.561070
vn -0.047323 -0.803231 -0.593784
vn -0.047323 -0.803231 -0.593785
vn -0.047323 -0.803231 -0.593785
vn -0.671064 0.465885 -0.576735
vn -0.671064 0.465885 -0.576735
vn -0.671064 0.465885 -0.576735
vn 0.639597 0.525473 -0.561065
vn 0.639597 0.525473 -0.561065
vn 0.639597 0.525473 -0.561065
vn 0.131308 -0.793838 -0.593784
vn 0.131308 -0.793838 -0.593784
vn 0.131308 -0.793838 -0.593784
vn -0.757411 0.306110 -0.576737
vn -0.757411 0.306110 -0.576737
vn -0.757411 0.306110 -0.576737
vn 0.561067 0.406920 0.720846
vn 0.561067 0.406920 0.720846
vn 0.561067 0.406920 0.720846
vn 0.593786 -0.804583 -0.007984
vn 0.593786 -0.804583 -0.007984
vn 0.593786 -0.804583 -0.007984
vn 0.576735 0.432504 -0.693049
vn 0.576735 0.432504 -0.693049
vn 0.576735 0.432504 -0.693049
vn 0.561067 0.371176 0.739887
vn 0.561067 0.371176 0.739887
vn 0.561067 0.371176 0.739887
vn 0.593785 -0.803231 -0.047326
vn 0.593785 -0.803231 -0.047326
vn 0.593785 -0.803231 -0.047326
vn 0.576735 0.465886 -0.671064
vn 0.576735 0.465886 -0.671064
vn 0.576735 0.465886 -0.671064
vn -0.561070 0.383588 -0.733527
vn -0.561070 0.383588 -0.733526
vn -0.561070 0.383588 -0.733526
vn -0.593784 -0.803915 0.033785
vn -0.593784 -0.803915 0.033785
vn -0.593784 -0.803915 0.033785
vn -0.576734 0.454515 0.678818
vn -0.576734 0.454515 0.678818
vn -0.576734 0.454515 0.678818
vn -0.561065 0.525472 -0.639598
vn -0.561065 0.525472 -0.639597
vn -0.561065 0.525472 -0.639597
vn -0.593787 -0.793835 -0.131310
vn -0.593787 -0.793836 -0.131310
vn -0.593787 -0.793836 -0.131310
vn -0.576733 0.306111 0.757414
vn -0.576733 0.306111 0.757414
vn -0.576733 0.306111 0.757414
vn -0.561066 0.406917 -0.720849
vn -0.561066 0.406917 -0.720849
vn -0.561066 0.406917 -0.720849
vn -0.593786 -0.804583 0.007984
vn -0.593786 -0.804583 0.007984
vn -0.593786 -0.804583 0.007984
vn -0.576734 0.432507 0.693048
vn -0.576734 0.432507 0.693048
vn -0.576734 0.432507 0.693048
vn -0.561066 0.371173 -0.739889
vn -0.561066 0.371173 -0.739889
vn -0.561066 0.371173 -0.739889
vn -0.593786 -0.803230 0.047326
vn -0.593786 -0.803230 0.047326
vn -0.593786 -0.803230 0.047326
vn -0.576735 0.465886 0.671064
vn -0.576735 0.465886 0.671064
vn -0.576735 0.465886 0.671064
vn -0.561066 0.525472 -0.639597
vn -0.561066 0.525472 -0.639597
vn -0.561066 0.525472 -0.639597
vn -0.593787 -0.793836 -0.131309
vn -0.593787 -0.793836 -0.131309
vn -0.593787 -0.793836 -0.131309
vn -0.576731 0.306114 0.757414
vn -0.576731 0.306114 0.757414
vn -0.576731 0.306114 0.757414
vn 0.561066 0.525471 0.639598
vn 0.561066 0.525471 0.639598
vn 0.561066 0.525471 0.639598
vn 0.593788 -0.793835 0.131310
vn 0.593788 -0.793835 0.131310
vn 0.593788 -0.793835 0.131310
vn 0.576735 0.306112 -0.757411
vn 0.576735 0.306112 -0.757412
vn 0.576735 0.306112 -0.757412
vn -0.733529 0.383587 0.561067
vn -0.733529 0.383587 0.561067
vn -0.733529 0.383587 0.561067
vn 0.033784 -0.803914 0.593785
vn 0.033784 -0.803914 0.593785
vn 0.033784 -0.803914 0.593785
vn 0.678818 0.454513 0.576735
vn 0.678818 0.454513 0.576735
vn 0.678819 0.454513 0.576735
vn -0.639598 0.525470 0.561066
vn -0.639598 0.525470 0.561066
vn -0.639598 0.525470 0.561066
vn -0.131308 -0.793840 0.593782
vn -0.131308 -0.793840 0.593782
vn -0.131308 -0.793839 0.593782
vn 0.757411 0.306111 0.576736
vn 0.757411 0.306111 0.576736
vn 0.757411 0.306111 0.576736
vn -0.720849 0.406917 0.561067
vn -0.720849 0.406917 0.561067
vn -0.720849 0.406917 0.561067
vn 0.007980 -0.804580 0.593791
vn 0.007980 -0.804580 0.593791
vn 0.007980 -0.804580 0.593791
vn 0.693051 0.432506 0.576731
vn 0.693051 0.432507 0.576731
vn 0.693051 0.432507 0.576731
vn -0.739887 0.371172 0.561069
vn -0.739887 0.371172 0.561069
vn -0.739887 0.371172 0.561069
vn 0.047325 -0.803233 0.593782
vn 0.047325 -0.803233 0.593782
vn 0.047325 -0.803233 0.593782
vn 0.671064 0.465886 0.576735
vn 0.671064 0.465886 0.576735
vn 0.671064 0.465886 0.576735
vn -0.639599 0.525470 0.561065
vn -0.639599 0.525470 0.561065
vn -0.639599 0.525470 0.561065
vn -0.131308 -0.793839 0.593782
vn -0.131308 -0.793839 0.593782
vn -0.131308 -0.793839 0.593782
vn 0.757411 0.306110 0.576737
vn 0.757411 0.306110 0.576737
vn 0.757411 0.306110 0.576737
s 1
g pCube32
usemtl initialShadingGroup
f 1/609/1 123/610/2 25/611/3
f 25/611/3 123/610/2 124/612/4
s 2
f 3/17/5 133/18/6 5/19/7
f 5/19/7 133/18/6 134/20/8
s 3
f 143/761/9 144/762/10 26/763/11
f 26/763/11 144/762/10 7/765/12
s 4
f 7/39/13 144/40/14 1/41/15
f 1/41/15 144/40/14 123/42/16
s 5
f 2/307/17 8/308/18 28/309/19
f 28/309/19 8/308/18 27/310/20
s 6
f 1/337/21 25/338/22 7/339/23
f 7/339/23 25/338/22 26/340/24
f 21/363/25 22/364/26 5/365/27
f 5/365/27 22/364/26 3/366/28
s 3
f 5/871/29 134/864/30 21/861/31
f 21/861/31 134/864/30 135/853/32
s 5
f 24/333/33 6/335/34 23/334/35
f 23/334/35 6/335/34 4/336/36
s 1
f 132/703/37 133/715/38 22/710/39
f 22/710/39 133/715/38 3/720/40
s 6
f 202/349/41 9/351/42 201/350/43
f 201/350/43 9/351/42 10/352/44
s 3
f 139/804/45 216/795/46 10/800/47
f 10/800/47 216/795/46 201/789/48
s 5
f 209/319/49 210/320/50 12/321/51
f 12/321/51 210/320/50 11/322/52
s 1
f 202/638/53 203/644/54 9/648/55
f 9/648/55 203/644/54 128/653/56
s 6
f 10/352/44 9/351/42 186/353/57
f 186/353/57 9/351/42 185/354/58
s 1
f 128/653/56 200/656/59 9/648/55
f 9/648/55 200/656/59 185/660/60
s 5
f 11/322/52 193/323/61 12/321/51
f 12/321/51 193/323/61 194/324/62
s 3
f 186/812/63 187/808/64 10/800/47
f 10/800/47 187/808/64 139/804/45
s 6
f 17/361/65 18/362/66 21/363/25
f 21/363/25 18/362/66 22/364/26
s 1
f 131/689/67 132/703/37 18/696/68
f 18/696/68 132/703/37 22/710/39
s 5
f 20/331/69 24/333/33 19/332/70
f 19/332/70 24/333/33 23/334/35
s 3
f 21/861/31 135/853/32 17/847/71
f 17/847/71 135/853/32 136/840/72
s 6
f 25/338/22 13/341/73 26/340/24
f 26/340/24 13/341/73 14/342/74
s 3
f 142/768/75 143/761/9 14/766/76
f 14/766/76 143/761/9 26/763/11
s 5
f 28/309/19 27/310/20 16/311/77
f 16/311/77 27/310/20 15/312/78
s 1
f 25/611/3 124/612/4 13/614/79
f 13/614/79 124/612/4 125/616/80
s 6
f 13/341/73 81/343/81 14/342/74
f 14/342/74 81/343/81 82/344/82
s 1
f 13/614/79 125/616/80 81/618/83
f 81/618/83 125/616/80 126/621/84
s 5
f 16/311/77 15/312/78 87/313/85
f 87/313/85 15/312/78 86/314/86
s 3
f 141/773/87 142/768/75 82/770/88
f 82/770/88 142/768/75 14/766/76
s 6
f 91/359/89 92/360/90 17/361/65
f 17/361/65 92/360/90 18/362/66
s 3
f 17/847/71 136/840/72 91/834/91
f 91/834/91 136/840/72 137/827/92
s 5
f 97/329/93 20/331/69 96/330/94
f 96/330/94 20/331/69 19/332/70
s 1
f 130/675/95 131/689/67 92/683/96
f 92/683/96 131/689/67 18/696/68
f 106/661/97 2/667/98 105/663/99
f 105/663/99 2/667/98 28/669/100
f 105/663/99 28/669/100 104/670/101
f 104/670/101 28/669/100 16/676/102
f 87/690/103 103/677/104 16/676/102
f 16/676/102 103/677/104 104/670/101
f 208/723/105 209/721/106 101/727/107
f 101/727/107 209/721/106 12/729/108
f 195/735/109 101/727/107 194/733/110
f 194/733/110 101/727/107 12/729/108
f 120/743/111 121/749/112 19/753/113
f 19/753/113 121/749/112 96/757/114
f 119/744/115 120/743/111 23/754/116
f 23/754/116 120/743/111 19/753/113
f 118/745/117 119/744/115 4/755/118
f 4/755/118 119/744/115 23/754/116
s 2
f 117/35/119 118/36/120 6/37/121
f 6/37/121 118/36/120 4/38/122
s 3
f 117/897/123 6/907/124 116/896/125
f 116/896/125 6/907/124 24/906/126
f 116/896/125 24/906/126 115/895/127
f 115/895/127 24/906/126 20/905/128
f 97/909/129 114/901/130 20/905/128
f 20/905/128 114/901/130 115/895/127
f 192/887/131 193/885/132 112/879/133
f 112/879/133 193/885/132 11/881/134
f 211/875/135 112/879/133 210/873/136
f 210/873/136 112/879/133 11/881/134
f 109/822/137 110/830/138 15/831/139
f 15/831/139 110/830/138 86/844/140
f 108/817/141 109/822/137 27/823/142
f 27/823/142 109/822/137 15/831/139
f 107/813/143 108/817/141 8/819/144
f 8/819/144 108/817/141 27/823/142
s 4
f 107/58/145 8/59/146 106/57/147
f 106/57/147 8/59/146 2/60/148
s 1
f 166/622/149 37/628/150 165/624/151
f 165/624/151 37/628/150 38/630/152
f 165/624/151 38/630/152 184/631/153
f 184/631/153 38/630/152 39/640/154
f 89/651/155 183/641/156 39/640/154
f 39/640/154 183/641/156 184/631/153
f 179/708/157 180/711/158 40/717/159
f 40/717/159 180/711/158 94/722/160
f 178/709/161 179/708/157 41/718/162
f 41/718/162 179/708/157 40/717/159
f 177/714/163 178/709/161 42/719/164
f 42/719/164 178/709/161 41/718/162
s 2
f 176/25/165 177/26/166 43/27/167
f 43/27/167 177/26/166 42/28/168
s 3
f 176/867/169 43/872/170 175/862/171
f 175/862/171 43/872/170 44/870/172
f 175/862/171 44/870/172 174/859/173
f 174/859/173 44/870/172 45/869/174
f 99/874/175 173/863/176 45/869/174
f 45/869/174 173/863/176 174/859/173
f 169/784/177 170/792/178 46/793/179
f 46/793/179 170/792/178 84/801/180
f 168/778/181 169/784/177 47/785/182
f 47/785/182 169/784/177 46/793/179
f 167/774/183 168/778/181 48/780/184
f 48/780/184 168/778/181 47/785/182
s 4
f 166/47/185 167/48/186 37/49/187
f 37/49/187 167/48/186 48/50/188
s 1
f 148/659/189 89/651/155 147/650/190
f 147/650/190 89/651/155 39/640/154
f 38/630/152 146/639/191 39/640/154
f 39/640/154 146/639/191 147/650/190
f 37/628/150 145/636/192 38/630/152
f 38/630/152 145/636/192 146/639/191
s 4
f 37/49/187 48/50/188 145/51/193
f 145/51/193 48/50/188 164/52/194
s 3
f 48/780/184 47/785/182 164/788/195
f 164/788/195 47/785/182 163/794/196
f 47/785/182 46/793/179 163/794/196
f 163/794/196 46/793/179 162/802/197
f 46/793/179 84/801/180 162/802/197
f 162/802/197 84/801/180 161/809/198
f 158/880/199 99/874/175 157/876/200
f 157/876/200 99/874/175 45/869/174
f 44/870/172 156/877/201 45/869/174
f 45/869/174 156/877/201 157/876/200
f 43/872/170 155/878/202 44/870/172
f 44/870/172 155/878/202 156/877/201
s 2
f 43/27/167 42/28/168 155/29/203
f 155/29/203 42/28/168 154/30/204
s 1
f 42/719/164 41/718/162 154/726/205
f 154/726/205 41/718/162 153/725/206
f 41/718/162 40/717/159 153/725/206
f 153/725/206 40/717/159 152/724/207
f 40/717/159 94/722/160 152/724/207
f 152/724/207 94/722/160 151/728/208
s 6
f 81/343/81 30/345/209 82/344/82
f 82/344/82 30/345/209 29/346/210
s 3
f 140/779/211 141/773/87 29/775/212
f 29/775/212 141/773/87 82/770/88
f 110/830/138 111/843/213 86/844/140
f 86/844/140 111/843/213 32/858/214
s 5
f 87/313/85 86/314/86 31/315/215
f 31/315/215 86/314/86 32/316/216
s 1
f 103/677/104 87/690/103 102/691/217
f 102/691/217 87/690/103 31/704/218
f 81/618/83 126/621/84 30/623/219
f 30/623/219 126/621/84 127/627/220
s 6
f 34/357/221 33/358/222 91/359/89
f 91/359/89 33/358/222 92/360/90
s 1
f 129/672/223 130/675/95 33/668/224
f 33/668/224 130/675/95 92/683/96
f 121/749/112 122/750/225 96/757/114
f 96/757/114 122/750/225 36/746/226
s 5
f 35/328/227 97/329/93 36/327/228
f 36/327/228 97/329/93 96/330/94
s 3
f 114/901/130 97/909/129 113/902/229
f 113/902/229 97/909/129 35/898/230
f 91/834/91 137/827/92 34/820/231
f 34/820/231 137/827/92 138/824/232
s 1
f 88/671/233 103/677/104 65/678/234
f 65/678/234 103/677/104 102/691/217
f 103/677/104 88/671/233 104/670/101
f 104/670/101 88/671/233 66/664/235
f 67/657/236 105/663/99 66/664/235
f 66/664/235 105/663/99 104/670/101
f 68/654/237 106/661/97 67/657/236
f 67/657/236 106/661/97 105/663/99
s 4
f 68/55/238 69/56/239 106/57/147
f 106/57/147 69/56/239 107/58/145
s 3
f 69/807/240 70/811/241 107/813/143
f 107/813/143 70/811/241 108/817/141
f 70/811/241 71/816/242 108/817/141
f 108/817/141 71/816/242 109/822/137
f 71/816/242 85/821/243 109/822/137
f 109/822/137 85/821/243 110/830/138
f 111/843/213 110/830/138 72/829/244
f 72/829/244 110/830/138 85/821/243
f 98/892/245 114/901/130 73/899/246
f 73/899/246 114/901/130 113/902/229
f 114/901/130 98/892/245 115/895/127
f 115/895/127 98/892/245 74/888/247
f 75/889/248 116/896/125 74/888/247
f 74/888/247 116/896/125 115/895/127
f 76/890/249 117/897/123 75/889/248
f 75/889/248 117/897/123 116/896/125
s 2
f 76/33/250 77/34/251 117/35/119
f 117/35/119 77/34/251 118/36/120
s 1
f 77/738/252 78/737/253 118/745/117
f 118/745/117 78/737/253 119/744/115
f 78/737/253 79/736/254 119/744/115
f 119/744/115 79/736/254 120/743/111
f 79/736/254 95/740/255 120/743/111
f 120/743/111 95/740/255 121/749/112
f 122/750/225 121/749/112 80/748/256
f 80/748/256 121/749/112 95/740/255
f 123/610/2 49/613/257 124/612/4
f 124/612/4 49/613/257 50/615/258
f 124/612/4 50/615/258 125/616/80
f 125/616/80 50/615/258 51/620/259
f 125/616/80 51/620/259 126/621/84
f 126/621/84 51/620/259 90/626/260
f 126/621/84 90/626/260 127/627/220
f 127/627/220 90/626/260 52/633/261
f 130/675/95 129/672/223 93/682/262
f 93/682/262 129/672/223 53/681/263
f 131/689/67 130/675/95 54/688/264
f 54/688/264 130/675/95 93/682/262
f 132/703/37 131/689/67 55/701/265
f 55/701/265 131/689/67 54/688/264
f 133/715/38 132/703/37 56/712/266
f 56/712/266 132/703/37 55/701/265
s 2
f 134/20/8 133/18/6 57/21/267
f 57/21/267 133/18/6 56/22/268
s 3
f 134/864/30 57/865/269 135/853/32
f 135/853/32 57/865/269 58/854/270
f 135/853/32 58/854/270 136/840/72
f 136/840/72 58/854/270 59/841/271
f 136/840/72 59/841/271 137/827/92
f 137/827/92 59/841/271 100/835/272
f 137/827/92 100/835/272 138/824/232
f 138/824/232 100/835/272 60/832/273
f 141/773/87 140/779/211 83/776/274
f 83/776/274 140/779/211 61/782/275
f 142/768/75 141/773/87 62/771/276
f 62/771/276 141/773/87 83/776/274
f 143/761/9 142/768/75 63/767/277
f 63/767/277 142/768/75 62/771/276
f 144/762/10 143/761/9 64/764/278
f 64/764/278 143/761/9 63/767/277
s 4
f 123/42/16 144/40/14 49/43/279
f 49/43/279 144/40/14 64/44/280
s 1
f 234/645/281 68/654/237 233/649/282
f 233/649/282 68/654/237 67/657/236
f 233/649/282 67/657/236 232/658/283
f 232/658/283 67/657/236 66/664/235
f 88/671/233 231/665/284 66/664/235
f 66/664/235 231/665/284 232/658/283
f 231/665/284 88/671/233 230/673/285
f 230/673/285 88/671/233 65/678/234
f 226/734/286 227/742/287 95/740/255
f 95/740/255 227/742/287 80/748/256
f 225/730/288 226/734/286 79/736/254
f 79/736/254 226/734/286 95/740/255
f 224/731/289 225/730/288 78/737/253
f 78/737/253 225/730/288 79/736/254
f 223/732/290 224/731/289 77/738/252
f 77/738/252 224/731/289 78/737/253
s 2
f 222/31/291 223/32/292 76/33/250
f 76/33/250 223/32/292 77/34/251
s 3
f 222/884/293 76/890/249 221/883/294
f 221/883/294 76/890/249 75/889/248
f 221/883/294 75/889/248 220/882/295
f 220/882/295 75/889/248 74/888/247
f 98/892/245 219/886/296 74/888/247
f 74/888/247 219/886/296 220/882/295
f 219/886/296 98/892/245 218/894/297
f 218/894/297 98/892/245 73/899/246
f 238/815/298 239/825/299 85/821/243
f 85/821/243 239/825/299 72/829/244
f 237/810/300 238/815/298 71/816/242
f 71/816/242 238/815/298 85/821/243
f 236/803/301 237/810/300 70/811/241
f 70/811/241 237/810/300 71/816/242
f 235/799/302 236/803/301 69/807/240
f 69/807/240 236/803/301 70/811/241
s 4
f 234/53/303 235/54/304 68/55/238
f 68/55/238 235/54/304 69/56/239
s 1
f 49/613/257 247/617/305 50/615/258
f 50/615/258 247/617/305 248/619/306
s 4
f 49/43/279 64/44/280 247/45/307
f 247/45/307 64/44/280 246/46/308
s 3
f 64/764/278 63/767/277 246/769/309
f 246/769/309 63/767/277 245/772/310
f 63/767/277 62/771/276 245/772/310
f 245/772/310 62/771/276 244/777/311
f 62/771/276 83/776/274 244/777/311
f 244/777/311 83/776/274 243/783/312
f 242/791/313 243/783/312 61/782/275
f 61/782/275 243/783/312 83/776/274
f 100/835/272 262/845/314 60/832/273
f 60/832/273 262/845/314 263/838/315
f 262/845/314 100/835/272 261/848/316
f 261/848/316 100/835/272 59/841/271
f 58/854/270 260/855/317 59/841/271
f 59/841/271 260/855/317 261/848/316
f 57/865/269 259/866/318 58/854/270
f 58/854/270 259/866/318 260/855/317
s 2
f 57/21/267 56/22/268 259/23/319
f 259/23/319 56/22/268 258/24/320
s 1
f 56/712/266 55/701/265 258/713/321
f 258/713/321 55/701/265 257/702/322
f 55/701/265 54/688/264 257/702/322
f 257/702/322 54/688/264 256/695/323
f 54/688/264 93/682/262 256/695/323
f 256/695/323 93/682/262 255/694/324
f 254/687/325 255/694/324 53/681/263
f 53/681/263 255/694/324 93/682/262
f 90/626/260 250/632/326 52/633/261
f 52/633/261 250/632/326 251/642/327
f 250/632/326 90/626/260 249/625/328
f 249/625/328 90/626/260 51/620/259
f 50/615/258 248/619/306 51/620/259
f 51/620/259 248/619/306 249/625/328
s 6
f 299/355/329 300/356/330 34/357/221
f 34/357/221 300/356/330 33/358/222
s 3
f 138/824/232 298/814/331 34/820/231
f 34/820/231 298/814/331 299/818/332
f 298/814/331 138/824/232 297/826/333
f 297/826/333 138/824/232 60/832/273
f 296/846/334 297/826/333 263/838/315
f 263/838/315 297/826/333 60/832/273
f 272/908/335 273/903/336 73/899/246
f 73/899/246 273/903/336 218/894/297
f 271/891/337 272/908/335 113/902/229
f 113/902/229 272/908/335 73/899/246
f 270/893/338 271/891/337 35/898/230
f 35/898/230 271/891/337 113/902/229
s 5
f 269/326/339 270/325/340 36/327/228
f 36/327/228 270/325/340 35/328/227
s 1
f 122/750/225 268/739/341 36/746/226
f 36/746/226 268/739/341 269/741/342
f 80/748/256 267/756/343 122/750/225
f 122/750/225 267/756/343 268/739/341
f 227/742/287 266/752/344 80/748/256
f 80/748/256 266/752/344 267/756/343
f 53/681/263 302/674/345 254/687/325
f 254/687/325 302/674/345 303/693/346
f 301/662/347 302/674/345 129/672/223
f 129/672/223 302/674/345 53/681/263
f 300/666/348 301/662/347 33/668/224
f 33/668/224 301/662/347 129/672/223
s 6
f 30/345/209 289/347/349 29/346/210
f 29/346/210 289/347/349 290/348/350
s 1
f 127/627/220 288/629/351 30/623/219
f 30/623/219 288/629/351 289/635/352
f 288/629/351 127/627/220 287/634/353
f 287/634/353 127/627/220 52/633/261
f 286/647/354 287/634/353 251/642/327
f 251/642/327 287/634/353 52/633/261
f 282/692/355 283/684/356 65/678/234
f 65/678/234 283/684/356 230/673/285
f 281/705/357 282/692/355 102/691/217
f 102/691/217 282/692/355 65/678/234
f 280/716/358 281/705/357 31/704/218
f 31/704/218 281/705/357 102/691/217
s 5
f 32/316/216 279/317/359 31/315/215
f 31/315/215 279/317/359 280/318/360
s 3
f 111/843/213 278/857/361 32/858/214
f 32/858/214 278/857/361 279/868/362
f 72/829/244 277/842/363 111/843/213
f 111/843/213 277/842/363 278/857/361
f 239/825/299 276/837/364 72/829/244
f 72/829/244 276/837/364 277/842/363
f 61/782/275 292/787/365 242/791/313
f 242/791/313 292/787/365 293/797/366
f 291/781/367 292/787/365 140/779/211
f 140/779/211 292/787/365 61/782/275
f 290/786/368 291/781/367 29/775/212
f 29/775/212 291/781/367 140/779/211
f 273/903/336 274/904/369 218/894/297
f 218/894/297 274/904/369 159/900/370
f 219/886/296 158/880/199 220/882/295
f 220/882/295 158/880/199 157/876/200
f 156/877/201 221/883/294 157/876/200
f 157/876/200 221/883/294 220/882/295
f 155/878/202 222/884/293 156/877/201
f 156/877/201 222/884/293 221/883/294
s 2
f 155/29/203 154/30/204 222/31/291
f 222/31/291 154/30/204 223/32/292
s 1
f 154/726/205 153/725/206 223/732/290
f 223/732/290 153/725/206 224/731/289
f 153/725/206 152/724/207 224/731/289
f 224/731/289 152/724/207 225/730/288
f 152/724/207 151/728/208 225/730/288
f 225/730/288 151/728/208 226/734/286
f 227/742/287 226/734/286 150/747/371
f 150/747/371 265/751/372 227/742/287
f 227/742/287 265/751/372 266/752/344
f 283/684/356 284/685/373 230/673/285
f 230/673/285 284/685/373 149/679/374
f 149/679/374 231/665/284 230/673/285
f 231/665/284 148/659/189 232/658/283
f 232/658/283 148/659/189 147/650/190
f 146/639/191 233/649/282 147/650/190
f 147/650/190 233/649/282 232/658/283
f 145/636/192 234/645/281 146/639/191
f 146/639/191 234/645/281 233/649/282
s 4
f 145/51/193 164/52/194 234/53/303
f 234/53/303 164/52/194 235/54/304
s 3
f 164/788/195 163/794/196 235/799/302
f 235/799/302 163/794/196 236/803/301
f 163/794/196 162/802/197 236/803/301
f 236/803/301 162/802/197 237/810/300
f 162/802/197 161/809/198 237/810/300
f 237/810/300 161/809/198 238/815/298
f 239/825/299 238/815/298 160/828/375
f 160/828/375 275/836/376 239/825/299
f 239/825/299 275/836/376 276/837/364
f 242/791/313 293/797/366 171/798/377
f 171/798/377 293/797/366 294/806/378
f 244/777/311 243/783/312 169/784/177
f 169/784/177 243/783/312 170/792/178
f 245/772/310 244/777/311 168/778/181
f 168/778/181 244/777/311 169/784/177
f 246/769/309 245/772/310 167/774/183
f 167/774/183 245/772/310 168/778/181
s 4
f 247/45/307 246/46/308 166/47/185
f 166/47/185 246/46/308 167/48/186
s 1
f 247/617/305 166/622/149 248/619/306
f 248/619/306 166/622/149 165/624/151
f 248/619/306 165/624/151 249/625/328
f 249/625/328 165/624/151 184/631/153
f 183/641/156 250/632/326 184/631/153
f 184/631/153 250/632/326 249/625/328
f 285/655/379 286/647/354 182/646/380
f 182/646/380 286/647/354 251/642/327
f 254/687/325 303/693/346 181/700/381
f 181/700/381 303/693/346 304/707/382
f 256/695/323 255/694/324 179/708/157
f 179/708/157 255/694/324 180/711/158
f 257/702/322 256/695/323 178/709/161
f 178/709/161 256/695/323 179/708/157
f 258/713/321 257/702/322 177/714/163
f 177/714/163 257/702/322 178/709/161
s 2
f 259/23/319 258/24/320 176/25/165
f 176/25/165 258/24/320 177/26/166
s 3
f 259/866/318 176/867/169 260/855/317
f 260/855/317 176/867/169 175/862/171
f 260/855/317 175/862/171 261/848/316
f 261/848/316 175/862/171 174/859/173
f 173/863/176 262/845/314 174/859/173
f 174/859/173 262/845/314 261/848/316
f 295/860/383 296/846/334 172/851/384
f 172/851/384 296/846/334 263/838/315
s 1
f 265/751/372 197/759/385 266/752/344
f 266/752/344 197/759/385 228/760/386
f 266/752/344 228/760/386 267/756/343
f 267/756/343 228/760/386 196/758/387
f 269/741/342 268/739/341 194/733/110
f 194/733/110 268/739/341 195/735/109
s 5
f 193/323/61 270/325/340 194/324/62
f 194/324/62 270/325/340 269/326/339
s 3
f 192/887/131 271/891/337 193/885/132
f 193/885/132 271/891/337 270/893/338
f 271/891/337 191/910/388 272/908/335
f 191/910/388 217/911/389 272/908/335
f 272/908/335 217/911/389 273/903/336
f 274/904/369 273/903/336 190/912/390
f 190/912/390 273/903/336 217/911/389
f 275/836/376 213/849/391 276/837/364
f 276/837/364 213/849/391 240/850/392
f 276/837/364 240/850/392 277/842/363
f 277/842/363 240/850/392 212/856/393
f 279/868/362 278/857/361 210/873/136
f 210/873/136 278/857/361 211/875/135
s 5
f 280/318/360 279/317/359 209/319/49
f 209/319/49 279/317/359 210/320/50
s 1
f 208/723/105 281/705/357 209/721/106
f 209/721/106 281/705/357 280/716/358
f 207/706/394 229/697/395 282/692/355
f 282/692/355 229/697/395 283/684/356
f 284/685/373 283/684/356 206/698/396
f 206/698/396 283/684/356 229/697/395
f 252/643/397 286/647/354 205/652/398
f 205/652/398 286/647/354 285/655/379
f 286/647/354 252/643/397 287/634/353
f 287/634/353 252/643/397 204/637/399
f 204/637/399 288/629/351 287/634/353
f 289/635/352 288/629/351 202/638/53
f 202/638/53 288/629/351 203/644/54
s 6
f 289/347/349 202/349/41 290/348/350
f 290/348/350 202/349/41 201/350/43
s 3
f 216/795/46 291/781/367 201/789/48
f 201/789/48 291/781/367 290/786/368
f 293/797/366 292/787/365 241/796/400
f 241/796/400 292/787/365 215/790/401
f 294/806/378 293/797/366 214/805/402
f 214/805/402 293/797/366 241/796/400
f 264/839/403 296/846/334 189/852/404
f 189/852/404 296/846/334 295/860/383
f 296/846/334 264/839/403 297/826/333
f 297/826/333 264/839/403 188/833/405
f 188/833/405 298/814/331 297/826/333
f 299/818/332 298/814/331 186/812/63
f 186/812/63 298/814/331 187/808/64
s 6
f 186/353/57 185/354/58 299/355/329
f 299/355/329 185/354/58 300/356/330
s 1
f 200/656/59 301/662/347 185/660/60
f 185/660/60 301/662/347 300/666/348
f 303/693/346 302/674/345 253/686/406
f 253/686/406 302/674/345 199/680/407
f 304/707/382 303/693/346 198/699/408
f 198/699/408 303/693/346 253/686/406
f 181/700/381 255/694/324 254/687/325
f 302/674/345 301/662/347 199/680/407
f 251/642/327 250/632/326 182/646/380
f 281/705/357 207/706/394 282/692/355
f 268/739/341 267/756/343 196/758/387
s 3
f 278/857/361 277/842/363 212/856/393
f 171/798/377 243/783/312 242/791/313
f 292/787/365 291/781/367 215/790/401
f 263/838/315 262/845/314 172/851/384
f 159/900/370 219/886/296 218/894/297
s 81
f 268/61/409 196/62/410 271/63/411
f 271/63/411 196/62/410 191/64/412
s 82
f 281/367/413 208/368/414 278/369/415
f 278/369/415 208/368/414 211/370/416
s 83
f 208/368/417 101/371/418 211/370/419
f 211/370/419 101/371/418 112/372/420
s 84
f 195/374/421 192/373/422 101/371/423
f 101/371/423 192/373/422 112/372/424
s 85
f 268/376/425 271/375/426 195/374/427
f 195/374/427 271/375/426 192/373/428
s 86
f 206/69/429 229/70/430 213/71/431
f 213/71/431 229/70/430 240/72/432
s 87
f 229/70/433 207/73/434 240/72/435
f 240/72/435 207/73/434 212/74/436
s 88
f 281/76/437 278/75/438 207/73/439
f 207/73/439 278/75/438 212/74/440
s 89
f 213/377/441 275/378/442 206/379/443
f 206/379/443 275/378/442 284/380/444
s 90
f 275/378/445 160/381/446 284/380/447
f 284/380/447 160/381/446 149/382/448
s 91
f 160/381/449 238/383/450 149/382/451
f 149/382/451 238/383/450 231/384/452
s 92
f 238/77/453 161/78/454 231/79/455
f 231/79/455 161/78/454 148/80/456
s 93
f 161/78/457 84/81/458 148/80/459
f 148/80/459 84/81/458 89/82/460
s 94
f 84/81/461 170/83/462 89/82/463
f 89/82/463 170/83/462 183/84/464
s 95
f 170/83/465 243/85/466 183/84/467
f 183/84/467 243/85/466 250/86/468
s 96
f 171/387/469 182/389/470 243/391/471
f 243/391/471 182/389/470 250/392/472
s 97
f 294/385/473 285/386/474 171/387/475
f 171/387/475 285/386/474 182/389/476
s 98
f 214/390/477 205/388/478 294/385/479
f 294/385/479 205/388/478 285/386/480
s 99
f 198/87/481 253/88/482 189/89/483
f 189/89/483 253/88/482 264/90/484
s 100
f 253/88/485 199/91/486 264/90/487
f 264/90/487 199/91/486 188/92/488
s 101
f 301/94/489 298/93/490 199/91/491
f 199/91/491 298/93/490 188/92/492
s 102
f 301/393/493 200/394/494 298/395/495
f 298/395/495 200/394/494 187/396/496
s 103
f 200/394/497 128/397/498 187/396/499
f 187/396/499 128/397/498 139/398/500
s 104
f 203/400/501 216/399/502 128/397/503
f 128/397/503 216/399/502 139/398/504
s 105
f 288/402/505 291/401/506 203/400/507
f 203/400/507 291/401/506 216/399/508
s 106
f 288/95/509 204/96/510 291/97/511
f 291/97/511 204/96/510 215/98/512
s 107
f 204/96/513 252/99/514 215/98/515
f 215/98/515 252/99/514 241/100/516
s 108
f 252/99/517 205/101/518 241/100/519
f 241/100/519 205/101/518 214/102/520
s 109
f 196/62/521 228/65/522 191/64/523
f 191/64/523 228/65/522 217/66/524
s 110
f 228/65/525 197/67/526 217/66/527
f 217/66/527 197/67/526 190/68/528
s 111
f 265/403/529 274/404/530 197/405/531
f 197/405/531 274/404/530 190/407/532
s 112
f 150/408/533 159/406/534 265/403/535
f 265/403/535 159/406/534 274/404/536
s 113
f 226/410/537 219/409/538 150/408/539
f 150/408/539 219/409/538 159/406/540
s 114
f 226/103/541 151/104/542 219/105/543
f 219/105/543 151/104/542 158/106/544
s 115
f 151/104/545 94/107/546 158/106/547
f 158/106/547 94/107/546 99/108/548
s 116
f 94/107/549 180/109/550 99/108/551
f 99/108/551 180/109/550 173/110/552
s 117
f 180/109/553 255/111/554 173/110/555
f 173/110/555 255/111/554 262/112/556
s 118
f 255/417/557 181/411/558 262/415/559
f 262/415/559 181/411/558 172/413/560
s 119
f 181/411/561 304/412/562 172/413/563
f 172/413/563 304/412/562 295/414/564
s 120
f 304/412/565 198/416/566 295/414/567
f 295/414/567 198/416/566 189/418/568
s 121
f 440/113/569 436/114/570 306/115/571
f 306/115/571 436/114/570 305/117/572
s 122
f 446/119/573 443/120/574 451/121/575
f 451/121/575 443/120/574 448/123/576
s 123
f 305/419/577 450/420/578 306/421/579
f 306/421/579 450/420/578 449/422/580
s 124
f 442/425/581 444/426/582 438/427/583
f 438/427/583 444/426/582 435/429/584
s 125
f 458/127/585 454/128/586 463/129/587
f 463/129/587 454/128/586 461/131/588
s 126
f 470/135/589 467/136/590 475/137/591
f 475/137/591 467/136/590 472/139/592
s 127
f 462/433/593 459/434/594 473/435/595
f 473/435/595 459/434/594 474/437/596
s 128
f 466/441/597 468/442/598 456/443/599
f 456/443/599 468/442/598 453/445/600
s 129
f 307/913/601 479/914/602 308/915/603
f 308/915/603 479/914/602 480/916/604
s 130
f 309/919/605 485/920/606 310/921/607
f 310/921/607 485/920/606 486/922/608
s 131
f 482/449/609 477/450/610 483/451/611
f 483/451/611 477/450/610 488/453/612
s 132
f 494/925/613 490/926/614 499/927/615
f 499/927/615 490/926/614 497/929/616
s 133
f 506/933/617 503/934/618 511/935/619
f 511/935/619 503/934/618 508/937/620
s 134
f 498/457/621 495/458/622 509/459/623
f 509/459/623 495/458/622 510/461/624
s 135
f 502/465/625 504/466/626 492/467/627
f 492/467/627 504/466/626 489/469/628
s 136
f 311/941/629 515/942/630 312/943/631
f 312/943/631 515/942/630 516/944/632
s 137
f 313/947/633 521/948/634 314/949/635
f 314/949/635 521/948/634 522/950/636
s 138
f 518/473/637 513/474/638 519/475/639
f 519/475/639 513/474/638 524/477/640
s 139
f 315/953/641 316/954/642 339/955/643
f 339/955/643 316/954/642 342/956/644
s 140
f 317/143/645 318/144/646 319/145/647
f 319/145/647 318/144/646 320/146/648
s 141
f 340/971/649 341/972/650 321/973/651
f 321/973/651 341/972/650 322/975/652
s 142
f 321/147/653 322/148/654 315/149/655
f 315/149/655 322/148/654 316/150/656
s 143
f 316/481/657 322/482/658 342/483/659
f 342/483/659 322/482/658 341/484/660
s 144
f 315/499/661 339/500/662 321/501/663
f 321/501/663 339/500/662 340/502/664
f 335/513/665 336/514/666 319/515/667
f 319/515/667 336/514/666 317/516/668
s 141
f 319/988/669 320/987/670 335/986/671
f 335/986/671 320/987/670 338/985/672
s 143
f 338/495/673 320/497/674 337/496/675
f 337/496/675 320/497/674 318/498/676
s 139
f 336/967/677 337/968/678 317/969/679
f 317/969/679 337/968/678 318/970/680
s 144
f 344/505/681 323/507/682 343/506/683
f 343/506/683 323/507/682 324/508/684
s 141
f 324/980/685 325/979/686 343/978/687
f 343/978/687 325/979/686 346/977/688
s 143
f 345/487/689 346/488/690 326/489/691
f 326/489/691 346/488/690 325/490/692
s 139
f 344/959/693 345/960/694 323/961/695
f 323/961/695 345/960/694 326/962/696
s 144
f 324/508/684 323/507/682 348/509/697
f 348/509/697 323/507/682 347/510/698
s 139
f 323/961/695 326/962/696 347/963/699
f 347/963/699 326/962/696 350/964/700
s 143
f 325/490/692 349/491/701 326/489/691
f 326/489/691 349/491/701 350/492/702
s 141
f 348/982/703 349/981/704 324/980/685
f 324/980/685 349/981/704 325/979/686
s 144
f 331/511/705 332/512/706 335/513/665
f 335/513/665 332/512/706 336/514/666
s 139
f 332/965/707 333/966/708 336/967/677
f 336/967/677 333/966/708 337/968/678
s 143
f 334/493/709 338/495/673 333/494/710
f 333/494/710 338/495/673 337/496/675
s 141
f 335/986/671 338/985/672 331/984/711
f 331/984/711 338/985/672 334/983/712
s 144
f 339/500/662 327/503/713 340/502/664
f 340/502/664 327/503/713 328/504/714
s 141
f 328/976/715 329/974/716 340/971/649
f 340/971/649 329/974/716 341/972/650
s 143
f 342/483/659 341/484/660 330/485/717
f 330/485/717 341/484/660 329/486/718
s 139
f 339/955/643 342/956/644 327/957/719
f 327/957/719 342/956/644 330/958/720
s 144
f 327/503/713 344/505/681 328/504/714
f 328/504/714 344/505/681 343/506/683
s 139
f 327/957/719 330/958/720 344/959/693
f 344/959/693 330/958/720 345/960/694
s 143
f 330/485/717 329/486/718 345/487/689
f 345/487/689 329/486/718 346/488/690
s 141
f 343/978/687 346/977/688 328/976/715
f 328/976/715 346/977/688 329/974/716
s 144
f 348/509/697 347/510/698 331/511/705
f 331/511/705 347/510/698 332/512/706
s 141
f 331/984/711 334/983/712 348/982/703
f 348/982/703 334/983/712 349/981/704
s 143
f 349/491/701 334/493/709 350/492/702
f 350/492/702 334/493/709 333/494/710
s 139
f 347/963/699 350/964/700 332/965/707
f 332/965/707 350/964/700 333/966/708
s 157
f 351/151/721 527/152/722 352/153/723
f 352/153/723 527/152/722 528/154/724
s 158
f 353/157/725 533/158/726 354/159/727
f 354/159/727 533/158/726 534/160/728
s 159
f 530/517/729 525/518/730 531/519/731
f 531/519/731 525/518/730 536/521/732
s 160
f 355/163/733 539/164/734 356/165/735
f 356/165/735 539/164/734 540/166/736
s 161
f 357/169/737 545/170/738 358/171/739
f 358/171/739 545/170/738 546/172/740
s 162
f 542/525/741 537/526/742 543/527/743
f 543/527/743 537/526/742 548/529/744
s 163
f 554/989/745 550/990/746 559/991/747
f 559/991/747 550/990/746 557/993/748
s 164
f 566/997/749 563/998/750 571/999/751
f 571/999/751 563/998/750 568/1001/752
s 165
f 558/533/753 555/534/754 569/535/755
f 569/535/755 555/534/754 570/537/756
s 166
f 562/541/757 564/542/758 552/543/759
f 552/543/759 564/542/758 549/545/760
s 167
f 359/1005/761 360/1006/762 361/1007/763
f 361/1007/763 360/1006/762 362/1008/764
s 168
f 361/549/765 362/550/766 363/551/767
f 363/551/767 362/550/766 364/552/768
s 169
f 363/1009/769 364/1010/770 365/1011/771
f 365/1011/771 364/1010/770 366/1012/772
s 170
f 365/553/773 366/554/774 359/555/775
f 359/555/775 366/554/774 360/556/776
s 171
f 360/175/777 366/176/778 362/177/779
f 362/177/779 366/176/778 364/178/780
s 172
f 365/179/781 359/180/782 363/181/783
f 363/181/783 359/180/782 361/182/784
s 173
f 369/557/785 370/558/786 367/559/787
f 367/559/787 370/558/786 368/560/788
s 174
f 371/1013/789 372/1014/790 373/1015/791
f 373/1015/791 372/1014/790 374/1016/792
s 175
f 383/561/793 387/562/794 395/563/795
f 395/563/795 387/562/794 393/565/796
s 176
f 375/1017/797 376/1018/798 377/1019/799
f 377/1019/799 376/1018/798 378/1020/800
s 177
f 377/573/801 378/574/802 371/575/803
f 371/575/803 378/574/802 372/576/804
s 178
f 372/183/805 378/184/806 374/185/807
f 374/185/807 378/184/806 376/186/808
s 179
f 377/187/809 371/188/810 375/189/811
f 375/189/811 371/188/810 373/190/812
s 180
f 379/6/813 373/2/814 380/5/815
f 373/2/814 374/1/816 380/5/815
s 181
f 380/5/817 374/1/818 381/7/819
f 374/1/818 376/4/820 381/7/819
s 182
f 381/7/821 376/4/822 382/8/823
f 376/4/822 375/3/824 382/8/823
s 183
f 382/8/825 375/3/826 379/6/827
f 375/3/826 373/2/828 379/6/827
s 175
f 379/1021/829 380/1022/830 384/1023/831
f 384/1023/831 380/1022/830 390/1024/832
s 185
f 381/1027/833 382/1028/834 394/1029/835
f 394/1029/835 382/1028/834 398/1030/836
s 175
f 383/561/793 386/564/837 387/562/794
f 387/562/794 386/564/837 388/566/838
f 386/564/837 385/568/839 388/566/838
f 388/566/838 385/568/839 389/570/840
f 385/1026/839 384/1023/831 389/1025/840
f 389/1025/840 384/1023/831 390/1024/832
f 393/565/796 392/567/841 395/563/795
f 395/563/795 392/567/841 396/569/842
s 186
f 392/567/843 391/571/844 396/569/845
f 396/569/845 391/571/844 397/572/846
s 185
f 391/1032/847 394/1029/835 397/1031/848
f 397/1031/848 394/1029/835 398/1030/836
s 187
f 380/191/849 381/192/850 390/193/851
f 381/192/850 394/194/852 390/193/851
f 390/193/851 394/194/852 389/195/853
f 389/195/853 394/194/852 388/196/854
f 388/196/854 394/194/852 387/197/855
f 394/194/852 391/198/856 387/197/855
f 387/197/855 391/198/856 393/199/857
f 391/198/856 392/200/858 393/199/857
s 188
f 379/201/859 384/202/860 382/203/861
f 382/203/861 384/202/860 398/204/862
f 384/202/860 385/205/863 398/204/862
f 385/205/863 386/206/864 398/204/862
f 386/206/864 383/207/865 398/204/862
f 398/204/862 383/207/865 397/208/866
f 383/207/865 395/209/867 397/208/866
f 395/209/867 396/210/868 397/208/866
s 189
f 399/1033/869 400/1034/870 401/1035/871
f 401/1035/871 400/1034/870 402/1036/872
s 190
f 411/577/873 415/578/874 423/579/875
f 423/579/875 415/578/874 421/581/876
s 191
f 403/1037/877 404/1038/878 405/1039/879
f 405/1039/879 404/1038/878 406/1040/880
s 192
f 405/589/881 406/590/882 399/591/883
f 399/591/883 406/590/882 400/592/884
s 193
f 400/211/885 406/212/886 402/213/887
f 402/213/887 406/212/886 404/214/888
s 194
f 405/215/889 399/216/890 403/217/891
f 403/217/891 399/216/890 401/218/892
s 195
g textureEditorIsolateSelectSet pCube32
f 407/14/893 401/10/894 408/13/895
f 401/10/894 402/9/896 408/13/895
s 196
f 408/13/897 402/9/898 409/15/899
f 402/9/898 404/12/900 409/15/899
s 197
f 409/15/901 404/12/902 410/16/903
f 404/12/902 403/11/904 410/16/903
s 198
f 410/16/905 403/11/906 407/14/907
f 403/11/906 401/10/908 407/14/907
s 190
g pCube32
f 407/1041/909 408/1042/910 412/1043/911
f 412/1043/911 408/1042/910 418/1044/912
s 200
f 409/1047/913 410/1048/914 422/1049/915
f 422/1049/915 410/1048/914 426/1050/916
s 190
f 411/577/873 414/580/917 415/578/874
f 415/578/874 414/580/917 416/582/918
f 414/580/917 413/584/919 416/582/918
f 416/582/918 413/584/919 417/586/920
f 413/1046/919 412/1043/911 417/1045/920
f 417/1045/920 412/1043/911 418/1044/912
f 421/581/876 420/583/921 423/579/875
f 423/579/875 420/583/921 424/585/922
s 201
f 420/583/923 419/587/924 424/585/925
f 424/585/925 419/587/924 425/588/926
s 200
f 419/1052/927 422/1049/915 425/1051/928
f 425/1051/928 422/1049/915 426/1050/916
s 202
f 408/219/929 409/220/930 418/221/931
f 409/220/930 422/222/932 418/221/931
f 418/221/931 422/222/932 417/223/933
f 417/223/933 422/222/932 416/224/934
f 416/224/934 422/222/932 415/225/935
f 422/222/932 419/226/936 415/225/935
f 415/225/935 419/226/936 421/227/937
f 419/226/936 420/228/938 421/227/937
s 203
f 407/229/939 412/230/940 410/231/941
f 410/231/941 412/230/940 426/232/942
f 412/230/940 413/233/943 426/232/942
f 413/233/943 414/234/944 426/232/942
f 414/234/944 411/235/945 426/232/942
f 426/232/942 411/235/945 425/236/946
f 411/235/945 423/237/947 425/236/946
f 423/237/947 424/238/948 425/236/946
s 204
f 427/1053/949 428/1054/950 429/1055/951
f 429/1055/951 428/1054/950 430/1056/952
s 205
f 429/593/953 430/594/954 431/595/955
f 431/595/955 430/594/954 432/596/956
s 206
f 431/1057/957 432/1058/958 433/1059/959
f 433/1059/959 432/1058/958 434/1060/960
s 207
f 433/597/961 434/598/962 427/599/963
f 427/599/963 434/598/962 428/600/964
s 208
f 428/239/965 434/240/966 430/241/967
f 430/241/967 434/240/966 432/242/968
s 209
f 433/243/969 427/244/970 431/245/971
f 431/245/971 427/244/970 429/246/972
s 124
f 435/429/584 437/431/973 438/427/583
f 438/427/583 437/431/973 439/432/974
s 121
f 437/118/975 436/114/570 439/116/976
f 439/116/976 436/114/570 440/113/569
s 124
f 442/425/581 441/428/977 444/426/582
f 444/426/582 441/428/977 445/430/978
s 122
f 441/124/979 443/120/574 445/122/980
f 445/122/980 443/120/574 446/119/573
f 448/123/576 447/125/981 451/121/575
f 451/121/575 447/125/981 452/126/982
s 123
f 447/424/983 449/422/580 452/423/984
f 452/423/984 449/422/580 450/420/578
s 128
f 453/445/600 455/447/985 456/443/599
f 456/443/599 455/447/985 457/448/986
s 125
f 455/132/987 454/128/586 457/130/988
f 457/130/988 454/128/586 458/127/585
f 461/131/588 460/133/989 463/129/587
f 463/129/587 460/133/989 464/134/990
s 127
f 460/438/991 459/434/594 464/436/992
f 464/436/992 459/434/594 462/433/593
s 128
f 466/441/597 465/444/993 468/442/598
f 468/442/598 465/444/993 469/446/994
s 126
f 465/140/995 467/136/590 469/138/996
f 469/138/996 467/136/590 470/135/589
f 472/139/592 471/141/997 475/137/591
f 475/137/591 471/141/997 476/142/998
s 127
f 471/440/999 473/435/595 476/439/1000
f 476/439/1000 473/435/595 474/437/596
s 129
f 479/914/602 478/917/1001 480/916/604
f 480/916/604 478/917/1001 481/918/1002
s 131
f 478/454/1003 477/450/610 481/452/1004
f 481/452/1004 477/450/610 482/449/609
s 130
f 485/920/606 484/923/1005 486/922/608
f 486/922/608 484/923/1005 487/924/1006
s 131
f 484/456/1007 483/451/611 487/455/1008
f 487/455/1008 483/451/611 488/453/612
s 135
f 489/469/628 491/471/1009 492/467/627
f 492/467/627 491/471/1009 493/472/1010
s 132
f 491/930/1011 490/926/614 493/928/1012
f 493/928/1012 490/926/614 494/925/613
f 497/929/616 496/931/1013 499/927/615
f 499/927/615 496/931/1013 500/932/1014
s 134
f 496/462/1015 495/458/622 500/460/1016
f 500/460/1016 495/458/622 498/457/621
s 135
f 502/465/625 501/468/1017 504/466/626
f 504/466/626 501/468/1017 505/470/1018
s 133
f 501/938/1019 503/934/618 505/936/1020
f 505/936/1020 503/934/618 506/933/617
f 508/937/620 507/939/1021 511/935/619
f 511/935/619 507/939/1021 512/940/1022
s 134
f 507/464/1023 509/459/623 512/463/1024
f 512/463/1024 509/459/623 510/461/624
s 136
f 515/942/630 514/945/1025 516/944/632
f 516/944/632 514/945/1025 517/946/1026
s 138
f 514/478/1027 513/474/638 517/476/1028
f 517/476/1028 513/474/638 518/473/637
s 137
f 521/948/634 520/951/1029 522/950/636
f 522/950/636 520/951/1029 523/952/1030
s 138
f 520/480/1031 519/475/639 523/479/1032
f 523/479/1032 519/475/639 524/477/640
s 157
f 527/152/722 526/155/1033 528/154/724
f 528/154/724 526/155/1033 529/156/1034
s 159
f 526/522/1035 525/518/730 529/520/1036
f 529/520/1036 525/518/730 530/517/729
s 158
f 533/158/726 532/161/1037 534/160/728
f 534/160/728 532/161/1037 535/162/1038
s 159
f 532/524/1039 531/519/731 535/523/1040
f 535/523/1040 531/519/731 536/521/732
s 160
f 539/164/734 538/167/1041 540/166/736
f 540/166/736 538/167/1041 541/168/1042
s 162
f 538/530/1043 537/526/742 541/528/1044
f 541/528/1044 537/526/742 542/525/741
s 161
f 545/170/738 544/173/1045 546/172/740
f 546/172/740 544/173/1045 547/174/1046
s 162
f 544/532/1047 543/527/743 547/531/1048
f 547/531/1048 543/527/743 548/529/744
s 166
f 549/545/760 551/547/1049 552/543/759
f 552/543/759 551/547/1049 553/548/1050
s 163
f 551/994/1051 550/990/746 553/992/1052
f 553/992/1052 550/990/746 554/989/745
f 557/993/748 556/995/1053 559/991/747
f 559/991/747 556/995/1053 560/996/1054
s 165
f 556/538/1055 555/534/754 560/536/1056
f 560/536/1056 555/534/754 558/533/753
s 166
f 562/541/757 561/544/1057 564/542/758
f 564/542/758 561/544/1057 565/546/1058
s 164
f 561/1002/1059 563/998/750 565/1000/1060
f 565/1000/1060 563/998/750 566/997/749
f 568/1001/752 567/1003/1061 571/999/751
f 571/999/751 567/1003/1061 572/1004/1062
s 165
f 567/540/1063 569/535/755 572/539/1064
f 572/539/1064 569/535/755 570/537/756
s 210
f 306/1061/1065 449/1062/1066 440/1063/1067
f 440/1063/1067 449/1062/1066 439/1064/1068
f 439/1064/1068 449/1062/1066 438/1065/1069
f 449/1062/1066 447/1066/1070 438/1065/1069
f 447/1066/1070 448/1067/1071 438/1065/1069
f 438/1065/1069 448/1067/1071 442/1068/1072
f 442/1068/1072 448/1067/1071 441/1069/1073
f 448/1067/1071 443/1070/1074 441/1069/1073
s 211
f 305/1071/1075 436/1072/1076 450/1073/1077
f 436/1072/1076 437/1074/1078 450/1073/1077
f 437/1074/1078 435/1075/1079 450/1073/1077
f 450/1073/1077 435/1075/1079 452/1076/1080
f 452/1076/1080 435/1075/1079 451/1077/1081
f 435/1075/1079 444/1078/1082 451/1077/1081
f 444/1078/1082 445/1079/1083 451/1077/1081
f 445/1079/1083 446/1080/1084 451/1077/1081
s 212
f 471/1081/1085 472/1082/1086 473/1083/1087
f 472/1082/1086 467/1084/1088 473/1083/1087
f 473/1083/1087 467/1084/1088 462/1085/1089
f 467/1084/1088 465/1086/1090 462/1085/1089
f 465/1086/1090 466/1087/1091 462/1085/1089
f 462/1085/1089 466/1087/1091 464/1088/1092
f 464/1088/1092 466/1087/1091 463/1089/1093
f 457/1092/1094 458/1090/1095 456/1091/1096
f 456/1091/1096 458/1090/1095 466/1087/1091
f 466/1087/1091 458/1090/1095 463/1089/1093
s 214
f 460/1093/1097 461/1094/1098 459/1095/1099
f 459/1095/1099 461/1094/1098 474/1096/1100
f 461/1094/1098 454/1097/1101 474/1096/1100
f 454/1097/1101 455/1098/1102 474/1096/1100
f 455/1098/1102 453/1099/1103 474/1096/1100
f 474/1096/1100 453/1099/1103 476/1100/1104
f 476/1100/1104 453/1099/1103 475/1101/1105
f 469/1104/1106 470/1102/1107 468/1103/1108
f 468/1103/1108 470/1102/1107 453/1099/1103
f 453/1099/1103 470/1102/1107 475/1101/1105
s 216
f 507/247/1109 508/248/1110 509/249/1111
f 508/248/1110 503/250/1112 509/249/1111
f 509/249/1111 503/250/1112 498/251/1113
f 498/251/1113 503/250/1112 500/252/1114
f 500/252/1114 503/250/1112 499/253/1115
f 503/250/1112 501/254/1116 499/253/1115
f 501/254/1116 502/255/1117 499/253/1115
f 493/258/1118 494/256/1119 492/257/1120
f 492/257/1120 494/256/1119 502/255/1117
f 502/255/1117 494/256/1119 499/253/1115
s 218
f 496/259/1121 497/260/1122 495/261/1123
f 495/261/1123 497/260/1122 510/262/1124
f 497/260/1122 490/263/1125 510/262/1124
f 510/262/1124 490/263/1125 512/264/1126
f 512/264/1126 490/263/1125 511/265/1127
f 490/263/1125 491/266/1128 511/265/1127
f 491/266/1128 489/267/1129 511/265/1127
f 505/270/1130 506/268/1131 504/269/1132
f 504/269/1132 506/268/1131 489/267/1129
f 489/267/1129 506/268/1131 511/265/1127
s 220
f 567/271/1133 568/272/1134 569/273/1135
f 568/272/1134 563/274/1136 569/273/1135
f 569/273/1135 563/274/1136 558/275/1137
f 558/275/1137 563/274/1136 560/276/1138
f 560/276/1138 563/274/1136 559/277/1139
f 563/274/1136 561/278/1140 559/277/1139
f 561/278/1140 562/279/1141 559/277/1139
f 553/282/1142 554/280/1143 552/281/1144
f 552/281/1144 554/280/1143 562/279/1141
f 562/279/1141 554/280/1143 559/277/1139
s 222
f 556/283/1145 557/284/1146 555/285/1147
f 555/285/1147 557/284/1146 570/286/1148
f 557/284/1146 550/287/1149 570/286/1148
f 570/286/1148 550/287/1149 572/288/1150
f 572/288/1150 550/287/1149 571/289/1151
f 550/287/1149 551/290/1152 571/289/1151
f 551/290/1152 549/291/1153 571/289/1151
f 565/294/1154 566/292/1155 564/293/1156
f 564/293/1156 566/292/1155 549/291/1153
f 549/291/1153 566/292/1155 571/289/1151
s 224
f 575/601/1157 574/602/1158 576/603/1159
f 576/603/1159 574/602/1158 577/605/1160
s 225
f 574/1105/1161 573/1106/1162 577/1107/1163
f 577/1107/1163 573/1106/1162 578/1108/1164
f 367/1110/1165 368/1109/1166 573/1106/1162
f 573/1106/1162 368/1109/1166 578/1108/1164
s 224
f 575/601/1157 576/603/1159 579/606/1167
f 579/606/1167 576/603/1159 582/607/1168
s 226
f 581/1111/1169 584/1112/1170 369/1113/1171
f 369/1113/1171 584/1112/1170 370/1115/1172
s 227
f 368/295/1173 370/296/1174 578/297/1175
f 578/297/1175 370/296/1174 584/298/1176
s 228
f 369/301/1177 367/302/1178 581/303/1179
f 581/303/1179 367/302/1178 573/304/1180
s 224
f 576/603/1159 577/605/1181 582/607/1168
f 582/607/1168 577/605/1181 583/608/1182
s 227
f 577/300/1183 578/297/1175 583/299/1184
f 583/299/1184 578/297/1175 584/298/1176
s 228
f 573/304/1180 574/305/1185 581/303/1179
f 581/303/1179 574/305/1185 580/306/1186
s 224
f 574/602/1187 575/601/1157 580/604/1188
f 580/604/1188 575/601/1157 579/606/1167
s 226
f 581/1111/1169 580/1114/1189 584/1112/1170
f 584/1112/1170 580/1114/1189 583/1116/1190
s 224
f 580/604/1191 579/606/1167 583/608/1192
f 583/608/1192 579/606/1167 582/607/1168
s off
f 585/1120/1193 587/1118/1194 586/1117/1195
f 586/1117/1196 587/1118/1197 588/1119/1198
f 588/1119/1199 585/1120/1200 586/1117/1201
f 589/1124/1202 591/1122/1203 590/1121/1204
f 590/1121/1205 591/1122/1206 592/1123/1207
f 592/1123/1208 589/1124/1209 590/1121/1210
f 593/1126/1211 595/1128/1212 594/1127/1213
f 594/1127/1214 595/1128/1215 596/1125/1216
f 596/1125/1217 593/1126/1218 594/1127/1219
f 597/1205/1220 599/1206/1221 598/1207/1222
f 598/1199/1223 599/1200/1224 600/1201/1225
f 600/1129/1226 597/1130/1227 598/1131/1228
f 601/1133/1229 603/1135/1230 602/1134/1231
f 602/1134/1232 603/1135/1233 604/1132/1234
f 604/1132/1235 601/1133/1236 602/1134/1237
f 605/1137/1238 607/1139/1239 606/1138/1240
f 606/1138/1241 607/1139/1242 608/1136/1243
f 608/1136/1244 605/1137/1245 606/1138/1246
f 609/1208/1247 611/1209/1248 610/1210/1249
f 610/1202/1250 611/1203/1251 612/1204/1252
f 612/1140/1253 609/1141/1254 610/1142/1255
f 613/1146/1256 615/1144/1257 614/1143/1258
f 614/1143/1259 615/1144/1260 616/1145/1261
f 616/1145/1262 613/1146/1263 614/1143/1264
f 617/1150/1265 619/1148/1266 618/1147/1267
f 618/1147/1268 619/1148/1269 620/1149/1270
f 620/1149/1271 617/1150/1272 618/1147/1273
f 621/1151/1274 623/1152/1275 622/1153/1276
f 622/1153/1277 623/1152/1278 624/1154/1279
f 624/1154/1280 621/1151/1281 622/1153/1282
f 625/1158/1283 627/1156/1284 626/1155/1285
f 626/1155/1286 627/1156/1287 628/1157/1288
f 628/1157/1289 625/1158/1290 626/1155/1291
f 629/1159/1292 631/1160/1293 630/1161/1294
f 630/1161/1295 631/1160/1296 632/1162/1297
f 632/1162/1298 629/1159/1299 630/1161/1300
f 633/1163/1301 635/1164/1302 634/1165/1303
f 634/1165/1304 635/1164/1305 636/1166/1306
f 636/1166/1307 633/1163/1308 634/1165/1309
f 637/1170/1310 639/1168/1311 638/1167/1312
f 638/1167/1313 639/1168/1314 640/1169/1315
f 640/1169/1316 637/1170/1317 638/1167/1318
f 641/1174/1319 643/1172/1320 642/1171/1321
f 642/1171/1322 643/1172/1323 644/1173/1324
f 644/1173/1325 641/1174/1326 642/1171/1327
f 645/1175/1328 647/1176/1329 646/1177/1330
f 646/1177/1331 647/1176/1332 648/1178/1333
f 648/1178/1334 645/1175/1335 646/1177/1336
f 649/1211/1337 651/1212/1338 650/1213/1339
f 650/1187/1340 651/1188/1341 652/1189/1342
f 652/1190/1343 649/1191/1344 650/1192/1345
f 653/1179/1346 655/1180/1347 654/1181/1348
f 654/1181/1349 655/1180/1350 656/1182/1351
f 656/1182/1352 653/1179/1353 654/1181/1354
f 657/1183/1355 659/1184/1356 658/1185/1357
f 658/1185/1358 659/1184/1359 660/1186/1360
f 660/1186/1361 657/1183/1362 658/1185/1363
f 661/1214/1364 663/1215/1365 662/1216/1366
f 662/1193/1367 663/1194/1368 664/1195/1369
f 664/1196/1370 661/1197/1371 662/1198/1372
