# This file uses meters as units for non-parametric coordinates.

mtllib Chest.mtl
g default
v -51.572296 11.569569 37.802170
v 51.587677 11.569569 37.802170
v -46.270569 57.847839 34.716957
v 46.285965 57.847839 34.716957
v -46.270569 57.847839 -34.700455
v 46.285965 57.847839 -34.700455
v -51.572296 11.569569 -37.785667
v 51.587677 11.569569 -37.785667
v -46.270569 57.847839 0.008251
v -51.572296 11.569569 0.008251
v 51.587677 11.569569 0.008251
v 46.285965 57.847839 0.008251
v 0.007693 11.569569 37.802170
v 0.007693 57.847839 34.716957
v 0.007693 57.847839 -34.700455
v 0.007693 11.569569 -37.785667
v 0.007693 11.569569 0.008251
v -41.256302 11.569569 37.802170
v -37.014923 57.847839 34.716957
v -41.927444 57.847839 0.008251
v -37.014923 57.847839 -34.700455
v -41.256302 11.569569 -37.785667
v -41.256302 11.569569 0.008251
v 41.942825 57.847839 0.008251
v 37.030312 57.847839 34.716957
v 41.271698 11.569569 37.802170
v 41.271683 11.569569 0.008251
v 41.271698 11.569569 -37.785667
v 37.030312 57.847839 -34.700455
v -46.270569 57.847839 27.775215
v -51.572296 11.569569 30.243385
v -41.256302 11.569569 30.243385
v 0.007693 11.569569 30.243385
v 41.271698 11.569569 30.243385
v 51.587677 11.569569 30.243385
v 46.285965 57.847839 27.775215
v 41.942825 57.847839 30.473305
v 0.007693 57.847839 30.473305
v -41.927444 57.847839 30.473305
v -51.572296 11.569569 -30.226883
v -46.270569 57.847839 -27.758713
v -41.927444 57.847839 -30.456802
v 0.007693 57.847839 -30.456802
v 41.942825 57.847839 -30.456802
v 46.285965 57.847839 -27.758713
v 51.587677 11.569569 -30.226883
v 41.271698 11.569569 -30.226883
v 0.007693 11.569569 -30.226883
v -41.256302 11.569569 -30.226883
v -29.610397 57.847839 30.473305
v -29.610397 57.847839 34.716957
v -33.003510 11.569569 37.802170
v -33.003510 11.569569 30.243385
v -29.610397 11.569569 0.008251
v -33.003510 11.569569 -30.226883
v -33.003510 11.569569 -37.785667
v -29.610397 57.847839 -34.700455
v -29.610397 57.847839 -30.456802
v 33.018898 11.569569 37.802170
v 29.625786 57.847839 34.716957
v 29.625786 57.847839 30.473305
v 29.625786 57.847839 -30.456802
v 29.625786 57.847839 -34.700455
v 33.018898 11.569569 -37.785667
v 33.018898 11.569569 -30.226883
v 29.625786 11.569569 0.008251
v 33.018898 11.569569 30.243385
v -46.270569 57.847839 -22.205315
v -51.572296 11.569553 -24.179855
v -41.256302 11.569553 -24.179855
v -29.610397 11.569569 -22.205315
v 0.007693 11.569569 -22.205315
v 29.625786 11.569569 -22.205315
v 41.271698 11.569553 -24.179855
v 51.587677 11.569553 -24.179855
v 46.285965 57.847839 -22.205315
v 41.942825 57.847839 -22.205315
v -41.927444 57.847839 -22.205315
v -51.572296 11.569553 24.196358
v -46.270569 57.847839 22.221825
v -41.927444 57.847839 22.221825
v 41.942825 57.847839 22.221825
v 46.285965 57.847839 22.221825
v 51.587677 11.569553 24.196358
v 41.271698 11.569553 24.196358
v 29.625786 11.569569 22.221825
v 0.007693 11.569569 22.221825
v -29.610397 11.569569 22.221825
v -41.256302 11.569553 24.196358
v -51.572296 0.000000 30.243385
v -41.256302 0.000000 30.243385
v -41.256302 0.000000 37.802170
v -51.572296 0.000000 37.802170
v -33.003510 0.000290 30.243385
v -33.003510 0.000290 37.802170
v -41.256302 0.000000 24.196358
v -51.572296 0.000000 24.196358
v -51.572296 0.000000 -37.785667
v -41.256302 0.000000 -37.785667
v -41.256302 0.000000 -30.226883
v -51.572296 0.000000 -30.226883
v -33.003510 0.000290 -30.226883
v -33.003510 0.000290 -37.785667
v -41.256302 0.000000 -24.179855
v -51.572296 0.000000 -24.179855
v 51.587677 0.000000 -30.226883
v 41.271698 0.000000 -30.226883
v 41.271698 0.000000 -37.785667
v 51.587677 0.000000 -37.785667
v 33.018898 0.000290 -30.226883
v 33.018898 0.000290 -37.785667
v 41.271698 0.000000 -24.179855
v 51.587677 0.000000 -24.179855
v 41.271698 0.000000 37.802170
v 41.271698 0.000000 30.243385
v 51.587677 0.000000 30.243385
v 51.587677 0.000000 37.802170
v 33.018898 0.000290 30.243385
v 33.018898 0.000290 37.802170
v 41.271698 0.000000 24.196358
v 51.587677 0.000000 24.196358
v 23.115532 11.569569 37.802170
v 20.740356 57.847839 34.716957
v 20.740356 57.847839 30.473305
v 20.740356 57.847839 -30.456802
v 20.740356 57.847839 -34.700455
v 23.115532 11.569569 -37.785667
v 23.115532 11.569569 -30.226883
v 20.740356 11.569569 -22.205315
v 20.740356 11.569569 0.008251
v 20.740356 11.569569 22.221825
v 23.115532 11.569569 30.243385
v -20.724968 57.847839 30.473305
v -20.724968 57.847839 34.716957
v -23.100143 11.569569 37.802170
v -23.100143 11.569569 30.243385
v -20.724968 11.569569 22.221825
v -20.724968 11.569569 0.008251
v -20.724968 11.569569 -22.205315
v -23.100143 11.569569 -30.226883
v -23.100143 11.569569 -37.785667
v -20.724968 57.847839 -34.700455
v -20.724968 57.847839 -30.456802
v -46.270569 57.847839 -15.541248
v -51.572296 11.569569 -16.923424
v -41.256302 11.569569 -16.923424
v -29.610397 11.569569 -15.541248
v -20.724968 11.569569 -15.541248
v 0.007693 11.569569 -15.541248
v 20.740356 11.569569 -15.541248
v 29.625786 11.569569 -15.541248
v 41.271698 11.569569 -16.923424
v 51.587677 11.569569 -16.923424
v 46.285965 57.847839 -15.541248
v 41.942825 57.847839 -15.541248
v -41.927444 57.847839 -15.541248
v -51.572296 11.569569 16.939926
v -46.270569 57.847839 15.557751
v -41.927444 57.847839 15.557751
v 41.942825 57.847839 15.557751
v 46.285965 57.847839 15.557751
v 51.587677 11.569569 16.939926
v 41.271698 11.569569 16.939926
v 29.625786 11.569569 15.557751
v 20.740356 11.569569 15.557751
v 0.007693 11.569569 15.557751
v -20.724968 11.569569 15.557751
v -29.610397 11.569569 15.557751
v -41.256302 11.569569 16.939926
v 51.587677 5.784784 -30.226883
v 51.587677 5.784784 -37.785667
v 41.271698 5.784784 -37.785667
v 41.271698 5.784784 -30.226883
v 41.271698 5.784784 37.802170
v 51.587677 5.784784 37.802170
v 51.587677 5.784784 30.243385
v 41.271698 5.784784 30.243385
v -51.572296 5.784784 30.243385
v -51.572296 5.784784 37.802170
v -41.256302 5.784784 37.802170
v -41.256302 5.784784 30.243385
v -51.572296 5.784784 -37.785667
v -51.572296 5.784784 -30.226883
v -41.256302 5.784784 -30.226883
v -41.256302 5.784784 -37.785667
v -41.256302 5.854929 17.016621
v -51.572296 5.854929 17.016621
v -51.572296 5.854929 -17.000118
v -41.256302 5.854929 -17.000118
v 41.271698 5.854929 -17.000118
v 51.587677 5.854929 -17.000118
v 51.587677 5.854929 17.016621
v 41.271698 5.854929 17.016621
v -23.282890 5.856779 37.802170
v -23.282890 5.856779 30.243385
v -23.282890 5.856779 -30.226883
v -23.282890 5.856779 -37.785667
v 23.298271 5.856779 -37.785667
v 23.298271 5.856779 -30.226883
v 23.298271 5.856779 30.243385
v 23.298271 5.856779 37.802170
v 26.572258 5.832531 -37.785667
v 33.018898 10.742249 -37.785667
v 38.544281 5.784784 -37.785667
v 32.529190 2.221323 -37.785667
v 31.133919 4.107475 -37.785667
v 29.043282 5.374861 -37.785667
v 26.572258 5.832531 -30.226883
v 29.043282 5.374861 -30.226883
v 31.133919 4.107475 -30.226883
v 32.529190 2.221323 -30.226883
v 38.544281 5.784784 -30.226883
v 33.018898 10.742249 -30.226883
v 26.572258 5.832531 30.243385
v 33.018898 10.742249 30.243385
v 38.544281 5.784784 30.243385
v 32.529190 2.221323 30.243385
v 31.133919 4.107475 30.243385
v 29.043282 5.374861 30.243385
v 26.572258 5.832531 37.802170
v 29.043282 5.374861 37.802170
v 31.133919 4.107475 37.802170
v 32.529190 2.221323 37.802170
v 38.544281 5.784784 37.802170
v 33.018898 10.742249 37.802170
v -26.556870 5.832531 37.802170
v -33.003510 10.742249 37.802170
v -38.528885 5.784784 37.802170
v -32.513802 2.221323 37.802170
v -31.118530 4.107475 37.802170
v -29.027893 5.374861 37.802170
v -26.556870 5.832531 30.243385
v -29.027893 5.374861 30.243385
v -31.118530 4.107475 30.243385
v -32.513802 2.221323 30.243385
v -38.528885 5.784784 30.243385
v -33.003510 10.742249 30.243385
v -26.556870 5.832531 -30.226883
v -33.003510 10.742249 -30.226883
v -38.528885 5.784784 -30.226883
v -32.513802 2.221323 -30.226883
v -31.118530 4.107475 -30.226883
v -29.027893 5.374861 -30.226883
v -26.556870 5.832531 -37.785667
v -29.027893 5.374861 -37.785667
v -31.118530 4.107475 -37.785667
v -32.513802 2.221323 -37.785667
v -38.528885 5.784784 -37.785667
v -33.003510 10.742249 -37.785667
v 35.781578 5.784784 -37.785667
v 33.018898 8.263515 -37.785667
v 33.018898 5.784784 -37.785667
v 33.018898 8.263515 -30.226883
v 35.781578 5.784784 -30.226883
v 33.018898 5.784784 -30.226883
v 35.781578 5.784784 30.243385
v 33.018898 8.263515 30.243385
v 33.018898 5.784784 30.243385
v 33.018898 8.263515 37.802170
v 35.781578 5.784784 37.802170
v 33.018898 5.784784 37.802170
v -35.766190 5.784784 37.802170
v -33.003510 8.263515 37.802170
v -33.003510 5.784784 37.802170
v -33.003510 8.263515 30.243385
v -35.766190 5.784784 30.243385
v -33.003510 5.784784 30.243385
v -35.766190 5.784784 -30.226883
v -33.003510 8.263515 -30.226883
v -33.003510 5.784784 -30.226883
v -33.003510 8.263515 -37.785667
v -35.766190 5.784784 -37.785667
v -33.003510 5.784784 -37.785667
v 41.271698 5.821701 -20.401054
v 41.271698 8.762775 -24.179855
v 41.271698 5.784784 -27.422562
v 41.271698 2.314260 -24.179855
v 41.271698 4.057300 -23.674904
v 41.271698 5.339451 -22.293549
v 51.587677 5.821701 -20.401054
v 51.587677 5.339451 -22.293549
v 51.587677 4.057300 -23.674904
v 51.587677 2.314260 -24.179855
v 51.587677 5.784784 -27.422562
v 51.587677 8.762775 -24.179855
v 51.587677 5.821701 20.417564
v 51.587677 8.762775 24.196358
v 51.587677 5.784784 27.439064
v 51.587677 2.314260 24.196358
v 51.587677 4.057300 23.691406
v 51.587677 5.339451 22.310051
v 41.271698 5.821701 20.417564
v 41.271698 5.339451 22.310051
v 41.271698 4.057300 23.691406
v 41.271698 2.314260 24.196358
v 41.271698 5.784784 27.439064
v 41.271698 8.762775 24.196358
v -41.256302 5.821701 20.417564
v -41.256302 8.762775 24.196358
v -41.256302 5.784784 27.439064
v -41.256302 2.314260 24.196358
v -41.256302 4.057300 23.691406
v -41.256302 5.339451 22.310051
v -51.572296 5.821701 20.417564
v -51.572296 5.339451 22.310051
v -51.572296 4.057300 23.691406
v -51.572296 2.314260 24.196358
v -51.572296 5.784784 27.439064
v -51.572296 8.762775 24.196358
v -51.572296 5.821701 -20.401054
v -51.572296 8.762775 -24.179855
v -51.572296 5.784784 -27.422562
v -51.572296 2.314260 -24.179855
v -51.572296 4.057300 -23.674904
v -51.572296 5.339451 -22.293549
v -41.256302 5.821701 -20.401054
v -41.256302 5.339451 -22.293549
v -41.256302 4.057300 -23.674904
v -41.256302 2.314260 -24.179855
v -41.256302 5.784784 -27.422562
v -41.256302 8.762775 -24.179855
v 41.271698 5.784784 -25.260757
v 41.271698 6.777447 -24.179855
v 51.587677 6.777447 -24.179855
v 51.587677 5.784784 -25.260757
v 51.587677 5.784784 25.277260
v 51.587677 6.777447 24.196358
v 41.271698 6.777447 24.196358
v 41.271698 5.784784 25.277260
v -41.256302 5.784784 25.277260
v -41.256302 6.777447 24.196358
v -51.572296 6.777447 24.196358
v -51.572296 5.784784 25.277260
v -51.572296 5.784784 -25.260757
v -51.572296 6.777447 -24.179855
v -41.256302 6.777447 -24.179855
v -41.256302 5.784784 -25.260757
v 0.007693 15.720596 18.498520
v 0.007693 15.720596 0.008251
v 26.031029 15.720596 18.498520
v 26.031029 15.720596 0.008251
v -26.015648 15.720596 0.008251
v -26.015648 15.720596 18.498520
v 0.007693 15.720596 -18.482018
v -26.015648 15.720596 -18.482018
v 26.031029 15.720596 -18.482018
v -46.462555 15.720596 18.498520
v -46.462555 15.720596 0.008251
v -37.168510 15.720596 18.498520
v -37.168510 15.720596 0.008251
v -37.168510 15.720596 -18.482018
v -46.462555 15.720596 -18.482018
v 37.183891 15.720596 18.498520
v 37.183891 15.720596 0.008251
v 46.477951 15.720596 18.498520
v 46.477951 15.720596 0.008251
v 46.477951 15.720596 -18.482018
v 37.183891 15.720596 -18.482018
v 37.183891 15.720596 -33.010086
v 46.477951 15.720596 -33.010086
v 37.183891 15.720596 -26.406418
v 46.477951 15.720596 -26.406418
v 26.031029 15.720596 -26.406418
v 0.007693 15.720596 -26.406418
v 26.031029 15.720596 -33.010086
v 0.007693 15.720596 -33.010086
v -26.015648 15.720596 -33.010086
v -26.015648 15.720596 -26.406418
v -37.168510 15.720596 -26.406418
v -46.462555 15.720596 -26.406418
v -37.168510 15.720596 -33.010086
v -46.462555 15.720596 -33.010086
v -46.462555 15.720596 26.422920
v -37.168510 15.720596 26.422920
v -46.462555 15.720596 33.026588
v -37.168510 15.720596 33.026588
v -26.015648 15.720596 26.422920
v 0.007693 15.720596 26.422920
v -26.015648 15.720596 33.026588
v 0.007693 15.720596 33.026588
v 26.031029 15.720596 33.026588
v 26.031029 15.720596 26.422920
v 37.183891 15.720596 26.422920
v 46.477951 15.720596 26.422920
v 37.183891 15.720596 33.026588
v 46.477951 15.720596 33.026588
v -37.002594 52.584381 -34.892601
v -31.513145 52.584381 -34.892601
v -37.002594 61.016327 -34.646759
v -31.513145 61.016327 -34.646759
v -37.002594 61.016327 -35.929367
v -31.513145 61.016327 -35.929367
v -37.002594 52.661682 -36.172874
v -31.513145 52.661682 -36.172874
v -37.002594 56.759476 -34.640503
v -37.002594 56.836777 -35.920784
v -31.513145 56.836777 -35.920784
v -31.513145 56.759476 -34.640503
v -37.002594 57.670181 -35.929367
v -37.002594 57.670181 -34.646759
v -31.513145 57.670181 -34.646759
v -31.513145 57.670181 -35.929367
v -37.002594 55.924454 -34.690918
v -37.002594 56.001755 -35.971199
v -31.513145 56.001755 -35.971199
v -31.513145 55.924454 -34.690918
v -31.513145 56.900223 -36.971573
v -37.002594 56.900223 -36.971573
v -31.513145 57.001022 -36.982071
v -31.513145 57.474197 -36.786079
v -31.513145 57.670181 -36.312912
v -37.002594 57.001022 -36.982071
v -37.002594 57.670181 -36.312912
v -37.002594 57.474197 -36.786079
v -31.513145 56.249039 -36.814545
v -31.513145 56.733154 -36.981667
v -31.513145 56.024872 -36.354050
v -37.002594 56.733154 -36.981667
v -37.002594 56.249039 -36.814545
v -37.002594 56.024872 -36.354050
v -8.342329 44.775421 36.491348
v 8.357714 44.775421 36.491348
v -6.565033 61.016525 35.641472
v 6.613194 61.016525 35.641472
v -6.565033 61.019180 34.734467
v 6.613194 61.019180 34.734467
v -8.342329 44.715042 35.586342
v 8.357714 44.715042 35.586342
v 0.007693 39.943359 36.813751
v 0.007693 61.016525 35.641472
v 0.007693 61.019180 34.734467
v 0.007693 39.882980 35.908783
v 6.595873 59.349167 34.729630
v 6.595873 59.346512 35.636688
v 0.007693 59.346313 35.636650
v -6.580486 59.346512 35.636688
v -6.580486 59.349167 34.729630
v 6.621738 57.846161 34.725288
v 6.621738 57.843521 35.632294
v 0.007693 57.838333 35.632278
v -6.606352 57.843521 35.632294
v -6.606352 57.846161 34.725288
v 6.930622 56.862366 34.775856
v 6.930622 56.922729 35.680862
v 0.007693 56.434860 35.713409
v -6.915236 56.922729 35.680862
v -6.915236 56.862366 34.775856
v 6.608805 58.592377 36.552979
v 6.595873 59.346039 35.803711
v 6.597605 59.244293 36.179115
v 6.602339 58.968475 36.453423
v 0.007693 58.592239 36.553001
v 0.007693 58.968231 36.453438
v 0.007693 59.244064 36.179169
v 0.007693 59.345825 35.803711
v 0.007693 57.837830 35.799385
v 0.007693 57.937439 36.175331
v 0.007693 58.211655 36.451248
v 0.007693 58.587082 36.553009
v 6.615273 58.216858 36.451248
v 6.620005 57.942627 36.175346
v 6.621738 57.843048 35.799362
v -6.593420 58.592377 36.552979
v -6.606352 57.843048 35.799362
v -6.604620 57.942627 36.175346
v -6.599886 58.216858 36.451248
v -6.586952 58.968475 36.453423
v -6.582218 59.244293 36.179115
v -6.580486 59.346039 35.803711
v -7.628784 50.849091 36.086128
v -3.992619 50.849091 36.086128
v 4.008005 50.849091 36.086128
v 7.644169 50.849091 36.086128
v 7.287395 53.885925 35.883484
v 1.833147 53.885925 35.883484
v 0.007693 53.885925 35.883484
v -1.817761 53.885925 35.883484
v -7.272009 53.885925 35.883484
v 0.007693 44.775436 36.491348
v -1.964125 61.016525 35.641472
v -2.000104 59.856522 35.638123
v -2.015932 59.346390 35.636642
v -2.008211 59.346069 35.752594
v -2.004805 59.345886 35.803711
v -1.998144 59.314926 35.918045
v -1.982908 59.244141 36.179123
v -1.979966 59.160995 36.261772
v -1.973127 58.968338 36.453423
v -1.976590 58.705444 36.522980
v -1.978080 58.592285 36.552971
v -1.978192 58.588699 36.552971
v -1.990992 58.326965 36.482040
v -1.996551 58.213242 36.451180
v -2.004718 58.129807 36.367271
v -2.023391 57.939026 36.175331
v -2.032072 57.908295 36.059464
v -2.051530 57.839447 35.799355
v -2.059183 57.839813 35.684486
v -2.062655 57.839966 35.632286
v -2.088509 56.881332 35.687706
v -2.096649 56.583160 35.703506
v -2.167792 53.885925 35.883484
v -2.181178 53.378464 35.917389
v -2.247895 50.849091 36.086128
v -2.408093 44.775421 36.491348
v -2.497313 41.392975 36.717033
v 1.989343 61.016525 35.641472
v 2.001012 60.511246 35.640015
v 2.027919 59.346390 35.636642
v 2.031101 59.346222 35.687950
v 2.038275 59.345886 35.803711
v 2.055919 59.275803 36.062439
v 2.063884 59.244156 36.179123
v 2.079924 59.055054 36.367142
v 2.087281 58.968338 36.453423
v 2.097470 58.711456 36.521454
v 2.102200 58.592285 36.552956
v 2.102279 58.588776 36.552940
v 2.103942 58.332550 36.483543
v 2.104721 58.213318 36.451172
v 2.097406 58.025818 36.262604
v 2.094030 57.939072 36.175392
v 2.079635 57.870667 35.917175
v 2.073067 57.839462 35.799347
v 2.069840 57.839630 35.747261
v 2.062716 57.839935 35.632278
v 2.088544 56.878036 35.687889
v 2.096410 56.582062 35.703590
v 2.170302 53.885925 35.883484
v 2.183719 53.396408 35.916145
v 2.253531 50.849091 36.086128
v 2.419997 44.775421 36.491348
v 2.512699 41.392975 36.717033
v 1.823017 53.860657 34.934212
v 0.007683 53.860657 34.934212
v -1.807650 53.860657 34.934212
v -2.155740 53.860657 34.934212
v 0.007683 44.800690 35.538757
v 2.406613 44.800690 35.538757
v -2.394709 44.800690 35.538757
v -2.169052 53.356033 34.967880
v -2.235398 50.840683 35.135712
v 2.158302 53.860657 34.934212
v 2.171645 53.373856 34.966698
v 2.241071 50.840683 35.135712
v -6.338602 44.743912 35.570297
v -4.374594 44.772171 35.554573
v 6.362667 44.743759 35.570374
v 4.362175 44.772552 35.554367
v 0.024080 61.019180 34.734467
v 31.429207 52.584381 -34.892601
v 36.918663 52.584381 -34.892601
v 31.429207 61.016327 -34.646759
v 36.918663 61.016327 -34.646759
v 31.429207 61.016327 -35.929367
v 36.918663 61.016327 -35.929367
v 31.429207 52.661682 -36.172874
v 36.918663 52.661682 -36.172874
v 31.429207 56.759476 -34.640503
v 31.429207 56.836777 -35.920784
v 36.918663 56.836777 -35.920784
v 36.918663 56.759476 -34.640503
v 31.429207 57.670181 -35.929367
v 31.429207 57.670181 -34.646759
v 36.918663 57.670181 -34.646759
v 36.918663 57.670181 -35.929367
v 31.429207 55.924454 -34.690918
v 31.429207 56.001755 -35.971199
v 36.918663 56.001755 -35.971199
v 36.918663 55.924454 -34.690918
v 36.918663 56.900223 -36.971573
v 31.429207 56.900223 -36.971573
v 36.918663 57.001022 -36.982071
v 36.918663 57.474197 -36.786079
v 36.918663 57.670181 -36.312912
v 31.429207 57.001022 -36.982071
v 31.429207 57.670181 -36.312912
v 31.429207 57.474197 -36.786079
v 36.918663 56.249039 -36.814545
v 36.918663 56.733154 -36.981667
v 36.918663 56.024872 -36.354050
v 31.429207 56.733154 -36.981667
v 31.429207 56.249039 -36.814545
v 31.429207 56.024872 -36.354050
v -47.003586 57.842957 34.778664
v 47.018982 57.842957 34.778664
v -47.003586 61.012009 34.778664
v 47.018982 61.012009 34.778664
v -47.003586 61.012009 -34.762161
v 47.018982 61.012009 -34.762161
v -47.003586 57.842957 -34.762161
v 47.018982 57.842957 -34.762161
v 0.007693 46.841003 35.334358
v 0.007693 47.152557 36.476463
v 0.007693 47.887909 37.363480
v 0.007693 48.901413 37.819725
v 0.007693 49.992340 37.754829
v 0.007693 50.944611 37.181648
v 0.007693 51.569626 36.213707
v 0.007693 51.743591 35.042725
v -0.347459 46.760086 35.339172
v -0.347459 47.081924 36.518982
v -0.347459 47.841553 37.435280
v -0.347459 48.888519 37.906586
v -0.347459 50.015457 37.839546
v -0.347459 50.999161 37.247444
v -0.347459 51.644806 36.247551
v -0.347459 51.824509 35.037910
v -0.632269 46.533356 35.352661
v -0.632269 46.884003 36.638100
v -0.632269 47.711655 37.636444
v -0.632269 48.852356 38.149948
v -0.632269 50.080200 38.076912
v -0.632269 51.151993 37.431793
v -0.632269 51.855438 36.342377
v -0.632269 52.051239 35.024429
v -0.790326 46.205719 35.372147
v -0.790326 46.598022 36.810242
v -0.790326 47.523941 37.927139
v -0.790326 48.800110 38.501617
v -0.790326 50.173767 38.419907
v -0.790326 51.372833 37.698181
v -0.790326 52.159821 36.479393
v -0.790326 52.378860 35.004936
v -0.790326 45.842087 35.393784
v -0.790326 46.280594 37.001305
v -0.790326 47.315613 38.249779
v -0.790326 48.742126 38.891953
v -0.790326 50.277618 38.800613
v -0.790326 51.617950 37.993858
v -0.790326 52.497665 36.631477
v -0.790326 52.742508 34.983307
v -0.632269 45.514450 35.413269
v -0.632269 45.994598 37.173439
v -0.632269 47.127899 38.540482
v -0.632269 48.689880 39.243622
v -0.632269 50.371185 39.143616
v -0.632269 51.838791 38.260246
v -0.632269 52.802032 36.768494
v -0.632269 53.070129 34.963814
v -0.347459 45.287720 35.426758
v -0.347459 45.796692 37.292564
v -0.347459 46.998001 38.741638
v -0.347459 48.653732 39.486984
v -0.347459 50.435928 39.380981
v -0.347459 51.991623 38.444595
v -0.347459 53.012680 36.863312
v -0.347459 53.296860 34.950325
v 0.007693 45.206802 35.431572
v 0.007693 45.726059 37.335083
v 0.007693 46.951645 38.813446
v 0.007693 48.640823 39.573853
v 0.007693 50.459045 39.465683
v 0.007693 52.046173 38.510391
v 0.007693 53.087860 36.897156
v 0.007693 53.377777 34.945511
v 0.362845 45.287720 35.426758
v 0.362845 45.796692 37.292564
v 0.362845 46.998001 38.741638
v 0.362845 48.653732 39.486984
v 0.362845 50.435928 39.380981
v 0.362845 51.991623 38.444595
v 0.362845 53.012680 36.863312
v 0.362845 53.296860 34.950325
v 0.647655 45.514450 35.413269
v 0.647655 45.994598 37.173439
v 0.647655 47.127899 38.540482
v 0.647655 48.689880 39.243622
v 0.647655 50.371185 39.143616
v 0.647655 51.838791 38.260246
v 0.647655 52.802032 36.768494
v 0.647655 53.070129 34.963814
v 0.805712 45.842087 35.393784
v 0.805712 46.280594 37.001305
v 0.805712 47.315613 38.249779
v 0.805712 48.742126 38.891953
v 0.805712 50.277618 38.800613
v 0.805712 51.617950 37.993858
v 0.805712 52.497665 36.631477
v 0.805712 52.742508 34.983307
v 0.805712 46.205719 35.372147
v 0.805712 46.598022 36.810242
v 0.805712 47.523941 37.927139
v 0.805712 48.800110 38.501617
v 0.805712 50.173767 38.419907
v 0.805712 51.372833 37.698181
v 0.805712 52.159821 36.479393
v 0.805712 52.378860 35.004936
v 0.647655 46.533356 35.352661
v 0.647655 46.884003 36.638100
v 0.647655 47.711655 37.636444
v 0.647655 48.852356 38.149948
v 0.647655 50.080200 38.076912
v 0.647655 51.151993 37.431793
v 0.647655 51.855438 36.342377
v 0.647655 52.051224 35.024429
v 0.362845 46.760086 35.339172
v 0.362845 47.081924 36.518982
v 0.362845 47.841553 37.435280
v 0.362845 48.888519 37.906586
v 0.362845 50.015457 37.839546
v 0.362845 50.999161 37.247444
v 0.362845 51.644806 36.247551
v 0.362845 51.824509 35.037910
vt 0.039657 0.893134
vt 0.039657 0.868526
vt 0.190316 0.883090
vt 0.020824 0.868526
vt 0.190316 0.860491
vt 0.020824 0.893134
vt 0.020824 0.859397
vt 0.039657 0.848840
vt 0.001992 0.868526
vt 0.030519 0.848840
vt 0.190316 0.842412
vt 0.001992 0.893134
vt 0.009526 0.848840
vt 0.024056 0.848840
vt 0.021053 0.825466
vt 0.039657 0.825217
vt 0.001992 0.848840
vt 0.015201 0.847196
vt 0.020824 0.852359
vt 0.020945 0.836538
vt 0.190316 0.820717
vt 0.019375 0.842699
vt 0.039657 0.770095
vt 0.190316 0.770095
vt 0.190316 0.719474
vt 0.039657 0.714974
vt 0.190316 0.697779
vt 0.039657 0.691351
vt 0.030519 0.691351
vt 0.190316 0.679700
vt 0.020945 0.703653
vt 0.020824 0.671665
vt 0.039657 0.671665
vt 0.021053 0.714724
vt 0.024056 0.691351
vt 0.020824 0.680794
vt 0.190316 0.657101
vt 0.019375 0.697492
vt 0.001992 0.671665
vt 0.020824 0.647057
vt 0.039657 0.647057
vt 0.020824 0.687832
vt 0.009526 0.691351
vt 0.001992 0.647057
vt 0.015201 0.692995
vt 0.001992 0.691351
vt 0.385406 0.680950
vt 0.234747 0.672915
vt 0.385406 0.658351
vt 0.234747 0.692601
vt 0.234747 0.648307
vt 0.385406 0.699029
vt 0.215915 0.672915
vt 0.215915 0.648307
vt 0.234747 0.716224
vt 0.225609 0.692601
vt 0.385406 0.720724
vt 0.215915 0.682044
vt 0.197082 0.648307
vt 0.234747 0.771345
vt 0.216035 0.704903
vt 0.219146 0.692601
vt 0.197082 0.672915
vt 0.385406 0.771345
vt 0.216143 0.715975
vt 0.215915 0.689082
vt 0.204616 0.692601
vt 0.385406 0.821967
vt 0.214465 0.698742
vt 0.210291 0.694245
vt 0.197082 0.692601
vt 0.234747 0.826467
vt 0.385406 0.843662
vt 0.234747 0.850090
vt 0.225609 0.850090
vt 0.385406 0.861741
vt 0.234747 0.869776
vt 0.216035 0.837788
vt 0.215915 0.860647
vt 0.219146 0.850090
vt 0.216143 0.826716
vt 0.385406 0.884340
vt 0.215915 0.869776
vt 0.214465 0.843949
vt 0.234747 0.894384
vt 0.197082 0.869776
vt 0.215915 0.853609
vt 0.215915 0.894384
vt 0.204616 0.850090
vt 0.210291 0.848446
vt 0.197082 0.894384
vt 0.197082 0.850090
vt 0.053016 0.897125
vt 0.053016 0.921733
vt 0.034418 0.897125
vt 0.034418 0.921733
vt 0.711876 0.890905
vt 0.711876 0.910591
vt 0.702739 0.890905
vt 0.693044 0.901461
vt 0.711876 0.867281
vt 0.693044 0.910591
vt 0.696275 0.890905
vt 0.693164 0.878603
vt 0.674211 0.910591
vt 0.693044 0.894424
vt 0.693272 0.867531
vt 0.681745 0.890905
vt 0.691594 0.884764
vt 0.687420 0.889261
vt 0.674211 0.890905
vt 0.122130 0.928567
vt 0.122130 0.953175
vt 0.103532 0.928567
vt 0.103532 0.953175
vt 0.668076 0.867281
vt 0.668076 0.886968
vt 0.649244 0.867281
vt 0.658938 0.886968
vt 0.668076 0.910591
vt 0.649244 0.876411
vt 0.649364 0.899269
vt 0.652475 0.886968
vt 0.630411 0.867281
vt 0.649472 0.910341
vt 0.649244 0.883449
vt 0.637945 0.886968
vt 0.647794 0.893108
vt 0.643620 0.888611
vt 0.630411 0.886968
vt 0.147467 0.928567
vt 0.147467 0.953175
vt 0.128869 0.928567
vt 0.128869 0.953175
vt 0.624276 0.890905
vt 0.624276 0.910591
vt 0.615138 0.890905
vt 0.605443 0.901461
vt 0.624276 0.867281
vt 0.605443 0.910591
vt 0.608675 0.890905
vt 0.605564 0.878603
vt 0.586611 0.910591
vt 0.605443 0.894424
vt 0.605672 0.867531
vt 0.594145 0.890905
vt 0.603994 0.884764
vt 0.599820 0.889261
vt 0.586611 0.890905
vt 0.028283 0.897125
vt 0.028283 0.921733
vt 0.009685 0.897125
vt 0.009685 0.921733
vt 0.580476 0.867281
vt 0.580476 0.886968
vt 0.561643 0.867281
vt 0.571338 0.886968
vt 0.580476 0.910591
vt 0.561643 0.876411
vt 0.561763 0.899269
vt 0.564875 0.886968
vt 0.542811 0.867281
vt 0.561872 0.910341
vt 0.561643 0.883449
vt 0.550345 0.886968
vt 0.560193 0.893108
vt 0.556019 0.888611
vt 0.542811 0.886968
vt 0.212109 0.960558
vt 0.204878 0.960558
vt 0.212109 0.935950
vt 0.204878 0.935950
vt 0.218249 0.935950
vt 0.218249 0.960558
vt 0.222375 0.935950
vt 0.222375 0.960558
vt 0.060090 0.951798
vt 0.052860 0.951798
vt 0.060090 0.927191
vt 0.052860 0.927191
vt 0.066231 0.927191
vt 0.066231 0.951798
vt 0.070357 0.927191
vt 0.070357 0.951798
vt 0.085427 0.953175
vt 0.078196 0.953175
vt 0.085427 0.928567
vt 0.078196 0.928567
vt 0.091567 0.928567
vt 0.091567 0.953175
vt 0.095693 0.928567
vt 0.095693 0.953175
vt 0.237445 0.960558
vt 0.230214 0.960558
vt 0.237445 0.935950
vt 0.230214 0.935950
vt 0.243585 0.935950
vt 0.243585 0.960558
vt 0.247711 0.935950
vt 0.247711 0.960558
vt 0.564204 0.755798
vt 0.564204 0.806420
vt 0.427059 0.755798
vt 0.427059 0.815994
vt 0.564204 0.705177
vt 0.564204 0.828115
vt 0.427059 0.695603
vt 0.427059 0.841792
vt 0.564204 0.683482
vt 0.564204 0.854978
vt 0.427059 0.669805
vt 0.427059 0.863290
vt 0.564204 0.656619
vt 0.427059 0.648307
vt 0.708427 0.755798
vt 0.571281 0.755798
vt 0.708427 0.705177
vt 0.708427 0.806420
vt 0.571281 0.695603
vt 0.571281 0.815994
vt 0.708427 0.683482
vt 0.708427 0.828115
vt 0.571281 0.669805
vt 0.571281 0.841792
vt 0.708427 0.656619
vt 0.708427 0.854978
vt 0.571281 0.648307
vt 0.571281 0.863290
vt 0.894756 0.959054
vt 0.894099 0.969928
vt 0.890588 0.958803
vt 0.889931 0.969676
vt 0.893935 0.972646
vt 0.897356 0.972853
vt 0.889767 0.972395
vt 0.895346 0.970003
vt 0.896752 0.974722
vt 0.889788 0.975360
vt 0.896845 0.970733
vt 0.897390 0.973181
vt 0.895212 0.975360
vt 0.893963 0.975360
vt 0.897389 0.972309
vt 0.889788 0.986253
vt 0.893963 0.986253
vt 0.878643 0.959054
vt 0.882811 0.958803
vt 0.879300 0.969928
vt 0.883468 0.969676
vt 0.879464 0.972646
vt 0.883632 0.972395
vt 0.876043 0.972853
vt 0.883612 0.975360
vt 0.876647 0.974722
vt 0.878053 0.970003
vt 0.879436 0.975360
vt 0.878187 0.975360
vt 0.876009 0.973181
vt 0.876554 0.970733
vt 0.879436 0.986253
vt 0.876010 0.972309
vt 0.883612 0.986253
vt 0.912552 0.866622
vt 0.911892 0.856736
vt 0.912859 0.826880
vt 0.911232 0.846850
vt 0.915498 0.866426
vt 0.909913 0.827077
vt 0.912710 0.869620
vt 0.911810 0.811149
vt 0.915662 0.869629
vt 0.909178 0.816065
vt 0.912695 0.874513
vt 0.908863 0.811346
vt 0.915648 0.874522
vt 0.912166 0.869618
vt 0.912680 0.879950
vt 0.912152 0.874511
vt 0.915633 0.879958
vt 0.910930 0.874180
vt 0.910942 0.869943
vt 0.910037 0.873282
vt 0.910044 0.870835
vt 0.909712 0.872058
vt 0.898024 0.826880
vt 0.900970 0.827077
vt 0.895385 0.866426
vt 0.899074 0.811149
vt 0.899651 0.846850
vt 0.901705 0.816065
vt 0.898991 0.856736
vt 0.902020 0.811346
vt 0.898332 0.866622
vt 0.895221 0.869629
vt 0.898174 0.869620
vt 0.895235 0.874522
vt 0.898188 0.874513
vt 0.898732 0.874511
vt 0.895251 0.879958
vt 0.898717 0.869618
vt 0.898203 0.879950
vt 0.899942 0.869943
vt 0.899954 0.874180
vt 0.900840 0.870835
vt 0.900847 0.873282
vt 0.901171 0.872058
vt 0.833203 0.926785
vt 0.833092 0.925133
vt 0.836293 0.926702
vt 0.836183 0.925060
vt 0.835637 0.916871
vt 0.832543 0.916898
vt 0.834325 0.897208
vt 0.831224 0.897125
vt 0.823216 0.925191
vt 0.823110 0.926785
vt 0.820125 0.925118
vt 0.820019 0.926702
vt 0.820675 0.916871
vt 0.823769 0.916898
vt 0.821987 0.897208
vt 0.825088 0.897125
vt 0.867239 0.959054
vt 0.866583 0.969928
vt 0.863071 0.958803
vt 0.862415 0.969676
vt 0.866419 0.972646
vt 0.869839 0.972853
vt 0.862251 0.972395
vt 0.867829 0.970003
vt 0.869236 0.974722
vt 0.862271 0.975360
vt 0.869328 0.970733
vt 0.869874 0.973181
vt 0.867695 0.975360
vt 0.866447 0.975360
vt 0.869872 0.972309
vt 0.862271 0.986253
vt 0.866447 0.986253
vt 0.851127 0.959054
vt 0.855295 0.958803
vt 0.851783 0.969928
vt 0.855951 0.969676
vt 0.851947 0.972646
vt 0.856115 0.972395
vt 0.848526 0.972853
vt 0.856095 0.975360
vt 0.849130 0.974722
vt 0.850537 0.970003
vt 0.851919 0.975360
vt 0.850671 0.975360
vt 0.848492 0.973181
vt 0.849038 0.970733
vt 0.851919 0.986253
vt 0.848494 0.972309
vt 0.856095 0.986253
vt 0.391977 0.874698
vt 0.391977 0.648307
vt 0.402294 0.874698
vt 0.402294 0.648307
vt 0.409518 0.874698
vt 0.409518 0.648307
vt 0.419835 0.874698
vt 0.419835 0.648307
vt 0.776427 0.929977
vt 0.776490 0.928910
vt 0.780611 0.931118
vt 0.781172 0.930187
vt 0.780224 0.931763
vt 0.776560 0.927726
vt 0.783862 0.933813
vt 0.776383 0.930715
vt 0.783207 0.934236
vt 0.781794 0.929154
vt 0.784808 0.933202
vt 0.776624 0.926660
vt 0.785533 0.937526
vt 0.784741 0.937644
vt 0.782354 0.928223
vt 0.785858 0.932523
vt 0.786678 0.937356
vt 0.776668 0.925922
vt 0.786412 0.941828
vt 0.785295 0.941523
vt 0.782742 0.927579
vt 0.786805 0.931912
vt 0.787949 0.937167
vt 0.787651 0.942166
vt 0.784523 0.941313
vt 0.784062 0.945732
vt 0.785025 0.946530
vt 0.783195 0.945013
vt 0.787459 0.931489
vt 0.789094 0.936997
vt 0.788768 0.942471
vt 0.785892 0.947249
vt 0.782595 0.944515
vt 0.780095 0.948294
vt 0.780590 0.949394
vt 0.781036 0.950384
vt 0.779649 0.947303
vt 0.789886 0.936880
vt 0.789541 0.942682
vt 0.786492 0.947746
vt 0.781345 0.951070
vt 0.779340 0.946617
vt 0.775295 0.949007
vt 0.775224 0.950191
vt 0.775161 0.951257
vt 0.775117 0.951995
vt 0.775358 0.947940
vt 0.775402 0.947202
vt 0.761744 0.928223
vt 0.767474 0.926660
vt 0.762304 0.929154
vt 0.767430 0.925922
vt 0.767538 0.927726
vt 0.758240 0.932523
vt 0.761356 0.927579
vt 0.762927 0.930187
vt 0.757294 0.931912
vt 0.759290 0.933202
vt 0.767608 0.928910
vt 0.756149 0.937167
vt 0.757420 0.937356
vt 0.756639 0.931489
vt 0.763487 0.931118
vt 0.760237 0.933813
vt 0.755005 0.936997
vt 0.758565 0.937526
vt 0.767672 0.929977
vt 0.756447 0.942166
vt 0.757686 0.941828
vt 0.758803 0.941523
vt 0.754212 0.936880
vt 0.763875 0.931763
vt 0.760892 0.934236
vt 0.759357 0.937644
vt 0.755330 0.942471
vt 0.759576 0.941313
vt 0.767716 0.930715
vt 0.758206 0.947249
vt 0.759073 0.946530
vt 0.760036 0.945732
vt 0.760903 0.945013
vt 0.754557 0.942682
vt 0.757606 0.947746
vt 0.761503 0.944515
vt 0.763062 0.950384
vt 0.762754 0.951070
vt 0.763508 0.949394
vt 0.764004 0.948294
vt 0.764450 0.947303
vt 0.764758 0.946617
vt 0.768938 0.951257
vt 0.768981 0.951995
vt 0.768874 0.950191
vt 0.768804 0.949007
vt 0.768740 0.947940
vt 0.768696 0.947202
vt 0.015361 0.612934
vt 0.029176 0.628926
vt 0.015361 0.644121
vt 0.029176 0.588828
vt 0.037960 0.644121
vt 0.015361 0.588828
vt 0.056039 0.629982
vt 0.029176 0.559902
vt 0.056039 0.644121
vt 0.015361 0.559902
vt 0.077734 0.644121
vt 0.015361 0.492406
vt 0.077734 0.629982
vt 0.029176 0.492406
vt 0.128355 0.644121
vt 0.029176 0.424911
vt 0.128355 0.629982
vt 0.015361 0.424911
vt 0.178977 0.644121
vt 0.029176 0.395984
vt 0.178977 0.629982
vt 0.015361 0.395984
vt 0.200672 0.644121
vt 0.015361 0.371879
vt 0.200672 0.629982
vt 0.029176 0.354567
vt 0.218751 0.644121
vt 0.015361 0.340428
vt 0.227535 0.629982
vt 0.037960 0.340428
vt 0.241350 0.644121
vt 0.056039 0.354567
vt 0.241350 0.612934
vt 0.056039 0.340428
vt 0.227535 0.588828
vt 0.077734 0.354567
vt 0.241350 0.588828
vt 0.077734 0.340428
vt 0.241350 0.559902
vt 0.128355 0.340428
vt 0.227535 0.559902
vt 0.128355 0.354567
vt 0.241350 0.492406
vt 0.178977 0.354567
vt 0.227535 0.492406
vt 0.178977 0.340428
vt 0.241350 0.424911
vt 0.200672 0.354567
vt 0.227535 0.424911
vt 0.200672 0.340428
vt 0.241350 0.395984
vt 0.218751 0.340428
vt 0.227535 0.395984
vt 0.227535 0.355886
vt 0.241350 0.371879
vt 0.241350 0.340428
vt 0.824842 0.682534
vt 0.824842 0.648950
vt 0.849449 0.682534
vt 0.805155 0.648950
vt 0.849449 0.648950
vt 0.805155 0.682534
vt 0.849449 0.622083
vt 0.824842 0.622083
vt 0.855828 0.682534
vt 0.855828 0.648950
vt 0.880436 0.682534
vt 0.880436 0.648950
vt 0.880436 0.622083
vt 0.900122 0.682534
vt 0.855828 0.622083
vt 0.900122 0.648950
vt 0.931109 0.622083
vt 0.931109 0.655666
vt 0.906501 0.622083
vt 0.950795 0.655666
vt 0.906501 0.655666
vt 0.950795 0.622083
vt 0.931109 0.682534
vt 0.906501 0.682534
vt 0.998008 0.720109
vt 0.973400 0.720109
vt 0.998008 0.686525
vt 0.973400 0.746976
vt 0.973400 0.686525
vt 0.998008 0.746976
vt 0.953714 0.686525
vt 0.953714 0.720109
vt 0.416585 0.169836
vt 0.416585 0.245064
vt 0.391977 0.169836
vt 0.442699 0.237332
vt 0.391977 0.245064
vt 0.416585 0.094609
vt 0.442699 0.169836
vt 0.442699 0.266258
vt 0.391977 0.094609
vt 0.442699 0.102341
vt 0.464394 0.237332
vt 0.464394 0.266258
vt 0.416585 0.277305
vt 0.442699 0.073414
vt 0.464394 0.169836
vt 0.459895 0.304172
vt 0.436271 0.304172
vt 0.416585 0.062368
vt 0.464394 0.102341
vt 0.515016 0.169836
vt 0.515016 0.237332
vt 0.515016 0.304172
vt 0.416585 0.304172
vt 0.436271 0.035501
vt 0.464394 0.073414
vt 0.515016 0.102341
vt 0.515016 0.266258
vt 0.515016 0.337755
vt 0.416585 0.035501
vt 0.459895 0.035501
vt 0.515016 0.073414
vt 0.565637 0.237332
vt 0.565637 0.102341
vt 0.565637 0.266258
vt 0.459895 0.337755
vt 0.570137 0.337755
vt 0.515016 0.035501
vt 0.565637 0.169836
vt 0.565637 0.073414
vt 0.570137 0.304172
vt 0.515016 0.001917
vt 0.587332 0.237332
vt 0.587332 0.102341
vt 0.587332 0.169836
vt 0.587332 0.266258
vt 0.570137 0.035501
vt 0.459895 0.001917
vt 0.587332 0.073414
vt 0.593760 0.304172
vt 0.570137 0.001917
vt 0.613447 0.169836
vt 0.613447 0.245064
vt 0.613447 0.094609
vt 0.613447 0.277305
vt 0.593760 0.035501
vt 0.613447 0.062368
vt 0.613447 0.304172
vt 0.638054 0.169836
vt 0.638054 0.094609
vt 0.613447 0.035501
vt 0.638054 0.245064
vt 0.641538 0.493031
vt 0.581343 0.493031
vt 0.641538 0.408312
vt 0.581343 0.577750
vt 0.581343 0.408312
vt 0.701734 0.408312
vt 0.641538 0.577750
vt 0.555545 0.493031
vt 0.555545 0.408312
vt 0.641538 0.372004
vt 0.701734 0.372004
vt 0.701734 0.493031
vt 0.581343 0.614059
vt 0.701734 0.577750
vt 0.555545 0.577750
vt 0.555545 0.372004
vt 0.581343 0.372004
vt 0.727532 0.408312
vt 0.727532 0.493031
vt 0.641538 0.614059
vt 0.534047 0.493031
vt 0.534047 0.372004
vt 0.641538 0.341747
vt 0.727532 0.372004
vt 0.727532 0.577750
vt 0.581343 0.644316
vt 0.555545 0.614059
vt 0.701734 0.614059
vt 0.534047 0.577750
vt 0.534047 0.408312
vt 0.555545 0.341747
vt 0.534047 0.341747
vt 0.581343 0.341747
vt 0.701734 0.341747
vt 0.749030 0.372004
vt 0.749030 0.493031
vt 0.749030 0.577750
vt 0.727532 0.614059
vt 0.641538 0.644316
vt 0.534047 0.614059
vt 0.727532 0.341747
vt 0.749030 0.408312
vt 0.555545 0.644316
vt 0.727532 0.644316
vt 0.701734 0.644316
vt 0.749030 0.341747
vt 0.749030 0.614059
vt 0.534047 0.644316
vt 0.749030 0.644316
vt 0.390995 0.898375
vt 0.390995 0.931959
vt 0.379923 0.898375
vt 0.397156 0.898375
vt 0.379923 0.931959
vt 0.397156 0.931959
vt 0.401653 0.898375
vt 0.401653 0.931959
vt 0.362716 0.931959
vt 0.362716 0.898375
vt 0.373788 0.931959
vt 0.356555 0.931959
vt 0.373788 0.898375
vt 0.356555 0.898375
vt 0.352058 0.931959
vt 0.352058 0.898375
vt 0.246685 0.931959
vt 0.246685 0.898375
vt 0.257757 0.931959
vt 0.240524 0.931959
vt 0.257757 0.898375
vt 0.240524 0.898375
vt 0.236027 0.931959
vt 0.236027 0.898375
vt 0.206268 0.931959
vt 0.206268 0.898375
vt 0.229891 0.931959
vt 0.229891 0.898375
vt 0.189475 0.898375
vt 0.189475 0.931959
vt 0.178403 0.898375
vt 0.195636 0.898375
vt 0.178403 0.931959
vt 0.195636 0.931959
vt 0.200133 0.898375
vt 0.200133 0.931959
vt 0.010036 0.950332
vt 0.010036 0.925725
vt 0.020695 0.950332
vt 0.001992 0.950332
vt 0.020695 0.925725
vt 0.001992 0.925725
vt 0.162250 0.955384
vt 0.162250 0.930776
vt 0.172908 0.955384
vt 0.154205 0.955384
vt 0.172908 0.930776
vt 0.154205 0.930776
vt 0.190200 0.935950
vt 0.190200 0.960558
vt 0.179542 0.935950
vt 0.198245 0.935950
vt 0.179542 0.960558
vt 0.198245 0.960558
vt 0.038182 0.925725
vt 0.038182 0.950332
vt 0.027523 0.925725
vt 0.046226 0.925725
vt 0.027523 0.950332
vt 0.046226 0.950332
vt 0.966197 0.953822
vt 0.966197 0.935951
vt 0.970373 0.953822
vt 0.970373 0.935951
vt 0.927088 0.888009
vt 0.927088 0.870139
vt 0.931256 0.888009
vt 0.931256 0.870139
vt 0.827371 0.964974
vt 0.827371 0.947103
vt 0.828619 0.964974
vt 0.828619 0.947103
vt 0.830160 0.947103
vt 0.830160 0.964974
vt 0.839861 0.947103
vt 0.839861 0.964974
vt 0.838615 0.947103
vt 0.838615 0.964974
vt 0.837116 0.964974
vt 0.837116 0.947103
vt 0.878170 0.862630
vt 0.881123 0.884027
vt 0.878170 0.869049
vt 0.881123 0.862630
vt 0.878170 0.884027
vt 0.881123 0.841125
vt 0.878170 0.856179
vt 0.878170 0.841125
vt 0.919164 0.898141
vt 0.918322 0.912921
vt 0.917942 0.898136
vt 0.919164 0.912979
vt 0.917942 0.912895
vt 0.919164 0.919589
vt 0.919541 0.913002
vt 0.917942 0.919589
vt 0.917330 0.912843
vt 0.919708 0.898141
vt 0.917049 0.898120
vt 0.918792 0.926119
vt 0.919708 0.919589
vt 0.919708 0.913012
vt 0.917049 0.919589
vt 0.917049 0.912819
vt 0.919164 0.926141
vt 0.917942 0.926070
vt 0.919331 0.926152
vt 0.917673 0.926060
vt 0.919164 0.941037
vt 0.917942 0.941043
vt 0.919708 0.926177
vt 0.917049 0.926038
vt 0.919708 0.941037
vt 0.917049 0.941058
vt 0.947783 0.912860
vt 0.946943 0.912907
vt 0.947783 0.898126
vt 0.947783 0.919652
vt 0.946559 0.898120
vt 0.948067 0.912849
vt 0.946559 0.919652
vt 0.946559 0.912928
vt 0.948681 0.898141
vt 0.947406 0.926293
vt 0.948681 0.919652
vt 0.946390 0.912939
vt 0.948681 0.912825
vt 0.947783 0.926265
vt 0.946559 0.926356
vt 0.948408 0.926204
vt 0.946015 0.898120
vt 0.946015 0.919652
vt 0.947783 0.941179
vt 0.946559 0.941184
vt 0.946185 0.926381
vt 0.948681 0.926177
vt 0.946015 0.912962
vt 0.948681 0.941163
vt 0.946015 0.926392
vt 0.946015 0.941184
vt 0.980555 0.927892
vt 0.980555 0.933834
vt 0.977464 0.927925
vt 0.977464 0.933834
vt 0.977464 0.926833
vt 0.980555 0.939777
vt 0.980555 0.926794
vt 0.977464 0.939744
vt 0.980555 0.940917
vt 0.977464 0.940877
vt 0.957975 0.934647
vt 0.957975 0.926794
vt 0.961076 0.934647
vt 0.961076 0.926838
vt 0.961076 0.942468
vt 0.957975 0.942512
vt 0.984070 0.953821
vt 0.984070 0.935950
vt 0.988245 0.953821
vt 0.988245 0.935950
vt 0.825743 0.888009
vt 0.825743 0.870139
vt 0.829911 0.888009
vt 0.829911 0.870139
vt 0.737719 0.984660
vt 0.737719 0.966789
vt 0.738968 0.984660
vt 0.738968 0.966789
vt 0.740508 0.966789
vt 0.740508 0.984660
vt 0.750209 0.966789
vt 0.750209 0.984660
vt 0.748963 0.966789
vt 0.748963 0.984660
vt 0.747464 0.984660
vt 0.747464 0.966789
vt 0.645341 0.308009
vt 0.645341 0.001917
vt 0.871732 0.308009
vt 0.871732 0.001917
vt 0.771617 0.618091
vt 0.771617 0.312000
vt 0.998008 0.618091
vt 0.998008 0.312000
vt 0.824126 0.942510
vt 0.822969 0.942494
vt 0.824126 0.938792
vt 0.822969 0.938654
vt 0.825282 0.942494
vt 0.824126 0.935904
vt 0.825282 0.938654
vt 0.822969 0.935671
vt 0.825282 0.935671
vt 0.804636 0.926332
vt 0.804636 0.930144
vt 0.803480 0.926317
vt 0.805792 0.926317
vt 0.803480 0.930255
vt 0.805792 0.930255
vt 0.804636 0.933295
vt 0.803480 0.933510
vt 0.805792 0.933510
vt 0.804636 0.935162
vt 0.803480 0.935437
vt 0.805792 0.935437
vt 0.956271 0.952215
vt 0.957427 0.952231
vt 0.956271 0.958289
vt 0.957427 0.958428
vt 0.958583 0.958289
vt 0.956271 0.963007
vt 0.958583 0.952215
vt 0.958583 0.963007
vt 0.957427 0.963241
vt 0.927037 0.966915
vt 0.927037 0.960687
vt 0.928193 0.966931
vt 0.928193 0.960577
vt 0.927037 0.955539
vt 0.929349 0.960687
vt 0.928193 0.955325
vt 0.929349 0.955539
vt 0.929349 0.966915
vt 0.927037 0.952491
vt 0.928193 0.952215
vt 0.929349 0.952491
vt 0.039657 0.337755
vt 0.039657 0.304172
vt 0.190316 0.320496
vt 0.020824 0.304172
vt 0.190316 0.290364
vt 0.020824 0.337755
vt 0.020824 0.295293
vt 0.039657 0.277305
vt 0.001992 0.304172
vt 0.036964 0.277305
vt 0.190316 0.266258
vt 0.001992 0.337755
vt 0.001993 0.277305
vt 0.028894 0.277305
vt 0.039657 0.245064
vt 0.009224 0.275710
vt 0.020824 0.286299
vt 0.020980 0.256318
vt 0.190316 0.237332
vt 0.020824 0.277305
vt 0.019490 0.264362
vt 0.021059 0.245659
vt 0.039657 0.169836
vt 0.015364 0.271168
vt 0.190316 0.169836
vt 0.190316 0.102341
vt 0.039657 0.094609
vt 0.190316 0.073414
vt 0.039657 0.062368
vt 0.036964 0.062368
vt 0.190316 0.049309
vt 0.020980 0.083355
vt 0.020824 0.035501
vt 0.039657 0.035501
vt 0.021059 0.094014
vt 0.028894 0.062368
vt 0.020824 0.044380
vt 0.190316 0.019177
vt 0.019490 0.075311
vt 0.001992 0.035501
vt 0.020824 0.001917
vt 0.039657 0.001917
vt 0.020824 0.062368
vt 0.020824 0.053374
vt 0.001993 0.062368
vt 0.001992 0.001917
vt 0.015364 0.068505
vt 0.009224 0.063962
vt 0.197082 0.290364
vt 0.347741 0.304172
vt 0.197082 0.320496
vt 0.347741 0.277305
vt 0.347741 0.337755
vt 0.197082 0.266258
vt 0.366574 0.304172
vt 0.366574 0.337755
vt 0.347741 0.245064
vt 0.350435 0.277305
vt 0.197082 0.237332
vt 0.366574 0.295292
vt 0.385406 0.337755
vt 0.347741 0.169836
vt 0.366418 0.256318
vt 0.358504 0.277305
vt 0.385406 0.304172
vt 0.197082 0.169836
vt 0.366340 0.245659
vt 0.366574 0.286299
vt 0.385405 0.277305
vt 0.197082 0.102341
vt 0.367908 0.264362
vt 0.366574 0.277305
vt 0.378175 0.275710
vt 0.347741 0.094609
vt 0.372034 0.271168
vt 0.197082 0.073414
vt 0.347741 0.062368
vt 0.197082 0.049309
vt 0.350435 0.062368
vt 0.347741 0.035501
vt 0.366418 0.083355
vt 0.197082 0.019177
vt 0.366574 0.044380
vt 0.358504 0.062368
vt 0.366340 0.094014
vt 0.347741 0.001917
vt 0.366574 0.035501
vt 0.367908 0.075311
vt 0.385406 0.035501
vt 0.366574 0.053374
vt 0.366574 0.062368
vt 0.366574 0.001917
vt 0.385405 0.062368
vt 0.378175 0.063962
vt 0.372034 0.068505
vt 0.385406 0.001917
vt 0.822314 0.745633
vt 0.822314 0.718766
vt 0.841146 0.745633
vt 0.825007 0.718766
vt 0.822314 0.686525
vt 0.841146 0.736753
vt 0.840991 0.697778
vt 0.833077 0.718766
vt 0.859979 0.745633
vt 0.840912 0.687120
vt 0.841146 0.727759
vt 0.859978 0.718766
vt 0.842481 0.705823
vt 0.841146 0.718766
vt 0.852747 0.717171
vt 0.846607 0.712629
vt 0.471216 0.900865
vt 0.471216 0.867281
vt 0.489820 0.900865
vt 0.489820 0.867281
vt 0.816179 0.753348
vt 0.816179 0.780215
vt 0.813485 0.753348
vt 0.797346 0.771336
vt 0.816179 0.721108
vt 0.797346 0.780215
vt 0.805416 0.753348
vt 0.797502 0.732361
vt 0.778514 0.780215
vt 0.797346 0.762342
vt 0.797581 0.721702
vt 0.778515 0.753348
vt 0.797346 0.753348
vt 0.785745 0.751754
vt 0.796012 0.740405
vt 0.791886 0.747211
vt 0.465080 0.867281
vt 0.465080 0.900865
vt 0.446476 0.867281
vt 0.446476 0.900865
vt 0.947579 0.686525
vt 0.947579 0.713392
vt 0.928747 0.686525
vt 0.944886 0.713392
vt 0.947579 0.745633
vt 0.928747 0.695404
vt 0.928902 0.734379
vt 0.936816 0.713392
vt 0.909914 0.686525
vt 0.928981 0.745038
vt 0.928747 0.704398
vt 0.909915 0.713392
vt 0.927412 0.726335
vt 0.928747 0.713392
vt 0.917146 0.714986
vt 0.923286 0.719529
vt 0.345923 0.898375
vt 0.345923 0.931959
vt 0.327319 0.898375
vt 0.327319 0.931959
vt 0.866114 0.713392
vt 0.866114 0.686525
vt 0.868807 0.713392
vt 0.884947 0.695404
vt 0.866114 0.745633
vt 0.884947 0.686525
vt 0.876877 0.713392
vt 0.884791 0.734379
vt 0.903779 0.686525
vt 0.884947 0.704398
vt 0.884712 0.745038
vt 0.903778 0.713392
vt 0.884947 0.713392
vt 0.896547 0.714986
vt 0.886281 0.726335
vt 0.890407 0.719529
vt 0.302580 0.931959
vt 0.302580 0.898375
vt 0.321184 0.931959
vt 0.321184 0.898375
vt 0.290770 0.898375
vt 0.290770 0.931959
vt 0.283236 0.898375
vt 0.296444 0.898375
vt 0.283236 0.931959
vt 0.296444 0.931959
vt 0.269566 0.931959
vt 0.269566 0.898375
vt 0.277100 0.931959
vt 0.263892 0.931959
vt 0.277100 0.898375
vt 0.263892 0.898375
vt 0.432807 0.900865
vt 0.432807 0.867281
vt 0.440341 0.900865
vt 0.427132 0.900865
vt 0.440341 0.867281
vt 0.427132 0.867281
vt 0.415323 0.878689
vt 0.415323 0.912273
vt 0.407789 0.878689
vt 0.420997 0.878689
vt 0.407789 0.912273
vt 0.420997 0.912273
vt 0.527912 0.396609
vt 0.390766 0.372004
vt 0.527912 0.356511
vt 0.390766 0.408312
vt 0.390766 0.341747
vt 0.527912 0.425536
vt 0.390766 0.493031
vt 0.527912 0.493031
vt 0.527912 0.560527
vt 0.390766 0.577750
vt 0.527912 0.589453
vt 0.390766 0.614059
vt 0.527912 0.629551
vt 0.390766 0.644316
vt 0.247485 0.589453
vt 0.384631 0.614059
vt 0.247485 0.629551
vt 0.384631 0.577750
vt 0.384631 0.644316
vt 0.247485 0.560527
vt 0.384631 0.493031
vt 0.247485 0.493031
vt 0.247485 0.425536
vt 0.384631 0.408312
vt 0.247485 0.396609
vt 0.384631 0.372004
vt 0.247485 0.356511
vt 0.384631 0.341747
vt 0.768902 0.984660
vt 0.768902 0.966789
vt 0.779776 0.984660
vt 0.779776 0.966789
vt 0.798137 0.984660
vt 0.798137 0.966789
vt 0.809030 0.984660
vt 0.809030 0.966789
vt 0.817218 0.984660
vt 0.817218 0.966789
vt 0.817546 0.984660
vt 0.815677 0.984660
vt 0.817546 0.966789
vt 0.815677 0.966789
vt 0.818090 0.984660
vt 0.818090 0.966789
vt 0.819666 0.966789
vt 0.819666 0.984660
vt 0.900812 0.921907
vt 0.899650 0.931794
vt 0.888974 0.921907
vt 0.883035 0.930200
vt 0.903135 0.902134
vt 0.882992 0.931794
vt 0.883263 0.921907
vt 0.883805 0.902134
vt 0.898489 0.941680
vt 0.884106 0.891123
vt 0.882751 0.940571
vt 0.875951 0.902134
vt 0.881894 0.931794
vt 0.897484 0.944677
vt 0.875951 0.886403
vt 0.875951 0.940092
vt 0.882726 0.941534
vt 0.867796 0.891123
vt 0.875951 0.931794
vt 0.882641 0.944666
vt 0.868087 0.902134
vt 0.875951 0.944661
vt 0.870009 0.931794
vt 0.848768 0.902134
vt 0.869127 0.941545
vt 0.869101 0.940574
vt 0.862928 0.921907
vt 0.869211 0.944666
vt 0.868869 0.931794
vt 0.868608 0.921907
vt 0.851091 0.921907
vt 0.854419 0.944677
vt 0.853414 0.941680
vt 0.868825 0.930141
vt 0.852252 0.931794
vt 0.929636 0.913135
vt 0.925844 0.913048
vt 0.925844 0.898177
vt 0.925843 0.919624
vt 0.931281 0.898120
vt 0.931281 0.919624
vt 0.931281 0.913173
vt 0.927504 0.926161
vt 0.931281 0.926044
vt 0.925844 0.926212
vt 0.931281 0.941022
vt 0.925844 0.941072
vt 0.939880 0.898162
vt 0.939043 0.912828
vt 0.938656 0.898141
vt 0.939880 0.912861
vt 0.938655 0.912813
vt 0.939879 0.919631
vt 0.938655 0.919631
vt 0.938644 0.912812
vt 0.938638 0.919631
vt 0.937810 0.912807
vt 0.939024 0.926091
vt 0.938644 0.926096
vt 0.937433 0.898120
vt 0.939880 0.926080
vt 0.938655 0.926096
vt 0.937792 0.926138
vt 0.937416 0.919631
vt 0.937422 0.912804
vt 0.939880 0.941100
vt 0.938656 0.941121
vt 0.937433 0.941142
vt 0.937421 0.926156
vt 0.969316 0.818545
vt 0.983236 0.834766
vt 0.976790 0.834720
vt 0.989630 0.834812
vt 0.975847 0.854367
vt 0.968971 0.834551
vt 0.996154 0.834858
vt 0.975455 0.862549
vt 0.961163 0.834383
vt 0.975376 0.864191
vt 0.954800 0.834154
vt 0.990656 0.874295
vt 0.948291 0.833920
vt 0.961278 0.854053
vt 0.974243 0.864166
vt 0.941799 0.833686
vt 0.961326 0.862303
vt 0.989582 0.877475
vt 0.961335 0.863888
vt 0.968335 0.864039
vt 0.945592 0.873323
vt 0.989393 0.882365
vt 0.962426 0.863911
vt 0.967779 0.887337
vt 0.946528 0.876547
vt 0.989225 0.887799
vt 0.946507 0.881440
vt 0.946333 0.886874
vt 0.667557 0.984660
vt 0.667557 0.966789
vt 0.678430 0.984660
vt 0.678430 0.966789
vt 0.696791 0.984660
vt 0.696791 0.966789
vt 0.707684 0.984660
vt 0.707684 0.966789
vt 0.727566 0.984660
vt 0.727566 0.966789
vt 0.727894 0.984660
vt 0.726025 0.984660
vt 0.727894 0.966789
vt 0.726025 0.966789
vt 0.728438 0.984660
vt 0.728438 0.966789
vt 0.730014 0.966789
vt 0.730014 0.984660
vt 0.755165 0.618091
vt 0.755165 0.312000
vt 0.765482 0.618091
vt 0.765482 0.312000
vt 0.879215 0.308009
vt 0.879215 0.001917
vt 0.889532 0.308009
vt 0.889532 0.001917
vt 0.814381 0.942561
vt 0.813225 0.942712
vt 0.814381 0.939261
vt 0.813225 0.939303
vt 0.815537 0.942712
vt 0.813225 0.935634
vt 0.815537 0.939303
vt 0.814381 0.935710
vt 0.815537 0.935634
vt 0.946526 0.952366
vt 0.947682 0.952215
vt 0.946526 0.957756
vt 0.947682 0.957714
vt 0.948838 0.957756
vt 0.947682 0.963634
vt 0.948838 0.952366
vt 0.948838 0.963558
vt 0.946526 0.963558
vt 0.227535 0.354567
vt 0.241350 0.341747
vt 0.029176 0.355886
vt 0.015361 0.341747
vt 0.227535 0.628926
vt 0.241350 0.643066
vt 0.029176 0.629982
vt 0.015361 0.643066
vn 0.000000 0.058648 0.998279
vn 0.000000 0.059957 0.998201
vn 0.000000 0.066519 0.997785
vn 0.000000 0.066519 0.997785
vn 0.000000 1.000000 0.000000
vn 0.000000 1.000000 -0.000001
vn 0.000000 1.000000 -0.000002
vn 0.000000 1.000000 0.000000
vn 0.000000 0.066519 -0.997785
vn 0.000000 0.059150 -0.998249
vn 0.000000 0.066519 -0.997785
vn 0.000000 0.058648 -0.998279
vn 0.000000 -1.000000 0.000000
vn 0.000011 -1.000000 0.000000
vn 0.000000 -1.000000 0.000000
vn 0.000016 -1.000000 0.000000
vn 0.994905 0.100821 0.000000
vn 0.994651 0.103296 -0.000000
vn 0.993502 0.113817 0.000000
vn 0.993502 0.113817 -0.000000
vn -0.993502 0.113818 -0.000000
vn -0.994856 0.101303 -0.000000
vn -0.993502 0.113818 0.000000
vn -0.994905 0.100821 0.000000
vn -0.994905 0.100822 0.000000
vn -0.994651 0.103296 0.000000
vn -0.993502 0.113818 0.000000
vn -0.993502 0.113818 0.000000
vn 0.000000 -1.000000 0.000000
vn 0.000016 -1.000000 0.000000
vn 0.000000 -1.000000 0.000000
vn 0.000011 -1.000000 0.000000
vn 0.993502 0.113817 0.000000
vn 0.994856 0.101303 0.000000
vn 0.993502 0.113817 0.000000
vn 0.994905 0.100821 0.000000
vn 0.000000 1.000000 0.000000
vn 0.000000 1.000000 0.000001
vn 0.000000 1.000000 0.000002
vn 0.000000 1.000000 -0.000000
vn 0.000000 0.066519 0.997785
vn 0.000000 0.059150 0.998249
vn 0.000000 0.066519 0.997785
vn 0.000000 0.058648 0.998279
vn 0.000000 1.000000 0.000000
vn 0.000000 1.000000 -0.000000
vn 0.000000 1.000000 0.000000
vn 0.000000 1.000000 -0.000001
vn 0.000000 1.000000 0.000001
vn 0.000000 1.000000 0.000000
vn 0.000000 1.000000 0.000000
vn 0.000000 1.000000 0.000000
vn 0.000000 0.066519 -0.997785
vn 0.000000 0.066519 -0.997785
vn -0.000000 0.059957 -0.998201
vn 0.000000 0.058648 -0.998279
vn 0.000000 -1.000000 0.000000
vn -0.000011 -1.000000 0.000000
vn 0.000000 -1.000000 0.000000
vn -0.000016 -1.000000 0.000000
vn -0.000016 -1.000000 0.000000
vn -0.000011 -1.000000 0.000000
vn 0.000000 -1.000000 0.000000
vn 0.000000 -1.000000 0.000000
vn 0.000000 0.064844 0.997896
vn 0.000000 0.066519 0.997785
vn 0.000000 0.066519 0.997785
vn 0.000000 0.066519 0.997785
vn 0.000000 1.000000 0.000000
vn 0.000000 1.000000 0.000000
vn 0.000000 1.000000 0.000000
vn 0.000000 1.000000 0.000000
vn 0.000000 1.000000 0.000000
vn 0.000000 1.000000 0.000000
vn 0.000000 1.000000 0.000000
vn 0.000000 1.000000 0.000000
vn -0.000000 0.064844 -0.997896
vn 0.000000 0.066519 -0.997785
vn 0.000000 0.066519 -0.997785
vn 0.000000 0.066519 -0.997785
vn 0.000000 -1.000000 0.000000
vn 0.000000 -1.000000 -0.000000
vn 0.000000 -1.000000 0.000000
vn 0.000000 -1.000000 0.000000
vn 0.000000 -1.000000 0.000000
vn 0.000000 -1.000000 0.000000
vn 0.000000 -1.000000 0.000000
vn 0.000000 -1.000000 0.000000
vn 0.000000 1.000000 0.000000
vn 0.000000 1.000000 0.000000
vn 0.000000 0.066519 0.997785
vn 0.000000 0.064844 0.997895
vn 0.000000 -1.000000 0.000000
vn 0.000000 -1.000000 0.000000
vn 0.000000 -1.000000 0.000000
vn 0.000000 -1.000000 0.000000
vn 0.000000 0.066519 -0.997785
vn 0.000000 0.064844 -0.997895
vn 0.000000 1.000000 0.000000
vn 0.000000 1.000000 0.000000
vn -0.993502 0.113817 0.000000
vn -0.993502 0.113818 0.000000
vn -0.993502 0.113817 0.000000
vn -0.993502 0.113818 0.000000
vn 0.000000 -1.000000 0.000000
vn 0.000000 -1.000000 0.000000
vn 0.000000 -1.000000 0.000000
vn 0.000000 -1.000000 -0.000000
vn 0.000000 -1.000000 0.000000
vn 0.000000 -1.000000 0.000000
vn 0.000000 -1.000000 0.000000
vn 0.000000 -1.000000 0.000000
vn 0.000000 -1.000000 0.000000
vn 0.000000 -1.000000 0.000000
vn 0.000000 -1.000000 0.000000
vn -0.000000 -1.000000 -0.000000
vn 0.000000 -1.000000 0.000000
vn 0.000000 -1.000000 0.000000
vn 0.993502 0.113817 0.000000
vn 0.993502 0.113817 0.000000
vn 0.993502 0.113817 0.000000
vn 0.993502 0.113817 0.000000
vn 0.000000 1.000000 0.000000
vn 0.000000 1.000000 0.000000
vn 0.000000 1.000000 0.000000
vn 0.000000 1.000000 0.000000
vn 0.000000 1.000000 0.000000
vn 0.000000 1.000000 0.000000
vn 0.000000 1.000000 0.000000
vn 0.000000 1.000000 0.000000
vn 0.000000 1.000000 0.000000
vn 0.000000 1.000000 0.000000
vn 0.000000 1.000000 0.000000
vn 0.000000 1.000000 0.000000
vn 0.000000 1.000000 0.000000
vn 0.000000 1.000000 0.000000
vn -0.993780 0.111365 -0.000000
vn -0.993502 0.113818 0.000000
vn 0.000000 1.000000 0.000000
vn 0.000000 1.000000 0.000000
vn 0.000000 1.000000 0.000000
vn 0.000000 1.000000 0.000000
vn 0.000000 1.000000 0.000000
vn 0.000000 1.000000 0.000000
vn 0.000000 1.000000 0.000000
vn 0.993502 0.113817 0.000000
vn 0.993780 0.111365 -0.000000
vn -0.000000 -1.000000 0.000000
vn 0.000000 -1.000000 0.000000
vn 0.000000 -1.000000 0.000000
vn 0.000000 -1.000000 0.000000
vn 0.000000 -1.000000 0.000000
vn 0.000000 -1.000000 0.000000
vn 0.000000 -1.000000 0.000000
vn 0.000000 1.000000 0.000000
vn 0.000000 1.000000 0.000000
vn 0.000000 1.000000 0.000000
vn 0.000000 1.000000 0.000000
vn 0.000000 1.000000 0.000000
vn 0.000000 1.000000 0.000000
vn 0.000000 0.065345 0.997863
vn 0.000000 0.066519 0.997785
vn 0.000035 -1.000000 0.000000
vn 0.000035 -1.000000 0.000000
vn 0.000000 -1.000000 0.000000
vn 0.000000 -1.000000 0.000000
vn 0.000000 -1.000000 0.000000
vn 0.000035 -1.000000 0.000000
vn 0.000035 -1.000000 0.000000
vn 0.000000 0.064146 -0.997941
vn 0.000000 0.066519 -0.997785
vn 0.000000 1.000000 -0.000000
vn 0.000000 1.000000 0.000000
vn 0.000000 1.000000 0.000000
vn 0.000000 1.000000 0.000000
vn 0.000000 0.066519 0.997785
vn 0.000000 0.064146 0.997941
vn 0.000000 1.000000 -0.000000
vn 0.000000 1.000000 0.000000
vn 0.000000 1.000000 0.000000
vn 0.000000 1.000000 0.000000
vn 0.000000 1.000000 0.000000
vn 0.000000 1.000000 0.000000
vn 0.000000 1.000000 0.000000
vn 0.000000 1.000000 0.000000
vn 0.000000 1.000000 0.000000
vn 0.000000 1.000000 0.000000
vn 0.000000 0.066519 -0.997785
vn 0.000000 0.065345 -0.997863
vn -0.000035 -1.000000 0.000000
vn -0.000035 -1.000000 0.000000
vn 0.000000 -1.000000 0.000000
vn 0.000000 -1.000000 0.000000
vn 0.000000 -1.000000 -0.000000
vn -0.000035 -1.000000 0.000000
vn -0.000035 -1.000000 0.000000
vn -0.994221 0.107354 -0.000000
vn -0.993502 0.113817 -0.000000
vn 0.000000 -1.000000 0.000000
vn 0.000000 -1.000000 0.000000
vn 0.000000 -1.000000 0.000000
vn 0.000001 -1.000000 0.000000
vn 0.000001 -1.000000 -0.000001
vn 0.000000 -1.000000 -0.000002
vn 0.000000 -1.000000 0.000000
vn 0.000000 -1.000000 -0.000000
vn 0.000000 -1.000000 0.000000
vn -0.000000 -1.000000 0.000000
vn -0.000001 -1.000000 -0.000001
vn -0.000001 -1.000000 0.000000
vn 0.000000 -1.000000 -0.000003
vn 0.000000 -1.000000 0.000000
vn 0.000000 -1.000000 0.000000
vn 0.993502 0.113817 -0.000000
vn 0.994372 0.105944 -0.000000
vn 0.000000 1.000000 0.000000
vn 0.000000 1.000000 0.000000
vn 0.000000 1.000000 0.000000
vn 0.000000 1.000000 0.000000
vn 0.000000 1.000000 0.000000
vn 0.000000 1.000000 0.000000
vn 0.000000 1.000000 0.000000
vn 0.000000 1.000000 0.000000
vn 0.000000 1.000000 0.000000
vn 0.000000 1.000000 0.000000
vn 0.000000 1.000000 0.000000
vn 0.000000 1.000000 0.000000
vn 0.000000 1.000000 0.000000
vn 0.000000 1.000000 0.000000
vn 0.000000 1.000000 0.000000
vn 0.000000 1.000000 0.000000
vn 0.000000 1.000000 0.000000
vn 0.000000 1.000000 0.000000
vn -0.993502 0.113817 0.000000
vn -0.994010 0.109286 0.000000
vn 0.000000 1.000000 0.000000
vn 0.000000 1.000000 0.000000
vn 0.000000 1.000000 0.000000
vn 0.000000 1.000000 0.000000
vn 0.000000 1.000000 0.000000
vn 0.000000 1.000000 0.000000
vn 0.000000 1.000000 0.000000
vn 0.000000 1.000000 0.000000
vn 0.000000 1.000000 0.000000
vn 0.000000 1.000000 0.000000
vn 0.000000 1.000000 0.000000
vn 0.000000 1.000000 0.000000
vn 0.000000 1.000000 0.000000
vn 0.000000 1.000000 0.000000
vn 0.000000 1.000000 0.000000
vn 0.000000 1.000000 0.000000
vn 0.000000 1.000000 0.000000
vn 0.000000 1.000000 0.000000
vn 0.994375 0.105919 0.000000
vn 0.993502 0.113817 0.000000
vn 0.000000 -1.000000 0.000000
vn 0.000000 -1.000000 0.000000
vn 0.000000 -1.000000 0.000003
vn -0.000001 -1.000000 0.000001
vn -0.000001 -1.000000 -0.000000
vn -0.000000 -1.000000 -0.000000
vn 0.000000 -1.000000 0.000000
vn 0.000000 -1.000000 0.000000
vn 0.000000 -1.000000 0.000000
vn 0.000000 -1.000000 -0.000000
vn 0.000001 -1.000000 0.000001
vn 0.000001 -1.000000 -0.000000
vn 0.000000 -1.000000 0.000002
vn 0.000000 -1.000000 0.000000
vn 0.000000 -1.000000 0.000000
vn 0.000000 0.000000 1.000000
vn 0.000000 0.000000 1.000000
vn -1.000000 0.000000 0.000000
vn -1.000000 0.000000 0.000000
vn 0.000000 0.000000 -1.000000
vn 0.000000 0.000000 -1.000000
vn 0.000000 0.000000 -1.000000
vn 0.000000 0.000000 -1.000000
vn 0.000000 0.000000 -1.000000
vn 0.999489 -0.031973 0.000000
vn 0.999489 -0.031973 0.000000
vn 0.999489 -0.031973 0.000000
vn 0.999489 -0.031973 0.000000
vn 0.000000 0.000000 1.000000
vn -0.000000 0.000000 1.000000
vn 0.000000 -0.013419 -0.999910
vn 0.000000 -0.013419 -0.999910
vn 0.000000 -0.013419 -0.999910
vn 0.000000 -0.013420 -0.999910
vn 1.000000 0.000000 0.000000
vn 1.000000 0.000000 0.000000
vn 1.000000 0.000000 0.000000
vn 1.000000 0.000000 0.000000
vn 1.000000 0.000000 0.000000
vn -1.000000 0.000000 0.000000
vn -1.000000 -0.000000 0.000000
vn 0.000000 0.000000 -1.000000
vn 0.000000 0.000000 -1.000000
vn -1.000000 0.000000 0.000000
vn -1.000000 0.000000 0.000000
vn 0.999489 -0.031973 0.000000
vn 0.999489 -0.031973 0.000000
vn 0.999489 -0.031973 0.000000
vn 0.999489 -0.031973 0.000000
vn 0.000000 0.000000 1.000000
vn 0.000000 0.000000 1.000000
vn 0.000000 0.000000 1.000000
vn -0.000000 0.000000 1.000000
vn 0.000000 0.000000 1.000000
vn -0.000001 0.000000 -1.000000
vn -0.000000 0.000000 -1.000000
vn 1.000000 0.000000 0.000000
vn 1.000000 0.000000 0.000000
vn 1.000000 0.000000 0.000000
vn 1.000000 0.000000 0.000000
vn 1.000000 0.000000 0.000000
vn 0.000000 -0.013420 0.999910
vn 0.000000 -0.013419 0.999910
vn 0.000000 -0.013419 0.999910
vn 0.000000 -0.013419 0.999910
vn -1.000000 0.000000 0.000000
vn -1.000000 -0.000000 0.000000
vn 0.000000 0.000000 -1.000000
vn 0.000000 0.000000 -1.000000
vn 1.000000 0.000000 0.000000
vn 1.000000 0.000000 0.000000
vn 0.000000 0.000000 1.000000
vn 0.000000 0.000000 1.000000
vn 0.000000 0.000000 1.000000
vn 0.000000 0.000000 1.000000
vn 0.000000 0.000000 1.000000
vn -0.999489 -0.031971 0.000000
vn -0.999489 -0.031971 0.000000
vn -0.999489 -0.031971 0.000000
vn -0.999489 -0.031971 0.000000
vn 0.000000 0.000000 -1.000000
vn -0.000000 0.000000 -1.000000
vn 0.000000 -0.013419 0.999910
vn 0.000000 -0.013419 0.999910
vn 0.000000 -0.013419 0.999910
vn 0.000000 -0.013419 0.999910
vn -1.000000 0.000000 0.000000
vn -1.000000 -0.000001 0.000000
vn -1.000000 -0.000000 0.000000
vn -1.000000 0.000000 0.000000
vn -1.000000 -0.000000 0.000000
vn 1.000000 0.000000 0.000000
vn 1.000000 0.000000 0.000000
vn 1.000000 0.000000 0.000000
vn 1.000000 0.000000 0.000000
vn 0.000000 0.000000 1.000000
vn 0.000000 0.000000 1.000000
vn -0.999489 -0.031971 0.000000
vn -0.999489 -0.031971 0.000000
vn -0.999489 -0.031971 0.000000
vn -0.999489 -0.031971 0.000000
vn 0.000000 0.000000 -1.000000
vn 0.000000 0.000000 -1.000000
vn -0.000000 0.000000 -1.000000
vn -0.000000 0.000000 -1.000000
vn 0.000000 0.000000 -1.000000
vn -0.000000 0.000000 1.000000
vn 0.000000 0.000000 1.000000
vn -1.000000 0.000000 0.000000
vn -1.000000 0.000000 0.000000
vn -1.000000 -0.000000 0.000000
vn -1.000000 0.000000 0.000000
vn -1.000000 -0.000001 0.000000
vn 0.000000 -0.013419 -0.999910
vn 0.000000 -0.013419 -0.999910
vn 0.000000 -0.013419 -0.999910
vn 0.000000 -0.013419 -0.999910
vn 1.000000 0.000000 0.000000
vn 1.000000 0.000000 0.000000
vn 1.000000 0.000000 0.000000
vn 1.000000 0.000000 0.000000
vn -0.000000 0.000000 -1.000000
vn 0.000000 0.000000 -1.000000
vn 0.000000 0.000000 1.000000
vn 0.000000 0.000000 1.000000
vn 0.000000 -0.123502 0.992344
vn 0.000000 -0.123502 0.992344
vn 0.000000 0.000000 1.000000
vn 0.000000 0.000000 1.000000
vn 1.000000 0.000000 0.000000
vn 1.000000 0.000000 0.000000
vn 0.000000 0.000000 1.000000
vn 0.000000 0.000000 1.000000
vn 1.000000 0.000000 0.000000
vn 1.000000 0.000000 0.000000
vn 0.000000 -0.123502 -0.992344
vn 0.000000 -0.123502 -0.992344
vn 0.000000 0.000000 -1.000000
vn 0.000000 0.000000 -1.000000
vn -1.000000 0.000000 0.000000
vn -1.000000 -0.000000 0.000000
vn -1.000000 0.000000 0.000000
vn 0.000000 0.000000 1.000000
vn -1.000000 0.000000 0.000000
vn -1.000000 0.000000 0.000000
vn -0.000000 0.000000 1.000000
vn 0.000000 0.000000 1.000000
vn -0.000000 0.000000 -1.000000
vn 0.000000 0.000000 -1.000000
vn 0.000000 -0.123502 -0.992344
vn 0.000000 -0.123502 -0.992344
vn 0.000000 0.000000 -1.000000
vn 0.000000 0.000000 -1.000000
vn -1.000000 0.000000 0.000000
vn -1.000000 0.000000 0.000000
vn -1.000000 0.000000 0.000000
vn -1.000000 0.000000 0.000000
vn 0.000000 -0.123502 0.992344
vn 0.000000 -0.123502 0.992344
vn 0.000000 0.000000 1.000000
vn 0.000000 0.000000 1.000000
vn 1.000000 0.000000 0.000000
vn 1.000000 0.000000 0.000000
vn 1.000000 0.000000 0.000000
vn 0.000000 0.000000 -1.000000
vn 0.000000 0.000000 -1.000000
vn 0.000000 0.000000 -1.000000
vn 1.000000 0.000000 0.000000
vn 1.000000 0.000000 0.000000
vn 1.000000 -0.000000 0.000000
vn 1.000000 0.000000 0.000000
vn 0.000000 -0.995292 -0.096922
vn 0.000000 -0.995292 -0.096922
vn 0.000000 -0.999952 -0.009770
vn 0.000000 -0.999952 -0.009770
vn -1.000000 0.000000 0.000000
vn -1.000000 0.000000 0.000000
vn 0.000000 -0.995292 0.096922
vn 0.000000 -0.995292 0.096922
vn 0.000000 -0.999952 0.009770
vn 0.000000 -0.999952 0.009770
vn -1.000000 0.000000 0.000000
vn -1.000000 0.000000 0.000000
vn -1.000000 0.000000 0.000000
vn -1.000000 0.000000 0.000000
vn 0.000000 -0.995292 0.096922
vn 0.000000 -0.995292 0.096922
vn 0.000000 -0.999952 0.009770
vn 0.000000 -0.999952 0.009770
vn 0.000000 1.000000 0.000002
vn 0.000000 1.000000 0.000002
vn 0.000000 1.000000 0.000002
vn 0.000000 1.000000 0.000002
vn 1.000000 0.000000 0.000000
vn 1.000000 0.000000 0.000000
vn 1.000000 0.000000 0.000000
vn 0.000000 -0.995292 -0.096922
vn 0.000000 -0.995292 -0.096922
vn 0.000000 -0.999952 -0.009770
vn 0.000000 -0.999952 -0.009770
vn 0.000000 0.000000 1.000000
vn 0.000000 0.000000 1.000000
vn 0.083591 -0.996500 0.000000
vn 0.083591 -0.996500 0.000000
vn 0.007406 -0.999973 0.000000
vn 0.007406 -0.999973 0.000000
vn 0.000000 0.000000 1.000000
vn 0.000000 0.000000 1.000000
vn 0.000000 0.000000 1.000000
vn 0.000000 0.000000 1.000000
vn 0.083591 -0.996500 0.000000
vn 0.083591 -0.996500 0.000000
vn 0.007406 -0.999973 0.000000
vn 0.007406 -0.999973 0.000000
vn 0.000000 0.000000 -1.000000
vn 0.000000 0.000000 -1.000000
vn -0.083591 -0.996500 0.000000
vn -0.083591 -0.996500 0.000000
vn -0.007406 -0.999973 0.000000
vn -0.007406 -0.999973 0.000000
vn 0.000000 0.000000 -1.000000
vn -0.000000 0.000000 -1.000000
vn -0.000000 0.000000 -1.000000
vn 0.000000 0.000000 -1.000000
vn -0.083591 -0.996500 0.000000
vn -0.083591 -0.996500 0.000000
vn -0.007406 -0.999973 0.000000
vn -0.007406 -0.999973 0.000000
vn -0.000000 0.000000 -1.000000
vn 0.000000 0.000000 1.000000
vn -0.000000 0.000000 1.000000
vn -0.000000 0.000000 1.000000
vn -0.000000 0.000000 1.000000
vn -0.000000 0.000000 -1.000000
vn 0.000000 0.000000 -1.000000
vn 0.000000 0.000000 1.000000
vn 0.000001 0.000000 1.000000
vn -0.000000 0.000000 1.000000
vn 0.000000 0.000000 -1.000000
vn -0.000000 0.000000 -1.000000
vn -0.000000 0.000000 -1.000000
vn -0.000001 0.000000 -1.000000
vn -0.000000 0.000000 1.000000
vn -0.000000 0.000000 1.000000
vn -0.000000 0.000000 -1.000000
vn -0.000000 0.000000 -1.000000
vn -0.353717 -0.935353 0.000000
vn -0.353717 -0.935353 0.000000
vn -0.670869 -0.741576 0.000000
vn -0.670869 -0.741576 0.000000
vn -0.908854 -0.417116 0.000000
vn -0.908854 -0.417115 0.000000
vn -0.976545 -0.215315 0.000000
vn -0.976545 -0.215315 0.000000
vn -0.353717 -0.935353 0.000000
vn -0.353716 -0.935353 0.000000
vn -0.670869 -0.741576 0.000000
vn -0.670869 -0.741576 0.000000
vn -0.908854 -0.417116 0.000000
vn -0.908854 -0.417115 0.000000
vn -0.976545 -0.215315 0.000000
vn -0.976545 -0.215315 0.000000
vn 0.353717 -0.935353 0.000000
vn 0.353717 -0.935353 0.000000
vn 0.670869 -0.741576 0.000000
vn 0.670869 -0.741576 0.000000
vn 0.908853 -0.417116 0.000000
vn 0.908854 -0.417115 0.000000
vn 0.976545 -0.215315 0.000000
vn 0.976545 -0.215315 0.000000
vn 0.353717 -0.935353 0.000000
vn 0.353717 -0.935353 0.000000
vn 0.670869 -0.741576 0.000000
vn 0.670869 -0.741576 0.000000
vn 0.908854 -0.417116 0.000000
vn 0.908854 -0.417115 0.000000
vn 0.976545 -0.215315 0.000000
vn 0.976545 -0.215315 0.000000
vn 0.000000 0.000000 -1.000000
vn 0.000000 0.000000 -1.000000
vn 0.000001 0.000000 -1.000000
vn -0.000001 0.000000 -1.000000
vn 0.000000 0.000000 -1.000000
vn 0.000000 0.000000 -1.000000
vn -0.000001 0.000000 1.000000
vn -0.000000 0.000000 1.000000
vn 0.000000 0.000000 1.000000
vn 0.000000 0.000000 1.000000
vn 0.000000 0.000000 1.000000
vn 0.000000 0.000000 1.000000
vn -0.000001 0.000000 -1.000000
vn 0.000000 0.000000 -1.000000
vn -0.000001 0.000000 -1.000000
vn -0.000000 0.000000 -1.000000
vn 0.000000 0.000000 -1.000000
vn 0.000001 0.000000 -1.000000
vn -0.000000 0.000000 1.000000
vn -0.000001 0.000000 1.000000
vn 0.000000 0.000000 1.000000
vn 0.000000 0.000000 1.000000
vn -0.000001 0.000000 1.000000
vn -0.000000 0.000000 1.000000
vn 0.000000 0.000000 1.000000
vn 0.000000 0.000000 1.000000
vn 0.000001 0.000000 1.000000
vn 0.000000 0.000000 1.000000
vn 0.000001 0.000000 1.000000
vn 0.000000 0.000000 1.000000
vn 0.000000 0.000000 -1.000000
vn 0.000001 0.000000 -1.000000
vn 0.000000 0.000000 -1.000000
vn 0.000001 0.000000 -1.000000
vn 0.000000 0.000000 -1.000000
vn -0.000001 0.000000 -1.000000
vn 0.000000 0.000000 1.000000
vn 0.000000 0.000000 1.000000
vn 0.000000 0.000000 1.000000
vn 0.000001 0.000000 1.000000
vn 0.000000 0.000000 1.000000
vn 0.000000 0.000000 1.000000
vn 0.000001 0.000000 -1.000000
vn -0.000001 0.000000 -1.000000
vn 0.000000 0.000000 -1.000000
vn 0.000000 0.000000 -1.000000
vn 0.000000 0.000000 -1.000000
vn 0.000000 0.000000 -1.000000
vn -1.000000 0.000000 0.000000
vn -1.000000 -0.000001 0.000000
vn -1.000000 0.000000 0.000000
vn 1.000000 0.000000 0.000000
vn 1.000000 0.000002 0.000000
vn 1.000000 0.000000 0.000000
vn 1.000000 0.000000 0.000000
vn -1.000000 0.000000 0.000000
vn -1.000000 0.000001 0.000000
vn -1.000000 0.000001 0.000000
vn -1.000000 0.000000 0.000000
vn 1.000000 0.000000 0.000000
vn 1.000000 0.000000 0.000000
vn 1.000000 0.000000 0.000000
vn -1.000000 0.000000 0.000000
vn -1.000000 0.000000 0.000000
vn -1.000000 0.000000 0.000000
vn -1.000000 0.000000 0.000000
vn -1.000000 0.000000 0.000000
vn -1.000000 0.000000 0.000000
vn 1.000000 0.000000 0.000000
vn 1.000000 0.000000 0.000000
vn 1.000000 0.000000 0.000000
vn 1.000000 0.000002 0.000000
vn 0.000000 -0.880296 0.474425
vn 0.000000 -0.880296 0.474425
vn 0.000000 -0.529103 0.848557
vn 0.000000 -0.529104 0.848557
vn 0.000000 -0.880296 -0.474426
vn 0.000000 -0.880296 -0.474426
vn 0.000000 -0.529104 -0.848557
vn 0.000000 -0.529103 -0.848557
vn 0.000000 -0.880296 -0.474426
vn 0.000000 -0.880295 -0.474426
vn 0.000000 -0.529104 -0.848557
vn 0.000000 -0.529103 -0.848557
vn 0.000000 -0.880296 0.474425
vn 0.000000 -0.880296 0.474425
vn 0.000000 -0.529103 0.848557
vn 0.000000 -0.529104 0.848557
vn -1.000000 -0.000002 0.000000
vn -1.000000 0.000002 0.000000
vn -1.000000 0.000000 0.000000
vn -1.000000 0.000000 0.000000
vn 1.000000 0.000000 0.000000
vn 1.000000 -0.000000 0.000000
vn 1.000000 -0.000000 0.000000
vn 1.000000 0.000000 0.000000
vn 1.000000 0.000000 0.000000
vn 1.000000 -0.000000 0.000000
vn 1.000000 -0.000000 0.000000
vn 1.000000 0.000000 0.000000
vn -1.000000 0.000000 0.000000
vn -1.000000 0.000000 0.000000
vn -1.000000 0.000002 0.000000
vn -1.000000 -0.000002 0.000000
vn 1.000000 0.000000 0.000000
vn 1.000000 0.000001 0.000000
vn 1.000000 0.000001 0.000000
vn 1.000000 -0.000002 0.000000
vn -1.000000 0.000002 0.000000
vn -1.000000 -0.000000 0.000000
vn -1.000000 -0.000002 0.000000
vn -1.000000 0.000000 0.000000
vn -1.000000 0.000000 0.000000
vn -1.000000 -0.000002 0.000000
vn -1.000000 -0.000000 0.000000
vn -1.000000 0.000002 0.000000
vn 1.000000 0.000001 0.000000
vn 1.000000 0.000001 0.000000
vn 1.000000 0.000001 0.000000
vn 1.000000 0.000000 0.000000
vn 0.994255 -0.107034 0.000000
vn 0.994255 -0.107034 0.000000
vn 0.994255 -0.107034 0.000000
vn 0.994255 -0.107034 0.000000
vn 0.994255 -0.107034 0.000000
vn 0.994255 -0.107034 0.000000
vn -0.994255 -0.107035 0.000000
vn -0.994255 -0.107035 0.000000
vn -0.994255 -0.107035 0.000000
vn -0.994255 -0.107035 0.000000
vn -0.994255 -0.107035 0.000000
vn -0.994255 -0.107035 0.000000
vn 0.000000 -0.060498 0.998168
vn 0.000000 -0.060498 0.998168
vn 0.000000 -0.060498 0.998168
vn 0.000000 -0.060498 0.998168
vn -0.994255 -0.107035 0.000000
vn -0.994255 -0.107035 0.000000
vn -0.994255 -0.107034 0.000000
vn -0.994255 -0.107034 0.000000
vn 0.000000 -0.060498 0.998168
vn 0.000000 -0.060498 0.998168
vn 0.000000 -0.060498 0.998168
vn 0.000000 -0.060498 0.998168
vn 0.000000 -0.060498 0.998168
vn 0.000000 -0.060498 0.998168
vn 0.000000 -0.060498 0.998168
vn 0.000000 -0.060498 0.998168
vn 0.000000 -0.060498 0.998168
vn 0.000000 -0.060498 0.998168
vn 0.994255 -0.107034 0.000000
vn 0.994255 -0.107034 0.000000
vn 0.994255 -0.107034 0.000000
vn 0.994255 -0.107034 0.000000
vn 0.994255 -0.107034 0.000000
vn 0.994255 -0.107034 0.000000
vn 0.994255 -0.107034 0.000000
vn 0.994255 -0.107034 0.000000
vn 0.000000 -0.060498 -0.998168
vn 0.000000 -0.060498 -0.998168
vn 0.000000 -0.060498 -0.998168
vn 0.000000 -0.060498 -0.998168
vn 0.000000 -0.060498 -0.998168
vn 0.000000 -0.060498 -0.998168
vn 0.000000 -0.060498 -0.998168
vn 0.000000 -0.060498 -0.998168
vn 0.000000 -0.060498 -0.998168
vn 0.000000 -0.060498 -0.998168
vn 0.000000 -0.060498 -0.998168
vn 0.000000 -0.060498 -0.998168
vn 0.000000 -0.060498 -0.998168
vn 0.000000 -0.060498 -0.998168
vn -0.994255 -0.107035 0.000000
vn -0.994255 -0.107034 0.000000
vn -0.994255 -0.107035 0.000000
vn -0.994255 -0.107035 0.000000
vn 0.000000 1.000000 0.000000
vn 0.000000 1.000000 0.000000
vn 0.000000 1.000000 0.000000
vn 0.000000 1.000000 0.000000
vn 0.000000 0.060271 -0.998182
vn 0.000000 0.060271 -0.998182
vn 0.000000 0.060271 -0.998182
vn 0.000000 0.060271 -0.998182
vn 0.000000 -0.998182 -0.060265
vn 0.000000 -0.998182 -0.060273
vn 0.000000 -0.998182 -0.060267
vn 0.000000 -0.998182 -0.060274
vn 1.000000 0.000000 0.000000
vn 1.000000 0.000000 0.000000
vn 1.000000 0.000000 0.000000
vn 1.000000 0.000000 0.000000
vn -1.000000 0.000002 0.000000
vn -1.000000 0.000001 0.000000
vn -1.000000 -0.000000 0.000000
vn -1.000000 -0.000002 0.000000
vn -1.000000 0.000000 0.000000
vn -1.000000 0.000001 0.000000
vn -1.000000 0.000000 0.000000
vn -1.000000 0.000000 0.000000
vn 0.000000 0.000000 -1.000000
vn 0.000000 0.000000 -1.000000
vn 0.000000 0.000000 -1.000000
vn 0.000000 0.000000 -1.000000
vn 1.000000 -0.000000 0.000000
vn 1.000000 0.000000 0.000000
vn 1.000000 0.000000 0.000000
vn 1.000000 0.000000 0.000000
vn -1.000000 -0.000000 0.000000
vn -1.000000 -0.000001 0.000000
vn 1.000000 -0.000000 0.000000
vn 1.000000 -0.000000 0.000000
vn 0.000000 0.307512 -0.951544
vn 0.000000 0.307513 -0.951544
vn 0.000000 -0.001510 -0.999999
vn 0.000000 -0.001510 -0.999999
vn 0.000000 -0.234426 -0.972134
vn 0.000000 -0.234423 -0.972135
vn 0.000000 1.000000 0.000000
vn 0.000000 1.000000 0.000000
vn 0.000000 0.974817 -0.223006
vn 0.000000 0.974820 -0.222995
vn 0.000000 -0.998182 -0.060268
vn 0.000000 -0.998182 -0.060268
vn 0.000000 -0.959597 -0.281377
vn 0.000000 -0.959601 -0.281366
vn 0.000000 0.923890 -0.382659
vn 0.000000 0.923883 -0.382676
vn 0.000000 0.382677 -0.923882
vn 0.000000 0.382676 -0.923883
vn 0.000000 -0.326314 -0.945261
vn 0.000000 -0.326314 -0.945261
vn 0.000000 -0.899121 -0.437701
vn 0.000000 -0.899128 -0.437685
vn 1.000000 -0.000017 0.000000
vn 1.000000 -0.000000 0.000000
vn 1.000000 0.000001 0.000000
vn 1.000000 0.000000 0.000000
vn -1.000000 0.000000 0.000000
vn -1.000000 0.000003 0.000000
vn -1.000000 0.000000 0.000000
vn -1.000000 -0.000009 0.000000
vn 1.000000 0.000011 0.000000
vn 1.000000 0.000000 0.000000
vn 1.000000 0.000007 0.000000
vn -1.000000 0.000005 0.000000
vn -1.000000 0.000002 0.000000
vn -1.000000 0.000000 0.000000
vn 0.000000 0.999996 0.002926
vn 0.000000 0.999996 0.002925
vn 0.000000 0.999996 0.002919
vn 0.000000 0.999996 0.002925
vn 0.000000 0.999996 0.002926
vn -0.501701 -0.863123 0.057583
vn 0.000001 -0.997782 0.066570
vn -0.501701 -0.863123 0.057583
vn -0.501702 -0.863122 0.057580
vn 0.000000 -0.997782 0.066573
vn 0.991246 0.131739 -0.008788
vn 0.993199 0.116167 -0.007762
vn 0.993200 0.116165 -0.007750
vn 0.993200 0.116165 -0.007751
vn 0.993200 0.116165 -0.007750
vn 0.991387 0.130726 -0.007951
vn -0.993200 0.116166 -0.007750
vn -0.993200 0.116166 -0.007750
vn -0.987599 0.156650 -0.010449
vn -0.993200 0.116166 -0.007757
vn -0.993199 0.116168 -0.007749
vn -0.986388 0.164215 -0.008506
vn 0.000000 0.066573 0.997782
vn 0.000000 0.066577 0.997781
vn 0.000000 0.066573 0.997782
vn 0.000000 0.066574 0.997781
vn 0.000000 0.066580 0.997781
vn 0.000000 0.066573 0.997782
vn 0.000000 0.999996 0.002925
vn 0.000000 0.999996 0.002921
vn 0.000000 0.999996 0.002925
vn 0.501701 -0.863123 0.057583
vn 0.501702 -0.863122 0.057585
vn 0.501701 -0.863123 0.057583
vn 0.999993 0.003858 0.000011
vn 0.999996 0.002693 0.000008
vn 0.999946 -0.010371 -0.000030
vn 0.999946 -0.010371 -0.000030
vn -0.000003 -0.002887 0.999996
vn -0.000006 -0.002895 0.999996
vn -0.000002 -0.002868 0.999996
vn 0.000000 -0.002884 0.999996
vn -0.000001 -0.002865 0.999996
vn 0.000002 -0.002887 0.999996
vn 0.000005 -0.002902 0.999996
vn 0.000000 -0.002888 0.999996
vn 0.000000 -0.002887 0.999996
vn 0.000000 -0.002887 0.999996
vn -0.999915 0.013021 0.000038
vn -0.999911 0.013357 0.000039
vn -0.999957 0.009253 0.000027
vn -0.999957 0.009253 0.000027
vn 0.992110 0.125330 -0.003280
vn 0.991368 0.131105 0.000382
vn -0.991157 0.132642 -0.003676
vn -0.991895 0.127057 0.000370
vn -0.000047 0.057715 0.998333
vn 0.000194 0.056579 0.998398
vn 0.000851 0.053511 0.998567
vn 0.000108 0.065039 0.997883
vn 0.000193 0.063849 0.997960
vn -0.000199 0.056556 0.998399
vn -0.000109 0.065029 0.997883
vn -0.000001 0.063699 0.997969
vn 0.000047 0.057714 0.998333
vn 0.000001 0.057712 0.998333
vn -0.000015 0.495641 0.868527
vn -0.000006 0.255867 0.966712
vn 0.000107 -0.005688 0.999984
vn -0.000001 0.248681 0.968586
vn -0.000013 0.412104 0.911137
vn -0.000027 0.864196 0.503156
vn -0.000021 0.705155 0.709054
vn -0.000024 0.811835 0.583887
vn -0.000027 0.982793 0.184708
vn -0.000032 0.965191 0.261548
vn -0.000032 0.983096 0.183089
vn 0.000212 -0.258164 0.966101
vn 0.000212 -0.261614 0.965173
vn 0.000395 -0.504842 0.863212
vn 0.000461 -0.584951 0.811069
vn 0.000557 -0.709089 0.705119
vn 0.000683 -0.868477 0.495729
vn 0.000715 -0.913117 0.407696
vn 0.000760 -0.966671 0.256022
vn 0.000775 -0.983865 0.178909
vn 0.000777 -0.984001 0.178164
vn 0.000003 0.248894 0.968531
vn -0.000212 -0.258189 0.966094
vn -0.000016 0.252667 0.967553
vn 0.000003 -0.258209 0.966089
vn -0.000030 0.999995 0.003162
vn -0.000032 0.999996 0.002980
vn -0.000032 0.999996 0.002882
vn 0.000786 -0.999996 -0.002887
vn 0.000784 -0.999996 -0.002767
vn 0.000783 -0.999996 -0.002809
vn -0.000788 -0.999995 -0.003050
vn -0.000784 -0.999996 -0.002870
vn 0.000001 -0.999996 -0.003004
vn -0.000776 -0.983391 0.181500
vn 0.000012 -0.983940 0.178501
vn 0.000030 0.999996 0.002858
vn 0.000031 0.999995 0.003091
vn 0.000009 0.999996 0.002938
vn 0.000001 0.982817 0.184581
vn 0.000032 0.982418 0.186695
vn 0.999852 0.017205 0.000059
vn 0.999852 0.017206 0.000048
vn 0.999852 0.017205 0.000046
vn 0.999852 0.017206 0.000051
vn 0.999852 0.017207 0.000050
vn 0.999852 0.017206 0.000050
vn 0.999852 0.017206 0.000052
vn -0.999852 0.017206 0.000040
vn -0.999852 0.017206 0.000044
vn -0.999852 0.017207 0.000052
vn -0.999852 0.017207 0.000050
vn -0.999852 0.017207 0.000049
vn -0.999852 0.017207 0.000050
vn -0.999852 0.017207 0.000051
vn 0.000032 0.965173 0.261612
vn -0.000004 0.864492 0.502647
vn 0.000028 0.911716 0.410822
vn 0.000017 0.497046 0.867724
vn 0.000005 0.255913 0.966700
vn -0.000010 0.497092 0.867698
vn 0.000022 0.705166 0.709042
vn -0.000211 -0.261647 0.965164
vn 0.000005 -0.502916 0.864335
vn -0.000393 -0.499723 0.866185
vn 0.000012 -0.867662 0.497155
vn -0.000761 -0.966654 0.256084
vn -0.000633 -0.809397 0.587261
vn -0.000556 -0.709194 0.705013
vn 0.000000 0.066570 0.997782
vn -0.000002 0.066570 0.997782
vn 0.000000 0.066573 0.997782
vn 0.000000 0.066570 0.997782
vn 0.000000 0.066572 0.997782
vn 0.000000 0.066576 0.997781
vn -0.000001 0.066575 0.997781
vn -0.000001 0.066577 0.997781
vn 0.000001 0.066589 0.997781
vn 0.000000 0.066573 0.997782
vn 0.000000 0.066574 0.997782
vn 0.000001 0.066574 0.997782
vn -0.000000 0.066572 0.997782
vn -0.000001 0.066574 0.997782
vn 0.000004 -0.002867 0.999996
vn 0.000005 -0.002865 0.999996
vn 0.000025 0.999996 0.002798
vn 0.000026 0.982722 0.185087
vn 0.000028 0.863590 0.504195
vn 0.000021 0.495056 0.868861
vn -0.000099 -0.005455 0.999985
vn -0.000393 -0.504270 0.863546
vn -0.000685 -0.867818 0.496882
vn -0.000779 -0.983787 0.179342
vn -0.000783 -0.999996 -0.002812
vn -0.000848 0.053508 0.998567
vn -0.000192 0.063851 0.997959
vn -0.000002 0.066576 0.997781
vn -0.000007 0.066587 0.997781
vn 0.000000 0.066568 0.997782
vn 0.000000 -0.999646 0.026613
vn 0.000000 -0.999646 0.026609
vn 0.000000 -0.999646 0.026611
vn 0.000000 -0.999646 0.026608
vn 0.000000 -0.999646 0.026608
vn 0.000000 -0.999646 0.026608
vn 0.000000 -0.999646 0.026608
vn 0.000000 -0.999646 0.026608
vn 0.000000 -0.999646 0.026612
vn 0.000000 -0.999646 0.026612
vn 0.000000 -0.999646 0.026612
vn 0.000000 -0.999646 0.026612
vn 0.000006 0.999649 0.026501
vn 0.000002 0.999649 0.026515
vn 0.000005 0.999649 0.026505
vn 0.000000 0.999648 0.026519
vn -0.000006 0.999649 0.026515
vn -0.000002 0.999649 0.026504
vn -0.000005 0.999649 0.026512
vn 0.000000 0.999649 0.026501
vn 0.999586 -0.025475 0.013369
vn 0.999586 -0.025475 0.013368
vn 0.999586 -0.025476 0.013368
vn 0.999586 -0.025477 0.013368
vn 0.999586 -0.025474 0.013368
vn 0.999586 -0.025474 0.013368
vn 0.999586 -0.025474 0.013368
vn 0.999586 -0.025474 0.013367
vn 0.999586 -0.025473 0.013369
vn 0.999586 -0.025473 0.013369
vn 0.999586 -0.025473 0.013368
vn 0.999586 -0.025473 0.013368
vn 0.000000 -0.999646 0.026608
vn 0.000000 -0.999646 0.026611
vn 0.000000 -0.999646 0.026619
vn 0.000000 -0.999646 0.026622
vn -0.999560 -0.026506 0.013341
vn -0.999560 -0.026506 0.013341
vn -0.999560 -0.026506 0.013341
vn -0.999560 -0.026506 0.013341
vn -0.999560 -0.026504 0.013340
vn -0.999560 -0.026504 0.013340
vn -0.999560 -0.026504 0.013340
vn -0.999560 -0.026504 0.013341
vn -0.999560 -0.026506 0.013341
vn -0.999560 -0.026506 0.013340
vn -0.999560 -0.026506 0.013341
vn -0.999560 -0.026506 0.013339
vn -0.003561 -0.076763 -0.997043
vn -0.006848 -0.078362 -0.996902
vn -0.004093 -0.077019 -0.997021
vn 0.006852 -0.078361 -0.996902
vn 0.003563 -0.076762 -0.997043
vn 0.006843 -0.078354 -0.996902
vn -0.008183 -0.065614 -0.997812
vn -0.008139 -0.065643 -0.997810
vn -0.007757 -0.065901 -0.997796
vn -0.007033 -0.066389 -0.997769
vn -0.007037 -0.066386 -0.997769
vn -0.007025 -0.066391 -0.997769
vn -0.007030 -0.066390 -0.997769
vn -0.007013 -0.066396 -0.997769
vn 0.000000 -0.075031 -0.997181
vn -0.006855 -0.078366 -0.996901
vn -0.006855 -0.078366 -0.996901
vn 0.008162 -0.065616 -0.997812
vn 0.007745 -0.065898 -0.997796
vn 0.008120 -0.065645 -0.997810
vn 0.007029 -0.066381 -0.997770
vn 0.007023 -0.066388 -0.997769
vn 0.007021 -0.066383 -0.997770
vn 0.007032 -0.066381 -0.997770
vn 0.007010 -0.066389 -0.997769
vn 0.004070 -0.077005 -0.997022
vn 0.000000 -0.075031 -0.997181
vn 0.006853 -0.078361 -0.996902
vn -0.000671 -0.051543 -0.998671
vn -0.000669 -0.051547 -0.998670
vn -0.000431 -0.051949 -0.998650
vn 0.000000 -0.052679 -0.998612
vn 0.000671 -0.051543 -0.998671
vn 0.000425 -0.051961 -0.998649
vn 0.000669 -0.051546 -0.998670
vn 0.000000 -0.052685 -0.998611
vn 0.032968 0.002319 -0.999454
vn 0.009237 -0.037054 -0.999271
vn 0.031345 -0.000378 -0.999509
vn 0.000000 -0.052349 -0.998629
vn -0.032967 0.002319 -0.999454
vn -0.031343 -0.000377 -0.999509
vn -0.009236 -0.037054 -0.999271
vn 0.000000 -0.052349 -0.998629
vn 0.000000 0.002896 -0.999996
vn -0.000010 -0.026601 -0.999646
vn 0.005881 -0.020363 -0.999775
vn 0.000020 -0.027892 -0.999611
vn -0.005880 -0.020242 -0.999778
vn 0.000000 0.002896 -0.999996
vn 0.000000 1.000000 0.000000
vn 0.000000 1.000000 0.000000
vn 0.000000 1.000000 0.000000
vn 0.000000 1.000000 0.000000
vn 0.000000 0.060271 -0.998182
vn 0.000000 0.060271 -0.998182
vn 0.000000 0.060271 -0.998182
vn 0.000000 0.060271 -0.998182
vn 0.000000 -0.998182 -0.060265
vn 0.000000 -0.998182 -0.060265
vn 0.000000 -0.998182 -0.060265
vn 0.000000 -0.998182 -0.060265
vn 1.000000 0.000000 0.000000
vn 1.000000 -0.000000 0.000000
vn 1.000000 -0.000000 0.000000
vn 1.000000 -0.000000 0.000000
vn -1.000000 -0.000001 0.000000
vn -1.000000 -0.000001 0.000000
vn -1.000000 -0.000000 0.000000
vn -1.000000 0.000002 0.000000
vn -1.000000 -0.000001 0.000000
vn -1.000000 -0.000000 0.000000
vn -1.000000 0.000000 0.000000
vn -1.000000 0.000000 0.000000
vn 0.000000 0.000000 -1.000000
vn 0.000000 0.000000 -1.000000
vn 0.000000 0.000000 -1.000000
vn 0.000000 0.000000 -1.000000
vn 1.000000 0.000000 0.000000
vn 1.000000 0.000000 0.000000
vn 1.000000 0.000000 0.000000
vn 1.000000 0.000000 0.000000
vn -1.000000 0.000003 0.000000
vn -1.000000 -0.000001 0.000000
vn 1.000000 0.000002 0.000000
vn 1.000000 0.000000 0.000000
vn 0.000000 0.307518 -0.951542
vn 0.000000 0.307513 -0.951544
vn 0.000000 -0.001510 -0.999999
vn 0.000000 -0.001510 -0.999999
vn 0.000000 -0.234423 -0.972135
vn 0.000000 -0.234423 -0.972135
vn 0.000000 1.000000 0.000000
vn 0.000000 1.000000 0.000000
vn 0.000000 0.974817 -0.223006
vn 0.000000 0.974817 -0.223006
vn 0.000000 -0.998182 -0.060268
vn 0.000000 -0.998182 -0.060268
vn 0.000000 -0.959598 -0.281376
vn 0.000000 -0.959601 -0.281365
vn 0.000000 0.923883 -0.382676
vn 0.000000 0.923883 -0.382676
vn 0.000000 0.382677 -0.923882
vn 0.000000 0.382677 -0.923882
vn 0.000000 -0.326314 -0.945261
vn 0.000000 -0.326315 -0.945261
vn 0.000000 -0.899121 -0.437701
vn 0.000000 -0.899129 -0.437684
vn 1.000000 -0.000027 0.000000
vn 1.000000 -0.000000 0.000000
vn 1.000000 0.000001 0.000000
vn 1.000000 0.000000 0.000000
vn -1.000000 0.000000 0.000000
vn -1.000000 0.000003 0.000000
vn -1.000000 0.000005 0.000000
vn -1.000000 0.000000 0.000000
vn 1.000000 0.000002 0.000000
vn 1.000000 0.000000 0.000000
vn 1.000000 0.000014 0.000000
vn -1.000000 0.000000 0.000000
vn -1.000000 0.000013 0.000000
vn -1.000000 0.000000 0.000000
vn 0.000000 0.000000 1.000000
vn 0.000000 0.000000 1.000000
vn 0.000000 0.000000 1.000000
vn 0.000000 0.000000 1.000000
vn 0.000000 1.000000 0.000000
vn 0.000000 1.000000 0.000000
vn 0.000000 1.000000 0.000000
vn 0.000000 1.000000 0.000000
vn 0.000000 0.000000 -1.000000
vn 0.000000 0.000000 -1.000000
vn 0.000000 0.000000 -1.000000
vn 0.000000 0.000000 -1.000000
vn 0.000000 -1.000000 0.000000
vn 0.000000 -1.000000 0.000000
vn 0.000000 -1.000000 0.000000
vn 0.000000 -1.000000 0.000000
vn 1.000000 0.000000 0.000000
vn 1.000000 0.000000 0.000000
vn 1.000000 0.000000 0.000000
vn 1.000000 0.000000 0.000000
vn -1.000000 0.000000 0.000000
vn -1.000000 0.000000 0.000000
vn -1.000000 0.000000 0.000000
vn -1.000000 0.000000 0.000000
vn 0.000000 0.964749 -0.263173
vn -0.439936 0.866373 -0.236337
vn 0.000000 0.890850 -0.454298
vn -0.455695 0.793742 -0.402885
vn -0.000000 0.613567 -0.789643
vn -0.469333 0.543081 -0.696269
vn -0.001597 0.185611 -0.982622
vn -0.483605 0.160826 -0.860384
vn 0.001598 -0.300789 -0.953689
vn -0.481287 -0.266969 -0.834919
vn 0.000000 -0.702850 -0.711338
vn -0.469340 -0.621793 -0.626971
vn 0.000000 -0.938423 -0.345488
vn -0.455688 -0.835909 -0.305948
vn -0.000000 -0.989144 -0.146952
vn -0.439938 -0.888280 -0.131961
vn -0.794023 0.586460 -0.159978
vn -0.805923 0.528356 -0.267074
vn -0.816604 0.355534 -0.454701
vn -0.826287 0.102841 -0.553782
vn -0.825445 -0.173338 -0.537211
vn -0.816601 -0.406936 -0.409348
vn -0.805921 -0.556292 -0.202558
vn -0.794014 -0.601301 -0.089328
vn -0.982033 0.182059 -0.049663
vn -0.983554 0.160587 -0.082662
vn -0.984985 0.104945 -0.137083
vn -0.986097 0.029452 -0.163538
vn -0.986056 -0.050423 -0.158592
vn -0.984985 -0.120456 -0.123676
vn -0.983555 -0.169251 -0.063038
vn -0.982033 -0.186661 -0.027730
vn -0.964068 -0.256291 0.069913
vn -0.966241 -0.230779 0.114543
vn -0.967862 -0.156833 0.196588
vn -0.969536 -0.045832 0.240623
vn -0.969343 0.076538 0.233487
vn -0.967861 0.179035 0.176612
vn -0.966240 0.242735 0.086377
vn -0.964067 0.262776 0.039035
vn -0.754594 -0.633061 0.172690
vn -0.766325 -0.573065 0.290419
vn -0.775884 -0.388282 0.497234
vn -0.785054 -0.113610 0.608919
vn -0.784116 0.189586 0.590948
vn -0.775879 0.444497 0.447699
vn -0.766323 0.603455 0.220436
vn -0.754584 0.649080 0.096424
vn -0.409563 -0.880123 0.240088
vn -0.423161 -0.806056 0.413774
vn -0.434121 -0.550051 0.713431
vn -0.445407 -0.162955 0.880374
vn -0.443618 0.269649 0.854689
vn -0.434125 0.630747 0.643191
vn -0.423174 0.849420 0.315292
vn -0.409564 0.902378 0.134054
vn -0.000000 -0.964748 0.263174
vn -0.000000 -0.888656 0.458575
vn -0.000000 -0.608596 0.793481
vn -0.001079 -0.182596 0.983188
vn 0.001075 0.297868 0.954607
vn -0.000000 0.698376 0.715732
vn 0.000000 0.936755 0.349987
vn -0.000000 0.989145 0.146943
vn 0.423160 -0.806056 0.413775
vn 0.409563 -0.880123 0.240087
vn 0.434121 -0.550051 0.713431
vn 0.443638 -0.166428 0.880618
vn 0.445392 0.266175 0.854855
vn 0.434125 0.630747 0.643190
vn 0.423174 0.849420 0.315292
vn 0.409564 0.902379 0.134053
vn 0.766325 -0.573065 0.290419
vn 0.754594 -0.633061 0.172690
vn 0.775884 -0.388282 0.497233
vn 0.784108 -0.118193 0.609266
vn 0.785062 0.184993 0.591147
vn 0.775879 0.444497 0.447699
vn 0.766323 0.603455 0.220435
vn 0.754584 0.649080 0.096424
vn 0.966241 -0.230778 0.114542
vn 0.964068 -0.256290 0.069913
vn 0.967862 -0.156833 0.196588
vn 0.969343 -0.048318 0.240916
vn 0.969537 0.074034 0.233489
vn 0.967861 0.179034 0.176611
vn 0.966240 0.242735 0.086376
vn 0.964067 0.262775 0.039037
vn 0.983554 0.160588 -0.082663
vn 0.982033 0.182060 -0.049663
vn 0.984985 0.104945 -0.137083
vn 0.986056 0.031266 -0.163452
vn 0.986097 -0.048632 -0.158892
vn 0.984985 -0.120456 -0.123676
vn 0.983555 -0.169252 -0.063039
vn 0.982033 -0.186659 -0.027729
vn 0.805923 0.528355 -0.267074
vn 0.794023 0.586460 -0.159978
vn 0.816604 0.355535 -0.454701
vn 0.825445 0.108430 -0.553971
vn 0.826287 -0.167765 -0.537685
vn 0.816601 -0.406936 -0.409348
vn 0.805923 -0.556292 -0.202555
vn 0.794017 -0.601297 -0.089326
vn 0.455695 0.793742 -0.402885
vn 0.439936 0.866373 -0.236337
vn 0.469333 0.543081 -0.696268
vn 0.481283 0.166098 -0.860685
vn 0.483606 -0.261699 -0.835248
vn 0.469340 -0.621795 -0.626970
vn 0.455685 -0.835911 -0.305946
vn 0.439919 -0.888288 -0.131967
s 1
g pCube6
usemtl initialShadingGroup
f 1/885/1 18/886/2 3/887/3
f 3/887/3 18/886/2 19/889/4
s 2
f 19/461/5 39/462/6 3/1279/7
f 3/463/7 39/1278/6 30/465/8
s 3
f 21/933/9 22/934/10 5/935/11
f 5/935/11 22/934/10 7/937/12
s 4
f 90/517/13 91/518/14 93/519/15
f 93/519/15 91/518/14 92/521/16
s 5
f 2/1/17 35/2/18 4/3/19
f 4/3/19 35/2/18 36/5/20
s 6
f 30/47/21 31/48/22 3/49/23
f 3/49/23 31/48/22 1/51/24
f 7/85/25 40/77/26 5/82/27
f 5/82/27 40/77/26 41/76/28
s 8
f 98/525/29 99/526/30 101/527/31
f 101/527/31 99/526/30 100/528/32
s 5
f 45/30/33 46/33/34 6/37/35
f 6/37/35 46/33/34 8/41/36
s 2
f 41/487/37 42/489/38 5/491/39
f 5/1277/39 42/1276/38 21/493/40
s 1
f 25/915/41 26/918/42 4/922/43
f 4/922/43 26/918/42 2/926/44
s 2
f 36/490/45 37/486/46 4/488/47
f 4/1275/47 37/1274/46 25/484/48
f 29/515/49 44/514/50 6/1273/51
f 6/516/51 44/1272/50 45/512/52
s 3
f 29/962/53 6/966/54 28/964/55
f 28/964/55 6/966/54 8/970/56
s 15
f 106/533/57 107/534/58 109/535/59
f 109/535/59 107/534/58 108/537/60
s 16
f 114/541/61 115/542/62 117/543/63
f 117/543/63 115/542/62 116/545/64
s 1
f 135/899/65 13/907/66 134/903/67
f 134/903/67 13/907/66 14/909/68
s 2
f 38/474/69 133/468/70 14/472/71
f 14/472/71 133/468/70 134/470/72
f 142/499/73 143/501/74 15/503/75
f 15/503/75 143/501/74 43/505/76
s 3
f 141/941/77 142/943/78 16/946/79
f 16/946/79 142/943/78 15/950/80
s 21
f 48/549/81 140/550/82 16/551/83
f 16/551/83 140/550/82 141/553/84
f 135/609/85 136/600/86 13/606/87
f 13/606/87 136/600/86 33/599/88
s 2
f 123/478/89 124/476/90 14/472/71
f 14/472/71 124/476/90 38/474/69
s 1
f 14/909/68 13/907/66 123/910/91
f 123/910/91 13/907/66 122/911/92
s 21
f 13/606/87 33/599/88 122/607/93
f 122/607/93 33/599/88 132/601/94
f 127/557/95 128/554/96 16/551/83
f 16/551/83 128/554/96 48/549/81
s 3
f 15/950/80 126/954/97 16/946/79
f 16/946/79 126/954/97 127/958/98
s 2
f 15/503/75 43/505/76 126/507/99
f 126/507/99 43/505/76 125/509/100
s 6
f 9/64/101 10/60/102 158/57/103
f 158/57/103 10/60/102 157/55/104
s 21
f 10/576/105 23/570/106 157/584/107
f 157/584/107 23/570/106 169/588/108
f 166/586/109 167/580/110 17/568/111
f 17/568/111 167/580/110 138/569/112
f 130/574/113 165/581/114 17/568/111
f 17/568/111 165/581/114 166/586/109
f 162/598/115 163/594/116 11/589/117
f 11/589/117 163/594/116 27/585/118
s 5
f 162/16/119 11/23/120 161/21/121
f 161/21/121 11/23/120 12/24/122
s 2
f 24/502/123 160/496/124 12/500/125
f 12/500/125 160/496/124 161/498/126
s 31
f 339/610/127 338/611/128 341/612/129
f 341/612/129 338/611/128 340/614/130
f 342/616/131 343/613/132 339/610/127
f 339/610/127 343/613/132 338/611/128
s 2
f 158/471/133 159/473/134 9/475/135
f 9/475/135 159/473/134 20/477/136
s 6
f 145/72/137 10/60/102 144/68/138
f 144/68/138 10/60/102 9/64/101
s 2
f 9/475/135 20/477/136 144/479/139
f 144/479/139 20/477/136 156/481/140
s 31
f 344/621/141 345/623/142 339/610/127
f 339/610/127 345/623/142 342/616/131
f 341/612/129 346/615/143 339/610/127
f 339/610/127 346/615/143 344/621/141
s 2
f 154/506/144 155/504/145 12/500/125
f 12/500/125 155/504/145 24/502/123
s 5
f 12/24/122 11/23/120 154/25/146
f 154/25/146 11/23/120 153/26/147
s 21
f 27/585/118 152/578/148 11/589/117
f 11/589/117 152/578/148 153/595/149
f 17/568/111 149/563/150 130/574/113
f 130/574/113 149/563/150 150/567/151
f 138/569/112 148/559/152 17/568/111
f 17/568/111 148/559/152 149/563/150
f 145/583/153 146/564/154 10/576/105
f 10/576/105 146/564/154 23/570/106
s 31
f 348/648/155 347/635/156 350/629/157
f 350/629/157 347/635/156 349/622/158
s 2
f 51/466/159 50/464/160 19/461/5
f 19/461/5 50/464/160 39/462/6
s 1
f 18/886/2 52/892/161 19/889/4
f 19/889/4 52/892/161 51/895/162
s 4
f 92/521/16 91/518/14 95/523/163
f 95/523/163 91/518/14 94/524/164
s 21
f 54/575/165 168/582/166 23/570/106
f 23/570/106 168/582/166 169/588/108
f 146/564/154 147/560/167 23/570/106
f 23/570/106 147/560/167 54/575/165
s 8
f 103/531/168 102/529/169 99/526/30
f 99/526/30 102/529/169 100/528/32
s 3
f 22/934/10 21/933/9 56/936/170
f 56/936/170 21/933/9 57/938/171
s 2
f 42/1276/38 58/495/172 21/493/40
f 21/493/40 58/495/172 57/497/173
s 31
f 350/629/157 351/637/174 348/648/155
f 348/648/155 351/637/174 352/654/175
s 1
f 60/912/176 59/913/177 25/915/41
f 25/915/41 59/913/177 26/918/42
s 2
f 37/1274/46 61/480/178 25/484/48
f 25/484/48 61/480/178 60/482/179
s 31
f 354/619/180 353/626/181 356/632/182
f 356/632/182 353/626/181 355/642/183
f 357/643/184 358/620/185 356/632/182
f 356/632/182 358/620/185 354/619/180
s 2
f 63/511/186 62/513/187 29/515/49
f 29/515/49 62/513/187 44/514/50
s 3
f 63/960/188 29/962/53 64/961/189
f 64/961/189 29/962/53 28/964/55
s 15
f 107/534/58 110/539/190 108/537/60
f 108/537/60 110/539/190 111/540/191
s 21
f 66/579/192 151/573/193 27/585/118
f 27/585/118 151/573/193 152/578/148
f 163/594/116 164/587/194 27/585/118
f 27/585/118 164/587/194 66/579/192
s 16
f 119/546/195 118/544/196 114/541/61
f 114/541/61 118/544/196 115/542/62
s 6
f 40/77/26 69/74/197 41/76/28
f 41/76/28 69/74/197 68/73/198
s 8
f 101/527/31 100/528/32 105/530/199
f 105/530/199 100/528/32 104/532/200
s 21
f 71/556/201 70/565/202 55/561/203
f 55/561/203 70/565/202 49/571/204
f 72/555/205 139/552/206 48/549/81
f 48/549/81 139/552/206 140/550/82
f 128/554/96 129/558/207 48/549/81
f 48/549/81 129/558/207 72/555/205
f 73/562/208 65/566/209 74/572/210
f 74/572/210 65/566/209 47/577/211
s 15
f 113/538/212 112/536/213 106/533/57
f 106/533/57 112/536/213 107/534/58
s 5
f 76/27/214 75/28/215 45/30/33
f 45/30/33 75/28/215 46/33/34
s 2
f 44/1272/50 77/508/216 45/512/52
f 45/512/52 77/508/216 76/510/217
s 31
f 360/655/218 359/644/219 362/650/220
f 362/650/220 359/644/219 361/633/221
f 364/628/222 363/627/223 366/645/224
f 366/645/224 363/627/223 365/651/225
f 366/645/224 367/646/226 364/628/222
f 364/628/222 367/646/226 368/634/227
f 370/653/228 369/647/229 372/658/230
f 372/658/230 369/647/229 371/656/231
s 2
f 68/483/232 78/485/233 41/487/37
f 41/487/37 78/485/233 42/489/38
s 6
f 80/52/234 79/50/235 30/47/21
f 30/47/21 79/50/235 31/48/22
s 2
f 39/1278/6 81/467/236 30/465/8
f 30/465/8 81/467/236 80/469/237
s 31
f 374/636/238 373/652/239 376/649/240
f 376/649/240 373/652/239 375/657/241
f 378/617/242 377/624/243 380/630/244
f 380/630/244 377/624/243 379/638/245
f 381/639/246 382/618/247 380/630/244
f 380/630/244 382/618/247 378/617/242
f 384/640/248 383/625/249 386/641/250
f 386/641/250 383/625/249 385/631/251
s 2
f 83/494/252 82/492/253 36/490/45
f 36/490/45 82/492/253 37/486/46
s 5
f 35/2/18 84/8/254 36/5/20
f 36/5/20 84/8/254 83/11/255
s 16
f 116/545/64 115/542/62 121/547/256
f 121/547/256 115/542/62 120/548/257
s 21
f 34/608/258 67/604/259 85/603/260
f 85/603/260 67/604/259 86/596/261
f 87/592/262 131/591/263 33/599/88
f 33/599/88 131/591/263 132/601/94
f 136/600/86 137/590/264 33/599/88
f 33/599/88 137/590/264 87/592/262
f 88/593/265 53/602/266 89/597/267
f 89/597/267 53/602/266 32/605/268
s 4
f 97/522/269 96/520/270 90/517/13
f 90/517/13 96/520/270 91/518/14
s 1
f 18/886/2 1/885/1 180/888/271
f 180/888/271 1/885/1 179/890/272
s 6
f 1/51/24 31/48/22 179/54/273
f 179/54/273 31/48/22 178/53/274
s 61
f 32/981/275 53/982/276 181/983/277
f 53/982/276 237/984/278 181/983/277
f 237/984/278 236/986/279 181/983/277
s 62
f 136/93/280 135/94/281 195/95/282
f 195/95/282 135/94/281 194/96/283
s 1
f 52/892/161 18/886/2 227/894/284
f 227/894/284 18/886/2 228/891/285
f 18/886/2 180/888/271 228/891/285
s 63
f 157/997/286 169/998/287 187/999/288
f 187/999/288 169/998/287 186/1000/289
s 64
f 89/97/290 32/98/291 299/99/292
f 181/102/293 300/100/294 32/98/291
f 32/98/291 300/100/294 299/99/292
s 6
f 31/48/22 79/50/235 178/53/274
f 79/50/235 309/56/295 178/53/274
f 309/56/295 308/58/296 178/53/274
s 3
f 7/937/12 22/934/10 182/940/297
f 182/940/297 22/934/10 185/939/298
s 6
f 40/77/26 7/85/25 183/83/299
f 183/83/299 7/85/25 182/88/300
s 66
f 141/112/301 140/113/302 197/114/303
f 197/114/303 140/113/302 196/115/304
s 67
f 55/1001/305 49/1002/306 239/1003/307
f 239/1003/307 49/1002/306 240/1004/308
f 49/1002/306 184/1006/309 240/1004/308
s 3
f 22/934/10 56/936/170 185/939/298
f 56/936/170 249/942/310 185/939/298
f 249/942/310 248/944/311 185/939/298
s 68
f 49/116/312 70/117/313 184/118/314
f 70/117/313 321/119/315 184/118/314
f 321/119/315 320/121/316 184/118/314
s 69
f 146/1017/317 145/1018/318 189/1019/319
f 189/1019/319 145/1018/318 188/1020/320
s 6
f 69/74/197 40/77/26 311/75/321
f 183/83/299 312/79/322 40/77/26
f 40/77/26 312/79/322 311/75/321
s 3
f 28/964/55 8/970/56 172/971/323
f 172/971/323 8/970/56 171/976/324
s 5
f 8/41/36 46/33/34 171/40/325
f 171/40/325 46/33/34 170/32/326
s 70
f 47/1021/327 65/1022/328 173/1023/329
f 65/1022/328 213/1024/330 173/1023/329
f 213/1024/330 212/1026/331 173/1023/329
s 71
f 128/131/332 127/132/333 199/133/334
f 199/133/334 127/132/333 198/134/335
s 3
f 64/961/189 28/964/55 203/963/336
f 203/963/336 28/964/55 204/967/337
f 28/964/55 172/971/323 204/967/337
s 72
f 153/1037/338 152/1038/339 191/1039/340
f 191/1039/340 152/1038/339 190/1040/341
s 73
f 74/135/342 47/136/343 275/137/344
f 173/140/345 276/138/346 47/136/343
f 47/136/343 276/138/346 275/137/344
s 5
f 46/33/34 75/28/215 170/32/326
f 75/28/215 285/29/347 170/32/326
f 285/29/347 284/36/348 170/32/326
f 35/2/18 2/1/17 176/4/349
f 176/4/349 2/1/17 175/6/350
s 1
f 2/926/44 26/918/42 175/925/351
f 175/925/351 26/918/42 174/917/352
s 75
f 122/150/353 132/151/354 201/152/355
f 201/152/355 132/151/354 200/153/356
s 76
f 67/1041/357 34/1042/358 215/1043/359
f 215/1043/359 34/1042/358 216/1044/360
f 34/1042/358 177/1046/361 216/1044/360
s 1
f 26/918/42 59/913/177 174/917/352
f 59/913/177 225/914/362 174/917/352
f 225/914/362 224/921/363 174/917/352
s 77
f 34/154/364 85/155/365 177/156/366
f 85/155/365 297/157/367 177/156/366
f 297/157/367 296/159/368 177/156/366
s 78
f 163/1057/369 162/1058/370 193/1059/371
f 193/1059/371 162/1058/370 192/1060/372
s 5
f 84/8/254 35/2/18 287/10/373
f 176/4/349 288/7/374 35/2/18
f 35/2/18 288/7/374 287/10/373
s 1
f 123/910/91 122/911/92 60/912/176
f 60/912/176 122/911/92 59/913/177
s 2
f 60/482/179 61/480/178 123/478/89
f 123/478/89 61/480/178 124/476/90
s 31
f 383/625/249 382/618/247 385/631/251
f 385/631/251 382/618/247 381/639/246
f 341/612/129 340/614/130 354/619/180
f 354/619/180 340/614/130 353/626/181
f 354/619/180 358/620/185 341/612/129
f 341/612/129 358/620/185 346/615/143
f 365/651/225 363/627/223 359/644/219
f 359/644/219 363/627/223 361/633/221
s 2
f 126/507/99 125/509/100 63/511/186
f 63/511/186 125/509/100 62/513/187
s 3
f 126/954/97 63/960/188 127/958/98
f 127/958/98 63/960/188 64/961/189
s 21
f 129/558/207 128/554/96 73/562/208
f 73/562/208 128/554/96 65/566/209
f 130/574/113 150/567/151 66/579/192
f 66/579/192 150/567/151 151/573/193
f 66/579/192 164/587/194 130/574/113
f 130/574/113 164/587/194 165/581/114
f 131/591/263 86/596/261 132/601/94
f 132/601/94 86/596/261 67/604/259
s 31
f 350/629/157 349/622/158 342/616/131
f 342/616/131 349/622/158 343/613/132
f 379/638/245 377/624/243 376/649/240
f 376/649/240 377/624/243 374/636/238
s 2
f 134/470/72 133/468/70 51/466/159
f 51/466/159 133/468/70 50/464/160
s 1
f 52/892/161 135/899/65 51/895/162
f 51/895/162 135/899/65 134/903/67
s 21
f 137/590/264 136/600/86 88/593/265
f 88/593/265 136/600/86 53/602/266
f 138/569/112 167/580/110 54/575/165
f 54/575/165 167/580/110 168/582/166
f 54/575/165 147/560/167 138/569/112
f 138/569/112 147/560/167 148/559/152
f 139/552/206 71/556/201 140/550/82
f 140/550/82 71/556/201 55/561/203
s 3
f 56/936/170 57/938/171 141/941/77
f 141/941/77 57/938/171 142/943/78
s 2
f 57/497/173 58/495/172 142/499/73
f 142/499/73 58/495/172 143/501/74
s 31
f 368/634/227 367/646/226 369/647/229
f 369/647/229 367/646/226 371/656/231
f 342/616/131 345/623/142 350/629/157
f 350/629/157 345/623/142 351/637/174
s 6
f 69/74/197 145/72/137 68/73/198
f 68/73/198 145/72/137 144/68/138
s 21
f 147/560/167 146/564/154 71/556/201
f 71/556/201 146/564/154 70/565/202
f 148/559/152 147/560/167 139/552/206
f 139/552/206 147/560/167 71/556/201
f 149/563/150 148/559/152 72/555/205
f 72/555/205 148/559/152 139/552/206
f 150/567/151 149/563/150 129/558/207
f 129/558/207 149/563/150 72/555/205
f 151/573/193 150/567/151 73/562/208
f 73/562/208 150/567/151 129/558/207
f 151/573/193 73/562/208 152/578/148
f 152/578/148 73/562/208 74/572/210
s 5
f 154/25/146 153/26/147 76/27/214
f 76/27/214 153/26/147 75/28/215
s 2
f 76/510/217 77/508/216 154/506/144
f 154/506/144 77/508/216 155/504/145
s 31
f 362/650/220 361/633/221 357/643/184
f 357/643/184 361/633/221 358/620/185
f 346/615/143 358/620/185 363/627/223
f 363/627/223 358/620/185 361/633/221
f 344/621/141 346/615/143 364/628/222
f 364/628/222 346/615/143 363/627/223
f 364/628/222 368/634/227 344/621/141
f 344/621/141 368/634/227 345/623/142
f 351/637/174 345/623/142 369/647/229
f 369/647/229 345/623/142 368/634/227
f 352/654/175 351/637/174 370/653/228
f 370/653/228 351/637/174 369/647/229
s 2
f 144/479/139 156/481/140 68/483/232
f 68/483/232 156/481/140 78/485/233
s 6
f 158/57/103 157/55/104 80/52/234
f 80/52/234 157/55/104 79/50/235
s 2
f 80/469/237 81/467/236 158/471/133
f 158/471/133 81/467/236 159/473/134
s 31
f 349/622/158 347/635/156 374/636/238
f 374/636/238 347/635/156 373/652/239
f 343/613/132 349/622/158 377/624/243
f 377/624/243 349/622/158 374/636/238
f 338/611/128 343/613/132 378/617/242
f 378/617/242 343/613/132 377/624/243
f 340/614/130 338/611/128 382/618/247
f 382/618/247 338/611/128 378/617/242
f 353/626/181 340/614/130 383/625/249
f 383/625/249 340/614/130 382/618/247
f 355/642/183 353/626/181 384/640/248
f 384/640/248 353/626/181 383/625/249
s 2
f 161/498/126 160/496/124 83/494/252
f 83/494/252 160/496/124 82/492/253
s 5
f 84/8/254 162/16/119 83/11/255
f 83/11/255 162/16/119 161/21/121
s 21
f 85/603/260 86/596/261 163/594/116
f 163/594/116 86/596/261 164/587/194
f 165/581/114 164/587/194 131/591/263
f 131/591/263 164/587/194 86/596/261
f 166/586/109 165/581/114 87/592/262
f 87/592/262 165/581/114 131/591/263
f 87/592/262 137/590/264 166/586/109
f 166/586/109 137/590/264 167/580/110
f 168/582/166 167/580/110 88/593/265
f 88/593/265 167/580/110 137/590/264
f 168/582/166 88/593/265 169/588/108
f 169/588/108 88/593/265 89/597/267
s 5
f 171/40/325 170/32/326 109/44/375
f 109/44/375 170/32/326 106/39/376
s 3
f 172/971/323 171/976/324 108/973/377
f 108/973/377 171/976/324 109/980/378
s 70
f 173/1023/329 212/1026/331 107/1029/379
f 107/1029/379 212/1026/331 110/1032/380
s 79
f 283/1061/381 277/1062/382 113/1063/383
f 113/1063/383 277/1062/382 112/1065/384
s 5
f 170/32/326 284/36/348 106/39/376
f 284/36/348 283/43/385 106/39/376
f 283/43/385 113/46/386 106/39/376
s 1
f 175/925/351 174/917/352 117/930/387
f 117/930/387 174/917/352 114/924/388
s 5
f 176/4/349 175/6/350 116/9/389
f 116/9/389 175/6/350 117/12/390
s 80
f 295/1067/391 289/1068/392 120/1069/393
f 120/1069/393 289/1068/392 121/1071/394
s 77
f 177/156/366 296/159/368 115/162/395
f 296/159/368 295/165/396 115/162/395
f 295/165/396 120/168/397 115/162/395
s 1
f 174/917/352 224/921/363 114/924/388
f 114/924/388 224/921/363 119/929/398
s 6
f 179/54/273 178/53/274 93/59/399
f 93/59/399 178/53/274 90/63/400
s 1
f 180/888/271 179/890/272 92/893/401
f 92/893/401 179/890/272 93/896/402
s 61
f 181/983/277 236/986/279 91/989/403
f 91/989/403 236/986/279 94/992/404
s 81
f 307/1073/405 301/1074/406 97/1075/407
f 97/1075/407 301/1074/406 96/1077/408
s 6
f 178/53/274 308/58/296 90/63/400
f 308/58/296 307/67/409 90/63/400
f 307/67/409 97/71/410 90/63/400
f 183/83/299 182/88/300 101/86/411
f 101/86/411 182/88/300 98/91/412
s 82
f 319/1079/413 313/1080/414 104/1081/415
f 104/1081/415 313/1080/414 105/1083/416
s 68
f 184/118/314 320/121/316 100/124/417
f 320/121/316 319/127/418 100/124/417
f 319/127/418 104/130/419 100/124/417
s 3
f 185/939/298 248/944/311 99/949/420
f 99/949/420 248/944/311 103/953/421
f 182/940/297 185/939/298 98/945/422
f 98/945/422 185/939/298 99/949/420
s 64
f 89/97/423 299/99/292 169/101/424
f 299/99/292 298/104/425 169/101/424
f 298/104/425 186/107/426 169/101/424
s 81
f 298/659/427 304/660/428 186/661/429
f 186/661/429 304/660/428 187/663/430
s 6
f 69/74/197 311/75/321 145/72/137
f 311/75/321 310/78/431 145/72/137
f 310/78/431 188/81/432 145/72/137
s 82
f 310/667/433 316/668/434 188/669/435
f 188/669/435 316/668/434 189/671/436
s 73
f 74/135/437 275/137/344 152/139/438
f 275/137/344 274/142/439 152/139/438
f 274/142/439 190/145/440 152/139/438
s 79
f 274/675/441 280/676/442 190/677/443
f 190/677/443 280/676/442 191/679/444
s 88
f 85/683/445 84/684/446 163/685/447
f 163/685/447 84/684/446 162/686/448
s 5
f 162/16/449 84/8/254 192/15/450
f 84/8/254 287/10/373 192/15/450
f 287/10/373 286/20/451 192/15/450
s 80
f 286/687/452 292/688/453 192/689/454
f 192/689/454 292/688/453 193/691/455
s 1
f 52/892/161 227/894/284 135/899/65
f 227/894/284 226/902/456 135/899/65
f 226/902/456 194/906/457 135/899/65
s 90
f 226/695/458 232/696/459 194/697/460
f 194/697/460 232/696/459 195/699/461
s 67
f 55/1001/462 239/1003/307 140/1005/463
f 239/1003/307 238/1008/464 140/1005/463
f 238/1008/464 196/1011/465 140/1005/463
s 92
f 238/701/466 244/702/467 196/703/468
f 196/703/468 244/702/467 197/705/469
s 3
f 64/961/189 203/963/336 127/958/98
f 203/963/336 202/965/470 127/958/98
f 202/965/470 198/969/471 127/958/98
s 93
f 202/707/472 208/708/473 198/709/474
f 198/709/474 208/708/473 199/711/475
s 76
f 67/1041/476 215/1043/359 132/1045/477
f 215/1043/359 214/1048/478 132/1045/477
f 214/1048/478 200/1051/479 132/1045/477
s 95
f 214/713/480 220/714/481 200/715/482
f 200/715/482 220/714/481 201/717/483
s 3
f 111/977/484 204/967/337 108/973/377
f 108/973/377 204/967/337 172/971/323
s 70
f 65/1022/485 128/1025/486 213/1024/330
f 213/1024/330 128/1025/486 208/1027/487
f 208/1027/487 128/1025/486 199/1030/488
s 76
f 118/1052/489 216/1044/360 115/1049/490
f 115/1049/490 216/1044/360 177/1046/361
s 1
f 59/913/177 122/911/92 225/914/362
f 225/914/362 122/911/92 220/916/491
f 220/916/491 122/911/92 201/919/492
f 95/897/493 228/891/285 92/893/401
f 92/893/401 228/891/285 180/888/271
s 61
f 53/982/494 136/985/495 237/984/278
f 237/984/278 136/985/495 232/987/496
f 232/987/496 136/985/495 195/990/497
s 67
f 102/1012/498 240/1004/308 100/1009/499
f 100/1009/499 240/1004/308 184/1006/309
s 3
f 56/936/170 141/941/77 249/942/310
f 249/942/310 141/941/77 244/947/500
f 244/947/500 141/941/77 197/951/501
s 93
f 202/707/472 207/710/502 208/708/473
f 208/708/473 207/710/502 209/712/503
f 207/176/502 206/174/504 209/175/503
f 209/175/503 206/174/504 210/173/505
f 206/174/504 205/169/506 210/173/505
f 210/173/505 205/169/506 211/171/507
f 205/169/506 111/170/508 211/171/507
f 211/171/507 111/170/508 110/172/509
s 95
f 214/713/480 219/716/510 220/714/481
f 220/714/481 219/716/510 221/718/511
f 219/184/510 218/182/512 221/183/511
f 221/183/511 218/182/512 222/181/513
f 218/182/512 217/177/514 222/181/513
f 222/181/513 217/177/514 223/179/515
f 217/177/514 118/178/516 223/179/515
f 223/179/515 118/178/516 119/180/517
s 90
f 226/695/458 231/698/518 232/696/459
f 232/696/459 231/698/518 233/700/519
f 231/192/518 230/190/520 233/191/519
f 233/191/519 230/190/520 234/189/521
f 230/190/520 229/185/522 234/189/521
f 234/189/521 229/185/522 235/187/523
f 229/185/522 95/186/524 235/187/523
f 235/187/523 95/186/524 94/188/525
s 92
f 238/701/466 243/704/526 244/702/467
f 244/702/467 243/704/526 245/706/527
f 243/200/526 242/198/528 245/199/527
f 245/199/527 242/198/528 246/197/529
f 242/198/528 241/193/530 246/197/529
f 246/197/529 241/193/530 247/195/531
f 241/193/530 102/194/532 247/195/531
f 247/195/531 102/194/532 103/196/533
s 3
f 111/977/484 205/978/534 204/967/337
f 204/967/337 205/978/534 250/974/535
f 250/974/535 251/968/536 204/967/337
f 204/967/337 251/968/536 203/963/336
f 203/963/336 251/968/536 202/965/470
f 202/965/470 251/968/536 207/972/537
f 205/978/534 206/979/538 250/974/535
f 250/974/535 206/979/538 252/975/539
f 250/974/535 252/975/539 251/968/536
f 251/968/536 252/975/539 207/972/537
f 207/972/537 252/975/539 206/979/538
s 70
f 209/1033/540 253/1028/541 208/1027/487
f 208/1027/487 253/1028/541 213/1024/330
f 213/1024/330 253/1028/541 212/1026/331
f 212/1026/331 253/1028/541 254/1031/542
f 254/1031/542 211/1035/543 212/1026/331
f 212/1026/331 211/1035/543 110/1032/380
f 210/1036/544 255/1034/545 209/1033/540
f 209/1033/540 255/1034/545 253/1028/541
f 253/1028/541 255/1034/545 254/1031/542
f 255/1034/545 210/1036/544 254/1031/542
f 254/1031/542 210/1036/544 211/1035/543
s 76
f 118/1052/489 217/1054/546 216/1044/360
f 216/1044/360 217/1054/546 256/1050/547
f 256/1050/547 257/1047/548 216/1044/360
f 216/1044/360 257/1047/548 215/1043/359
f 215/1043/359 257/1047/548 214/1048/478
f 214/1048/478 257/1047/548 219/1055/549
f 217/1054/546 218/1056/550 256/1050/547
f 256/1050/547 218/1056/550 258/1053/551
f 256/1050/547 258/1053/551 257/1047/548
f 257/1047/548 258/1053/551 219/1055/549
f 219/1055/549 258/1053/551 218/1056/550
s 1
f 221/923/552 259/920/553 220/916/491
f 220/916/491 259/920/553 225/914/362
f 225/914/362 259/920/553 224/921/363
f 224/921/363 259/920/553 260/928/554
f 260/928/554 223/932/555 224/921/363
f 224/921/363 223/932/555 119/929/398
f 222/931/556 261/927/557 221/923/552
f 221/923/552 261/927/557 259/920/553
f 259/920/553 261/927/557 260/928/554
f 261/927/557 222/931/556 260/928/554
f 260/928/554 222/931/556 223/932/555
f 95/897/493 229/900/558 228/891/285
f 228/891/285 229/900/558 262/901/559
f 262/901/559 263/898/560 228/891/285
f 228/891/285 263/898/560 227/894/284
f 227/894/284 263/898/560 226/902/456
f 226/902/456 263/898/560 231/905/561
f 229/900/558 230/908/562 262/901/559
f 262/901/559 230/908/562 264/904/563
f 262/901/559 264/904/563 263/898/560
f 263/898/560 264/904/563 231/905/561
f 231/905/561 264/904/563 230/908/562
s 61
f 233/993/564 265/988/565 232/987/496
f 232/987/496 265/988/565 237/984/278
f 237/984/278 265/988/565 236/986/279
f 236/986/279 265/988/565 266/991/566
f 266/991/566 235/995/567 236/986/279
f 236/986/279 235/995/567 94/992/404
f 234/996/568 267/994/569 233/993/564
f 233/993/564 267/994/569 265/988/565
f 265/988/565 267/994/569 266/991/566
f 267/994/569 234/996/568 266/991/566
f 266/991/566 234/996/568 235/995/567
s 67
f 102/1012/498 241/1014/570 240/1004/308
f 240/1004/308 241/1014/570 268/1010/571
f 268/1010/571 269/1007/572 240/1004/308
f 240/1004/308 269/1007/572 239/1003/307
f 239/1003/307 269/1007/572 238/1008/464
f 238/1008/464 269/1007/572 243/1015/573
f 241/1014/570 242/1016/574 268/1010/571
f 268/1010/571 242/1016/574 270/1013/575
f 268/1010/571 270/1013/575 269/1007/572
f 269/1007/572 270/1013/575 243/1015/573
f 243/1015/573 270/1013/575 242/1016/574
s 3
f 245/955/576 271/948/577 244/947/500
f 244/947/500 271/948/577 249/942/310
f 249/942/310 271/948/577 248/944/311
f 248/944/311 271/948/577 272/952/578
f 272/952/578 247/957/579 248/944/311
f 248/944/311 247/957/579 103/953/421
f 246/959/580 273/956/581 245/955/576
f 245/955/576 273/956/581 271/948/577
f 271/948/577 273/956/581 272/952/578
f 273/956/581 246/959/580 272/952/578
f 272/952/578 246/959/580 247/957/579
s 73
f 173/140/345 107/143/582 276/138/346
f 276/138/346 107/143/582 277/146/583
f 277/146/583 107/143/582 112/149/584
s 5
f 75/28/215 153/26/147 285/29/347
f 285/29/347 153/26/147 280/31/585
f 280/31/585 153/26/147 191/34/586
f 176/4/349 116/9/389 288/7/374
f 288/7/374 116/9/389 289/13/587
f 289/13/587 116/9/389 121/17/588
s 77
f 85/155/589 163/158/590 297/157/367
f 297/157/367 163/158/590 292/160/591
f 292/160/591 163/158/590 193/163/592
s 64
f 181/102/293 91/105/593 300/100/294
f 300/100/294 91/105/593 301/108/594
f 301/108/594 91/105/593 96/111/595
s 6
f 79/50/596 157/55/597 309/56/295
f 309/56/295 157/55/597 304/61/598
f 304/61/598 157/55/597 187/65/599
f 183/83/299 101/86/411 312/79/322
f 312/79/322 101/86/411 313/89/600
f 313/89/600 101/86/411 105/92/601
s 68
f 70/117/602 146/120/603 321/119/315
f 321/119/315 146/120/603 316/122/604
f 316/122/604 146/120/603 189/125/605
s 79
f 274/675/441 279/678/606 280/676/442
f 280/676/442 279/678/606 281/680/607
f 279/678/606 278/681/608 281/680/607
f 281/680/607 278/681/608 282/682/609
f 278/1066/608 277/1062/382 282/1064/609
f 282/1064/609 277/1062/382 283/1061/381
s 80
f 286/687/452 291/690/610 292/688/453
f 292/688/453 291/690/610 293/692/611
f 291/690/610 290/693/612 293/692/611
f 293/692/611 290/693/612 294/694/613
f 290/1072/612 289/1068/392 294/1070/613
f 294/1070/613 289/1068/392 295/1067/391
s 81
f 298/659/427 303/662/614 304/660/428
f 304/660/428 303/662/614 305/664/615
f 303/662/614 302/665/616 305/664/615
f 305/664/615 302/665/616 306/666/617
f 302/1078/616 301/1074/406 306/1076/617
f 306/1076/617 301/1074/406 307/1073/405
s 82
f 310/667/433 315/670/618 316/668/434
f 316/668/434 315/670/618 317/672/619
f 315/670/618 314/673/620 317/672/619
f 317/672/619 314/673/620 318/674/621
f 314/1084/620 313/1080/414 318/1082/621
f 318/1082/621 313/1080/414 319/1079/413
s 73
f 277/146/583 278/148/622 276/138/346
f 276/138/346 278/148/622 322/144/623
f 322/144/623 323/141/624 276/138/346
f 276/138/346 323/141/624 275/137/344
f 275/137/344 323/141/624 274/142/439
f 274/142/439 323/141/624 279/147/625
f 323/141/624 322/144/623 279/147/625
f 279/147/625 322/144/623 278/148/622
s 5
f 281/38/626 324/35/627 280/31/585
f 280/31/585 324/35/627 285/29/347
f 285/29/347 324/35/627 284/36/348
f 284/36/348 324/35/627 325/42/628
f 325/42/628 282/45/629 284/36/348
f 284/36/348 282/45/629 283/43/385
f 282/45/629 325/42/628 281/38/626
f 281/38/626 325/42/628 324/35/627
f 289/13/587 290/18/630 288/7/374
f 288/7/374 290/18/630 326/19/631
f 326/19/631 327/14/632 288/7/374
f 288/7/374 327/14/632 287/10/373
f 287/10/373 327/14/632 286/20/451
f 286/20/451 327/14/632 291/22/633
f 327/14/632 326/19/631 291/22/633
f 291/22/633 326/19/631 290/18/630
s 77
f 293/166/634 328/161/635 292/160/591
f 292/160/591 328/161/635 297/157/367
f 297/157/367 328/161/635 296/159/368
f 296/159/368 328/161/635 329/164/636
f 329/164/636 294/167/637 296/159/368
f 296/159/368 294/167/637 295/165/396
f 294/167/637 329/164/636 293/166/634
f 293/166/634 329/164/636 328/161/635
s 64
f 301/108/594 302/110/638 300/100/294
f 300/100/294 302/110/638 330/106/639
f 330/106/639 331/103/640 300/100/294
f 300/100/294 331/103/640 299/99/292
f 299/99/292 331/103/640 298/104/425
f 298/104/425 331/103/640 303/109/641
f 331/103/640 330/106/639 303/109/641
f 303/109/641 330/106/639 302/110/638
s 6
f 305/69/642 332/62/643 304/61/598
f 304/61/598 332/62/643 309/56/295
f 309/56/295 332/62/643 308/58/296
f 308/58/296 332/62/643 333/66/644
f 333/66/644 306/70/645 308/58/296
f 308/58/296 306/70/645 307/67/409
f 306/70/645 333/66/644 305/69/642
f 305/69/642 333/66/644 332/62/643
f 313/89/600 314/90/646 312/79/322
f 312/79/322 314/90/646 334/87/647
f 334/87/647 335/80/648 312/79/322
f 312/79/322 335/80/648 311/75/321
f 311/75/321 335/80/648 310/78/431
f 310/78/431 335/80/648 315/84/649
f 335/80/648 334/87/647 315/84/649
f 315/84/649 334/87/647 314/90/646
s 68
f 317/128/650 336/123/651 316/122/604
f 316/122/604 336/123/651 321/119/315
f 321/119/315 336/123/651 320/121/316
f 320/121/316 336/123/651 337/126/652
f 337/126/652 318/129/653 320/121/316
f 320/121/316 318/129/653 319/127/418
f 318/129/653 337/126/652 317/128/650
f 317/128/650 337/126/652 336/123/651
s 117
f 20/201/654 159/202/655 348/203/656
f 348/203/656 159/202/655 347/204/657
f 20/201/654 348/203/656 156/205/658
f 156/205/658 348/203/656 352/207/659
s 118
f 24/215/660 356/216/661 160/217/662
f 160/217/662 356/216/661 355/219/663
f 24/215/660 155/218/664 356/216/661
f 356/216/661 155/218/664 357/220/665
s 119
f 62/1085/666 359/1086/667 44/1087/668
f 44/1087/668 359/1086/667 360/1089/669
s 118
f 77/222/670 44/226/671 362/224/672
f 362/224/672 44/226/671 360/228/673
s 119
f 43/1092/674 366/1091/675 125/1090/676
f 125/1090/676 366/1091/675 365/1088/677
f 43/1092/674 143/1093/678 366/1091/675
f 366/1091/675 143/1093/678 367/1094/679
f 58/1095/680 42/1097/681 371/1096/682
f 371/1096/682 42/1097/681 372/1098/683
s 117
f 78/209/684 370/211/685 42/213/686
f 42/213/686 370/211/685 372/214/687
f 81/206/688 39/210/689 373/208/690
f 373/208/690 39/210/689 375/212/691
s 125
f 50/1099/692 376/1100/693 39/1101/694
f 39/1101/694 376/1100/693 375/1103/695
f 38/1106/696 380/1105/697 133/1104/698
f 133/1104/698 380/1105/697 379/1102/699
f 38/1106/696 124/1107/700 380/1105/697
f 380/1105/697 124/1107/700 381/1108/701
f 61/1109/702 37/1111/703 385/1110/704
f 385/1110/704 37/1111/703 386/1112/705
s 118
f 82/221/706 384/223/707 37/225/708
f 37/225/708 384/223/707 386/227/709
s 125
f 124/1107/700 61/1109/702 381/1108/701
f 381/1108/701 61/1109/702 385/1110/704
s 119
f 125/1090/676 365/1088/677 62/1085/666
f 62/1085/666 365/1088/677 359/1086/667
s 125
f 133/1104/698 379/1102/699 50/1099/692
f 50/1099/692 379/1102/699 376/1100/693
s 119
f 143/1093/678 58/1095/680 367/1094/679
f 367/1094/679 58/1095/680 371/1096/682
s 118
f 155/218/664 77/222/670 357/220/665
f 357/220/665 77/222/670 362/224/672
s 117
f 156/205/658 352/207/659 78/209/684
f 78/209/684 352/207/659 370/211/685
f 159/202/655 81/206/688 347/204/657
f 347/204/657 81/206/688 373/208/690
s 118
f 160/217/662 355/219/663 82/221/706
f 82/221/706 355/219/663 384/223/707
s 129
f 389/719/710 390/720/711 391/721/712
f 391/721/712 390/720/711 392/722/713
s 130
g textureEditorIsolateSelectSet pCube6
f 404/1113/714 405/1114/715 393/1115/716
f 393/1115/716 405/1114/715 394/1116/717
s 131
f 393/723/718 394/724/719 387/725/720
f 387/725/720 394/724/719 388/726/721
s 132
f 394/229/722 405/230/723 388/231/724
f 388/231/724 405/230/723 406/232/725
s 133
f 393/246/726 387/247/727 404/248/728
f 404/248/728 387/247/727 403/249/729
f 399/256/730 400/253/731 391/260/732
f 391/260/732 400/253/731 389/262/733
s 135
f 391/1117/734 392/1118/735 399/1119/736
f 399/1119/736 392/1118/735 402/1120/737
s 132
f 401/238/738 402/242/739 390/244/740
f 390/244/740 402/242/739 392/245/741
s 133
f 395/251/742 400/253/731 396/250/743
f 396/250/743 400/253/731 399/256/730
s 132
f 398/235/744 397/233/745 401/238/738
f 401/238/738 397/233/745 402/242/739
s 138
f 412/1121/746 409/1122/747 408/1123/748
f 408/1123/748 409/1122/747 407/1125/749
s 133
f 404/248/728 403/249/729 396/250/743
f 396/250/743 403/249/729 395/251/742
s 138
f 408/1123/748 407/1125/749 418/1127/750
f 418/1127/750 407/1125/749 416/1128/751
s 132
f 405/230/723 397/233/745 406/232/725
f 406/232/725 397/233/745 398/235/744
s 139
f 399/727/752 402/728/753 413/729/754
f 413/729/754 402/728/753 411/730/755
s 140
f 405/733/756 404/734/757 417/735/758
f 417/735/758 404/734/757 420/736/759
s 139
f 411/730/755 410/731/760 413/729/754
f 413/729/754 410/731/760 414/732/761
s 138
f 410/1126/762 409/1122/747 414/1124/763
f 414/1124/763 409/1122/747 412/1121/746
f 416/1128/751 415/1129/764 418/1127/750
f 418/1127/750 415/1129/764 419/1130/765
s 140
f 415/738/766 417/735/758 419/737/767
f 419/737/767 417/735/758 420/736/759
s 132
f 409/240/768 410/237/769 407/234/770
f 407/234/770 410/237/769 397/233/745
f 410/237/769 411/241/771 397/233/745
f 402/242/739 397/233/745 411/241/771
s 133
f 412/258/772 408/252/773 414/254/774
f 408/252/773 396/250/743 414/254/774
f 414/254/774 396/250/743 413/257/775
f 396/250/743 399/256/730 413/257/775
s 132
f 397/233/745 405/230/723 407/234/770
f 405/230/723 417/236/776 407/234/770
f 416/243/777 407/234/770 415/239/778
f 415/239/778 407/234/770 417/236/776
s 133
f 396/250/743 408/252/773 404/248/728
f 404/248/728 408/252/773 420/255/779
f 418/261/780 419/259/781 408/252/773
f 408/252/773 419/259/781 420/255/779
s 143
f 430/739/782 425/740/783 480/741/784
f 423/743/785 480/741/784 425/740/783
f 425/740/783 430/739/782 431/742/786
s 144
f 427/285/787 432/288/788 421/286/789
f 421/286/789 432/288/788 506/290/790
f 432/288/788 429/292/791 506/290/790
s 145
f 444/263/792 474/264/793 428/265/794
f 474/264/793 473/266/795 428/265/794
f 422/268/796 428/265/794 473/266/795
f 444/263/792 428/265/794 443/267/797
s 146
f 427/285/798 421/286/799 447/287/800
f 421/286/799 470/289/801 447/287/800
f 470/289/801 478/291/802 447/287/800
f 447/287/800 478/291/802 446/293/803
s 147
f 473/1131/804 474/1132/805 472/1133/806
f 529/1136/807 530/1134/808 474/1132/805
f 474/1132/805 530/1134/808 472/1133/806
f 530/1134/808 531/1137/809 472/1133/806
s 143
f 431/742/786 430/739/782 426/744/810
f 430/739/782 507/745/811 426/744/810
f 426/744/810 507/745/811 424/746/812
s 144
f 422/268/813 533/272/814 432/270/788
f 429/274/791 432/270/788 533/272/814
f 422/268/813 432/270/788 428/265/815
s 145
f 434/273/816 433/275/817 424/277/818
f 424/277/818 433/275/817 426/279/819
s 149
f 508/1166/820 509/1167/821 434/1168/822
f 507/1172/823 508/1166/820 424/1170/824
f 424/1170/824 508/1166/820 434/1168/822
f 481/1173/825 482/1175/826 435/1169/827
f 480/1174/828 481/1173/825 430/1171/829
f 430/1171/829 481/1173/825 435/1169/827
s 146
f 437/296/830 436/297/831 425/299/832
f 425/299/832 436/297/831 423/301/833
s 145
f 439/269/834 438/271/835 434/273/816
f 434/273/816 438/271/835 433/275/817
s 146
f 442/294/836 441/295/837 437/296/830
f 437/296/830 441/295/837 436/297/831
s 145
f 444/263/792 443/267/797 439/269/834
f 439/269/834 443/267/797 438/271/835
s 147
f 526/1150/838 527/1147/839 439/1144/840
f 527/1147/839 528/1141/841 439/1144/840
f 439/1144/840 528/1141/841 444/1139/842
f 500/1155/843 501/1156/844 445/1146/845
f 499/1158/846 500/1155/843 440/1152/847
f 440/1152/847 500/1155/843 445/1146/845
s 146
f 447/287/800 446/293/803 442/294/836
f 442/294/836 446/293/803 441/295/837
s 159
f 451/1178/848 516/1179/849 448/1180/850
f 448/1180/850 516/1179/849 517/1182/851
f 515/1181/852 516/1179/849 451/1178/848
f 450/749/853 514/755/854 451/757/848
f 451/757/848 514/755/854 515/762/852
f 513/751/855 514/755/854 450/749/853
f 449/747/856 512/748/857 450/749/853
f 450/749/853 512/748/857 513/751/855
f 511/750/858 512/748/857 449/747/856
f 518/1185/859 519/1187/860 448/1180/850
f 448/1180/850 519/1187/860 460/1190/861
f 460/1190/861 519/1187/860 520/1195/862
f 520/785/862 521/778/863 460/781/861
f 460/781/861 521/778/863 461/775/864
f 461/775/864 521/778/863 522/773/865
f 522/773/865 523/774/866 461/775/864
f 461/775/864 523/774/866 462/777/867
f 462/777/867 523/774/866 524/780/868
f 448/1180/850 517/1182/851 518/1185/859
f 490/1192/869 491/1189/870 452/1184/871
f 452/1184/871 491/1189/870 459/1186/872
f 509/760/873 510/753/874 434/756/875
f 434/756/875 510/753/874 449/747/856
f 449/747/856 510/753/874 511/750/858
f 525/784/876 526/795/877 439/789/878
f 524/780/868 525/784/876 462/777/867
f 462/777/867 525/784/876 439/789/878
f 498/793/879 499/797/880 440/790/881
f 497/787/882 498/793/879 456/779/883
f 456/779/883 498/793/879 440/790/881
f 482/769/884 483/765/885 435/759/886
f 435/759/886 483/765/885 455/752/887
f 455/752/887 483/765/885 484/763/888
s 145
f 448/284/889 460/283/890 451/282/891
f 439/269/834 434/273/816 462/276/892
f 434/273/816 449/278/893 462/276/892
f 449/278/893 450/280/894 462/276/892
f 462/276/892 450/280/894 461/281/895
f 450/280/894 451/282/891 461/281/895
f 451/282/891 460/283/890 461/281/895
s 146
f 463/306/896 467/305/897 466/304/898
f 436/297/831 441/295/837 469/298/899
f 441/295/837 464/300/900 469/298/899
f 464/300/900 465/302/901 469/298/899
f 469/298/899 465/302/901 468/303/902
f 465/302/901 466/304/898 468/303/902
f 466/304/898 467/305/897 468/303/902
s 159
f 455/752/887 485/758/903 454/754/904
f 454/754/904 485/758/903 486/764/905
f 484/763/888 485/758/903 455/752/887
f 488/1191/906 489/1188/907 453/1183/908
f 453/1183/908 489/1188/907 452/1184/871
f 452/1184/871 489/1188/907 490/1192/869
f 454/754/904 487/766/909 453/761/908
f 453/761/908 487/766/909 488/770/906
f 486/764/905 487/766/909 454/754/904
f 491/1189/870 492/1193/910 459/1186/872
f 459/1186/872 492/1193/910 458/1194/911
f 458/1194/911 492/1193/910 493/1199/912
f 457/776/913 496/782/914 456/779/883
f 456/779/883 496/782/914 497/787/882
f 495/786/915 496/782/914 457/776/913
f 458/783/911 494/788/916 457/776/913
f 457/776/913 494/788/916 495/786/915
f 493/794/912 494/788/916 458/783/911
s 147
f 421/1154/917 471/1157/918 470/1161/919
f 422/1135/920 472/1133/806 532/1138/921
f 532/1138/921 472/1133/806 531/1137/809
f 473/1131/804 472/1133/806 422/1135/920
f 528/1141/841 529/1136/807 444/1139/842
f 444/1139/842 529/1136/807 474/1132/805
f 476/1149/922 475/1143/923 445/1146/845
f 477/1153/924 476/1149/922 445/1146/845
f 502/1159/925 477/1153/924 501/1156/844
f 501/1156/844 477/1153/924 445/1146/845
f 429/1145/926 479/1142/927 506/1148/928
f 506/1148/928 479/1142/927 505/1151/929
f 422/1135/920 532/1138/921 533/1140/930
s 149
f 423/1176/931 481/1173/825 480/1174/828
f 482/1175/826 481/1173/825 436/1177/932
f 436/1177/932 481/1173/825 423/1176/931
s 159
f 483/765/885 482/769/884 436/771/933
f 484/763/888 483/765/885 469/767/934
f 469/767/934 483/765/885 436/771/933
f 468/768/935 485/758/903 469/767/934
f 469/767/934 485/758/903 484/763/888
f 486/764/905 485/758/903 468/768/935
f 467/772/936 487/766/909 468/768/935
f 468/768/935 487/766/909 486/764/905
f 488/770/906 487/766/909 467/772/936
f 489/1188/907 488/1191/906 467/1196/936
f 490/1192/869 489/1188/907 463/1197/937
f 463/1197/937 489/1188/907 467/1196/936
f 463/1197/937 491/1189/870 490/1192/869
f 492/1193/910 491/1189/870 463/1197/937
f 493/1199/912 492/1193/910 466/1198/938
f 466/1198/938 492/1193/910 463/1197/937
f 465/791/939 494/788/916 466/796/938
f 466/796/938 494/788/916 493/794/912
f 495/786/915 494/788/916 465/791/939
f 464/792/940 496/782/914 465/791/939
f 465/791/939 496/782/914 495/786/915
f 497/787/882 496/782/914 464/792/940
f 464/792/940 498/793/879 497/787/882
f 499/797/880 498/793/879 441/798/941
f 441/798/941 498/793/879 464/792/940
s 147
f 441/1162/942 500/1155/843 499/1158/846
f 446/1163/943 501/1156/844 441/1162/942
f 441/1162/942 501/1156/844 500/1155/843
f 478/1165/944 502/1159/925 446/1163/943
f 446/1163/943 502/1159/925 501/1156/844
f 470/1161/919 471/1157/918 478/1165/944
f 502/1159/925 478/1165/944 503/1164/945
f 471/1157/918 503/1164/945 478/1165/944
f 471/1157/918 504/1160/946 503/1164/945
f 421/1154/917 505/1151/929 471/1157/918
f 471/1157/918 505/1151/929 504/1160/946
f 506/1148/928 505/1151/929 421/1154/917
s 149
f 430/1171/829 508/1166/820 507/1172/823
f 509/1167/821 508/1166/820 435/1169/827
f 435/1169/827 508/1166/820 430/1171/829
s 159
f 510/753/874 509/760/873 435/759/886
f 511/750/858 510/753/874 455/752/887
f 455/752/887 510/753/874 435/759/886
f 454/754/904 512/748/857 455/752/887
f 455/752/887 512/748/857 511/750/858
f 513/751/855 512/748/857 454/754/904
f 453/761/908 514/755/854 454/754/904
f 454/754/904 514/755/854 513/751/855
f 515/762/852 514/755/854 453/761/908
f 452/1184/871 516/1179/849 453/1183/908
f 453/1183/908 516/1179/849 515/1181/852
f 517/1182/851 516/1179/849 452/1184/871
f 518/1185/859 517/1182/851 459/1186/872
f 459/1186/872 517/1182/851 452/1184/871
f 458/1194/911 519/1187/860 459/1186/872
f 459/1186/872 519/1187/860 518/1185/859
f 520/1195/862 519/1187/860 458/1194/911
f 457/776/913 521/778/863 458/783/911
f 458/783/911 521/778/863 520/785/862
f 522/773/865 521/778/863 457/776/913
f 456/779/883 523/774/866 457/776/913
f 457/776/913 523/774/866 522/773/865
f 524/780/868 523/774/866 456/779/883
f 456/779/883 525/784/876 524/780/868
f 526/795/877 525/784/876 440/790/881
f 440/790/881 525/784/876 456/779/883
s 147
f 445/1146/845 527/1147/839 440/1152/847
f 440/1152/847 527/1147/839 526/1150/838
f 528/1141/841 527/1147/839 445/1146/845
f 529/1136/807 528/1141/841 475/1143/923
f 475/1143/923 528/1141/841 445/1146/845
f 532/1138/921 479/1142/927 533/1140/930
f 533/1140/930 479/1142/927 429/1145/926
s 177
f 475/799/947 476/800/948 534/801/949
f 534/801/949 476/800/948 535/802/950
s 178
f 476/800/951 477/804/952 535/802/953
f 535/802/953 477/804/952 536/806/954
s 179
f 477/804/955 502/807/956 536/806/957
f 536/806/957 502/807/956 537/808/958
s 180
f 479/809/959 532/810/960 538/811/961
f 538/811/961 532/810/960 539/812/962
s 181
f 505/814/963 479/809/964 540/813/965
f 540/813/965 479/809/964 538/811/966
s 182
f 502/307/967 503/308/968 537/309/969
f 537/309/969 503/308/968 541/310/970
s 183
f 504/312/971 542/311/972 503/308/973
f 503/308/973 542/311/972 541/310/974
s 184
f 505/314/975 540/313/976 504/312/977
f 504/312/977 540/313/976 542/311/978
s 185
f 529/805/979 475/799/980 543/803/981
f 543/803/981 475/799/980 534/801/982
s 186
f 530/315/983 529/316/984 544/317/985
f 544/317/985 529/316/984 543/318/986
s 187
f 531/320/987 530/315/988 545/319/989
f 545/319/989 530/315/988 544/317/990
s 188
f 532/322/991 531/320/992 539/321/993
f 539/321/993 531/320/992 545/319/994
s 189
f 432/1200/995 547/1201/996 540/1202/997
s 190
f 548/1212/998 432/1200/999 549/1210/1000
s 191
f 447/1211/1001 537/1209/1002 427/1206/1003
f 427/1206/1003 537/1209/1002 546/1203/1004
f 537/1209/1002 541/1207/1005 546/1203/1004
f 546/1203/1004 541/1207/1005 547/1201/1006
f 541/1207/1005 542/1204/1007 547/1201/1006
f 547/1201/1006 542/1204/1007 540/1202/1008
s 189
f 432/1200/995 540/1202/997 538/1205/1009
f 432/1200/995 546/1203/1010 547/1201/996
f 432/1200/995 427/1206/1011 546/1203/1010
s 192
f 443/1220/1012 428/1215/1013 543/1218/1014
f 543/1218/1014 428/1215/1013 548/1212/1015
f 543/1218/1014 548/1212/1015 544/1216/1016
f 548/1212/1015 549/1210/1017 544/1216/1016
f 544/1216/1016 549/1210/1017 545/1213/1018
f 545/1213/1018 549/1210/1017 539/1208/1019
s 190
f 539/1208/1020 432/1200/999 538/1205/1021
f 428/1215/1022 432/1200/999 548/1212/998
f 549/1210/1000 432/1200/999 539/1208/1020
s 193
f 438/1224/1023 443/1220/1024 534/1222/1025
f 534/1222/1025 443/1220/1024 543/1218/1026
s 194
f 442/1217/1027 536/1214/1028 447/1211/1029
f 447/1211/1029 536/1214/1028 537/1209/1030
s 195
f 437/1221/1031 535/1219/1032 442/1217/1033
f 442/1217/1033 535/1219/1032 536/1214/1034
s 196
f 433/1226/1035 438/1224/1036 535/1219/1037
f 535/1219/1037 438/1224/1036 534/1222/1038
s 197
f 425/1225/1039 550/1223/1040 437/1221/1041
f 437/1221/1041 550/1223/1040 535/1219/1042
f 535/1219/1042 550/1223/1040 433/1226/1043
f 433/1226/1043 550/1223/1040 426/1227/1044
s 198
f 553/815/1045 554/816/1046 555/817/1047
f 555/817/1047 554/816/1046 556/818/1048
s 199
f 568/1228/1049 569/1229/1050 557/1230/1051
f 557/1230/1051 569/1229/1050 558/1231/1052
s 200
f 557/819/1053 558/820/1054 551/821/1055
f 551/821/1055 558/820/1054 552/822/1056
s 201
f 558/323/1057 569/324/1058 552/325/1059
f 552/325/1059 569/324/1058 570/326/1060
s 202
f 557/340/1061 551/341/1062 568/342/1063
f 568/342/1063 551/341/1062 567/343/1064
f 563/350/1065 564/347/1066 555/354/1067
f 555/354/1067 564/347/1066 553/356/1068
s 204
f 555/1232/1069 556/1233/1070 563/1234/1071
f 563/1234/1071 556/1233/1070 566/1235/1072
s 201
f 565/332/1073 566/336/1074 554/338/1075
f 554/338/1075 566/336/1074 556/339/1076
s 202
f 559/345/1077 564/347/1066 560/344/1078
f 560/344/1078 564/347/1066 563/350/1065
s 201
f 562/329/1079 561/327/1080 565/332/1073
f 565/332/1073 561/327/1080 566/336/1074
s 207
f 576/1236/1081 573/1237/1082 572/1238/1083
f 572/1238/1083 573/1237/1082 571/1240/1084
s 202
f 568/342/1063 567/343/1064 560/344/1078
f 560/344/1078 567/343/1064 559/345/1077
s 207
f 572/1238/1083 571/1240/1084 582/1242/1085
f 582/1242/1085 571/1240/1084 580/1243/1086
s 201
f 569/324/1058 561/327/1080 570/326/1060
f 570/326/1060 561/327/1080 562/329/1079
s 208
f 563/823/1087 566/824/1088 577/825/1089
f 577/825/1089 566/824/1088 575/826/1090
s 209
f 569/829/1091 568/830/1092 581/831/1093
f 581/831/1093 568/830/1092 584/832/1094
s 208
f 575/826/1090 574/827/1095 577/825/1089
f 577/825/1089 574/827/1095 578/828/1096
s 207
f 574/1241/1097 573/1237/1082 578/1239/1098
f 578/1239/1098 573/1237/1082 576/1236/1081
f 580/1243/1086 579/1244/1099 582/1242/1085
f 582/1242/1085 579/1244/1099 583/1245/1100
s 209
f 579/834/1101 581/831/1093 583/833/1102
f 583/833/1102 581/831/1093 584/832/1094
s 201
f 573/334/1103 574/331/1104 571/328/1105
f 571/328/1105 574/331/1104 561/327/1080
f 574/331/1104 575/335/1106 561/327/1080
f 566/336/1074 561/327/1080 575/335/1106
s 202
f 576/352/1107 572/346/1108 578/348/1109
f 572/346/1108 560/344/1078 578/348/1109
f 578/348/1109 560/344/1078 577/351/1110
f 560/344/1078 563/350/1065 577/351/1110
s 201
f 561/327/1080 569/324/1058 571/328/1105
f 569/324/1058 581/330/1111 571/328/1105
f 580/337/1112 571/328/1105 579/333/1113
f 579/333/1113 571/328/1105 581/330/1111
s 202
f 560/344/1078 572/346/1108 568/342/1063
f 568/342/1063 572/346/1108 584/349/1114
f 582/355/1115 583/353/1116 572/346/1108
f 572/346/1108 583/353/1116 584/349/1114
s 212
g pCube6
f 585/1246/1117 586/1247/1118 587/1248/1119
f 587/1248/1119 586/1247/1118 588/1249/1120
s 213
f 587/835/1121 588/836/1122 589/837/1123
f 589/837/1123 588/836/1122 590/838/1124
s 214
f 589/1250/1125 590/1251/1126 591/1252/1127
f 591/1252/1127 590/1251/1126 592/1253/1128
s 215
f 591/839/1129 592/840/1130 585/841/1131
f 585/841/1131 592/840/1130 586/842/1132
s 216
f 586/357/1133 592/358/1134 588/359/1135
f 588/359/1135 592/358/1134 590/360/1136
s 217
f 591/361/1137 585/362/1138 589/363/1139
f 589/363/1139 585/362/1138 587/364/1140
s 218
f 593/843/1141 601/844/1142 594/845/1143
f 594/845/1143 601/844/1142 602/846/1144
f 594/845/1143 602/846/1144 595/848/1145
f 595/848/1145 602/846/1144 603/850/1146
f 595/1254/1145 603/1255/1146 596/1256/1147
f 596/1256/1147 603/1255/1146 604/1257/1148
f 597/1261/1149 596/1256/1147 605/1259/1150
f 605/1259/1150 596/1256/1147 604/1257/1148
f 598/858/1151 597/861/1149 606/859/1152
f 606/859/1152 597/861/1149 605/862/1150
f 599/853/1153 598/858/1151 607/856/1154
f 607/856/1154 598/858/1151 606/859/1152
f 600/852/1155 599/853/1153 608/854/1156
f 608/854/1156 599/853/1153 607/856/1154
g textureEditorIsolateSelectSet pCube6
f 601/372/1142 609/365/1157 602/369/1144
f 602/369/1144 609/365/1157 610/367/1158
f 602/369/1144 610/367/1158 603/373/1146
f 603/373/1146 610/367/1158 611/371/1159
f 603/373/1146 611/371/1159 604/378/1148
f 604/378/1148 611/371/1159 612/377/1160
f 605/389/1150 604/378/1148 613/384/1161
f 613/384/1161 604/378/1148 612/377/1160
f 606/397/1152 605/389/1150 614/392/1162
f 614/392/1162 605/389/1150 613/384/1161
f 607/406/1154 606/397/1152 615/401/1163
f 615/401/1163 606/397/1152 614/392/1162
f 608/412/1156 607/406/1154 616/411/1164
f 616/411/1164 607/406/1154 615/401/1163
f 609/365/1157 617/366/1165 610/367/1158
f 610/367/1158 617/366/1165 618/368/1166
f 610/367/1158 618/368/1166 611/371/1159
f 611/371/1159 618/368/1166 619/375/1167
f 611/371/1159 619/375/1167 612/377/1160
f 612/377/1160 619/375/1167 620/381/1168
f 613/384/1161 612/377/1160 621/383/1169
f 621/383/1169 612/377/1160 620/381/1168
f 614/392/1162 613/384/1161 622/390/1170
f 622/390/1170 613/384/1161 621/383/1169
f 615/401/1163 614/392/1162 623/398/1171
f 623/398/1171 614/392/1162 622/390/1170
f 616/411/1164 615/401/1163 624/407/1172
f 624/407/1172 615/401/1163 623/398/1171
f 617/366/1165 625/370/1173 618/368/1166
f 618/368/1166 625/370/1173 626/374/1174
f 618/368/1166 626/374/1174 619/375/1167
f 619/375/1167 626/374/1174 627/380/1175
f 619/375/1167 627/380/1175 620/381/1168
f 620/381/1168 627/380/1175 628/387/1176
f 621/383/1169 620/381/1168 629/388/1177
f 629/388/1177 620/381/1168 628/387/1176
f 622/390/1170 621/383/1169 630/391/1178
f 630/391/1178 621/383/1169 629/388/1177
f 623/398/1171 622/390/1170 631/399/1179
f 631/399/1179 622/390/1170 630/391/1178
f 624/407/1172 623/398/1171 632/408/1180
f 632/408/1180 623/398/1171 631/399/1179
f 625/370/1173 633/376/1181 626/374/1174
f 626/374/1174 633/376/1181 634/379/1182
f 626/374/1174 634/379/1182 627/380/1175
f 627/380/1175 634/379/1182 635/386/1183
f 627/380/1175 635/386/1183 628/387/1176
f 628/387/1176 635/386/1183 636/394/1184
f 629/388/1177 628/387/1176 637/395/1185
f 637/395/1185 628/387/1176 636/394/1184
f 630/391/1178 629/388/1177 638/396/1186
f 638/396/1186 629/388/1177 637/395/1185
f 631/399/1179 630/391/1178 639/400/1187
f 639/400/1187 630/391/1178 638/396/1186
f 632/408/1180 631/399/1179 640/409/1188
f 640/409/1188 631/399/1179 639/400/1187
f 633/376/1181 641/382/1189 634/379/1182
f 634/379/1182 641/382/1189 642/385/1190
f 634/379/1182 642/385/1190 635/386/1183
f 635/386/1183 642/385/1190 643/393/1191
f 635/386/1183 643/393/1191 636/394/1184
f 636/394/1184 643/393/1191 644/402/1192
f 637/395/1185 636/394/1184 645/403/1193
f 645/403/1193 636/394/1184 644/402/1192
f 638/396/1186 637/395/1185 646/404/1194
f 646/404/1194 637/395/1185 645/403/1193
f 639/400/1187 638/396/1186 647/405/1195
f 647/405/1195 638/396/1186 646/404/1194
f 640/409/1188 639/400/1187 648/410/1196
f 648/410/1196 639/400/1187 647/405/1195
f 641/864/1189 649/865/1197 642/866/1190
f 642/866/1190 649/865/1197 650/867/1198
f 642/866/1190 650/867/1198 643/869/1191
f 643/869/1191 650/867/1198 651/872/1199
f 643/1263/1191 651/1264/1199 644/1265/1192
f 644/1265/1192 651/1264/1199 652/1266/1200
f 645/1271/1193 644/1265/1192 653/1268/1201
f 653/1268/1201 644/1265/1192 652/1266/1200
f 646/877/1194 645/882/1193 654/879/1202
f 654/879/1202 645/882/1193 653/883/1201
f 647/874/1195 646/877/1194 655/876/1203
f 655/876/1203 646/877/1194 654/879/1202
f 648/873/1196 647/874/1195 656/875/1204
f 656/875/1204 647/874/1195 655/876/1203
f 650/867/1198 649/865/1197 658/868/1205
f 658/868/1205 649/865/1197 657/870/1206
f 651/872/1199 650/867/1198 659/871/1207
f 659/871/1207 650/867/1198 658/868/1205
f 652/1266/1200 651/1264/1199 660/1267/1208
f 660/1267/1208 651/1264/1199 659/1269/1207
f 653/1268/1201 652/1266/1200 661/1270/1209
f 661/1270/1209 652/1266/1200 660/1267/1208
f 653/883/1201 661/884/1209 654/879/1202
f 654/879/1202 661/884/1209 662/880/1210
f 654/879/1202 662/880/1210 655/876/1203
f 655/876/1203 662/880/1210 663/878/1211
f 655/876/1203 663/878/1211 656/875/1204
f 656/875/1204 663/878/1211 664/881/1212
f 658/419/1205 657/416/1206 666/413/1213
f 666/413/1213 657/416/1206 665/414/1214
f 659/426/1207 658/419/1205 667/421/1215
f 667/421/1215 658/419/1205 666/413/1213
f 660/435/1208 659/426/1207 668/429/1216
f 668/429/1216 659/426/1207 667/421/1215
f 661/446/1209 660/435/1208 669/439/1217
f 669/439/1217 660/435/1208 668/429/1216
f 661/446/1209 669/439/1217 662/447/1210
f 662/447/1210 669/439/1217 670/442/1218
f 662/447/1210 670/442/1218 663/450/1211
f 663/450/1211 670/442/1218 671/449/1219
f 663/450/1211 671/449/1219 664/456/1212
f 664/456/1212 671/449/1219 672/455/1220
f 666/413/1213 665/414/1214 674/415/1221
f 674/415/1221 665/414/1214 673/417/1222
f 667/421/1215 666/413/1213 675/418/1223
f 675/418/1223 666/413/1213 674/415/1221
f 668/429/1216 667/421/1215 676/424/1224
f 676/424/1224 667/421/1215 675/418/1223
f 669/439/1217 668/429/1216 677/432/1225
f 677/432/1225 668/429/1216 676/424/1224
f 669/439/1217 677/432/1225 670/442/1218
f 670/442/1218 677/432/1225 678/443/1226
f 670/442/1218 678/443/1226 671/449/1219
f 671/449/1219 678/443/1226 679/451/1227
f 671/449/1219 679/451/1227 672/455/1220
f 672/455/1220 679/451/1227 680/457/1228
f 674/415/1221 673/417/1222 682/420/1229
f 682/420/1229 673/417/1222 681/423/1230
f 675/418/1223 674/415/1221 683/422/1231
f 683/422/1231 674/415/1221 682/420/1229
f 676/424/1224 675/418/1223 684/425/1232
f 684/425/1232 675/418/1223 683/422/1231
f 677/432/1225 676/424/1224 685/433/1233
f 685/433/1233 676/424/1224 684/425/1232
f 677/432/1225 685/433/1233 678/443/1226
f 678/443/1226 685/433/1233 686/444/1234
f 678/443/1226 686/444/1234 679/451/1227
f 679/451/1227 686/444/1234 687/452/1235
f 679/451/1227 687/452/1235 680/457/1228
f 680/457/1228 687/452/1235 688/458/1236
f 682/420/1229 681/423/1230 690/427/1237
f 690/427/1237 681/423/1230 689/431/1238
f 683/422/1231 682/420/1229 691/428/1239
f 691/428/1239 682/420/1229 690/427/1237
f 684/425/1232 683/422/1231 692/430/1240
f 692/430/1240 683/422/1231 691/428/1239
f 685/433/1233 684/425/1232 693/434/1241
f 693/434/1241 684/425/1232 692/430/1240
f 685/433/1233 693/434/1241 686/444/1234
f 686/444/1234 693/434/1241 694/445/1242
f 686/444/1234 694/445/1242 687/452/1235
f 687/452/1235 694/445/1242 695/453/1243
f 687/452/1235 695/453/1243 688/458/1236
f 688/458/1236 695/453/1243 696/459/1244
f 690/427/1237 689/431/1238 698/436/1245
f 698/436/1245 689/431/1238 697/441/1246
f 691/428/1239 690/427/1237 699/437/1247
f 699/437/1247 690/427/1237 698/436/1245
f 692/430/1240 691/428/1239 700/438/1248
f 700/438/1248 691/428/1239 699/437/1247
f 693/434/1241 692/430/1240 701/440/1249
f 701/440/1249 692/430/1240 700/438/1248
f 693/434/1241 701/440/1249 694/445/1242
f 694/445/1242 701/440/1249 702/448/1250
f 694/445/1242 702/448/1250 695/453/1243
f 695/453/1243 702/448/1250 703/454/1251
f 695/453/1243 703/454/1251 696/459/1244
f 696/459/1244 703/454/1251 704/460/1252
g pCube6
f 698/849/1245 697/847/1246 594/845/1143
f 594/845/1143 697/847/1246 593/843/1141
f 699/851/1247 698/849/1245 595/848/1145
f 595/848/1145 698/849/1245 594/845/1143
f 700/1260/1248 699/1258/1247 596/1256/1147
f 596/1256/1147 699/1258/1247 595/1254/1145
f 701/1262/1249 700/1260/1248 597/1261/1149
f 597/1261/1149 700/1260/1248 596/1256/1147
f 701/863/1249 597/861/1149 702/860/1250
f 702/860/1250 597/861/1149 598/858/1151
f 702/860/1250 598/858/1151 703/857/1251
f 703/857/1251 598/858/1151 599/853/1153
f 703/857/1251 599/853/1153 704/855/1252
f 704/855/1252 599/853/1153 600/852/1155
