# This file uses meters as units for non-parametric coordinates.

mtllib Cross.mtl
g default
v -2.038593 2.038595 1.019298
v 2.038593 2.038595 1.019298
v -2.038595 12.231567 1.019298
v 2.038595 12.231567 1.019298
v -2.038595 12.231567 -1.019298
v 2.038595 12.231567 -1.019298
v -2.038593 2.038595 -1.019298
v 2.038593 2.038595 -1.019298
v -2.038595 30.684570 1.019298
v 2.038595 30.684570 1.019298
v 2.038595 30.684570 -1.019298
v -2.038595 30.684570 -1.019298
v -2.038595 34.550446 1.019298
v 2.038595 34.550446 1.019298
v 2.038595 34.550446 -1.019298
v -2.038595 34.550446 -1.019298
v -2.038595 42.810486 1.019298
v 2.038595 42.810486 1.019298
v 2.038595 42.810486 -1.019298
v -2.038595 42.810486 -1.019298
v 10.192970 30.684570 1.019298
v 10.192970 30.684570 -1.019298
v 10.192970 34.550446 -1.019298
v 10.192970 34.550446 1.019298
v -10.192970 30.684570 1.019298
v -10.192970 30.684570 -1.019298
v -10.192970 34.550446 1.019298
v -10.192970 34.550446 -1.019298
v 6.115784 30.684570 1.019298
v 6.115784 34.550446 1.019298
v 6.115784 34.550446 -1.019298
v 6.115784 30.684570 -1.019298
v -6.115784 30.684570 1.019298
v -6.115784 30.684570 -1.019298
v -6.115784 34.550446 -1.019298
v -6.115784 34.550446 1.019298
v -2.038599 38.680450 1.019298
v -2.038599 38.680450 -1.019298
v 2.038595 38.680450 -1.019298
v 2.038595 38.680450 1.019298
v -1.649787 44.593872 1.019298
v 1.649787 44.593872 1.019298
v 1.649787 44.593872 -1.019298
v -1.649787 44.593872 -1.019298
v 11.727974 31.134888 1.019298
v 11.727974 31.134888 -1.019298
v 11.727974 34.100128 -1.019298
v 11.727974 34.100128 1.019298
v -11.739838 31.128387 1.019298
v -11.739838 31.128387 -1.019298
v -11.739838 34.106628 1.019298
v -11.739838 34.106628 -1.019298
v 6.657970 36.105347 1.019298
v 6.657970 36.105347 -1.019298
v 9.650787 36.105347 1.019298
v 9.650787 36.105347 -1.019298
v 6.657970 29.098022 -1.019298
v 6.657970 29.098022 1.019298
v 9.650787 29.098022 -1.019298
v 9.650787 29.098022 1.019298
v -6.626045 29.165375 1.019298
v -6.626045 29.165375 -1.019298
v -9.682709 29.165375 1.019298
v -9.682709 29.165375 -1.019298
v -6.626045 36.037994 -1.019298
v -6.626045 36.037994 1.019298
v -9.682709 36.037994 -1.019298
v -9.682709 36.037994 1.019298
v -3.549671 39.198486 1.019298
v -3.549671 39.198486 -1.019298
v -3.549671 42.292450 1.019298
v -3.549671 42.292450 -1.019298
v 3.549671 39.198486 -1.019298
v 3.549671 39.198486 1.019298
v 3.549671 42.292450 -1.019298
v 3.549671 42.292450 1.019298
v 0.000000 45.228699 -1.019298
v 0.000000 45.228699 1.019298
v -1.019298 45.007172 1.019298
v -1.019298 45.007172 -1.019298
v -1.960573 43.890991 -1.019298
v -1.960573 43.890991 1.019298
v 1.019298 45.007172 1.019298
v 1.960573 43.890991 1.019298
v 1.960573 43.890991 -1.019298
v 1.019298 45.007172 -1.019298
v 4.077190 40.745483 -1.019298
v 4.077190 40.745483 1.019298
v 3.057892 42.626923 -1.019298
v 3.895981 41.777985 -1.019298
v 3.895981 41.777985 1.019298
v 3.057892 42.626923 1.019298
v 3.895981 39.712952 1.019298
v 3.895981 39.712952 -1.019298
v 3.057892 38.864014 -1.019298
v 3.057892 38.864014 1.019298
v -4.077190 40.745483 -1.019298
v -4.077190 40.745483 1.019298
v -3.895981 41.777985 -1.019298
v -3.057892 42.626923 -1.019298
v -3.057892 42.626923 1.019298
v -3.895981 41.777985 1.019298
v -3.895981 39.712952 -1.019298
v -3.057892 38.864014 -1.019298
v -3.057892 38.864014 1.019298
v -3.895981 39.712952 1.019298
v 8.154381 36.589050 -1.019298
v 12.214478 32.617523 -1.019298
v 8.154381 28.645981 -1.019298
v 8.154381 36.589050 1.019298
v 12.214478 32.617523 1.019298
v 8.154381 28.645981 1.019298
v 7.135078 36.367493 1.019298
v 6.319641 35.569733 1.019298
v 6.319641 35.569733 -1.019298
v 7.135078 36.367493 -1.019298
v 9.173676 36.367493 1.019298
v 9.173676 36.367493 -1.019298
v 9.989113 35.569733 -1.019298
v 9.989113 35.569733 1.019298
v 11.203720 34.443054 -1.019298
v 12.078758 33.583984 -1.019298
v 12.078758 33.583984 1.019298
v 11.203720 34.443054 1.019298
v 11.203720 30.791962 -1.019298
v 11.203720 30.791962 1.019298
v 12.078758 31.651031 1.019298
v 12.078758 31.651031 -1.019298
v 9.173676 28.835876 -1.019298
v 9.989113 29.665283 -1.019298
v 9.989113 29.665283 1.019298
v 9.173676 28.835876 1.019298
v 6.319641 29.665283 -1.019298
v 6.319641 29.665283 1.019298
v 7.135078 28.835876 1.019298
v 7.135078 28.835876 -1.019298
v -8.154381 36.589050 -1.019298
v -8.154381 36.589050 1.019298
v -12.214478 32.617523 1.019298
v -8.154381 28.645981 1.019298
v -8.154381 28.645981 -1.019298
v -12.214478 32.617523 -1.019298
v -9.173676 36.367493 -1.019298
v -9.173676 36.367493 1.019298
v -9.966461 35.572174 1.019298
v -9.966461 35.572174 -1.019298
v -7.135078 36.367493 -1.019298
v -7.135078 36.367493 1.019298
v -6.342293 35.572174 1.019298
v -6.342293 35.572174 -1.019298
v -11.203720 34.443054 -1.019298
v -11.203720 34.443054 1.019298
v -12.078758 33.583984 1.019298
v -12.078758 33.583984 -1.019298
v -12.078758 31.651031 -1.019298
v -12.078758 31.651031 1.019298
v -11.203720 30.791962 1.019298
v -11.203720 30.791962 -1.019298
v -9.966461 29.662872 -1.019298
v -9.966461 29.662872 1.019298
v -9.173676 28.835876 1.019298
v -9.173676 28.835876 -1.019298
v -7.135078 28.835876 -1.019298
v -6.342293 29.662872 -1.019298
v -6.342293 29.662872 1.019298
v -7.135078 28.835876 1.019298
v -2.038595 6.115784 1.019298
v -2.038595 6.115784 -1.019298
v 2.038595 6.115784 -1.019298
v 2.038595 6.115784 1.019298
v 3.478313 2.569880 -1.019298
v 3.478313 2.569880 1.019298
v 3.478313 5.584499 -1.019298
v 3.478313 5.584499 1.019298
v -3.478313 2.569880 -1.019298
v -3.478313 2.569880 1.019298
v -3.478313 5.584499 1.019298
v -3.478313 5.584499 -1.019298
v -1.554164 0.473782 -1.019298
v 1.554164 0.473782 -1.019298
v 1.554164 0.473782 1.019298
v -1.554164 0.473782 1.019298
v -3.986584 4.077190 -1.019298
v 0.000000 0.000000 -1.019298
v 3.986584 4.077190 -1.019298
v 3.986584 4.077190 1.019298
v 0.000000 0.000000 1.019298
v -3.986584 4.077190 1.019298
v -2.989939 5.934574 1.019298
v -2.989939 5.934574 -1.019298
v -3.809402 5.096485 -1.019298
v -3.809402 5.096485 1.019298
v -3.809402 3.057892 -1.019298
v -2.989939 2.219803 -1.019298
v -2.989939 2.219803 1.019298
v -3.809402 3.057892 1.019298
v -1.880037 1.019298 1.019298
v -1.019298 0.154255 1.019298
v -1.019298 0.154255 -1.019298
v -1.880037 1.019298 -1.019298
v 1.880037 1.019298 1.019298
v 1.880037 1.019298 -1.019298
v 1.019298 0.154255 -1.019298
v 1.019298 0.154255 1.019298
v 3.809402 3.057892 -1.019298
v 2.989939 2.219803 -1.019298
v 2.989939 2.219803 1.019298
v 3.809402 3.057892 1.019298
v 2.989939 5.934574 -1.019298
v 3.809402 5.096485 -1.019298
v 3.809402 5.096485 1.019298
v 2.989939 5.934574 1.019298
v 10.192970 33.390686 1.019298
v 6.115784 33.390686 1.019298
v 2.038595 33.390686 1.019298
v -2.038595 33.390686 1.019298
v -6.115784 33.390686 1.019298
v -10.192970 33.390686 1.019298
v 11.728745 33.927612 1.019298
v 11.405876 33.390686 1.019298
v 10.192970 31.767029 1.019298
v 6.115784 31.767029 1.019298
v 2.038595 31.767029 1.019298
v -2.038595 31.767029 1.019298
v -6.115784 31.767029 1.019298
v -10.192970 31.767029 1.019298
v -11.405876 33.390686 1.019298
v -11.728745 33.927612 1.019298
v -0.815437 2.038595 1.019298
v -0.815438 6.115784 1.019298
v -0.815438 12.231567 1.019298
v -0.815438 30.684570 1.019298
v -0.815438 31.767029 1.019298
v -0.815438 33.390686 1.019298
v -0.815438 34.550446 1.019298
v -0.815438 38.680450 1.019298
v -0.815438 42.810486 1.019298
v -1.395808 44.560699 1.019298
v -0.815438 44.261414 1.019298
v 0.896982 42.810486 1.019298
v 0.896982 38.680450 1.019298
v 0.896982 34.550446 1.019298
v 0.896982 33.390686 1.019298
v 0.896982 31.767029 1.019298
v 0.896982 30.684570 1.019298
v 0.896982 12.231567 1.019298
v 0.896982 6.115784 1.019298
v 0.896982 2.038595 1.019298
v -0.815437 0.815438 1.019298
v -1.363593 0.500271 1.019298
v -2.038595 21.458069 1.019298
v -2.038595 21.458069 -1.019298
v 2.038595 21.458069 -1.019298
v 2.038595 21.458069 1.019298
v 0.896982 21.458069 1.019298
v -0.815438 21.458069 1.019298
v 5.300346 30.684570 1.019298
v 5.300346 31.767029 1.019298
v 5.300346 33.390686 1.019298
v 5.300346 34.550446 1.019298
v 5.300346 34.550446 -1.019298
v 5.300346 30.684570 -1.019298
v -5.300346 30.684570 1.019298
v -5.300346 30.684570 -1.019298
v -5.300346 34.550446 -1.019298
v -5.300346 34.550446 1.019298
v -5.300346 33.390686 1.019298
v -5.300346 31.767029 1.019298
v -2.038595 37.441467 1.019298
v -2.038595 37.441467 -1.019298
v 2.038595 37.441467 -1.019298
v 2.038595 37.441467 1.019298
v 0.896982 37.441467 1.019298
v -0.815438 37.441467 1.019298
v 5.300346 31.767029 0.619937
v 5.300346 33.390686 0.619937
v 2.038595 33.390686 0.619937
v 2.038595 31.767029 0.619937
v -0.815438 31.767029 0.619937
v -2.038595 31.767029 0.619937
v -0.815438 33.390686 0.619937
v -2.038595 33.390686 0.619937
v -5.300346 33.390686 0.619937
v -5.300346 31.767029 0.619937
v 0.896982 33.390686 0.619937
v 0.896982 31.767029 0.619937
v 0.896982 37.441467 0.619937
v -0.815438 37.441467 0.619937
v -0.815438 34.550446 0.619937
v 0.896982 34.550446 0.619937
v -0.815438 30.684570 0.619937
v 0.896982 30.684570 0.619937
v -0.815438 21.458069 0.619937
v 0.896982 21.458069 0.619937
v 6.523502 30.684570 1.019298
v 6.462727 32.088593 1.019298
v 6.428883 33.023987 1.019298
v 6.523502 34.550446 1.019298
v 7.053535 28.918808 1.019298
v 7.950516 28.849838 1.019298
v 9.826027 30.684570 1.019298
v 9.953674 32.214905 1.019298
v 9.919830 33.150299 1.019298
v 9.826027 34.550446 1.019298
v 7.950516 36.385162 1.019298
v 7.053535 36.287720 1.019298
v -11.816246 31.393311 1.019298
v -11.608025 32.037628 1.019298
v -11.042000 32.903595 1.019298
v -10.192970 34.202515 1.019298
v -6.115784 34.202515 1.019298
v -5.300346 34.202515 1.019298
v -2.038595 34.202515 1.019298
v -0.815438 34.202515 1.019298
v -0.815438 34.202515 0.619937
v 0.896982 34.202515 0.619937
v 0.896982 34.202515 1.019298
v 2.038595 34.202515 1.019298
v 5.300346 34.202515 1.019298
v 6.115784 34.202515 1.019298
v 6.867268 33.850983 1.019298
v 9.422821 33.943451 1.019298
v 10.192970 34.202515 1.019298
v 11.042007 32.903595 1.019298
v 11.608025 32.037628 1.019298
v 11.816246 31.393311 1.019298
v 11.518272 34.237305 -1.019298
v 11.518272 34.237305 1.019298
v 11.938751 33.721436 1.019298
v 11.891037 32.926788 1.019298
v 11.381615 32.384003 1.019298
v 10.192970 31.117554 1.019298
v 9.515289 31.387909 1.019298
v 6.959736 31.295441 1.019298
v 6.115784 31.117554 1.019298
v 5.300346 31.117554 1.019298
v 2.038595 31.117554 1.019298
v 0.896982 31.117554 1.019298
v 0.896982 31.117554 0.619937
v -0.815438 31.117554 0.619937
v -0.815438 31.117554 1.019298
v -2.038595 31.117554 1.019298
v -5.300346 31.117554 1.019298
v -6.115784 31.117554 1.019298
v -10.192970 31.117554 1.019298
v -11.381615 32.384003 1.019298
v -11.891037 32.926788 1.019298
v -11.938751 33.721436 1.019298
v -11.525391 34.241211 1.019298
v -11.525391 34.241211 -1.019298
v -9.785255 30.684570 1.019298
v -9.486916 31.395874 1.019298
v -9.922974 32.215607 1.019298
v -9.890739 33.143555 1.019298
v -9.398849 33.931091 1.019298
v -9.785255 34.550446 1.019298
v -9.252953 36.287964 1.019298
v -8.358238 36.385162 1.019298
v -6.482731 34.550446 1.019298
v -6.863636 33.843018 1.019298
v -6.427570 33.023285 1.019298
v -6.459805 32.095306 1.019298
v -6.951698 31.307800 1.019298
v -6.482731 30.684570 1.019298
v -8.358238 28.849838 1.019298
v -9.252953 28.918564 1.019298
v -9.529999 29.066528 -1.019298
v -9.529999 29.066528 1.019298
v -9.752411 29.439575 1.019298
v -9.642555 30.134155 1.019298
v -8.794495 30.684570 1.019298
v -8.699394 30.903992 1.019298
v -8.579102 34.367157 1.019298
v -8.794495 34.550446 1.019298
v -9.642555 35.100861 1.019298
v -9.752411 35.786926 1.019298
v -9.529999 36.136841 1.019298
v -9.529999 36.136841 -1.019298
v -8.256310 36.487091 1.019298
v -6.299255 34.550446 1.019298
v -6.299255 34.202515 1.019298
v -6.299255 33.390686 1.019298
v -6.299255 31.767029 1.019298
v -6.299255 31.117554 1.019298
v -6.299255 30.684570 1.019298
v -8.256310 28.747910 1.019298
v -9.213318 28.877213 1.019298
v -9.502678 29.179077 1.019298
v -9.000397 29.492004 1.019298
v -7.638611 30.684570 1.019298
v -7.771446 30.871735 1.019298
v -7.651146 34.334900 1.019298
v -7.638611 34.550446 1.019298
v -9.000397 35.743011 1.019298
v -9.502678 36.037445 1.019298
v -9.641205 35.961884 1.019298
v -9.824585 35.805084 1.019298
v -9.824585 35.805084 -1.019298
v -9.351837 36.252167 -1.019298
v 6.801102 29.019379 -1.019298
v 6.801102 29.019379 1.019298
v 6.539810 29.441345 1.019298
v 6.666203 30.134155 1.019298
v 7.514259 30.684570 1.019298
v 7.786736 30.857056 1.019298
v 7.660423 34.347992 1.019298
v 7.514259 34.550446 1.019298
v 6.666203 35.100861 1.019298
v 6.539810 35.785126 1.019298
v 6.801102 36.183990 1.019298
v 6.801102 36.183990 -1.019298
v 8.032059 36.466736 1.019298
v 9.972809 34.550446 1.019298
v 9.972809 34.202515 1.019298
v 9.972809 33.390686 1.019298
v 9.972809 31.767029 1.019298
v 9.972809 31.117554 1.019298
v 9.972809 30.684570 1.019298
v 8.032059 28.768295 1.019298
v 7.086155 28.885635 1.019298
v 6.848045 29.127808 1.019298
v 7.436790 29.363556 1.019298
v 8.901321 30.684570 1.019298
v 8.722130 30.890900 1.019298
v 8.595818 34.381836 1.019298
v 8.901321 34.550446 1.019298
v 7.436790 35.871460 1.019298
v 6.848045 36.086700 1.019298
v 6.696587 36.024445 1.019298
v 6.522636 35.891113 1.019298
v 6.522636 35.891113 -1.019298
v 6.934692 36.257385 -1.019298
v -2.038595 39.093475 1.019298
v -0.470695 38.984833 1.019298
v 0.507476 38.980469 1.019298
v 2.038595 39.093475 1.019298
v -3.812172 39.628082 1.019298
v -3.873329 40.538971 1.019298
v -2.038595 42.438782 1.019298
v -0.454472 42.635406 1.019298
v 0.523698 42.631042 1.019298
v 2.038595 42.438782 1.019298
v 3.873329 40.538971 1.019298
v 3.812172 39.628082 1.019298
v 1.277519 0.413768 1.019298
v 0.611578 0.611578 1.019298
v -0.301712 1.182384 1.019298
v -1.671647 2.038595 1.019298
v -1.671647 6.115784 1.019298
v -1.671647 12.231567 1.019298
v -1.671647 21.458069 1.019298
v -1.671647 30.684570 1.019298
v -1.671647 31.117554 1.019298
v -1.671647 31.767029 1.019298
v -1.671647 31.767029 0.619937
v -1.671647 33.390686 0.619937
v -1.671647 33.390686 1.019298
v -1.671647 34.202515 1.019298
v -1.671647 34.550446 1.019298
v -1.671647 37.441467 1.019298
v -1.671647 38.680450 1.019298
v -1.315641 39.477661 1.019298
v -1.303766 42.150085 1.019298
v -1.671647 42.810486 1.019298
v -0.301712 43.826141 1.019298
v 0.611578 44.503235 1.019298
v 1.301681 44.672302 1.019298
v -1.743023 44.382996 -1.019298
v -1.743023 44.382996 1.019298
v -1.132251 44.873230 1.019298
v -0.244631 44.938507 1.019298
v 0.337591 44.300110 1.019298
v 1.696111 42.810486 1.019298
v 1.368646 42.138214 1.019298
v 1.356770 39.465790 1.019298
v 1.696111 38.680450 1.019298
v 1.696111 37.441467 1.019298
v 1.696111 34.550446 1.019298
v 1.696111 34.202515 1.019298
v 1.696111 33.390686 1.019298
v 1.696111 33.390686 0.619937
v 1.696111 31.767029 0.619937
v 1.696111 31.767029 1.019298
v 1.696111 31.117554 1.019298
v 1.696111 30.684570 1.019298
v 1.696111 21.458069 1.019298
v 1.696111 12.231567 1.019298
v 1.696111 6.115784 1.019298
v 1.696111 2.038595 1.019298
v 0.337591 0.782820 1.019298
v -0.244631 0.244632 1.019298
v -1.122586 0.258059 1.019298
v -1.651926 0.637437 1.019298
v -1.651926 0.637437 -1.019298
v 3.792088 39.558624 -1.019298
v 3.792088 39.558624 1.019298
v 3.585888 39.398865 1.019298
v 3.322908 39.981415 1.019298
v 2.038595 41.435181 1.019298
v 1.853966 41.288910 1.019298
v -1.796616 41.305145 1.019298
v -2.038595 41.435181 1.019298
v -3.322908 39.981415 1.019298
v -3.585888 39.398865 1.019298
v -3.792088 39.558624 1.019298
v -3.792088 39.558624 -1.019298
v 3.057892 39.712952 -1.019298
v 3.476936 39.288483 -1.019298
v 3.670879 39.378571 -1.019298
v 3.670879 39.378571 1.019298
v 3.321890 39.131439 1.019298
v 2.680752 39.330933 1.019298
v 2.038595 40.264313 1.019298
v 1.849619 40.310730 1.019298
v -1.800962 40.326965 1.019298
v -2.038595 40.264313 1.019298
v -2.680752 39.330933 1.019298
v -3.321890 39.131439 1.019298
v -3.670879 39.378571 1.019298
v -3.670879 39.378571 -1.019298
v -3.476936 39.288483 -1.019298
v -3.057892 39.712952 -1.019298
v 7.602898 32.003418 0.713508
v 7.602997 33.226593 0.713508
v 6.428883 33.023987 0.713508
v 6.462727 32.088593 0.713508
v 7.660423 34.347992 0.713508
v 6.867268 33.850983 0.713508
v 7.786736 30.857056 0.713508
v 6.959736 31.295441 0.713508
v 8.722130 30.890900 0.713508
v 8.785110 32.003510 0.713508
v 8.785042 33.226624 0.713508
v 8.595818 34.381836 0.713508
v 9.515289 31.387909 0.713508
v 9.953674 32.214905 0.713508
v 9.919830 33.150299 0.713508
v 9.422821 33.943451 0.713508
v -9.890739 33.143555 0.713508
v -9.398849 33.931091 0.713508
v -8.743629 33.231781 0.713508
v -8.579102 34.367157 0.713508
v -9.922974 32.215607 0.713508
v -8.743462 31.996338 0.713508
v -9.486916 31.395874 0.713508
v -8.699394 30.903992 0.713508
v -7.771446 30.871735 0.713508
v -7.624443 31.996399 0.713508
v -7.624168 33.231415 0.713508
v -7.651146 34.334900 0.713508
v -6.951698 31.307800 0.713508
v -6.459805 32.095306 0.713508
v -6.427570 33.023285 0.713508
v -6.863636 33.843018 0.713508
v 0.689874 40.240509 0.713508
v -0.632425 40.240265 0.713508
v -0.470695 38.984833 0.713508
v 0.507476 38.980469 0.713508
v -1.800962 40.326965 0.713508
v -1.315641 39.477661 0.713508
v 1.849619 40.310730 0.713508
v 1.356770 39.465790 0.713508
v 1.853966 41.288910 0.713508
v 0.690452 41.391266 0.713508
v 1.368646 42.138214 0.713508
v 0.523698 42.631042 0.713508
v -0.454472 42.635406 0.713508
v -0.633090 41.391479 0.713508
v -1.796616 41.305145 0.713508
v -1.303766 42.150085 0.713508
vt 0.486958 0.115014
vt 0.528591 0.115532
vt 0.486694 0.136143
vt 0.528854 0.094403
vt 0.528328 0.136661
vt 0.487221 0.093885
vt 0.486545 0.148187
vt 0.529005 0.082359
vt 0.528178 0.148705
vt 0.487371 0.081841
vt 0.486392 0.160458
vt 0.529157 0.070087
vt 0.528026 0.160977
vt 0.487524 0.069569
vt 0.044217 0.124932
vt 0.085854 0.124932
vt 0.044217 0.313377
vt 0.085854 0.000021
vt 0.085854 0.313377
vt 0.044217 0.000021
vt 0.044217 0.501823
vt 0.085854 0.501823
vt 0.000000 0.124932
vt 0.041637 0.124932
vt 0.000000 0.313377
vt 0.041637 0.000021
vt 0.041637 0.313377
vt 0.000000 0.000021
vt 0.000000 0.501823
vt 0.041637 0.501823
vt 0.625172 0.045477
vt 0.666794 0.046590
vt 0.624639 0.065403
vt 0.667327 0.026663
vt 0.666262 0.066516
vt 0.625705 0.025551
vt 0.624299 0.078145
vt 0.667667 0.013922
vt 0.665921 0.079257
vt 0.626045 0.012809
vt 0.624162 0.083261
vt 0.668009 0.001131
vt 0.665784 0.084373
vt 0.626387 0.000019
vt 0.623957 0.090935
vt 0.665579 0.092047
vt 0.934003 0.045600
vt 0.975638 0.046079
vt 0.933774 0.065532
vt 0.975867 0.026147
vt 0.975408 0.066011
vt 0.934233 0.025668
vt 0.933628 0.078254
vt 0.976013 0.013425
vt 0.975262 0.078733
vt 0.934379 0.012946
vt 0.933568 0.083425
vt 0.976162 0.000499
vt 0.975202 0.083904
vt 0.934528 0.000020
vt 0.933479 0.091180
vt 0.975113 0.091659
vt 0.363565 0.071369
vt 0.405203 0.071369
vt 0.363565 0.130416
vt 0.405203 0.130416
vt 0.363565 0.155722
vt 0.405203 0.155722
vt 0.530609 0.070797
vt 0.572246 0.070797
vt 0.530609 0.129844
vt 0.572246 0.129844
vt 0.530609 0.155150
vt 0.572246 0.155150
vt 0.580745 0.046234
vt 0.622372 0.047140
vt 0.580279 0.067639
vt 0.622838 0.025734
vt 0.621907 0.068545
vt 0.581211 0.024828
vt 0.580004 0.080303
vt 0.622921 0.021935
vt 0.621631 0.081209
vt 0.581294 0.021029
vt 0.579740 0.092447
vt 0.623017 0.017503
vt 0.621367 0.093353
vt 0.581390 0.016597
vt 0.623114 0.013070
vt 0.581487 0.012164
vt 0.623378 0.000926
vt 0.581751 0.000020
vt 0.403822 0.022136
vt 0.445440 0.023410
vt 0.403341 0.037825
vt 0.446117 0.001295
vt 0.444959 0.039100
vt 0.404499 0.000020
vt 0.402870 0.053215
vt 0.444487 0.054490
vt 0.668463 0.155469
vt 0.710096 0.156067
vt 0.668396 0.160178
vt 0.710254 0.145081
vt 0.710028 0.160776
vt 0.668621 0.144483
vt 0.709807 0.176172
vt 0.710572 0.122957
vt 0.668174 0.175574
vt 0.668939 0.122359
vt 0.294904 0.041757
vt 0.294783 0.000120
vt 0.316135 0.041695
vt 0.316013 0.000058
vt 0.323899 0.041672
vt 0.323777 0.000035
vt 0.329074 0.041657
vt 0.328953 0.000020
vt 0.805740 0.041654
vt 0.806284 0.000020
vt 0.826969 0.041931
vt 0.827513 0.000297
vt 0.839907 0.042100
vt 0.840451 0.000466
vt 0.202280 0.000452
vt 0.201762 0.042086
vt 0.181051 0.000188
vt 0.180533 0.041822
vt 0.167562 0.000020
vt 0.167044 0.041654
vt 0.831013 0.157217
vt 0.829812 0.198837
vt 0.819320 0.156880
vt 0.851177 0.199453
vt 0.818119 0.198499
vt 0.852378 0.157834
vt 0.806941 0.156523
vt 0.805740 0.198142
vt 0.576504 0.158147
vt 0.576063 0.199782
vt 0.555131 0.157921
vt 0.554690 0.199555
vt 0.543434 0.157797
vt 0.542993 0.199431
vt 0.539719 0.157757
vt 0.539278 0.199392
vt 0.531050 0.157665
vt 0.530609 0.199300
vt 0.845880 0.046237
vt 0.887511 0.046990
vt 0.845493 0.067644
vt 0.887898 0.025582
vt 0.887123 0.068397
vt 0.846268 0.024829
vt 0.845264 0.080308
vt 0.887967 0.021783
vt 0.886894 0.081062
vt 0.846337 0.021030
vt 0.845044 0.092453
vt 0.888047 0.017351
vt 0.886674 0.093207
vt 0.846417 0.016598
vt 0.888127 0.012918
vt 0.846497 0.012165
vt 0.888347 0.000773
vt 0.846717 0.000019
vt 0.933894 0.175055
vt 0.933808 0.216692
vt 0.912663 0.175011
vt 0.912578 0.216648
vt 0.899173 0.174984
vt 0.899088 0.216621
vt 0.447087 0.202044
vt 0.447251 0.160408
vt 0.468462 0.202128
vt 0.468626 0.160492
vt 0.474032 0.202150
vt 0.474196 0.160514
vt 0.479602 0.202172
vt 0.479766 0.160536
vt 0.483317 0.202187
vt 0.483481 0.160550
vt 0.487652 0.202204
vt 0.491987 0.202221
vt 0.492151 0.160584
vt 0.953157 0.216585
vt 0.953131 0.174948
vt 0.974532 0.216572
vt 0.974506 0.174935
vt 0.985672 0.216565
vt 0.985646 0.174928
vt 0.998057 0.216557
vt 0.998031 0.174920
vt 0.203990 0.157823
vt 0.204030 0.199460
vt 0.182921 0.157844
vt 0.182962 0.199481
vt 0.169943 0.157856
vt 0.169983 0.199493
vt 0.157218 0.157869
vt 0.157258 0.199506
vt 0.135454 0.157934
vt 0.135207 0.199570
vt 0.114386 0.157809
vt 0.114138 0.199445
vt 0.105301 0.157755
vt 0.105053 0.199391
vt 0.101408 0.157732
vt 0.101160 0.199368
vt 0.088435 0.199292
vt 0.088683 0.157656
vt 0.890148 0.045460
vt 0.931777 0.046272
vt 0.889736 0.066586
vt 0.932189 0.025145
vt 0.931365 0.067398
vt 0.890560 0.024333
vt 0.889501 0.078629
vt 0.932424 0.013102
vt 0.931130 0.079441
vt 0.890795 0.012290
vt 0.889262 0.090899
vt 0.932663 0.000832
vt 0.930891 0.091711
vt 0.891034 0.000020
vt 0.415940 0.095824
vt 0.415940 0.128986
vt 0.407783 0.095824
vt 0.407783 0.128986
vt 0.466739 0.140763
vt 0.466739 0.107601
vt 0.474896 0.140763
vt 0.474896 0.107601
vt 0.800827 0.281020
vt 0.800827 0.221972
vt 0.808983 0.281020
vt 0.808983 0.221972
vt 0.800827 0.214866
vt 0.808983 0.214866
vt 0.808983 0.198285
vt 0.800827 0.198285
vt 0.818809 0.222256
vt 0.818809 0.281303
vt 0.810653 0.222256
vt 0.810653 0.281303
vt 0.818809 0.215150
vt 0.810653 0.215150
vt 0.810653 0.198569
vt 0.818809 0.198569
vt 0.145722 0.355148
vt 0.137565 0.355148
vt 0.145722 0.346305
vt 0.145722 0.368413
vt 0.137565 0.346305
vt 0.137565 0.368413
vt 0.137565 0.157859
vt 0.145722 0.157859
vt 0.155548 0.346305
vt 0.155548 0.355149
vt 0.147392 0.346305
vt 0.147391 0.355149
vt 0.147392 0.157859
vt 0.147391 0.368414
vt 0.155548 0.157859
vt 0.155548 0.368414
vt 0.000000 0.000021
vt 0.000000 0.000021
vt 0.000000 0.000021
vt 0.089688 0.237768
vt 0.089061 0.218660
vt 0.095930 0.237563
vt 0.095303 0.218456
vt 0.096556 0.256670
vt 0.088435 0.199553
vt 0.090314 0.256875
vt 0.094677 0.199349
vt 0.097182 0.275777
vt 0.090940 0.275982
vt 0.119977 0.093687
vt 0.120713 0.112790
vt 0.113736 0.093928
vt 0.114472 0.113031
vt 0.113000 0.074824
vt 0.121449 0.131893
vt 0.119241 0.074584
vt 0.115208 0.132134
vt 0.122185 0.150997
vt 0.115944 0.151237
vt 0.822412 0.255922
vt 0.821768 0.236969
vt 0.828654 0.255710
vt 0.828010 0.236756
vt 0.829299 0.274663
vt 0.821123 0.218016
vt 0.823057 0.274876
vt 0.827365 0.217803
vt 0.820479 0.199062
vt 0.826721 0.198850
vt 0.837191 0.218087
vt 0.837836 0.237041
vt 0.830949 0.218299
vt 0.831594 0.237253
vt 0.830305 0.199346
vt 0.838480 0.255994
vt 0.836547 0.199134
vt 0.832238 0.256206
vt 0.839125 0.274947
vt 0.832883 0.275159
vt 0.669592 0.081830
vt 0.668883 0.061864
vt 0.675833 0.081609
vt 0.675125 0.061642
vt 0.676542 0.101575
vt 0.668174 0.041898
vt 0.670301 0.101797
vt 0.674416 0.041676
vt 0.677251 0.121541
vt 0.671009 0.121763
vt 0.311989 0.236594
vt 0.312557 0.256564
vt 0.305746 0.236771
vt 0.306314 0.256742
vt 0.305177 0.216800
vt 0.313126 0.276535
vt 0.311420 0.216623
vt 0.306883 0.276712
vt 0.304609 0.196830
vt 0.310852 0.196652
vt 0.689502 0.041669
vt 0.689479 0.000032
vt 0.710807 0.041658
vt 0.668174 0.000044
vt 0.710783 0.000021
vt 0.668198 0.041681
vt 0.854870 0.216543
vt 0.854965 0.174906
vt 0.875926 0.216591
vt 0.876020 0.174954
vt 0.896981 0.216638
vt 0.897076 0.175002
vt 0.975116 0.174933
vt 0.933479 0.174933
vt 0.975116 0.108313
vt 0.933479 0.108313
vt 0.975116 0.091659
vt 0.933479 0.091659
vt 0.930899 0.174984
vt 0.889262 0.174984
vt 0.930899 0.108365
vt 0.889262 0.108365
vt 0.930899 0.091710
vt 0.889262 0.091710
vt 0.122826 0.074585
vt 0.164463 0.074585
vt 0.122826 0.141204
vt 0.164463 0.141204
vt 0.122826 0.157859
vt 0.164463 0.157859
vt 0.623957 0.092046
vt 0.665594 0.092046
vt 0.623957 0.158665
vt 0.665594 0.158665
vt 0.623957 0.175320
vt 0.665594 0.175320
vt 0.616470 0.147033
vt 0.574833 0.147008
vt 0.616483 0.125728
vt 0.616467 0.151703
vt 0.574846 0.125703
vt 0.574829 0.154791
vt 0.616496 0.104424
vt 0.616466 0.154816
vt 0.574859 0.104399
vt 0.574826 0.158127
vt 0.616502 0.093305
vt 0.616464 0.158152
vt 0.574865 0.093280
vt 0.886952 0.104338
vt 0.845315 0.104126
vt 0.887008 0.093219
vt 0.845208 0.125303
vt 0.845372 0.093008
vt 0.886844 0.125514
vt 0.845101 0.146479
vt 0.886737 0.146691
vt 0.845061 0.154262
vt 0.886698 0.154474
vt 0.845044 0.157598
vt 0.886681 0.157809
vt 0.579812 0.179309
vt 0.621449 0.179452
vt 0.579740 0.200486
vt 0.621522 0.158275
vt 0.621376 0.200628
vt 0.579885 0.158132
vt 0.319398 0.138190
vt 0.361035 0.138286
vt 0.319348 0.159494
vt 0.361084 0.116982
vt 0.360985 0.159591
vt 0.319447 0.116885
vt 0.977696 0.166657
vt 0.977743 0.125020
vt 0.998456 0.166681
vt 0.998503 0.125044
vt 0.088435 0.114645
vt 0.088481 0.073008
vt 0.109195 0.114668
vt 0.109242 0.073031
vt 0.998456 0.083360
vt 0.998503 0.124997
vt 0.977696 0.083383
vt 0.977743 0.125020
vt 0.109242 0.114673
vt 0.109195 0.156310
vt 0.088481 0.114650
vt 0.088435 0.156287
vt 0.355374 0.071375
vt 0.355240 0.113012
vt 0.334221 0.071307
vt 0.334087 0.112944
vt 0.407916 0.095824
vt 0.407783 0.054187
vt 0.429070 0.095756
vt 0.428936 0.054119
vt 0.977830 0.083378
vt 0.977696 0.041741
vt 0.998983 0.083310
vt 0.998850 0.041673
vt 0.998850 0.000021
vt 0.998983 0.041657
vt 0.977696 0.000088
vt 0.977830 0.041725
vt 0.496361 0.202592
vt 0.496218 0.160955
vt 0.516141 0.202524
vt 0.515998 0.160887
vt 0.624100 0.217025
vt 0.623957 0.175388
vt 0.643880 0.216957
vt 0.643737 0.175320
vt 0.692867 0.175998
vt 0.693010 0.217635
vt 0.673087 0.176066
vt 0.673230 0.217703
vt 0.668302 0.175645
vt 0.668445 0.217282
vt 0.648522 0.175713
vt 0.648665 0.217350
vt 0.705809 0.176139
vt 0.705809 0.242758
vt 0.697653 0.176139
vt 0.697653 0.242758
vt 0.705809 0.249753
vt 0.697653 0.249753
vt 0.697653 0.266075
vt 0.705809 0.266075
vt 0.294783 0.259083
vt 0.294783 0.192464
vt 0.302940 0.259083
vt 0.302940 0.192464
vt 0.294783 0.266078
vt 0.302940 0.266078
vt 0.302940 0.282400
vt 0.294783 0.282400
vt 0.938392 0.199915
vt 0.938392 0.192420
vt 0.946549 0.199915
vt 0.946549 0.192420
vt 0.946549 0.266534
vt 0.946549 0.174933
vt 0.938392 0.266534
vt 0.938392 0.174933
vt 0.520783 0.178464
vt 0.528940 0.178464
vt 0.520783 0.185958
vt 0.520783 0.160976
vt 0.528940 0.185958
vt 0.528940 0.160976
vt 0.528940 0.252578
vt 0.520783 0.252578
vt 0.455244 0.000021
vt 0.455244 0.034996
vt 0.447087 0.000021
vt 0.447087 0.034996
vt 0.476566 0.119532
vt 0.476566 0.084557
vt 0.484722 0.119532
vt 0.484722 0.084557
vt 0.294783 0.163089
vt 0.294829 0.143972
vt 0.301028 0.163104
vt 0.301075 0.143987
vt 0.294875 0.124855
vt 0.301121 0.124870
vt 0.536901 0.218525
vt 0.536855 0.237643
vt 0.530655 0.218510
vt 0.530609 0.237628
vt 0.530702 0.199393
vt 0.536947 0.199408
vt 0.183300 0.137009
vt 0.183485 0.155973
vt 0.177055 0.137070
vt 0.177240 0.156034
vt 0.176870 0.118107
vt 0.183115 0.118046
vt 0.476566 0.157458
vt 0.476749 0.138494
vt 0.482811 0.157518
vt 0.482994 0.138555
vt 0.476933 0.119531
vt 0.483178 0.119592
vt 0.835218 0.149673
vt 0.835431 0.129695
vt 0.841463 0.149739
vt 0.841676 0.129762
vt 0.835644 0.109718
vt 0.841889 0.109784
vt 0.173714 0.107965
vt 0.173502 0.127942
vt 0.167469 0.107898
vt 0.167256 0.127876
vt 0.173289 0.147920
vt 0.167044 0.147853
vt 0.719932 0.040912
vt 0.727426 0.041044
vt 0.718466 0.124174
vt 0.745350 0.016374
vt 0.725959 0.124306
vt 0.679419 0.081842
vt 0.755709 0.024052
vt 0.734270 0.009741
vt 0.743444 0.124613
vt 0.716266 0.249065
vt 0.699103 0.120131
vt 0.700439 0.044271
vt 0.744910 0.041352
vt 0.757212 0.004923
vt 0.723536 0.020154
vt 0.739278 0.004881
vt 0.741245 0.249505
vt 0.723760 0.249197
vt 0.682670 0.102721
vt 0.683403 0.061091
vt 0.779880 0.041968
vt 0.768908 0.016122
vt 0.728332 0.012438
vt 0.778414 0.125229
vt 0.776214 0.250121
vt 0.712948 0.437482
vt 0.689256 0.112806
vt 0.690340 0.051244
vt 0.762296 0.000015
vt 0.741425 0.002798
vt 0.730387 0.009131
vt 0.737926 0.437921
vt 0.720442 0.437614
vt 0.796199 0.042256
vt 0.794733 0.125517
vt 0.774565 0.012724
vt 0.792533 0.250408
vt 0.772896 0.438537
vt 0.709630 0.625898
vt 0.783056 0.003532
vt 0.789215 0.438825
vt 0.734608 0.626338
vt 0.717124 0.626030
vt 0.801727 0.125640
vt 0.803193 0.042379
vt 0.799527 0.250532
vt 0.788235 0.008924
vt 0.785897 0.627241
vt 0.709474 0.634740
vt 0.793863 0.010249
vt 0.796209 0.438948
vt 0.734453 0.635180
vt 0.769578 0.626954
vt 0.792891 0.627364
vt 0.716968 0.634872
vt 0.643021 0.624725
vt 0.842240 0.084710
vt 0.800322 0.021506
vt 0.785742 0.636083
vt 0.709241 0.648003
vt 0.642865 0.633567
vt 0.822556 0.046421
vt 0.821220 0.122281
vt 0.734219 0.648443
vt 0.769422 0.635796
vt 0.792735 0.636206
vt 0.716734 0.648135
vt 0.642632 0.646830
vt 0.626369 0.624432
vt 0.838989 0.063831
vt 0.838255 0.105461
vt 0.785508 0.649346
vt 0.792502 0.649469
vt 0.859344 0.637379
vt 0.625980 0.646537
vt 0.626213 0.633274
vt 0.832403 0.053746
vt 0.831319 0.115308
vt 0.769189 0.649059
vt 0.859500 0.628537
vt 0.625396 0.679694
vt 0.622622 0.624366
vt 0.859111 0.650642
vt 0.876152 0.628831
vt 0.622467 0.633208
vt 0.642048 0.679987
vt 0.622233 0.646471
vt 0.585472 0.582068
vt 0.875997 0.637673
vt 0.625104 0.696272
vt 0.621649 0.679628
vt 0.618876 0.624300
vt 0.583354 0.584113
vt 0.606219 0.586312
vt 0.875763 0.650936
vt 0.884478 0.628977
vt 0.618836 0.653117
vt 0.641756 0.696566
vt 0.619161 0.672079
vt 0.609074 0.636858
vt 0.564589 0.585580
vt 0.622111 0.603486
vt 0.858527 0.683800
vt 0.882732 0.657627
vt 0.893167 0.641609
vt 0.887591 0.617788
vt 0.708657 0.681160
vt 0.624978 0.703378
vt 0.621357 0.696206
vt 0.595271 0.623884
vt 0.581236 0.586158
vt 0.563765 0.586410
vt 0.616495 0.593224
vt 0.875179 0.684093
vt 0.881705 0.676717
vt 0.904711 0.629334
vt 0.880682 0.608089
vt 0.708365 0.697739
vt 0.641631 0.703671
vt 0.609961 0.688662
vt 0.592491 0.627658
vt 0.557230 0.590161
vt 0.858235 0.700378
vt 0.910213 0.632954
vt 0.903604 0.602329
vt 0.885259 0.603595
vt 0.708240 0.704844
vt 0.716150 0.681292
vt 0.621232 0.703312
vt 0.617485 0.703246
vt 0.571667 0.623468
vt 0.567891 0.599041
vt 0.562941 0.587240
vt 0.557747 0.592469
vt 0.874887 0.700671
vt 0.791626 0.699205
vt 0.933036 0.629832
vt 0.891666 0.597303
vt 0.887795 0.596626
vt 0.715858 0.697871
vt 0.582614 0.744275
vt 0.593880 0.702830
vt 0.573530 0.627983
vt 0.552553 0.597699
vt 0.874762 0.707776
vt 0.858110 0.707483
vt 0.791918 0.682626
vt 0.890360 0.693763
vt 0.929303 0.633981
vt 0.914280 0.592023
vt 0.895938 0.593109
vt 0.890746 0.595072
vt 0.715733 0.704976
vt 0.733343 0.698179
vt 0.580569 0.742156
vt 0.603509 0.740117
vt 0.593702 0.698424
vt 0.578524 0.740038
vt 0.557271 0.637745
vt 0.554546 0.611923
vt 0.554075 0.592124
vt 0.883088 0.707923
vt 0.791501 0.706310
vt 0.784632 0.699082
vt 0.945321 0.644416
vt 0.951920 0.630165
vt 0.733218 0.705284
vt 0.707200 0.763882
vt 0.733635 0.681600
vt 0.561879 0.739384
vt 0.619985 0.724161
vt 0.574740 0.698748
vt 0.565642 0.726693
vt 0.551434 0.623111
vt 0.548102 0.602181
vt 0.885804 0.719215
vt 0.784924 0.682503
vt 0.903321 0.708279
vt 0.915974 0.590387
vt 0.896616 0.592443
vt 0.732178 0.764322
vt 0.714694 0.764014
vt 0.614023 0.733571
vt 0.570276 0.702414
vt 0.560288 0.737731
vt 0.542952 0.631807
vt 0.543108 0.622965
vt 0.878559 0.728665
vt 0.784507 0.706187
vt 0.768605 0.682216
vt 0.906378 0.704198
vt 0.954762 0.639060
vt 0.954917 0.630218
vt 0.706754 0.789184
vt 0.558157 0.689548
vt 0.552759 0.713349
vt 0.555279 0.732525
vt 0.548071 0.654328
vt 0.901264 0.735228
vt 0.882977 0.733143
vt 0.768313 0.698794
vt 0.783467 0.765225
vt 0.925468 0.705225
vt 0.954528 0.652323
vt 0.918516 0.587933
vt 0.897632 0.591445
vt 0.731733 0.789623
vt 0.714248 0.789316
vt 0.554685 0.734545
vt 0.550043 0.702057
vt 0.542718 0.645070
vt 0.518223 0.657241
vt 0.931646 0.708778
vt 0.889163 0.739412
vt 0.882588 0.735301
vt 0.768188 0.705900
vt 0.790461 0.765348
vt 0.959413 0.630297
vt 0.959258 0.639139
vt 0.953976 0.661462
vt 0.766702 0.790239
vt 0.706606 0.797618
vt 0.541842 0.694806
vt 0.541717 0.701911
vt 0.550269 0.727320
vt 0.552477 0.730932
vt 0.542134 0.678227
vt 0.524971 0.667974
vt 0.513724 0.650086
vt 0.911570 0.745903
vt 0.893287 0.743591
vt 0.886093 0.738086
vt 0.790016 0.790650
vt 0.767148 0.764938
vt 0.942514 0.696570
vt 0.959024 0.652402
vt 0.953944 0.685480
vt 0.939263 0.592178
vt 0.721231 0.805724
vt 0.758640 0.796226
vt 0.693407 0.802236
vt 0.548395 0.673289
vt 0.545975 0.722857
vt 0.551602 0.732472
vt 0.517365 0.677790
vt 0.507625 0.668142
vt 0.522429 0.624794
vt 0.950530 0.709111
vt 0.888170 0.741382
vt 0.885275 0.739724
vt 0.783022 0.790527
vt 0.983076 0.665429
vt 0.975954 0.675917
vt 0.952949 0.680552
vt 0.955617 0.609408
vt 0.738663 0.795963
vt 0.775810 0.806442
vt 0.711015 0.822893
vt 0.706185 0.821528
vt 0.685873 0.792566
vt 0.548788 0.727664
vt 0.501131 0.661710
vt 0.509704 0.636854
vt 0.913206 0.747599
vt 0.894924 0.745249
vt 0.789867 0.799084
vt 0.953652 0.702058
vt 0.987824 0.658437
vt 0.958440 0.685559
vt 0.948912 0.597702
vt 0.705764 0.845438
vt 0.680386 0.797932
vt 0.510579 0.688639
vt 0.521115 0.699354
vt 0.503555 0.681496
vt 0.504250 0.642022
vt 0.511359 0.631471
vt 0.953527 0.709163
vt 0.802895 0.804164
vt 0.993284 0.676696
vt 0.980016 0.632853
vt 0.983209 0.685995
vt 0.958148 0.702137
vt 0.710752 0.842870
vt 0.680059 0.815289
vt 0.675710 0.799219
vt 0.506364 0.684353
vt 0.915660 0.750140
vt 0.785570 0.823874
vt 0.789446 0.822994
vt 0.810765 0.794765
vt 0.958023 0.709243
vt 1.000000 0.670497
vt 0.992308 0.645354
vt 0.705403 0.865933
vt 0.674898 0.803298
vt 0.673170 0.802853
vt 0.514619 0.695116
vt 0.510288 0.692291
vt 0.789025 0.846905
vt 0.816060 0.800321
vt 0.997576 0.650711
vt 0.996881 0.690184
vt 0.989610 0.697076
vt 0.990598 0.640045
vt 0.978703 0.707413
vt 0.720513 0.860302
vt 0.668619 0.826477
vt 0.670195 0.807898
vt 0.936555 0.745982
vt 0.785307 0.843851
vt 0.815775 0.817679
vt 0.820687 0.801772
vt 0.993972 0.692941
vt 0.712763 0.873656
vt 0.705269 0.873524
vt 0.670630 0.806486
vt 0.953494 0.729984
vt 0.788664 0.867400
vt 0.821355 0.805877
vt 0.823098 0.805493
vt 0.989532 0.700599
vt 0.985200 0.703324
vt 0.730247 0.873964
vt 0.664381 0.830621
vt 0.668453 0.809601
vt 0.946392 0.740801
vt 0.826815 0.829263
vt 0.775091 0.861021
vt 0.825893 0.810640
vt 0.737682 0.870518
vt 0.740373 0.894889
vt 0.729726 0.903594
vt 0.684520 0.869409
vt 0.788530 0.874990
vt 0.781536 0.874867
vt 0.825508 0.809214
vt 0.757659 0.870781
vt 0.765217 0.874580
vt 0.717766 0.909497
vt 0.667710 0.851771
vt 0.830904 0.833554
vt 0.827574 0.812403
vt 0.753258 0.904799
vt 0.741139 0.917626
vt 0.723036 0.915974
vt 0.706474 0.895617
vt 0.674597 0.862402
vt 0.809412 0.871608
vt 0.758780 0.909045
vt 0.710740 0.905743
vt 0.826832 0.854573
vt 0.772812 0.912746
vt 0.746030 0.923640
vt 0.725294 0.918750
vt 0.712568 0.910083
vt 0.819575 0.864955
vt 0.786548 0.897027
vt 0.766925 0.919483
vt 0.779949 0.911269
vt 0.293453 0.125109
vt 0.210180 0.124748
vt 0.293814 0.041836
vt 0.209639 0.249658
vt 0.210541 0.041475
vt 0.333420 0.083645
vt 0.292912 0.250019
vt 0.170575 0.082939
vt 0.252358 0.000019
vt 0.313229 0.045621
vt 0.312900 0.121492
vt 0.208822 0.438102
vt 0.190766 0.120963
vt 0.191095 0.045092
vt 0.231526 0.003079
vt 0.273163 0.003260
vt 0.329892 0.062811
vt 0.329711 0.104447
vt 0.292095 0.438463
vt 0.174103 0.103773
vt 0.174284 0.062136
vt 0.213870 0.020671
vt 0.290666 0.021003
vt 0.323172 0.052814
vt 0.322906 0.114386
vt 0.208005 0.626546
vt 0.180822 0.113770
vt 0.181089 0.052199
vt 0.220574 0.009558
vt 0.286041 0.013184
vt 0.291278 0.626907
vt 0.284059 0.009833
vt 0.207663 0.705503
vt 0.290936 0.705864
vt 0.141387 0.626257
vt 0.357555 0.706153
vt 0.207407 0.764550
vt 0.141044 0.705214
vt 0.357897 0.627195
vt 0.290680 0.764911
vt 0.124732 0.626185
vt 0.374210 0.706225
vt 0.207297 0.789855
vt 0.124390 0.705142
vt 0.374552 0.627268
vt 0.290571 0.790216
vt 0.041459 0.625824
vt 0.457483 0.706586
vt 0.206932 0.874208
vt 0.041116 0.704781
vt 0.083276 0.584368
vt 0.457825 0.627629
vt 0.415666 0.748042
vt 0.290205 0.874569
vt 0.186388 0.810853
vt 0.082573 0.746599
vt 0.000000 0.665124
vt 0.062441 0.588156
vt 0.104077 0.588336
vt 0.416369 0.585811
vt 0.498942 0.667287
vt 0.436504 0.743607
vt 0.394867 0.743427
vt 0.311298 0.811394
vt 0.248354 0.923778
vt 0.165478 0.831851
vt 0.186463 0.793514
vt 0.103411 0.742164
vt 0.061774 0.741983
vt 0.020482 0.702498
vt 0.020806 0.627928
vt 0.045713 0.605024
vt 0.120659 0.605349
vt 0.395534 0.589600
vt 0.437170 0.589780
vt 0.478459 0.629911
vt 0.478136 0.704482
vt 0.452766 0.727434
vt 0.378745 0.727113
vt 0.311373 0.794055
vt 0.332025 0.832573
vt 0.269192 0.919344
vt 0.227556 0.919164
vt 0.186130 0.870368
vt 0.177867 0.802146
vt 0.120136 0.725942
vt 0.045190 0.725617
vt 0.002686 0.684875
vt 0.002858 0.645396
vt 0.052673 0.593468
vt 0.110882 0.592114
vt 0.379269 0.606420
vt 0.453289 0.606741
vt 0.496255 0.647535
vt 0.496084 0.687014
vt 0.440153 0.741268
vt 0.384500 0.736652
vt 0.319894 0.802762
vt 0.311040 0.870910
vt 0.288516 0.896630
vt 0.208430 0.896283
vt 0.169088 0.852955
vt 0.169270 0.810779
vt 0.176389 0.800302
vt 0.115961 0.732488
vt 0.052052 0.736587
vt 0.014076 0.698268
vt 0.010068 0.634885
vt 0.113799 0.593733
vt 0.385108 0.596284
vt 0.444428 0.594523
vt 0.489379 0.636830
vt 0.484724 0.700388
vt 0.449848 0.732178
vt 0.321387 0.800930
vt 0.328415 0.811468
vt 0.328232 0.853645
vt 0.284029 0.906660
vt 0.214715 0.910666
vt 0.176115 0.863494
vt 0.171406 0.807636
vt 0.173898 0.803969
vt 0.107513 0.739933
vt 0.009805 0.695448
vt 0.447538 0.596555
vt 0.489116 0.697658
vt 0.443802 0.738928
vt 0.323847 0.804619
vt 0.326307 0.808307
vt 0.321113 0.864122
vt 0.282106 0.910959
vt 0.110248 0.738445
vt 0.446929 0.736923
vt 0.113178 0.736852
vt 0.551319 0.445188
vt 0.551413 0.478350
vt 0.484700 0.445377
vt 0.484794 0.478539
vt 0.477705 0.445397
vt 0.477799 0.478559
vt 0.461383 0.445443
vt 0.461477 0.478605
vt 0.426408 0.445542
vt 0.426502 0.478704
vt 0.426370 0.432277
vt 0.408921 0.445592
vt 0.426549 0.495285
vt 0.461345 0.432178
vt 0.409015 0.478754
vt 0.461524 0.495186
vt 0.461320 0.423335
vt 0.401520 0.478775
vt 0.461544 0.502292
vt 0.426345 0.423434
vt 0.401426 0.445613
vt 0.426569 0.502391
vt 0.425811 0.234989
vt 0.334807 0.445802
vt 0.426736 0.561439
vt 0.460786 0.234890
vt 0.334901 0.478964
vt 0.461711 0.561339
vt 0.347984 0.031417
vt 0.361254 0.052584
vt 0.329177 0.045259
vt 0.381711 0.039762
vt 0.338738 0.061814
vt 0.329174 0.026142
vt 0.368444 0.018595
vt 0.390967 0.061807
vt 0.355295 0.071370
vt 0.338731 0.009584
vt 0.400521 0.026132
vt 0.400524 0.045249
vt 0.374413 0.071367
vt 0.390960 0.009577
vt 0.355285 0.000023
vt 0.374403 0.000021
vt 0.506045 0.025925
vt 0.524961 0.039866
vt 0.506044 0.044889
vt 0.538332 0.018467
vt 0.515525 0.061313
vt 0.515528 0.009502
vt 0.544357 0.051973
vt 0.531952 0.000021
vt 0.557716 0.030577
vt 0.531949 0.070796
vt 0.550916 0.000022
vt 0.567339 0.009504
vt 0.576820 0.044892
vt 0.550913 0.070797
vt 0.576821 0.025928
vt 0.567337 0.061316
vt 0.139316 0.025771
vt 0.112309 0.025653
vt 0.135699 0.000021
vt 0.112196 0.049165
vt 0.115720 0.000025
vt 0.153003 0.010006
vt 0.139228 0.049275
vt 0.088439 0.047302
vt 0.098420 0.010018
vt 0.162996 0.027306
vt 0.115737 0.074587
vt 0.098433 0.064601
vt 0.088435 0.027323
vt 0.135716 0.074582
vt 0.163001 0.047285
vt 0.153015 0.064589
vn -0.000000 0.000000 1.000000
vn 0.000000 0.000000 1.000000
vn 0.000000 0.000000 1.000000
vn 0.000000 0.000000 1.000000
vn 0.000000 1.000000 0.000000
vn 0.000000 1.000000 0.000000
vn 0.359124 0.933290 0.000000
vn 0.359124 0.933290 0.000000
vn -0.000000 0.000000 -1.000000
vn 0.000000 0.000000 -1.000000
vn 0.000000 0.000000 -1.000000
vn 0.000000 0.000000 -1.000000
vn -0.291598 -0.956541 0.000000
vn -0.291598 -0.956541 0.000000
vn 0.000000 -1.000000 0.000000
vn 0.000000 -1.000000 0.000000
vn 1.000000 -0.000000 0.000000
vn 1.000000 0.000000 0.000000
vn 0.947577 0.319527 0.000000
vn 0.947577 0.319527 0.000000
vn -0.947577 0.319527 0.000000
vn -0.947577 0.319527 0.000000
vn -0.715007 0.699117 0.000000
vn -0.715007 0.699117 0.000000
vn 0.000000 0.000000 1.000000
vn 0.000000 0.000000 1.000000
vn 0.000000 0.000000 1.000000
vn 0.000000 0.000000 1.000000
vn 1.000000 0.000000 0.000000
vn 1.000000 0.000000 0.000000
vn 1.000000 0.000000 0.000000
vn 1.000000 0.000000 0.000000
vn 0.000000 0.000000 -1.000000
vn 0.000000 0.000000 -1.000000
vn 0.000000 0.000000 -1.000000
vn 0.000000 0.000000 -1.000000
vn -1.000000 0.000000 0.000000
vn -1.000000 0.000000 0.000000
vn -1.000000 0.000000 0.000000
vn -1.000000 0.000000 0.000000
vn 0.000000 0.000000 1.000000
vn 0.000000 0.000000 1.000000
vn 0.000000 0.000000 1.000000
vn 0.000000 0.000000 1.000000
vn 1.000000 -0.000000 0.000000
vn 1.000000 -0.000000 0.000000
vn 0.950153 0.311784 0.000000
vn 0.950153 0.311784 0.000000
vn 0.000000 0.000000 -1.000000
vn 0.000000 0.000000 -1.000000
vn 0.000000 0.000000 -1.000000
vn 0.000000 0.000000 -1.000000
vn -1.000000 -0.000000 0.000000
vn -1.000000 -0.000000 0.000000
vn -0.952772 0.303688 0.000000
vn -0.952772 0.303688 0.000000
vn 0.000000 0.000000 1.000000
vn 0.000000 0.000000 1.000000
vn 0.000000 0.000000 1.000000
vn 0.000000 0.000000 1.000000
vn 0.663298 0.748356 0.000000
vn 0.663298 0.748356 0.000000
vn 1.000000 0.000000 0.000000
vn 1.000000 0.000000 0.000000
vn 0.000000 0.000000 -1.000000
vn 0.000000 0.000000 -1.000000
vn -0.663298 0.748356 0.000000
vn -0.663298 0.748356 0.000000
vn -1.000000 -0.000001 0.000000
vn -1.000000 -0.000001 0.000000
vn 0.942819 -0.333305 0.000000
vn 0.942819 -0.333305 0.000000
vn 0.000000 -1.000000 0.000000
vn 0.000000 -1.000000 0.000000
vn 0.000000 0.000000 -1.000000
vn 0.000000 0.000000 -1.000000
vn 0.000000 1.000000 0.000000
vn 0.000000 1.000000 0.000000
vn 0.000000 0.000000 1.000000
vn 0.000000 0.000000 1.000000
vn 0.000000 0.000000 1.000000
vn 0.000000 0.000000 1.000000
vn -0.942819 -0.333305 0.000000
vn -0.942819 -0.333305 0.000000
vn 0.000000 -1.000000 0.000000
vn 0.000000 -1.000000 0.000000
vn 0.000000 0.000000 1.000000
vn 0.000000 0.000000 1.000000
vn 0.000000 1.000000 0.000000
vn 0.000000 1.000000 0.000000
vn 0.000000 0.000000 -1.000000
vn 0.000000 0.000000 -1.000000
vn 0.000000 0.000000 1.000000
vn 0.000000 0.000000 1.000000
vn 0.000000 0.000000 1.000000
vn 0.000000 0.000000 1.000000
vn -0.262398 0.964960 0.000000
vn -0.285192 0.958470 -0.000001
vn 0.000000 1.000000 0.000000
vn -0.000000 1.000000 0.000000
vn 0.000000 0.000000 -1.000000
vn 0.000000 0.000000 -1.000000
vn 0.000000 0.000000 -1.000000
vn 0.000000 0.000000 -1.000000
vn 0.289178 -0.957275 0.000000
vn 0.289179 -0.957275 0.000000
vn 0.713086 -0.701077 0.000000
vn 0.713087 -0.701076 0.000000
vn 0.000000 -1.000000 0.000000
vn 0.000000 -1.000000 0.000000
vn -0.292358 -0.956309 0.000000
vn -0.292358 -0.956309 0.000000
vn 0.000000 0.000000 -1.000000
vn 0.000000 0.000000 -1.000000
vn 0.000000 0.000000 -1.000000
vn 0.000000 0.000000 -1.000000
vn -0.000000 1.000000 0.000000
vn 0.000000 1.000000 0.000000
vn -0.312291 0.949987 0.000000
vn -0.277029 0.960862 0.000000
vn 0.000000 0.000000 1.000000
vn 0.000000 0.000000 1.000000
vn 0.000000 0.000000 1.000000
vn 0.000000 0.000000 1.000000
vn -0.946483 0.322753 0.000000
vn -0.946483 0.322753 0.000000
vn -0.711639 0.702545 0.000000
vn -0.711639 0.702545 0.000000
vn 0.000000 0.000000 -1.000000
vn 0.000000 0.000000 -1.000000
vn 0.000000 0.000000 -1.000000
vn 0.000000 0.000000 -1.000000
vn 1.000000 0.000000 0.000000
vn 1.000000 -0.000000 0.000000
vn 0.946483 0.322753 0.000000
vn 0.946483 0.322753 0.000000
vn -0.000000 0.000000 1.000000
vn 0.000000 0.000000 1.000000
vn 0.000000 0.000000 1.000000
vn 0.000000 0.000000 1.000000
vn 0.000000 0.000000 1.000000
vn -0.000000 0.000000 1.000000
vn -0.000001 0.000000 1.000000
vn 0.000000 0.000000 1.000000
vn 0.977049 0.213013 0.000000
vn 0.977049 0.213013 0.000000
vn 0.764461 0.644670 0.000000
vn 0.764461 0.644670 0.000000
vn -0.000000 0.000000 -1.000000
vn 0.000000 0.000000 -1.000000
vn 0.000000 0.000000 -1.000000
vn 0.000000 0.000000 -1.000000
vn -0.914585 0.404394 0.000000
vn -0.914585 0.404393 0.000000
vn -0.653104 0.757268 0.000000
vn -0.653105 0.757268 0.000000
vn 0.680072 -0.733146 0.000000
vn 0.680071 -0.733146 0.000000
vn 0.281502 -0.959561 0.000000
vn 0.281502 -0.959561 0.000000
vn 0.000000 0.000000 -1.000000
vn 0.000000 0.000000 -1.000000
vn 0.000000 0.000000 -1.000000
vn 0.680072 0.733146 0.000000
vn 0.680071 0.733146 0.000000
vn 0.229947 0.973203 0.000000
vn 0.229948 0.973203 0.000000
vn 0.000000 0.000000 1.000000
vn 0.000000 0.000000 1.000000
vn 0.000000 0.000000 1.000000
vn -0.000000 0.000000 1.000000
vn -0.674080 -0.738658 0.000000
vn -0.674080 -0.738658 0.000000
vn -0.275787 -0.961219 0.000000
vn -0.275787 -0.961219 0.000000
vn 0.000000 0.000000 1.000000
vn -0.000000 0.000000 1.000000
vn -0.000000 0.000000 1.000000
vn 0.000000 0.000000 1.000000
vn -0.674090 0.738649 0.000000
vn -0.674090 0.738649 0.000000
vn -0.226076 0.974110 0.000000
vn -0.226076 0.974110 0.000000
vn -0.000000 0.000000 -1.000000
vn -0.000000 0.000000 -1.000000
vn -0.000000 0.000000 -1.000000
vn -0.980581 0.196116 0.000000
vn -0.980581 0.196116 0.000000
vn -0.956908 0.290393 0.000000
vn -0.956907 0.290393 0.000000
vn 0.000000 0.000000 1.000000
vn -0.000000 0.000000 1.000000
vn -0.000000 0.000000 1.000000
vn -0.000000 0.000000 1.000000
vn 0.944243 0.329251 0.000000
vn 0.944243 0.329250 0.000000
vn -0.000000 0.000000 -1.000000
vn -0.000000 0.000000 -1.000000
vn -0.000000 0.000000 -1.000000
vn -0.000000 0.000000 -1.000000
vn -0.980581 -0.196116 0.000000
vn -0.980581 -0.196116 0.000000
vn -0.946270 -0.323378 0.000000
vn -0.946270 -0.323378 0.000000
vn 0.000000 0.000000 -1.000000
vn -0.000000 0.000000 -1.000000
vn 0.000000 0.000000 -1.000000
vn 0.946271 -0.323376 0.000000
vn 0.946271 -0.323376 0.000000
vn 0.000000 0.000000 1.000000
vn -0.000000 0.000000 1.000000
vn 0.000000 0.000000 1.000000
vn 0.947958 -0.318396 0.000000
vn 0.947958 -0.318397 0.000000
vn 0.721880 -0.692018 0.000000
vn 0.721880 -0.692019 0.000000
vn -0.000000 0.000000 1.000000
vn 0.000000 0.000000 1.000000
vn 0.000000 0.000000 1.000000
vn 0.000000 0.000000 1.000000
vn -0.947958 -0.318397 0.000000
vn -0.947958 -0.318396 0.000000
vn -0.000000 0.000000 -1.000000
vn 0.000000 0.000000 -1.000000
vn -0.000000 0.000000 -1.000000
vn 0.945898 0.324463 0.000000
vn 0.945898 0.324464 0.000000
vn 0.708234 0.705978 0.000000
vn 0.708233 0.705978 0.000000
vn -0.000000 0.000000 -1.000000
vn -0.000000 0.000000 -1.000000
vn -0.000000 0.000000 -1.000000
vn 0.000001 0.000000 -1.000000
vn -0.959495 0.281725 0.000000
vn -0.959495 0.281727 0.000000
vn -0.854029 0.520225 0.000000
vn -0.854028 0.520228 0.000000
vn 0.000000 0.000000 1.000000
vn 0.000000 0.000000 1.000000
vn -0.000000 0.000000 1.000000
vn -0.177238 -0.984168 0.000000
vn -0.177238 -0.984168 0.000000
vn -0.324299 -0.945955 0.000000
vn -0.324299 -0.945955 0.000000
vn -0.000000 0.000000 1.000000
vn -0.000000 0.000000 1.000000
vn 0.000000 0.000000 1.000000
vn 0.000000 0.000000 1.000000
vn -0.324298 0.945955 0.000000
vn -0.324298 0.945955 0.000000
vn 0.000000 0.000000 -1.000000
vn 0.000000 0.000000 -1.000000
vn 0.000000 0.000000 -1.000000
vn 0.000000 0.000000 -1.000000
vn 0.177237 -0.984168 0.000000
vn 0.177237 -0.984168 0.000000
vn 0.324298 -0.945955 0.000000
vn 0.324298 -0.945955 0.000000
vn 0.000000 0.000000 -1.000000
vn 0.000000 0.000000 -1.000000
vn 0.000000 0.000000 -1.000000
vn 0.000000 0.000000 -1.000000
vn 0.755159 0.655542 0.000000
vn 0.755159 0.655542 0.000000
vn 0.324298 0.945955 0.000000
vn 0.324298 0.945955 0.000000
vn 0.000000 0.000000 1.000000
vn -0.000000 0.000000 1.000000
vn -0.000000 0.000000 1.000000
vn 0.000000 0.000000 1.000000
vn -0.359124 0.933290 0.000000
vn -0.359124 0.933290 0.000000
vn 0.000000 0.000000 1.000000
vn 0.000000 0.000000 1.000000
vn 0.000000 0.000000 1.000000
vn -0.000000 0.000000 1.000000
vn 0.000000 0.000000 1.000000
vn -0.000000 0.000000 1.000000
vn 0.000000 0.000000 -1.000000
vn 0.000000 0.000000 -1.000000
vn -0.000000 0.000000 -1.000000
vn 0.000000 0.000000 -1.000000
vn -0.000000 0.000000 -1.000000
vn 0.000000 0.000000 -1.000000
vn -0.755159 0.655542 0.000000
vn -0.755159 0.655542 0.000000
vn -0.982790 0.184727 0.000000
vn -0.982790 0.184727 0.000000
vn -0.000001 0.000000 1.000000
vn -0.000000 0.000000 1.000000
vn 0.000000 0.000000 -1.000000
vn 0.000000 0.000000 -1.000000
vn -0.000000 0.000000 -1.000000
vn -0.000000 0.000000 -1.000000
vn 0.000000 0.000000 1.000000
vn -0.000000 0.000000 1.000000
vn -0.000000 0.000000 1.000000
vn 0.000000 0.000000 1.000000
vn 0.972340 -0.233571 0.000000
vn 0.972340 -0.233572 0.000000
vn 0.000000 0.000000 -1.000000
vn 0.711639 0.702545 0.000000
vn 0.711639 0.702545 0.000000
vn 0.000000 0.000000 1.000000
vn 0.642934 -0.765922 0.000000
vn 0.642934 -0.765922 0.000000
vn 0.829571 -0.558402 0.000000
vn 0.829571 -0.558402 0.000000
vn 0.000000 0.000000 -1.000000
vn -0.000001 0.000000 -1.000000
vn 0.000000 0.000000 1.000000
vn -0.000000 0.000000 1.000000
vn -0.000000 0.000000 1.000000
vn -0.000000 0.000000 1.000000
vn -0.000000 0.000000 -1.000000
vn 0.000000 0.000000 -1.000000
vn 0.000000 0.000000 -1.000000
vn 0.000000 0.000000 -1.000000
vn -0.000000 0.000000 -1.000000
vn -0.000000 0.000000 -1.000000
vn 0.000000 0.000000 1.000000
vn 0.000000 0.000000 1.000000
vn 0.000000 0.000000 1.000000
vn 0.000000 0.000000 1.000000
vn 0.000000 0.000000 1.000000
vn 0.000000 0.000000 1.000000
vn 0.000000 0.000000 1.000000
vn -0.642934 -0.765922 0.000000
vn -0.642934 -0.765922 0.000000
vn -0.829571 -0.558402 0.000000
vn -0.829571 -0.558402 0.000000
vn 0.000000 0.000000 -1.000000
vn -1.000000 0.000000 0.000000
vn -1.000000 -0.000000 0.000000
vn 0.000000 0.000000 1.000000
vn 0.000000 0.000000 1.000000
vn -0.972340 -0.233571 0.000000
vn -0.972340 -0.233572 0.000000
vn 0.000000 0.000000 -1.000000
vn 0.000000 0.000000 -1.000000
vn 0.000000 0.000000 -1.000000
vn -0.000000 0.000000 -1.000000
vn 0.000000 0.000000 -1.000000
vn -0.000000 0.000000 -1.000000
vn 0.000000 0.000000 -1.000000
vn -0.000000 0.000000 -1.000000
vn 0.000000 0.000000 -1.000000
vn 0.000000 0.000000 -1.000000
vn 0.000000 0.000000 -1.000000
vn 0.000000 0.000000 -1.000000
vn -0.000000 0.000000 1.000000
vn 0.000000 0.000000 1.000000
vn 0.000000 0.000000 1.000000
vn 0.000000 0.000000 1.000000
vn 0.000000 0.000000 1.000000
vn -0.000000 0.000000 1.000000
vn -0.000000 0.000000 1.000000
vn 0.000000 0.000000 1.000000
vn -0.000000 0.000000 1.000000
vn -0.000000 0.000000 1.000000
vn -0.000000 0.000000 1.000000
vn -0.000000 0.000000 1.000000
vn 0.000000 0.000000 1.000000
vn 0.000000 0.000000 1.000000
vn -0.000000 0.000000 1.000000
vn 0.000000 0.000000 1.000000
vn 0.307574 0.951524 0.000000
vn 0.307574 0.951524 0.000000
vn 0.950155 -0.311778 0.000000
vn 0.950155 -0.311778 0.000000
vn -0.265982 -0.963978 0.000000
vn -0.265982 -0.963978 0.000000
vn 0.000000 -1.000000 0.000000
vn 0.000000 -1.000000 0.000000
vn 0.000000 0.000000 1.000000
vn 0.000000 0.000000 1.000000
vn -0.845456 0.534046 0.000000
vn -0.845456 0.534046 0.000000
vn -0.000001 0.000000 -1.000000
vn -0.000000 0.000000 -1.000000
vn -0.724713 0.689051 0.000000
vn -0.724713 0.689051 0.000000
vn -0.481534 0.876428 0.000000
vn -0.481546 0.876421 -0.000003
vn 0.699316 0.714813 0.000000
vn 0.699317 0.714812 0.000000
vn 0.000000 0.000000 -1.000000
vn 0.000000 0.000000 1.000000
vn 0.000000 0.000000 -1.000000
vn 0.000000 0.000000 -1.000000
vn 0.758971 0.651124 0.000000
vn 0.758971 0.651125 0.000000
vn -0.000001 0.000000 1.000000
vn 0.000001 0.000000 1.000000
vn 0.547410 0.836864 0.000000
vn 0.547411 0.836864 0.000000
vn 0.700566 -0.713588 0.000000
vn 0.700565 -0.713588 0.000000
vn 0.000000 0.000000 1.000000
vn 0.000000 0.000000 1.000000
vn -0.000000 0.000000 -1.000000
vn 0.000000 0.000000 1.000000
vn -0.000000 0.000000 1.000000
vn -0.801765 -0.597639 0.000000
vn -0.801765 -0.597640 0.000000
vn -0.000000 0.000000 1.000000
vn -0.000001 0.000000 1.000000
vn -0.481547 -0.876420 0.000000
vn -0.481547 -0.876420 0.000000
vn 0.000000 0.000000 -1.000000
vn 0.000000 0.000000 -1.000000
vn 0.000000 0.000000 -1.000000
vn -0.000000 0.000000 -1.000000
vn -0.000000 0.000000 -1.000000
vn 0.000000 0.000000 -1.000000
vn 0.000000 0.000000 -1.000000
vn -0.000000 0.000000 -1.000000
vn 0.000000 0.000000 1.000000
vn 0.000000 0.000000 1.000000
vn -0.000000 0.000000 1.000000
vn -0.000000 0.000000 1.000000
vn -0.000000 0.000000 1.000000
vn 0.000000 0.000000 1.000000
vn 0.000000 0.000000 1.000000
vn 0.000000 0.000000 1.000000
vn -0.000000 0.000000 1.000000
vn -0.000001 0.000000 1.000000
vn -0.000001 0.000000 1.000000
vn 0.000000 0.000000 1.000000
vn -0.000000 0.000000 1.000000
vn 0.000000 0.000000 1.000000
vn -0.000000 0.000000 1.000000
vn 0.000000 0.000000 1.000000
vn 0.339186 0.940720 0.000000
vn 0.339185 0.940720 0.000000
vn 0.000000 0.000000 -1.000000
vn 0.000000 0.000000 -1.000000
vn 0.000000 0.000000 -1.000000
vn -0.000000 0.000000 -1.000000
vn -0.000000 0.000000 -1.000000
vn -0.000000 0.000000 -1.000000
vn -0.000000 0.000000 -1.000000
vn 0.000000 0.000000 -1.000000
vn -0.000000 0.000000 -1.000000
vn -0.952773 -0.303682 0.000000
vn -0.952773 -0.303682 0.000000
vn 0.321769 -0.946818 0.000000
vn 0.321769 -0.946818 0.000000
vn -0.543395 0.839477 0.000000
vn -0.543392 0.839479 0.000000
vn -0.747756 0.663974 0.000000
vn -0.747756 0.663974 0.000000
vn -0.000000 0.000000 1.000000
vn -0.000000 0.000000 1.000000
vn -0.000001 0.000000 1.000000
vn -0.000000 0.000000 1.000000
vn 0.976297 0.216437 0.000000
vn 0.976297 0.216437 0.000000
vn -0.531534 0.847037 0.000000
vn -0.531535 0.847037 0.000000
vn -0.764960 0.644077 0.000000
vn -0.764960 0.644077 0.000000
vn 0.000001 0.000000 1.000000
vn 0.000001 0.000000 1.000000
vn 0.000001 0.000000 -1.000000
vn 0.000000 0.000000 -1.000000
vn -0.700566 -0.713588 0.000000
vn -0.700565 -0.713588 0.000000
vn -0.000000 0.000000 1.000000
vn -0.000000 0.000000 1.000000
vn 0.000000 0.000000 -1.000000
vn -0.806957 -0.590610 0.000000
vn -0.806958 -0.590608 0.000000
vn 0.000000 0.000000 1.000000
vn 0.000000 0.000000 1.000000
vn 0.000000 0.000000 1.000000
vn 0.000000 0.000000 1.000000
vn -0.543395 -0.839477 0.000000
vn -0.543394 -0.839478 0.000000
vn 0.000000 0.000000 -1.000000
vn 0.000000 0.000000 -1.000000
vn 0.976295 -0.216443 0.000000
vn 0.976295 -0.216444 0.000000
vn -0.988779 0.149384 0.000000
vn -0.988779 0.149384 0.000000
vn 0.988779 0.149384 0.000000
vn 0.988779 0.149384 0.000000
vn 0.734272 -0.678855 0.000000
vn 0.734272 -0.678855 0.000000
vn 0.346199 -0.938161 0.000000
vn 0.346199 -0.938161 0.000000
vn 0.000000 0.000000 -1.000000
vn 0.000000 0.000000 -1.000000
vn 0.000000 0.000000 -1.000000
vn 0.346200 0.938161 0.000000
vn 0.346200 0.938161 0.000000
vn 0.000000 0.000000 1.000000
vn 0.000000 0.000000 1.000000
vn 0.000000 0.000000 1.000000
vn 0.000000 0.000000 1.000000
vn -0.346199 -0.938161 0.000000
vn -0.346199 -0.938161 0.000000
vn -0.715007 -0.699117 0.000000
vn -0.715007 -0.699117 0.000000
vn -0.000000 0.000000 1.000000
vn 0.000000 0.000000 1.000000
vn 0.000000 0.000000 1.000000
vn -0.346200 0.938161 0.000000
vn -0.346200 0.938161 0.000000
vn -0.000000 0.000000 -1.000000
vn -0.000000 0.000000 -1.000000
vn -0.000000 0.000000 -1.000000
vn 0.000000 0.000000 -1.000000
vn 0.000000 0.000000 -1.000000
vn 0.000000 0.000000 -1.000000
vn 0.955272 -0.295730 0.000000
vn 0.955272 -0.295730 0.000000
vn 0.000000 0.000000 1.000000
vn 0.000000 0.000000 1.000000
vn 0.000000 0.000000 1.000000
vn 0.000000 0.000000 1.000000
vn -0.734272 -0.678856 0.000000
vn -0.734272 -0.678855 0.000000
vn -0.963968 -0.266019 0.000000
vn -0.963968 -0.266019 0.000000
vn 0.000000 0.000000 -1.000000
vn 0.000000 0.000000 -1.000000
vn 0.000000 0.000000 -1.000000
vn -0.000000 0.000000 -1.000000
vn 0.000000 0.000000 -1.000000
vn 0.000000 0.000000 -1.000000
vn 0.000000 0.000000 -1.000000
vn 0.000000 0.000000 -1.000000
vn 0.000000 0.000000 1.000000
vn 0.000000 0.000000 1.000000
vn 0.000000 0.000000 1.000000
vn 0.000000 0.000000 1.000000
vn 0.000000 0.000000 1.000000
vn 0.000000 0.000000 1.000000
vn 0.000000 0.000000 1.000000
vn -0.000000 0.000000 1.000000
vn -0.000000 0.000000 1.000000
vn -0.000000 0.000000 1.000000
vn -0.000000 0.000000 1.000000
vn 0.947577 -0.319526 0.000000
vn 0.947578 -0.319526 0.000000
vn 0.291599 -0.956541 0.000000
vn 0.291598 -0.956541 0.000000
vn -0.947577 -0.319526 0.000000
vn -0.947578 -0.319526 0.000000
vn -1.000000 -0.000000 0.000000
vn -1.000000 0.000000 0.000000
vn 0.000000 0.000000 1.000000
vn 0.000000 0.000000 1.000000
vn -0.606980 -0.794717 0.000000
vn -0.606980 -0.794717 0.000000
vn 0.000000 0.000000 -1.000000
vn 0.000000 0.000000 -1.000000
vn -0.858488 -0.512833 0.000000
vn -0.858488 -0.512833 0.000000
vn 0.708868 -0.705341 0.000000
vn 0.708868 -0.705341 0.000000
vn 0.000000 0.000000 -1.000000
vn 0.000000 0.000000 1.000000
vn 0.000000 0.000000 1.000000
vn 0.000000 0.000000 -1.000000
vn 0.715007 -0.699117 0.000000
vn 0.715007 -0.699117 0.000000
vn 0.000000 0.000000 1.000000
vn 0.000000 0.000000 -1.000000
vn 0.715007 0.699117 0.000000
vn 0.715007 0.699117 0.000000
vn 0.000000 0.000000 1.000000
vn 0.000000 0.000000 1.000000
vn 0.000000 0.000000 1.000000
vn 0.000000 0.000000 1.000000
vn -0.000000 0.000000 1.000000
vn 0.000000 0.000000 1.000000
vn 0.000000 0.000000 1.000000
vn 0.000000 0.000000 1.000000
vn 0.000000 0.000000 1.000000
vn 0.000000 0.000000 1.000000
vn 0.000000 0.000000 1.000000
vn 0.000000 0.000000 1.000000
vn 0.000000 0.000000 1.000000
vn -0.000000 0.000000 1.000000
vn 0.000000 0.000000 1.000000
vn -0.000000 0.000000 1.000000
vn 0.000000 0.000000 1.000000
vn 0.000000 0.000000 1.000000
vn 0.000000 0.000000 1.000000
vn 0.000000 0.000000 1.000000
vn 0.000000 0.000000 1.000000
vn 0.000000 0.000000 1.000000
vn -0.000000 0.000000 1.000000
vn -0.000000 0.000000 1.000000
vn 0.000000 0.000000 1.000000
vn 0.000000 0.000000 1.000000
vn 0.000000 0.000000 1.000000
vn 0.000000 0.000000 1.000000
vn 0.000000 0.000000 1.000000
vn 0.000000 0.000000 1.000000
vn 0.000000 0.000000 1.000000
vn 0.000000 0.000000 1.000000
vn 0.000000 0.000000 1.000000
vn 0.000000 0.000000 1.000000
vn 0.000000 0.000000 1.000000
vn 0.000000 0.000000 1.000000
vn 0.000000 0.000000 1.000000
vn 0.000000 0.000000 1.000000
vn 0.000000 0.000000 1.000000
vn 0.000000 0.000000 1.000000
vn 0.000000 0.000000 1.000000
vn -0.000000 0.000000 1.000000
vn -0.000000 0.000000 1.000000
vn -0.000000 0.000000 1.000000
vn 0.000000 0.000000 1.000000
vn -0.000000 0.000000 1.000000
vn -0.000000 0.000000 1.000000
vn 0.000000 0.000000 1.000000
vn 0.000000 0.000000 1.000000
vn 0.000000 0.000000 1.000000
vn 0.000000 0.000000 1.000000
vn 0.000000 0.000000 1.000000
vn 0.000000 0.000000 1.000000
vn 0.000000 0.000000 1.000000
vn 0.000000 0.000000 1.000000
vn 0.000000 0.000000 1.000000
vn 0.000000 0.000000 1.000000
vn 0.000000 0.000000 1.000000
vn 0.000000 0.000000 1.000000
vn 0.000000 0.000000 1.000000
vn 0.000000 0.000000 1.000000
vn 0.000000 0.000000 1.000000
vn 0.000000 0.000000 1.000000
vn 0.000000 0.000000 1.000000
vn 0.000000 0.000000 1.000000
vn 0.000000 0.000000 1.000000
vn -0.000000 0.000000 1.000000
vn 0.000000 0.000000 1.000000
vn -0.000000 0.000000 1.000000
vn 0.000000 0.000000 1.000000
vn 0.000000 0.000000 1.000000
vn 0.000000 0.000000 1.000000
vn -0.000000 0.000000 1.000000
vn -0.000000 0.000000 1.000000
vn -0.000000 0.000000 1.000000
vn 0.000000 0.000000 1.000000
vn 0.000000 0.000000 1.000000
vn 0.000000 0.000000 1.000000
vn 0.000000 0.000000 1.000000
vn 0.000000 0.000000 1.000000
vn 0.000000 0.000000 1.000000
vn 0.000000 0.000000 1.000000
vn 0.000000 0.000000 1.000000
vn 0.000000 0.000000 1.000000
vn 0.000000 0.000000 1.000000
vn 0.000000 0.000000 1.000000
vn 0.000000 0.000000 1.000000
vn 0.000000 0.000000 1.000000
vn 0.000000 0.000000 1.000000
vn 0.000000 0.000000 1.000000
vn 0.000000 0.000000 1.000000
vn 0.000000 0.000000 1.000000
vn 0.000000 0.000000 1.000000
vn 0.000000 0.000000 1.000000
vn 0.000000 0.000000 1.000000
vn 0.000000 0.000000 1.000000
vn 0.000000 0.000000 1.000000
vn 0.000000 0.000000 1.000000
vn 0.000000 0.000000 1.000000
vn 0.000000 0.000000 1.000000
vn 0.000000 0.000000 1.000000
vn 0.000000 0.000000 1.000000
vn 0.000000 0.000000 1.000000
vn 0.000000 0.000000 1.000000
vn 0.000000 0.000000 1.000000
vn 0.000000 1.000000 0.000000
vn 0.000000 1.000000 0.000000
vn 0.000000 -1.000000 0.000000
vn 0.000000 -1.000000 0.000000
vn 0.000000 -1.000000 0.000000
vn 0.000000 -1.000000 0.000000
vn 0.000000 1.000000 0.000000
vn 0.000000 1.000000 0.000000
vn 0.000000 0.000000 1.000000
vn 0.000000 0.000000 1.000000
vn 0.000000 0.000000 1.000000
vn 0.000000 0.000000 1.000000
vn 0.000000 0.000000 1.000000
vn 0.000000 0.000000 1.000000
vn 0.000000 0.000000 1.000000
vn 0.000000 0.000000 1.000000
vn -1.000000 -0.000003 0.000000
vn -1.000000 -0.000003 0.000000
vn 1.000000 0.000000 0.000000
vn 1.000000 0.000000 0.000000
vn -0.000000 0.000000 1.000000
vn 0.000000 0.000000 1.000000
vn 0.000000 0.000000 1.000000
vn 0.000000 0.000000 1.000000
vn 0.000000 0.000000 1.000000
vn 0.000000 0.000000 1.000000
vn 0.000000 0.000000 1.000000
vn 0.000000 0.000000 1.000000
vn -1.000000 0.000000 0.000000
vn -1.000000 0.000000 0.000000
vn -1.000000 0.000000 0.000000
vn -1.000000 0.000000 0.000000
vn 0.000000 -1.000000 0.000000
vn 0.000000 -1.000000 0.000000
vn 0.000000 -1.000000 0.000000
vn 0.000000 -1.000000 0.000000
vn 0.000000 1.000000 0.000000
vn 0.000000 1.000000 0.000000
vn 0.000000 1.000000 0.000000
vn 0.000000 1.000000 0.000000
vn 0.000000 1.000000 0.000000
vn 0.000000 1.000000 0.000000
vn 0.000000 1.000000 0.000000
vn 0.000000 1.000000 0.000000
vn 0.000000 -1.000000 0.000000
vn 0.000000 -1.000000 0.000000
vn 0.000000 -1.000000 0.000000
vn 0.000000 -1.000000 0.000000
vn 1.000000 0.000000 0.000000
vn 1.000000 0.000000 0.000000
vn 1.000000 0.000000 0.000000
vn 1.000000 0.000000 0.000000
vn 0.000000 1.000000 0.000000
vn 0.000000 1.000000 0.000000
vn 0.000000 -1.000000 0.000000
vn 0.000000 -1.000000 0.000000
vn 0.000000 1.000000 0.000000
vn 0.000000 1.000000 0.000000
vn 0.000000 -1.000000 0.000000
vn 0.000000 -1.000000 0.000000
vn 0.000000 -1.000000 0.000000
vn 0.000000 -1.000000 0.000000
vn 0.000000 -1.000000 0.000000
vn 0.000000 -1.000000 0.000000
vn 1.000000 0.000000 0.000000
vn 1.000000 0.000000 0.000000
vn 1.000000 0.000000 0.000000
vn 1.000000 0.000000 0.000000
vn -1.000000 0.000000 0.000000
vn -1.000000 0.000000 0.000000
vn -1.000000 0.000000 0.000000
vn -1.000000 0.000000 0.000000
vn 1.000000 0.000000 0.000000
vn 1.000000 0.000000 0.000000
vn -1.000000 0.000000 0.000000
vn -1.000000 0.000000 0.000000
vn 1.000000 0.000000 0.000000
vn 1.000000 0.000000 0.000000
vn 1.000000 0.000000 0.000000
vn 1.000000 0.000000 0.000000
vn -1.000000 0.000000 0.000000
vn -1.000000 0.000000 0.000000
vn -1.000000 0.000000 0.000000
vn -1.000000 0.000000 0.000000
vn 1.000000 0.000000 0.000000
vn 1.000000 0.000000 0.000000
vn 0.000000 1.000000 0.000000
vn 0.000000 1.000000 0.000000
vn 0.000000 1.000000 0.000000
vn 0.000000 1.000000 0.000000
vn -1.000000 0.000000 0.000000
vn -1.000000 0.000000 0.000000
vn -0.000000 0.000000 1.000000
vn -0.000000 0.000000 1.000000
vn 0.000000 0.000000 1.000000
vn 0.000000 0.000000 1.000000
vn 0.000000 0.000000 1.000000
vn 0.000000 0.000000 1.000000
vn -0.000000 0.000000 1.000000
vn -0.000000 0.000000 1.000000
vn 0.000000 0.000000 1.000000
vn 0.000000 0.000000 1.000000
vn 0.000000 0.000000 1.000000
vn 0.000000 0.000000 1.000000
vn 0.000000 0.000000 1.000000
vn 0.000000 0.000000 1.000000
vn 0.000000 0.000000 1.000000
vn 0.000000 0.000000 1.000000
vn 0.000000 0.000000 1.000000
vn 0.000000 0.000000 1.000000
vn 0.000000 0.000000 1.000000
vn -0.000000 0.000000 1.000000
vn 0.000000 0.000000 1.000000
vn 0.000000 0.000000 1.000000
vn 0.000000 0.000000 1.000000
vn 0.000000 0.000000 1.000000
vn -0.000000 0.000000 1.000000
vn -0.000000 0.000000 1.000000
vn 0.000000 0.000000 1.000000
vn 0.000000 0.000000 1.000000
vn 0.000000 0.000000 1.000000
vn -0.000000 0.000000 1.000000
vn -0.000000 0.000000 1.000000
vn -0.000000 0.000000 1.000000
vn -0.000000 0.000000 1.000000
vn 0.000000 0.000000 1.000000
vn 0.000000 0.000000 1.000000
vn 1.000000 0.000000 0.000000
vn 1.000000 0.000000 0.000000
vn -1.000000 0.000000 0.000000
vn -1.000000 0.000000 0.000000
vn 0.000000 0.000000 1.000000
vn 0.000000 0.000000 1.000000
vn 0.000000 0.000000 1.000000
vn 0.000000 0.000000 1.000000
vn 0.000000 0.000000 1.000000
vn 0.000000 0.000000 1.000000
vn 0.000000 0.000000 1.000000
vn 0.000000 0.000000 1.000000
vn -0.000000 0.000000 1.000000
vn 0.000000 0.000000 1.000000
vn 0.000000 0.000000 1.000000
vn 0.000000 0.000000 1.000000
vn -1.000000 0.000000 0.000000
vn -1.000000 0.000000 0.000000
vn 1.000000 0.000000 0.000000
vn 1.000000 0.000000 0.000000
vn 0.000000 0.000000 1.000000
vn 0.000000 0.000000 1.000000
vn 0.000000 0.000000 1.000000
vn 0.000000 0.000000 1.000000
vn -0.000000 0.000000 1.000000
vn 0.000000 0.000000 1.000000
vn 0.000000 0.000000 1.000000
vn 0.000000 0.000000 1.000000
vn 0.000000 0.000000 1.000000
vn -0.000000 0.000000 1.000000
vn 0.000000 0.000000 1.000000
vn -0.000000 0.000000 1.000000
vn 0.000000 0.000000 1.000000
vn 0.000000 0.000000 1.000000
vn 0.000000 0.000000 1.000000
vn 0.000000 0.000000 1.000000
vn 0.000000 0.000000 1.000000
vn 0.000000 0.000000 1.000000
vn 0.000000 0.000000 1.000000
vn -0.000000 0.000000 1.000000
vn -0.000000 0.000000 1.000000
vn 0.000000 0.000000 1.000000
vn 0.000000 0.000000 1.000000
vn 0.000000 0.000000 1.000000
vn -0.000000 0.000000 1.000000
vn 0.000000 0.000000 1.000000
vn -0.000000 0.000000 1.000000
vn 0.000000 0.000000 1.000000
vn -0.000000 0.000000 1.000000
vn 0.000000 0.000000 1.000000
vn 0.000000 0.000000 1.000000
vn -0.000000 0.000000 1.000000
vn -0.000000 0.000000 1.000000
vn 0.000000 0.000000 1.000000
vn -0.000000 0.000000 1.000000
vn -0.000000 0.000000 1.000000
vn -0.000000 0.000000 1.000000
vn 0.000000 0.000000 1.000000
vn 0.000000 0.000000 1.000000
vn 0.000000 0.000000 1.000000
vn 0.000000 0.000000 1.000000
vn 0.000000 0.000000 1.000000
vn -0.543398 0.839475 0.000000
vn 0.000000 0.000000 1.000000
vn 0.000000 0.000000 1.000000
vn 0.000000 0.000000 1.000000
vn -0.000000 0.000000 1.000000
vn -0.000000 0.000000 1.000000
vn -0.000000 0.000000 1.000000
vn 0.000000 0.000000 1.000000
vn -0.000000 0.000000 1.000000
vn -0.000000 0.000000 1.000000
vn -0.000002 0.000000 1.000000
vn 0.000000 0.000000 1.000000
vn -0.000000 0.000000 1.000000
vn -0.000000 0.000000 1.000000
vn 0.000000 0.000000 1.000000
vn 0.000000 0.000000 1.000000
vn -0.000001 0.000000 1.000000
vn -0.000001 0.000000 -1.000000
vn 0.000000 0.000000 -1.000000
vn 0.000000 0.000000 1.000000
vn 0.000000 0.000000 1.000000
vn 0.000000 0.000000 1.000000
vn -0.000000 0.000000 1.000000
vn 0.000000 0.000000 1.000000
vn -0.000000 0.000000 1.000000
vn -0.000000 0.000000 1.000000
vn -0.000000 0.000000 1.000000
vn 0.000000 0.000000 1.000000
vn -0.000000 0.000000 1.000000
vn -0.000000 0.000000 1.000000
vn 0.000000 0.000000 1.000000
vn 0.000000 0.000000 1.000000
vn 0.000000 0.000000 1.000000
vn -0.481546 0.876421 -0.000000
vn 0.000000 0.000000 1.000000
vn 0.000000 0.000000 1.000000
vn 0.000000 0.000000 1.000000
vn 0.000001 0.000000 1.000000
vn -0.000003 0.000000 1.000000
vn 0.000000 0.000000 1.000000
vn 0.000000 0.000000 1.000000
vn -0.000000 0.000000 1.000000
vn -0.000000 0.000000 1.000000
vn 0.000000 0.000000 1.000000
vn 0.000000 0.000000 1.000000
vn -0.000000 0.000000 1.000000
vn -0.000000 0.000000 1.000000
vn 0.000000 0.000000 1.000000
vn -0.000000 0.000000 1.000000
vn 0.000001 0.000000 1.000000
vn 0.000001 0.000000 -1.000000
vn 0.000000 0.000000 -1.000000
vn -0.000000 0.000000 1.000000
vn -0.000000 0.000000 1.000000
vn 0.000000 0.000000 1.000000
vn 0.000000 0.000000 1.000000
vn 0.000000 0.000000 1.000000
vn -0.000000 0.000000 1.000000
vn 0.000000 0.000000 1.000000
vn 0.000000 0.000000 1.000000
vn 0.000000 0.000000 1.000000
vn 0.000000 0.000000 1.000000
vn -0.000000 0.000000 1.000000
vn -0.000000 0.000000 1.000000
vn -0.000000 0.000000 1.000000
vn -0.000000 0.000000 1.000000
vn 0.000000 0.000000 1.000000
vn 0.000000 0.000000 1.000000
vn 0.000000 0.000000 1.000000
vn 0.000000 0.000000 1.000000
vn -0.000000 0.000000 1.000000
vn 0.000000 0.000000 1.000000
vn -0.000000 0.000000 1.000000
vn 0.000000 0.000000 1.000000
vn 0.000000 0.000000 1.000000
vn 0.000000 0.000000 1.000000
vn 0.000000 0.000000 1.000000
vn 0.000000 1.000000 0.000000
vn 0.000000 1.000000 0.000000
vn 0.000000 -1.000000 0.000000
vn 0.000000 -1.000000 0.000000
vn 0.000000 0.000000 1.000000
vn 0.000000 0.000000 1.000000
vn 0.000000 0.000000 1.000000
vn 0.000000 0.000000 1.000000
vn -0.000000 0.000000 1.000000
vn 0.000000 0.000000 1.000000
vn 0.000000 0.000000 1.000000
vn -0.000000 0.000000 1.000000
vn 0.000000 0.000000 1.000000
vn -0.000000 0.000000 1.000000
vn -0.000000 0.000000 1.000000
vn 0.000000 0.000000 1.000000
vn 0.000000 0.000000 1.000000
vn 0.000000 0.000000 1.000000
vn 0.000000 -1.000000 0.000000
vn 0.000000 -1.000000 0.000000
vn 0.000000 1.000000 0.000000
vn 0.000000 1.000000 0.000000
vn 0.000000 0.000000 1.000000
vn 0.000000 0.000000 1.000000
vn 0.000000 0.000000 1.000000
vn 0.829545 -0.558439 0.000000
vn 0.829544 -0.558441 0.000000
vn 0.000000 0.000000 1.000000
vn 0.000000 0.000000 1.000000
vn 0.000000 0.000000 1.000000
vn 0.000000 0.000000 1.000000
vn 0.000000 0.000000 1.000000
vn 0.000000 0.000000 1.000000
vn -0.000000 0.000000 1.000000
vn 0.000000 0.000000 1.000000
vn 0.000000 0.000000 1.000000
vn 0.000000 0.000000 1.000000
vn 0.000000 0.000000 1.000000
vn 0.000000 0.000000 1.000000
vn 0.000000 0.000000 1.000000
vn 0.000000 0.000000 1.000000
vn 0.000000 0.000000 1.000000
vn -0.000000 0.000000 1.000000
vn -0.000000 0.000000 1.000000
vn -0.000000 0.000000 1.000000
vn -0.000000 0.000000 1.000000
vn 0.000000 0.000000 1.000000
vn -0.829545 -0.558439 0.000000
vn -0.829544 -0.558441 0.000000
vn 0.000000 0.000000 -1.000000
vn -0.000000 0.000000 -1.000000
vn 0.000000 0.000000 -1.000000
vn 0.000000 0.000000 -1.000000
vn 0.974653 -0.223723 0.000000
vn 0.955935 0.293577 0.000000
vn 0.974653 -0.223723 0.000000
vn 0.955935 0.293577 0.000000
vn 0.293576 -0.955936 0.000000
vn 0.732212 -0.681077 0.000000
vn 0.293576 -0.955936 0.000000
vn 0.732212 -0.681077 0.000000
vn 0.681075 0.732214 0.000000
vn 0.223722 0.974653 0.000000
vn 0.681075 0.732214 0.000000
vn 0.223722 0.974653 0.000000
vn -0.293576 0.955936 0.000000
vn -0.293576 0.955936 0.000000
vn -0.223722 -0.974653 0.000000
vn -0.223722 -0.974653 0.000000
vn -0.732211 0.681078 0.000000
vn -0.732211 0.681078 0.000000
vn -0.974653 0.223723 0.000000
vn -0.974653 0.223723 0.000000
vn -0.955935 -0.293577 0.000000
vn -0.955936 -0.293577 0.000000
vn -0.681074 -0.732215 0.000000
vn -0.681073 -0.732215 0.000000
vn 0.682141 -0.731220 0.000000
vn 0.956360 -0.292192 0.000000
vn 0.682141 -0.731220 0.000000
vn 0.956360 -0.292192 0.000000
vn 0.225120 -0.974331 0.000000
vn 0.225120 -0.974331 0.000000
vn 0.974329 0.225131 0.000000
vn 0.974328 0.225131 0.000000
vn 0.731221 0.682141 0.000000
vn 0.731220 0.682141 0.000000
vn 0.292202 0.956357 0.000000
vn 0.292202 0.956357 0.000000
vn -0.225121 0.974331 0.000000
vn -0.225121 0.974331 0.000000
vn -0.292203 -0.956356 0.000000
vn -0.292203 -0.956356 0.000000
vn -0.682131 0.731230 0.000000
vn -0.682131 0.731230 0.000000
vn -0.956359 0.292194 0.000000
vn -0.956359 0.292194 0.000000
vn -0.974328 -0.225131 0.000000
vn -0.974329 -0.225131 0.000000
vn -0.731222 -0.682140 0.000000
vn -0.731222 -0.682140 0.000000
vn 0.263107 0.964767 0.000000
vn -0.254516 0.967069 0.000000
vn 0.263107 0.964767 0.000000
vn -0.254516 0.967069 0.000000
vn 0.967067 0.254522 0.000000
vn 0.710239 0.703961 0.000000
vn 0.967067 0.254522 0.000000
vn 0.710239 0.703961 0.000000
vn -0.703956 0.710244 0.000000
vn -0.964766 0.263108 0.000000
vn -0.703956 0.710244 0.000000
vn -0.964766 0.263108 0.000000
vn -0.967067 -0.254521 0.000000
vn -0.710239 -0.703960 0.000000
vn -0.967067 -0.254521 0.000000
vn -0.710239 -0.703960 0.000000
vn -0.263107 -0.964767 0.000000
vn -0.263107 -0.964767 0.000000
vn 0.254516 -0.967069 0.000000
vn 0.254516 -0.967069 0.000000
vn 0.703956 -0.710244 0.000000
vn 0.964766 -0.263108 0.000000
vn 0.703956 -0.710244 0.000000
vn 0.964766 -0.263108 0.000000
s 1
g pCube1
usemtl initialShadingGroup
f 1/526/1 448/527/2 167/528/3
f 167/528/3 448/527/2 449/530/4
s 2
f 77/329/5 78/330/6 86/331/7
f 86/331/7 78/330/6 83/333/8
s 3
f 168/886/9 169/887/10 7/888/11
f 7/888/11 169/887/10 8/890/12
s 4
f 198/335/13 199/336/14 187/337/15
f 187/337/15 199/336/14 184/338/16
f 186/1/17 185/2/18 211/3/19
f 211/3/19 185/2/18 210/5/20
f 191/214/21 192/216/22 178/218/23
f 178/218/23 192/216/22 177/220/24
s 1
f 3/535/25 450/543/26 251/551/27
f 251/551/27 450/543/26 451/558/28
s 4
f 4/15/29 6/16/30 254/17/31
f 254/17/31 6/16/30 253/19/32
s 3
f 6/889/33 5/892/34 253/897/35
f 253/897/35 5/892/34 252/904/36
s 4
f 5/23/37 3/24/38 252/25/39
f 252/25/39 3/24/38 251/27/40
s 1
f 9/564/41 452/568/42 342/574/43
f 342/574/43 452/568/42 453/580/44
s 12
f 111/31/45 108/32/46 123/33/47
f 123/33/47 108/32/46 122/35/48
s 3
f 11/911/49 12/916/50 15/918/51
f 15/918/51 12/916/50 16/919/52
s 14
f 142/47/53 139/48/54 154/49/55
f 154/49/55 139/48/54 153/51/56
s 1
f 13/652/57 459/678/58 269/693/59
f 269/693/59 459/678/58 460/707/60
s 16
f 14/63/61 15/64/62 272/65/63
f 272/65/63 15/64/62 271/66/64
s 3
f 15/918/51 16/919/52 271/922/65
f 271/922/65 16/919/52 270/925/66
s 17
f 16/69/67 13/70/68 270/71/69
f 270/71/69 13/70/68 269/72/70
s 4
f 10/341/71 11/342/72 257/343/73
f 257/343/73 11/342/72 262/344/74
s 3
f 11/911/49 15/918/51 262/920/75
f 262/920/75 15/918/51 261/923/76
s 16
f 15/347/62 14/348/61 261/349/77
f 261/349/77 14/348/61 260/350/78
s 1
f 257/605/79 336/599/80 10/579/81
f 10/579/81 336/599/80 337/591/82
s 4
f 12/353/83 9/354/84 264/355/85
f 264/355/85 9/354/84 263/356/86
s 1
f 9/564/41 342/574/43 263/581/87
f 263/581/87 342/574/43 343/586/88
s 17
f 13/359/68 16/360/67 266/361/89
f 266/361/89 16/360/67 265/362/90
s 3
f 16/919/52 12/916/50 265/921/91
f 265/921/91 12/916/50 264/924/92
s 1
f 334/630/93 335/614/94 295/621/95
f 295/621/95 335/614/94 29/609/96
s 12
f 116/365/97 113/366/98 107/367/99
f 107/367/99 113/366/98 110/369/100
s 3
f 32/926/101 31/929/102 22/932/103
f 22/932/103 31/929/102 23/935/104
s 12
f 132/378/105 129/379/106 60/380/107
f 60/380/107 129/379/106 59/382/108
s 14
f 141/390/109 140/391/110 162/392/111
f 162/392/111 140/391/110 161/394/112
s 3
f 35/927/113 34/930/114 28/933/115
f 28/933/115 34/930/114 26/937/116
s 14
f 138/396/117 137/397/118 144/398/119
f 144/398/119 137/397/118 143/400/120
s 1
f 352/684/121 345/711/122 351/699/123
f 351/699/123 345/711/122 25/712/124
s 2
f 99/151/125 102/153/126 72/155/127
f 72/155/127 102/153/126 71/157/128
s 3
f 39/928/129 38/931/130 19/934/131
f 19/934/131 38/931/130 20/939/132
s 2
f 88/75/133 87/76/134 91/77/135
f 91/77/135 87/76/134 90/79/136
s 1
f 463/832/137 464/840/138 439/820/139
f 439/820/139 464/840/138 17/841/140
s 33
f 83/884/141 467/878/142 42/885/143
f 42/885/143 467/878/142 84/883/144
s 2
f 84/93/145 85/94/146 42/95/147
f 42/95/147 85/94/146 43/97/148
s 35
f 81/985/149 468/1003/150 80/967/151
f 80/967/151 468/1003/150 44/1016/152
s 2
f 468/101/153 469/102/154 44/103/155
f 44/103/155 469/102/154 41/105/156
s 12
f 21/402/157 22/403/158 126/404/159
f 126/404/159 22/403/158 125/405/160
s 38
f 22/932/161 23/935/162 108/942/163
s 12
f 23/406/164 24/407/165 121/408/166
f 121/408/166 24/407/165 124/409/167
s 40
f 111/818/168 325/793/169 127/827/170
f 127/827/170 325/793/169 326/819/171
s 14
f 26/410/172 25/411/173 158/412/174
f 158/412/174 25/411/173 157/413/175
s 42
f 346/737/176 347/771/177 308/754/178
f 308/754/178 347/771/177 139/787/179
s 14
f 27/414/180 28/415/181 152/416/182
f 152/416/182 28/415/181 151/417/183
s 44
f 28/933/184 26/937/185 142/946/186
s 12
f 31/111/187 30/112/188 115/113/189
f 115/113/189 30/112/188 114/114/190
s 46
f 30/670/191 408/701/192 114/713/193
f 114/713/193 408/701/192 409/725/194
s 12
f 24/119/165 23/120/164 120/121/195
f 120/121/195 23/120/164 119/122/196
s 47
f 107/941/197 31/929/198 116/953/199
f 116/953/199 31/929/198 115/971/200
s 12
f 29/125/201 32/126/202 134/127/203
f 134/127/203 32/126/202 133/128/204
s 49
f 32/926/205 22/932/206 109/936/207
s 12
f 130/169/208 131/170/209 59/171/108
f 59/171/108 131/170/209 60/172/107
s 51
f 131/780/210 132/763/211 60/795/212
s 14
f 164/131/213 165/132/214 62/133/215
f 62/133/215 165/132/214 61/135/216
s 53
f 33/594/217 385/607/218 140/613/219
f 140/613/219 385/607/218 386/618/220
s 14
f 25/139/173 26/140/172 160/141/221
f 160/141/221 26/140/172 159/142/222
s 54
f 163/959/223 164/977/224 62/995/225
s 14
f 149/188/226 150/189/227 66/190/228
f 66/190/228 150/189/227 65/191/229
s 56
f 143/947/230 146/963/231 399/981/232
f 399/981/232 146/963/231 398/999/233
s 14
f 146/175/234 145/176/235 398/177/236
f 398/177/236 145/176/235 397/178/237
s 58
f 148/681/238 149/696/239 66/708/240
s 2
f 38/418/241 37/419/242 104/420/243
f 104/420/243 37/419/242 105/421/244
s 60
f 439/820/245 17/841/246 438/833/247
f 438/833/247 17/841/246 98/850/248
s 2
f 101/161/249 100/159/250 71/157/128
f 71/157/128 100/159/250 72/155/127
s 62
f 520/1013/251 521/983/252 70/1000/253
f 70/1000/253 521/983/252 104/965/254
s 2
f 40/422/255 39/423/256 96/424/257
f 96/424/257 39/423/256 95/425/258
s 64
f 19/934/259 89/969/260 87/951/261
f 87/951/261 89/969/260 90/987/262
s 2
f 19/426/263 18/427/264 89/428/265
f 89/428/265 18/427/264 92/429/266
s 66
f 18/860/267 88/867/268 92/874/269
f 92/874/269 88/867/268 91/877/270
s 2
f 41/105/156 79/107/271 44/103/155
f 44/103/155 79/107/271 80/109/272
s 33
f 470/871/273 471/870/274 79/880/275
f 79/880/275 471/870/274 78/879/276
f 471/870/274 472/869/277 78/879/276
f 78/879/276 472/869/277 466/875/278
s 35
f 85/986/279 86/968/280 43/1004/281
f 19/934/282 20/939/283 77/950/284
s 2
f 80/334/272 79/332/271 77/329/5
f 77/329/5 79/332/271 78/330/6
f 20/110/285 17/108/286 81/106/287
f 81/106/287 17/108/286 82/104/288
s 35
f 77/950/284 20/939/283 80/967/151
f 80/967/151 20/939/283 81/985/149
s 33
f 469/876/289 470/871/273 41/881/290
f 41/881/290 470/871/273 79/880/275
f 78/879/276 466/875/278 83/884/141
f 83/884/141 466/875/278 467/878/142
s 35
f 77/950/284 86/968/280 19/934/282
f 19/934/282 86/968/280 85/986/279
s 2
f 86/100/7 83/99/8 43/97/148
f 43/97/148 83/99/8 42/95/147
f 18/98/264 19/96/263 84/93/145
f 84/93/145 19/96/263 85/94/146
s 64
f 39/928/291 19/934/259 507/940/292
f 507/940/292 19/934/259 87/951/261
f 39/928/291 507/940/292 95/952/293
f 95/952/293 507/940/292 508/970/294
s 66
f 88/867/268 443/853/295 93/868/296
f 93/868/296 443/853/295 444/855/297
f 442/844/298 443/853/295 18/860/267
f 18/860/267 443/853/295 88/867/268
s 2
f 93/80/299 94/78/300 88/75/133
f 88/75/133 94/78/300 87/76/134
s 64
f 90/987/262 89/969/260 75/1005/301
s 2
f 91/77/135 90/79/136 76/81/302
f 76/81/302 90/79/136 75/83/303
s 66
f 92/874/269 91/877/270 76/882/304
s 2
f 89/87/265 92/85/266 75/83/303
f 75/83/303 92/85/266 76/81/302
f 74/90/305 73/89/306 510/88/307
f 510/88/307 73/89/306 509/86/308
s 64
f 95/952/293 508/970/294 73/989/309
f 73/989/309 508/970/294 509/1007/310
s 2
f 96/92/257 95/91/258 74/90/305
f 74/90/305 95/91/258 73/89/306
s 66
f 510/846/311 511/826/312 74/838/313
f 74/838/313 511/826/312 96/816/314
s 62
f 20/939/315 97/966/316 100/984/317
f 100/984/317 97/966/316 99/1002/318
f 38/931/319 522/949/320 20/939/315
f 20/939/315 522/949/320 97/966/316
s 60
f 102/866/321 101/859/322 71/873/323
f 105/785/324 518/797/325 69/811/326
f 69/811/326 518/797/325 519/822/327
s 2
f 70/164/328 69/163/329 520/162/330
f 520/162/330 69/163/329 519/160/331
s 62
f 100/984/317 99/1002/318 72/1015/332
s 2
f 17/430/286 20/431/285 101/432/249
f 101/432/249 20/431/285 100/433/250
s 60
f 17/841/246 101/859/322 98/850/248
f 98/850/248 101/859/322 102/866/321
s 2
f 97/149/333 98/150/334 99/151/125
f 99/151/125 98/150/334 102/153/126
s 62
f 521/983/252 522/949/320 104/965/254
f 104/965/254 522/949/320 38/931/319
s 2
f 104/166/243 105/165/244 70/164/328
f 70/164/328 105/165/244 69/163/329
s 60
f 437/834/335 438/833/247 106/851/336
f 106/851/336 438/833/247 98/850/248
s 2
f 103/154/337 106/152/338 97/149/333
f 97/149/333 106/152/338 98/150/334
s 47
f 107/941/197 118/954/339 23/935/340
f 23/935/340 118/954/339 119/972/341
s 38
f 23/935/162 121/955/342 108/942/163
f 108/942/163 121/955/342 122/973/343
f 22/932/161 108/942/163 125/956/344
f 125/956/344 108/942/163 128/974/345
s 49
f 129/943/346 130/957/347 59/975/348
f 109/936/207 136/944/349 32/926/205
f 32/926/205 136/944/349 133/958/350
s 47
f 23/935/340 31/929/198 107/941/197
s 46
f 110/813/351 24/817/352 117/835/353
f 117/835/353 24/817/352 120/843/354
f 30/670/191 298/687/355 408/701/192
f 408/701/192 298/687/355 407/703/356
s 40
f 329/839/357 330/805/358 123/828/359
f 123/828/359 330/805/358 111/818/168
f 331/777/360 325/793/169 330/805/358
f 330/805/358 325/793/169 111/818/168
s 51
f 402/651/361 403/631/362 134/642/363
f 134/642/363 403/631/362 29/609/364
f 404/641/365 295/621/366 403/631/362
f 403/631/362 295/621/366 29/609/364
s 12
f 107/367/99 110/369/100 118/371/367
f 118/371/367 110/369/100 117/373/368
f 127/36/369 128/34/370 111/31/45
f 111/31/45 128/34/370 108/32/46
f 135/385/371 136/384/372 112/383/373
f 112/383/373 136/384/372 109/381/374
s 46
f 114/713/193 409/725/194 430/740/375
f 430/740/375 409/725/194 429/757/376
s 12
f 115/113/189 114/114/190 431/115/377
f 431/115/377 114/114/190 430/116/378
s 47
f 115/971/200 431/990/379 116/953/199
f 116/953/199 431/990/379 432/1008/380
s 12
f 54/376/381 53/374/382 411/372/383
f 411/372/383 53/374/382 410/370/384
f 118/371/367 117/373/368 56/375/385
f 56/375/385 117/373/368 55/377/386
s 47
f 119/972/341 118/954/339 56/991/387
s 12
f 120/121/195 119/122/196 55/123/386
f 55/123/386 119/122/196 56/124/385
s 46
f 117/835/353 120/843/354 55/852/388
s 38
f 121/955/342 327/992/389 122/973/343
f 122/973/343 327/992/389 47/1009/390
s 12
f 123/33/47 122/35/48 48/37/391
f 48/37/391 122/35/48 47/39/392
s 40
f 328/848/393 329/839/357 48/847/394
f 48/847/394 329/839/357 123/828/359
s 12
f 327/43/395 328/41/396 47/39/392
f 47/39/392 328/41/396 48/37/391
f 126/44/159 125/42/160 45/40/397
f 45/40/397 125/42/160 46/38/398
s 40
f 127/827/170 326/819/171 45/830/399
f 45/830/399 326/819/171 126/806/400
s 12
f 45/40/397 46/38/398 127/36/369
f 127/36/369 46/38/398 128/34/370
s 38
f 125/956/344 128/974/345 46/993/401
s 49
f 109/936/207 22/932/206 129/943/346
f 129/943/346 22/932/206 130/957/347
s 12
f 22/167/158 21/168/157 130/169/208
f 130/169/208 21/168/157 131/170/209
s 51
f 112/730/402 132/763/211 21/743/403
f 21/743/403 132/763/211 131/780/210
s 12
f 112/383/373 109/381/374 132/378/105
f 132/378/105 109/381/374 129/379/106
f 134/127/203 133/128/204 58/129/404
f 58/129/404 133/128/204 57/130/405
s 51
f 401/677/406 402/651/361 58/664/407
f 58/664/407 402/651/361 134/642/363
s 12
f 58/389/404 57/388/405 401/387/408
f 401/387/408 57/388/405 400/386/409
s 49
f 136/944/349 400/976/410 133/958/350
f 133/958/350 400/976/410 57/994/411
s 56
f 35/927/412 28/933/413 137/938/414
f 150/964/415 147/948/416 65/982/417
s 58
f 357/710/418 358/683/419 144/695/420
f 138/666/421 144/695/420 379/680/422
f 358/683/419 379/680/422 144/695/420
s 42
f 139/787/179 347/771/177 153/800/423
f 153/800/423 347/771/177 348/812/424
f 307/788/425 308/754/178 156/801/426
f 156/801/426 308/754/178 139/787/179
s 53
f 140/613/219 386/618/220 161/626/427
f 161/626/427 386/618/220 387/637/428
f 165/627/429 166/619/430 61/638/431
s 58
f 379/680/422 380/654/432 138/666/421
f 138/666/421 380/654/432 36/633/433
s 14
f 66/190/228 65/191/229 148/192/434
f 148/192/434 65/191/229 147/193/435
s 54
f 141/945/436 162/960/437 26/937/438
f 26/937/438 162/960/437 159/978/439
f 26/937/438 34/930/440 141/945/436
s 44
f 26/937/185 158/961/441 142/946/186
f 142/946/186 158/961/441 155/979/442
f 28/933/184 142/946/186 151/962/443
f 151/962/443 142/946/186 154/980/444
s 14
f 155/52/445 156/50/446 142/47/53
f 142/47/53 156/50/446 139/48/54
f 62/133/215 61/135/216 163/137/447
f 163/137/447 61/135/216 166/138/448
f 377/182/449 378/181/450 68/180/451
f 68/180/451 378/181/450 67/179/452
s 58
f 145/768/453 376/750/454 397/786/455
f 397/786/455 376/750/454 396/751/456
s 56
f 137/938/414 28/933/413 143/947/230
f 143/947/230 28/933/413 146/963/231
s 14
f 28/173/181 27/174/180 146/175/234
f 146/175/234 27/174/180 145/176/235
f 148/401/434 147/399/435 138/396/117
f 138/396/117 147/399/435 137/397/118
s 58
f 138/666/421 36/633/433 148/681/238
f 148/681/238 36/633/433 149/696/239
s 14
f 36/186/457 35/187/458 149/188/226
f 149/188/226 35/187/458 150/189/227
s 56
f 137/938/414 147/948/416 35/927/412
f 35/927/412 147/948/416 150/964/415
s 14
f 349/59/459 350/57/460 51/55/461
f 51/55/461 350/57/460 52/53/462
s 42
f 153/800/423 348/812/424 51/824/463
f 51/824/463 348/812/424 349/823/464
s 14
f 154/49/55 153/51/56 52/53/462
f 52/53/462 153/51/56 51/55/461
s 44
f 151/962/443 154/980/444 350/998/465
f 154/980/444 52/1011/466 350/998/465
s 14
f 50/56/467 49/54/468 155/52/445
f 155/52/445 49/54/468 156/50/446
s 42
f 157/772/469 307/788/425 49/802/470
f 49/802/470 307/788/425 156/801/426
s 14
f 158/60/174 157/58/175 50/56/467
f 50/56/467 157/58/175 49/54/468
s 44
f 155/979/442 158/961/441 50/997/471
s 14
f 160/141/221 159/142/222 63/143/472
f 63/143/472 159/142/222 64/144/473
s 53
f 368/647/474 369/669/475 63/686/476
f 63/686/476 369/669/475 160/700/477
s 14
f 367/146/478 368/145/479 64/144/473
f 64/144/473 368/145/479 63/143/472
s 54
f 162/960/437 367/996/480 159/978/439
f 159/978/439 367/996/480 64/1010/481
f 141/945/436 34/930/440 163/959/223
f 163/959/223 34/930/440 164/977/224
s 14
f 34/136/482 33/134/483 164/131/213
f 164/131/213 33/134/483 165/132/214
s 53
f 140/613/219 166/619/430 33/594/217
f 33/594/217 166/619/430 165/627/429
s 14
f 163/395/447 166/393/448 141/390/109
f 141/390/109 166/393/448 140/391/110
s 4
f 168/28/484 167/26/485 5/23/37
f 5/23/37 167/26/485 3/24/38
s 3
f 5/892/34 6/889/33 168/886/9
f 168/886/9 6/889/33 169/887/10
s 4
f 170/20/486 169/18/487 4/15/29
f 4/15/29 169/18/487 6/16/30
s 1
f 167/528/3 449/530/4 3/535/25
f 3/535/25 449/530/4 450/543/26
s 4
f 2/434/488 8/435/489 207/436/490
f 207/436/490 8/435/489 206/437/491
s 3
f 8/890/12 185/893/492 206/899/493
f 206/899/493 185/893/492 205/906/494
s 4
f 169/438/487 170/439/486 209/440/495
f 209/440/495 170/439/486 212/441/496
s 1
f 170/569/497 186/582/498 212/588/499
f 212/588/499 186/582/498 211/596/500
s 4
f 194/225/501 195/223/502 175/221/503
f 175/221/503 195/223/502 176/219/504
s 1
f 195/537/505 196/545/506 176/553/507
s 4
f 189/224/508 190/222/509 177/220/24
f 177/220/24 190/222/509 178/218/23
s 3
f 190/896/510 191/903/511 178/910/512
f 184/894/513 199/901/514 7/888/11
f 7/888/11 199/901/514 200/908/515
s 4
f 8/194/489 2/195/488 202/196/516
f 202/196/516 2/195/488 201/197/517
s 1
f 445/572/518 446/561/519 204/565/520
f 204/565/520 446/561/519 187/554/521
s 4
f 1/202/522 7/203/523 197/204/524
f 197/204/524 7/203/523 200/205/525
s 3
f 193/902/526 194/895/527 175/909/528
f 168/886/9 7/888/11 183/891/529
f 184/894/513 8/890/12 203/900/530
f 203/900/530 8/890/12 202/907/531
f 7/888/11 8/890/12 184/894/513
f 169/887/10 209/898/532 185/893/492
f 185/893/492 209/898/532 210/905/533
f 8/890/12 169/887/10 185/893/492
s 1
f 2/570/534 207/587/535 186/582/498
f 186/582/498 207/587/535 208/595/536
f 170/569/497 2/570/534 186/582/498
f 187/554/521 491/539/537 198/555/538
f 198/555/538 491/539/537 492/541/539
f 446/561/519 490/547/540 187/554/521
f 187/554/521 490/547/540 491/539/537
f 192/544/541 189/536/542 177/552/543
f 1/526/1 167/528/3 188/531/544
s 4
f 208/6/545 205/4/546 186/1/17
f 186/1/17 205/4/546 185/2/18
f 187/337/15 184/338/16 204/339/547
f 204/339/547 184/338/16 203/340/548
f 175/221/503 176/219/504 193/217/549
f 193/217/549 176/219/504 196/215/550
f 167/442/485 168/443/484 189/444/508
f 189/444/508 168/443/484 190/445/509
s 3
f 168/886/9 183/891/529 190/896/510
f 190/896/510 183/891/529 191/903/511
s 4
f 183/212/551 188/213/552 191/214/21
f 191/214/21 188/213/552 192/216/22
s 1
f 167/528/3 189/536/542 188/531/544
f 188/531/544 189/536/542 192/544/541
s 3
f 7/888/11 194/895/527 183/891/529
f 183/891/529 194/895/527 193/902/526
s 4
f 7/446/523 1/447/522 194/448/501
f 194/448/501 1/447/522 195/449/502
s 1
f 1/526/1 188/531/544 195/537/505
f 195/537/505 188/531/544 196/545/506
s 4
f 193/217/549 196/215/550 183/212/551
f 183/212/551 196/215/550 188/213/552
s 1
f 198/555/538 492/541/539 182/556/553
f 182/556/553 492/541/539 493/548/554
s 4
f 179/209/555 199/210/14 182/208/556
f 182/208/556 199/210/14 198/211/13
s 3
f 200/908/515 199/901/514 494/915/557
f 199/901/514 179/917/558 494/915/557
s 4
f 493/206/559 494/207/560 182/208/556
f 182/208/556 494/207/560 179/209/555
f 202/196/516 201/197/517 180/198/561
f 180/198/561 201/197/517 181/199/562
s 3
f 203/900/530 202/907/531 180/914/563
s 4
f 204/201/547 203/200/548 181/199/562
f 181/199/562 203/200/548 180/198/561
s 1
f 201/583/564 445/572/518 181/575/565
f 181/575/565 445/572/518 204/565/520
s 3
f 206/899/493 205/906/494 171/913/566
s 4
f 207/14/490 206/12/491 172/10/567
f 172/10/567 206/12/491 171/8/568
s 1
f 208/595/536 207/587/535 172/602/569
s 4
f 172/10/567 171/8/568 208/6/545
f 208/6/545 171/8/568 205/4/546
s 3
f 210/905/533 209/898/532 173/912/570
s 4
f 211/3/19 210/5/20 174/7/571
f 174/7/571 210/5/20 173/9/572
s 1
f 212/588/499 211/596/500 174/603/573
s 4
f 209/13/495 212/11/496 173/9/572
f 173/9/572 212/11/496 174/7/571
s 1
f 30/670/574 320/660/575 298/687/576
f 298/687/576 320/660/575 321/673/577
f 14/688/578 318/661/579 260/671/580
f 260/671/580 318/661/579 319/648/581
f 313/643/582 458/665/583 13/652/57
f 13/652/57 458/665/583 459/678/58
f 266/644/584 312/623/585 13/652/57
f 13/652/57 312/623/585 313/643/582
f 355/720/586 356/735/587 310/748/588
f 310/748/588 356/735/587 27/749/589
s 40
f 24/817/590 220/807/591 124/831/592
f 124/831/592 220/807/591 219/829/593
f 323/808/594 324/778/595 24/817/590
f 24/817/590 324/778/595 220/807/591
s 1
f 296/629/596 297/640/597 222/620/598
f 222/620/598 297/640/597 214/639/599
s 137
f 275/1020/600 276/1021/601 278/1022/602
f 278/1022/602 276/1021/601 277/1023/603
f 280/1040/604 455/1031/605 282/1037/606
f 282/1037/606 455/1031/605 456/1034/607
f 283/1046/608 284/1043/609 282/1037/606
f 282/1037/606 284/1043/609 280/1040/604
s 1
f 226/736/610 353/723/611 218/752/612
f 218/752/612 353/723/611 354/767/613
s 42
f 227/770/614 309/753/615 27/749/616
f 27/749/616 309/753/615 310/748/617
f 228/798/618 227/770/614 152/799/619
f 152/799/619 227/770/614 27/749/616
s 1
f 488/560/620 489/559/621 170/569/497
f 170/569/497 489/559/621 2/570/534
f 487/562/622 488/560/620 4/571/623
f 4/571/623 488/560/620 170/569/497
f 254/576/624 486/566/625 4/571/623
f 4/571/623 486/566/625 487/562/622
f 337/591/82 484/584/626 10/579/81
f 10/579/81 484/584/626 485/573/627
s 137
f 481/1025/628 482/1024/629 277/1023/603
f 277/1023/603 482/1024/629 278/1022/602
s 1
f 478/714/630 479/689/631 14/688/578
f 14/688/578 479/689/631 318/661/579
f 272/742/632 477/727/633 14/688/578
f 14/688/578 477/727/633 478/714/630
f 474/854/634 442/844/635 473/861/636
f 473/861/636 442/844/635 18/860/637
s 33
f 239/858/638 238/865/639 17/841/640
f 17/841/640 238/865/639 82/872/641
f 17/841/640 464/840/642 239/858/638
f 239/858/638 464/840/642 465/857/643
s 1
f 440/856/644 441/863/645 237/849/646
f 237/849/646 441/863/645 240/864/647
s 137
f 287/1047/648 288/1044/649 290/1038/650
f 290/1038/650 288/1044/649 289/1041/651
f 289/1041/651 315/1032/652 290/1038/650
f 290/1038/650 315/1032/652 316/1035/653
f 281/1029/654 279/1028/655 285/1027/656
f 285/1027/656 279/1028/655 286/1026/657
f 339/1033/658 340/1030/659 292/1036/660
f 292/1036/660 340/1030/659 291/1039/661
s 1
f 255/563/662 256/557/663 246/550/664
f 246/550/664 256/557/663 231/542/665
f 231/542/665 230/534/666 246/550/664
f 246/550/664 230/534/666 247/549/667
f 230/534/666 229/538/668 247/549/667
f 247/549/667 229/538/668 248/546/669
f 447/532/670 448/527/2 249/529/671
f 249/529/671 448/527/2 1/526/1
f 249/529/671 1/526/1 250/533/672
f 250/533/672 1/526/1 197/540/673
s 4
f 252/25/39 251/27/40 12/29/83
f 12/29/83 251/27/40 9/30/84
s 3
f 253/897/35 252/904/36 11/911/49
f 11/911/49 252/904/36 12/916/50
s 4
f 254/17/31 253/19/32 10/21/71
f 10/21/71 253/19/32 11/22/72
s 1
f 485/573/627 486/566/625 10/579/81
f 10/579/81 486/566/625 254/576/624
s 137
f 291/1039/661 293/1042/674 292/1036/660
f 292/1036/660 293/1042/674 294/1045/675
s 1
f 251/551/27 451/558/28 9/564/41
f 9/564/41 451/558/28 452/568/42
f 335/614/94 336/599/80 29/609/96
f 29/609/96 336/599/80 257/605/79
f 214/639/599 259/628/676 222/620/598
f 222/620/598 259/628/676 258/608/677
f 260/671/580 319/648/581 30/670/574
f 30/670/574 319/648/581 320/660/575
s 16
f 261/349/77 260/350/78 31/351/678
f 31/351/678 260/350/78 30/352/679
s 3
f 262/920/75 261/923/76 32/926/101
f 32/926/101 261/923/76 31/929/102
s 4
f 257/343/73 262/344/74 29/345/680
f 29/345/680 262/344/74 32/346/681
f 264/355/85 263/356/86 34/357/682
f 34/357/682 263/356/86 33/358/683
s 3
f 265/921/91 264/924/92 35/927/113
f 35/927/113 264/924/92 34/930/114
s 17
f 266/361/89 265/362/90 36/363/684
f 36/363/684 265/362/90 35/364/685
s 1
f 311/615/686 312/623/585 36/633/687
f 36/633/687 312/623/585 266/644/584
f 225/600/688 268/593/689 217/606/690
f 217/606/690 268/593/689 267/611/691
f 263/581/87 343/586/88 33/594/692
f 33/594/692 343/586/88 344/601/693
s 17
f 270/71/69 269/72/70 38/73/694
f 38/73/694 269/72/70 37/74/695
s 3
f 271/922/65 270/925/66 39/928/129
f 39/928/129 270/925/66 38/931/130
s 16
f 272/65/63 271/66/64 40/67/696
f 40/67/696 271/66/64 39/68/697
s 1
f 476/776/698 477/727/633 40/758/699
f 40/758/699 477/727/633 272/742/632
f 236/732/700 274/706/701 241/746/702
f 241/746/702 274/706/701 273/759/703
f 269/693/59 460/707/60 37/719/704
f 37/719/704 460/707/60 461/733/705
s 160
f 258/226/706 259/227/707 275/228/708
f 275/228/708 259/227/707 276/229/709
s 161
f 259/450/710 215/451/711 276/452/712
f 276/452/712 215/451/711 277/453/713
s 162
f 223/458/714 258/459/715 278/460/716
f 278/460/716 258/459/715 275/461/717
s 163
f 224/466/718 454/467/719 280/468/720
f 280/468/720 454/467/719 455/469/721
s 164
f 456/474/722 457/475/723 282/476/724
f 282/476/724 457/475/723 216/478/725
s 165
f 267/230/726 268/231/727 283/232/728
f 283/232/728 268/231/727 284/233/729
s 163
f 268/472/730 224/466/718 284/470/731
f 284/470/731 224/466/718 280/468/720
s 164
f 216/478/725 267/480/732 282/476/724
f 282/476/724 267/480/732 283/481/733
s 162
f 482/463/734 483/462/735 278/460/716
f 278/460/716 483/462/735 223/458/714
s 161
f 215/451/711 480/454/736 277/453/713
f 277/453/713 480/454/736 481/455/737
s 167
f 273/482/738 274/483/739 287/484/740
f 287/484/740 274/483/739 288/485/741
s 168
f 274/234/742 235/235/743 288/236/744
f 288/236/744 235/235/743 289/237/745
s 169
f 242/242/746 273/243/747 290/244/748
f 290/244/748 273/243/747 287/245/749
s 168
f 235/235/743 314/238/750 289/237/745
f 289/237/745 314/238/750 315/239/751
s 169
f 316/247/752 317/246/753 290/244/748
f 290/244/748 317/246/753 242/242/746
s 171
f 340/250/754 341/251/755 291/252/756
f 291/252/756 341/251/755 232/254/757
s 172
f 245/258/758 338/259/759 292/260/760
f 292/260/760 338/259/759 339/261/761
s 171
f 232/254/757 256/256/762 291/252/756
f 291/252/756 256/256/762 293/257/763
s 173
f 256/486/764 255/487/765 293/488/766
f 293/488/766 255/487/765 294/489/767
s 172
f 255/264/768 245/258/758 294/262/769
f 294/262/769 245/258/758 292/260/760
s 1
f 405/649/770 334/630/93 404/641/771
f 404/641/771 334/630/93 295/621/95
s 174
f 523/1048/772 524/1049/773 526/1050/774
f 526/1050/774 524/1049/773 525/1052/775
s 1
f 298/687/576 321/673/577 407/703/776
f 407/703/776 321/673/577 406/716/777
s 51
f 112/730/402 419/704/778 135/731/779
f 135/731/779 419/704/778 420/705/780
f 21/743/403 418/718/781 112/730/402
f 112/730/402 418/718/781 419/704/778
s 1
f 332/744/782 417/717/783 21/743/784
f 21/743/784 417/717/783 418/718/785
f 213/794/786 415/762/787 221/761/788
f 221/761/788 415/762/787 416/729/789
f 413/803/790 414/792/791 24/817/792
f 24/817/792 414/792/791 323/808/793
s 46
f 412/789/794 413/803/795 110/813/351
f 110/813/351 413/803/795 24/817/352
f 306/756/796 305/755/797 113/790/798
f 110/813/351 113/790/798 412/789/794
f 305/755/797 412/789/794 113/790/798
s 42
f 25/712/799 308/754/178 157/772/469
f 157/772/469 308/754/178 307/788/425
f 345/711/800 346/737/176 25/712/799
f 25/712/799 346/737/176 308/754/178
f 310/748/617 309/753/615 218/752/801
f 218/752/801 309/753/615 226/736/802
s 1
f 218/752/612 354/767/613 310/748/588
f 310/748/588 354/767/613 355/720/586
f 217/606/690 267/611/691 311/615/686
f 311/615/686 267/611/691 312/623/585
f 313/643/582 312/623/585 216/632/803
f 216/632/803 312/623/585 267/611/691
f 216/632/803 457/653/804 313/643/582
f 313/643/582 457/653/804 458/665/583
s 168
f 315/239/751 314/238/750 281/240/805
f 281/240/805 314/238/750 234/241/806
s 137
f 316/1035/653 315/1032/652 285/1027/656
f 285/1027/656 315/1032/652 281/1029/654
s 169
f 243/249/807 317/246/753 285/248/808
f 285/248/808 317/246/753 316/247/752
s 1
f 318/661/579 479/689/631 215/672/809
f 215/672/809 479/689/631 480/702/810
f 319/648/581 318/661/579 259/628/676
f 259/628/676 318/661/579 215/672/809
f 320/660/575 319/648/581 214/639/599
f 214/639/599 319/648/581 259/628/676
f 321/673/577 320/660/575 297/640/597
f 297/640/597 320/660/575 214/639/599
s 174
f 527/1060/811 528/1056/812 524/1049/773
f 524/1049/773 528/1056/812 525/1052/775
s 1
f 323/808/793 414/792/791 213/794/786
f 213/794/786 414/792/791 415/762/787
s 40
f 323/808/594 213/794/813 324/778/595
f 324/778/595 213/794/813 221/761/814
f 325/793/169 331/777/360 21/743/815
f 21/743/815 331/777/360 332/744/816
f 326/819/171 325/793/169 126/806/400
f 126/806/400 325/793/169 21/743/815
s 12
f 121/46/166 124/45/167 327/43/395
f 327/43/395 124/45/167 328/41/396
s 40
f 124/831/592 219/829/593 328/848/393
f 328/848/393 219/829/593 329/839/357
f 220/807/591 330/805/358 219/829/593
f 219/829/593 330/805/358 329/839/357
f 324/778/595 331/777/360 220/807/591
f 220/807/591 331/777/360 330/805/358
f 331/777/360 324/778/595 332/744/816
f 332/744/816 324/778/595 221/761/814
s 1
f 221/761/788 416/729/789 332/744/782
f 332/744/782 416/729/789 417/717/783
s 174
f 529/1057/817 523/1048/772 530/1053/818
f 530/1053/818 523/1048/772 526/1050/774
s 1
f 334/630/93 296/629/596 335/614/94
f 335/614/94 296/629/596 222/620/598
f 222/620/598 258/608/677 335/614/94
f 335/614/94 258/608/677 336/599/80
f 337/591/82 336/599/80 223/598/819
f 223/598/819 336/599/80 258/608/677
f 483/597/820 484/584/626 223/598/819
f 223/598/819 484/584/626 337/591/82
s 172
f 339/261/761 338/259/759 286/263/821
f 286/263/821 338/259/759 244/265/822
s 137
f 279/1028/655 340/1030/659 286/1026/657
f 286/1026/657 340/1030/659 339/1033/658
s 171
f 233/255/823 341/251/755 279/253/824
f 279/253/824 341/251/755 340/250/754
s 1
f 342/574/43 453/580/44 224/585/825
f 224/585/825 453/580/44 454/592/826
f 343/586/88 342/574/43 268/593/689
f 268/593/689 342/574/43 224/585/825
f 344/601/693 343/586/88 225/600/688
f 225/600/688 343/586/88 268/593/689
f 352/684/121 353/723/611 345/711/122
f 345/711/122 353/723/611 226/736/610
s 42
f 346/737/176 345/711/800 309/753/615
f 309/753/615 345/711/800 226/736/802
f 347/771/177 346/737/176 227/770/614
f 227/770/614 346/737/176 309/753/615
f 348/812/424 347/771/177 228/798/618
f 228/798/618 347/771/177 227/770/614
f 348/812/424 228/798/618 349/823/464
f 349/823/464 228/798/618 152/799/619
s 14
f 152/62/182 151/61/183 349/59/459
f 349/59/459 151/61/183 350/57/460
s 1
f 33/594/692 344/601/693 385/607/827
f 385/607/827 344/601/693 384/610/828
f 383/612/829 384/610/828 225/600/688
f 225/600/688 384/610/828 344/601/693
f 382/616/830 383/612/829 217/606/690
f 217/606/690 383/612/829 225/600/688
f 381/634/831 382/616/830 311/615/686
f 311/615/686 382/616/830 217/606/690
f 380/654/832 381/634/831 36/633/687
f 36/633/687 381/634/831 311/615/686
s 58
f 27/749/833 375/721/834 145/768/453
f 145/768/453 375/721/834 376/750/454
f 27/749/833 356/735/835 375/721/834
f 375/721/834 356/735/835 374/709/836
s 1
f 356/735/587 355/720/586 374/709/837
f 374/709/837 355/720/586 373/697/838
s 189
f 539/1064/839 541/1065/840 540/1066/841
f 540/1066/841 541/1065/840 542/1068/842
f 543/1069/843 544/1067/844 539/1064/839
f 539/1064/839 544/1067/844 541/1065/840
f 543/1069/843 545/1071/845 544/1067/844
f 544/1067/844 545/1071/845 546/1074/846
s 1
f 372/668/847 352/684/121 371/656/848
f 371/656/848 352/684/121 351/699/123
s 53
f 371/656/849 351/699/850 370/685/851
f 370/685/851 351/699/850 25/712/852
f 369/669/475 370/685/851 160/700/477
f 160/700/477 370/685/851 25/712/852
s 14
f 162/148/111 161/147/112 367/146/478
f 367/146/478 161/147/112 368/145/479
s 53
f 161/626/427 387/637/428 368/647/474
f 387/637/428 388/659/853 368/647/474
f 388/659/853 369/669/475 368/647/474
f 389/657/854 370/685/851 388/659/853
f 388/659/853 370/685/851 369/669/475
f 390/635/855 371/656/849 389/657/854
f 389/657/854 371/656/849 370/685/851
s 1
f 390/635/856 391/646/857 371/656/848
f 371/656/848 391/646/857 372/668/847
s 189
f 546/1074/846 547/1075/858 544/1067/844
f 544/1067/844 547/1075/858 548/1072/859
f 541/1065/840 544/1067/844 549/1070/860
f 549/1070/860 544/1067/844 548/1072/859
f 541/1065/840 549/1070/860 542/1068/842
f 542/1068/842 549/1070/860 550/1073/861
s 1
f 374/709/837 373/697/838 393/667/862
f 393/667/862 373/697/838 392/682/863
s 58
f 375/721/834 374/709/836 394/698/864
f 394/698/864 374/709/836 393/667/865
f 376/750/454 375/721/834 395/722/866
f 395/722/866 375/721/834 394/698/864
f 395/722/866 396/751/456 376/750/454
s 14
f 144/185/119 143/184/120 377/182/449
f 143/184/120 399/183/867 377/182/449
f 399/183/867 378/181/450 377/182/449
s 58
f 358/683/419 359/655/868 379/680/422
f 379/680/422 359/655/868 380/654/432
s 1
f 360/645/869 381/634/831 359/655/870
f 359/655/870 381/634/831 380/654/832
f 360/645/869 361/624/871 381/634/831
f 381/634/831 361/624/871 382/616/830
f 362/622/872 383/612/829 361/624/871
f 361/624/871 383/612/829 382/616/830
f 363/625/873 384/610/828 362/622/872
f 362/622/872 384/610/828 383/612/829
f 385/607/827 384/610/828 364/617/874
f 364/617/874 384/610/828 363/625/873
s 53
f 385/607/218 364/617/875 386/618/220
f 386/618/220 364/617/875 365/636/876
f 386/618/220 365/636/876 387/637/428
f 387/637/428 365/636/876 366/658/877
f 388/266/853 387/267/428 366/268/877
f 365/636/876 389/657/854 366/658/877
f 366/658/877 389/657/854 388/659/853
f 364/617/875 390/635/855 365/636/876
f 365/636/876 390/635/855 389/657/854
s 1
f 364/617/874 363/625/873 390/635/856
f 390/635/856 363/625/873 391/646/857
s 189
f 547/1075/858 551/1078/878 548/1072/859
f 548/1072/859 551/1078/878 552/1076/879
f 548/1072/859 552/1076/879 549/1070/860
f 549/1070/860 552/1076/879 553/1079/880
f 550/1073/861 549/1070/860 554/1077/881
f 554/1077/881 549/1070/860 553/1079/880
s 1
f 392/682/863 360/645/869 393/667/862
f 393/667/862 360/645/869 359/655/870
s 58
f 394/698/864 393/667/865 358/683/419
f 358/683/419 393/667/865 359/655/868
f 395/722/866 394/698/864 357/710/418
f 357/710/418 394/698/864 358/683/419
f 144/695/420 377/734/882 357/710/418
f 357/710/418 377/734/882 395/722/866
f 377/734/882 396/751/456 395/722/866
f 397/786/455 396/751/456 68/769/883
f 68/769/883 396/751/456 377/734/882
s 14
f 398/177/236 397/178/237 67/179/452
f 67/179/452 397/178/237 68/180/451
s 56
f 399/981/232 398/999/233 378/1012/884
f 378/1012/884 398/999/233 67/1018/885
s 12
f 401/387/408 400/386/409 135/385/371
f 135/385/371 400/386/409 136/384/372
s 51
f 135/731/779 420/705/780 401/677/406
g textureEditorIsolateSelectSet pCube1
f 420/705/780 421/663/886 401/677/406
g pCube1
f 421/663/886 402/651/361 401/677/406
f 422/650/887 403/631/362 421/663/886
f 421/663/886 403/631/362 402/651/361
f 423/662/888 404/641/365 422/650/887
f 422/650/887 404/641/365 403/631/362
s 1
f 424/674/889 405/649/770 423/662/890
f 423/662/890 405/649/770 404/641/771
s 174
f 523/1048/772 529/1057/817 532/1054/891
f 532/1054/891 529/1057/817 531/1062/892
f 532/1054/891 533/1051/893 523/1048/772
f 523/1048/772 533/1051/893 524/1049/773
f 533/1051/893 534/1055/894 524/1049/773
f 524/1049/773 534/1055/894 527/1060/811
s 1
f 406/716/777 425/728/895 407/703/776
f 407/703/776 425/728/895 426/738/896
s 46
f 408/701/192 407/703/356 427/724/897
f 427/724/897 407/703/356 426/738/898
f 409/725/194 408/701/192 428/739/899
f 428/739/899 408/701/192 427/724/897
f 428/739/899 429/757/376 409/725/194
s 12
f 411/372/383 410/370/384 432/368/900
f 410/370/384 113/366/98 432/368/900
f 113/366/98 116/365/97 432/368/900
s 46
f 305/755/797 304/773/901 412/789/794
f 412/789/794 304/773/901 413/803/795
s 1
f 322/760/902 414/792/791 304/773/903
f 304/773/903 414/792/791 413/803/790
f 414/792/791 322/760/902 415/762/787
f 415/762/787 322/760/902 303/779/904
f 416/729/789 415/762/787 302/745/905
f 302/745/905 415/762/787 303/779/904
f 302/745/905 333/690/906 416/729/789
f 417/717/783 416/729/789 333/690/906
f 418/718/785 417/717/783 301/691/907
f 301/691/907 417/717/783 333/690/906
s 51
f 418/718/781 301/691/908 419/704/778
f 419/704/778 301/691/908 300/675/909
f 419/704/778 300/675/909 420/705/780
f 420/705/780 300/675/909 299/676/910
g textureEditorIsolateSelectSet pCube1
f 421/663/886 420/705/780 299/676/910
g pCube1
f 300/675/909 422/650/887 299/676/910
f 299/676/910 422/650/887 421/663/886
f 301/691/908 423/662/888 300/675/909
f 300/675/909 423/662/888 422/650/887
s 1
f 301/691/907 333/690/906 423/662/890
f 423/662/890 333/690/906 424/674/889
s 174
f 531/1062/892 535/1063/911 532/1054/891
f 532/1054/891 535/1063/911 536/1061/912
f 536/1061/912 537/1058/913 532/1054/891
f 532/1054/891 537/1058/913 533/1051/893
f 534/1055/894 533/1051/893 538/1059/914
f 538/1059/914 533/1051/893 537/1058/913
s 1
f 425/728/895 322/760/902 426/738/896
f 426/738/896 322/760/902 304/773/903
s 46
f 427/724/897 426/738/898 305/755/797
f 305/755/797 426/738/898 304/773/901
f 428/739/899 427/724/897 306/756/796
f 306/756/796 427/724/897 305/755/797
f 113/790/798 410/774/915 306/756/796
f 306/756/796 410/774/915 428/739/899
f 410/774/915 429/757/376 428/739/899
f 430/740/375 429/757/376 53/775/916
f 53/775/916 429/757/376 410/774/915
s 12
f 431/115/377 430/116/378 54/117/381
f 54/117/381 430/116/378 53/118/382
s 47
f 432/1008/380 431/990/379 411/1017/917
f 431/990/379 54/1019/918 411/1017/917
s 1
f 37/719/704 461/733/705 433/747/919
f 433/747/919 461/733/705 462/764/920
f 434/781/921 236/732/700 435/765/922
f 435/765/922 236/732/700 241/746/702
f 475/782/923 476/776/698 436/791/924
f 436/791/924 476/776/698 40/758/699
s 60
f 37/719/925 517/766/926 105/785/324
f 105/785/324 517/766/926 518/797/325
f 516/784/927 517/766/926 433/747/928
f 37/719/925 433/747/928 517/766/926
s 1
f 462/764/920 515/783/929 433/747/919
f 433/747/919 515/783/929 516/784/930
s 199
f 555/1080/931 556/1081/932 558/1082/933
f 558/1082/933 556/1081/932 557/1084/934
s 1
f 513/815/935 514/814/936 436/791/924
f 436/791/924 514/814/936 475/782/923
s 66
f 513/815/937 436/791/938 512/804/939
f 512/804/939 436/791/938 40/758/940
f 511/826/312 512/804/939 96/816/314
f 96/816/314 512/804/939 40/758/940
s 1
f 446/561/519 445/572/518 2/570/534
f 2/570/534 445/572/518 201/583/564
f 2/570/534 489/559/621 446/561/519
f 446/561/519 489/559/621 490/547/540
f 448/527/2 447/532/670 229/538/668
f 229/538/668 447/532/670 248/546/669
f 449/530/4 448/527/2 230/534/666
f 230/534/666 448/527/2 229/538/668
f 450/543/26 449/530/4 231/542/665
f 231/542/665 449/530/4 230/534/666
f 451/558/28 450/543/26 256/557/663
f 256/557/663 450/543/26 231/542/665
f 452/568/42 451/558/28 232/567/941
f 232/567/941 451/558/28 256/557/663
f 453/580/44 452/568/42 341/577/942
f 341/577/942 452/568/42 232/567/941
f 454/592/826 453/580/44 233/589/943
f 233/589/943 453/580/44 341/577/942
s 163
f 455/469/721 454/467/719 279/471/944
f 279/471/944 454/467/719 233/473/945
s 137
f 456/1034/607 455/1031/605 281/1029/654
f 281/1029/654 455/1031/605 279/1028/655
s 164
f 234/479/946 457/475/723 281/477/947
f 281/477/947 457/475/723 456/474/722
s 1
f 458/665/583 457/653/804 314/679/948
f 314/679/948 457/653/804 234/694/949
f 459/678/58 458/665/583 235/692/950
f 235/692/950 458/665/583 314/679/948
f 460/707/60 459/678/58 274/706/701
f 274/706/701 459/678/58 235/692/950
f 461/733/705 460/707/60 236/732/700
f 236/732/700 460/707/60 274/706/701
f 461/733/705 236/732/700 462/764/920
f 462/764/920 236/732/700 434/781/921
s 199
f 559/1092/951 560/1088/952 556/1081/932
f 556/1081/932 560/1088/952 557/1084/934
s 1
f 464/840/138 463/832/137 237/849/646
f 237/849/646 463/832/137 440/856/644
s 33
f 464/840/642 237/849/953 465/857/643
f 465/857/643 237/849/953 240/864/954
f 472/869/277 473/861/955 466/875/278
f 466/875/278 473/861/955 18/860/956
f 466/875/278 18/860/956 467/878/142
f 467/878/142 18/860/956 84/883/144
s 2
f 81/106/287 82/104/288 468/101/153
f 468/101/153 82/104/288 469/102/154
s 33
f 82/872/641 238/865/639 469/876/289
f 469/876/289 238/865/639 470/871/273
f 238/865/639 239/858/638 470/871/273
f 470/871/273 239/858/638 471/870/274
f 239/858/638 465/857/643 471/870/274
f 471/870/274 465/857/643 472/869/277
f 473/861/955 472/869/277 240/864/954
f 240/864/954 472/869/277 465/857/643
s 1
f 441/863/645 474/854/634 240/864/647
f 240/864/647 474/854/634 473/861/636
s 199
f 561/1089/957 555/1080/931 562/1085/958
f 562/1085/958 555/1080/931 558/1082/933
s 1
f 476/776/698 475/782/923 241/746/702
f 241/746/702 475/782/923 435/765/922
f 241/746/702 273/759/703 476/776/698
f 476/776/698 273/759/703 477/727/633
f 478/714/630 477/727/633 242/741/959
f 242/741/959 477/727/633 273/759/703
f 242/741/959 317/726/960 478/714/630
f 478/714/630 317/726/960 479/689/631
f 480/702/810 479/689/631 243/715/961
f 243/715/961 479/689/631 317/726/960
s 161
f 481/455/737 480/454/736 285/456/962
f 285/456/962 480/454/736 243/457/963
s 137
f 285/1027/656 286/1026/657 481/1025/628
f 481/1025/628 286/1026/657 482/1024/629
s 162
f 244/465/964 483/462/735 286/464/965
f 286/464/965 483/462/735 482/463/734
s 1
f 244/604/966 338/590/967 483/597/820
f 483/597/820 338/590/967 484/584/626
f 485/573/627 484/584/626 245/578/968
f 245/578/968 484/584/626 338/590/967
f 245/578/968 255/563/662 485/573/627
f 485/573/627 255/563/662 486/566/625
f 487/562/622 486/566/625 246/550/664
f 246/550/664 486/566/625 255/563/662
f 246/550/664 247/549/667 487/562/622
f 487/562/622 247/549/667 488/560/620
f 247/549/667 248/546/669 488/560/620
f 488/560/620 248/546/669 489/559/621
f 489/559/621 248/546/669 490/547/540
f 490/547/540 248/546/669 447/532/670
f 490/547/540 447/532/670 491/539/537
f 491/539/537 447/532/670 249/529/671
f 491/539/537 249/529/671 492/541/539
f 492/541/539 249/529/671 250/533/672
f 492/541/539 250/533/672 493/548/554
f 493/548/554 250/533/672 197/540/673
s 4
f 197/204/524 200/205/525 493/206/559
f 493/206/559 200/205/525 494/207/560
s 2
f 496/84/969 495/82/970 93/80/299
f 93/80/299 495/82/970 94/78/300
s 66
f 93/868/296 444/855/297 496/862/971
f 496/862/971 444/855/297 497/845/972
f 443/853/295 498/837/973 444/855/297
f 444/855/297 498/837/973 497/845/972
f 443/853/295 442/844/298 498/837/973
f 498/837/973 442/844/298 499/825/974
s 1
f 474/854/634 500/836/975 442/844/635
f 442/844/635 500/836/975 499/825/976
s 199
f 563/1094/977 565/1095/978 564/1086/979
f 564/1086/979 565/1095/978 566/1093/980
f 566/1093/980 567/1090/981 564/1086/979
f 564/1086/979 567/1090/981 568/1083/982
f 569/1087/983 568/1083/982 570/1091/984
f 570/1091/984 568/1083/982 567/1090/981
s 1
f 502/796/985 501/809/986 439/820/139
f 439/820/139 501/809/986 463/832/137
s 60
f 502/796/987 439/820/245 503/810/988
f 503/810/988 439/820/245 438/833/247
f 504/821/989 503/810/988 437/834/335
f 437/834/335 503/810/988 438/833/247
f 504/821/989 437/834/335 505/842/990
f 505/842/990 437/834/335 106/851/336
s 2
f 506/158/991 505/156/992 103/154/337
f 103/154/337 505/156/992 106/152/338
s 64
f 507/940/292 87/951/261 508/970/294
f 508/970/294 87/951/261 94/988/993
f 94/988/993 495/1006/994 508/970/294
f 509/1007/310 508/970/294 495/1006/994
s 2
f 510/88/307 509/86/308 496/84/969
f 496/84/969 509/86/308 495/82/970
s 66
f 496/862/971 497/845/972 510/846/311
f 510/846/311 497/845/972 511/826/312
f 497/845/972 498/837/973 511/826/312
f 511/826/312 498/837/973 512/804/939
f 498/837/973 499/825/974 512/804/939
f 512/804/939 499/825/974 513/815/937
s 1
f 499/825/976 500/836/975 513/815/935
f 513/815/935 500/836/975 514/814/936
s 199
f 555/1080/931 561/1089/957 564/1086/979
f 564/1086/979 561/1089/957 563/1094/977
f 564/1086/979 568/1083/982 555/1080/931
f 555/1080/931 568/1083/982 556/1081/932
f 568/1083/982 569/1087/983 556/1081/932
f 556/1081/932 569/1087/983 559/1092/951
s 1
f 515/783/929 501/809/986 516/784/930
f 516/784/930 501/809/986 502/796/985
s 60
f 516/784/927 502/796/987 517/766/926
f 517/766/926 502/796/987 503/810/988
f 517/766/926 503/810/988 518/797/325
f 518/797/325 503/810/988 504/821/989
f 518/797/325 504/821/989 519/822/327
f 519/822/327 504/821/989 505/842/990
s 2
f 520/162/330 519/160/331 506/158/991
f 506/158/991 519/160/331 505/156/992
s 62
f 103/1001/995 521/983/252 506/1014/996
f 521/983/252 520/1013/251 506/1014/996
f 522/949/320 521/983/252 97/966/316
f 97/966/316 521/983/252 103/1001/995
s 210
f 297/269/997 296/270/998 525/271/999
f 525/271/999 296/270/998 526/272/1000
f 406/278/1001 321/275/1002 527/277/1003
f 527/277/1003 321/275/1002 528/273/1004
f 321/275/1002 297/269/997 528/273/1004
f 528/273/1004 297/269/997 525/271/999
f 334/490/1005 405/491/1006 530/492/1007
f 530/492/1007 405/491/1006 529/493/1008
f 296/270/998 334/274/1005 526/272/1000
f 526/272/1000 334/274/1005 530/276/1007
f 405/491/1006 424/494/1009 529/493/1008
f 529/493/1008 424/494/1009 531/495/1010
f 425/496/1011 406/497/1001 534/498/1012
f 534/498/1012 406/497/1001 527/499/1003
f 424/285/1009 333/279/1013 531/283/1010
f 531/283/1010 333/279/1013 535/281/1014
f 333/279/1013 302/280/1015 535/281/1014
f 535/281/1014 302/280/1015 536/282/1016
f 302/280/1015 303/284/1017 536/282/1016
f 536/282/1016 303/284/1017 537/286/1018
f 322/501/1019 425/496/1011 538/500/1020
f 538/500/1020 425/496/1011 534/498/1012
f 303/284/1017 322/287/1019 537/286/1018
f 537/286/1018 322/287/1019 538/288/1020
s 213
f 355/295/1021 354/289/1022 540/293/1023
f 540/293/1023 354/289/1022 539/291/1024
f 373/502/1025 355/503/1021 542/504/1026
f 542/504/1026 355/503/1021 540/505/1023
f 354/289/1022 353/290/1027 539/291/1024
f 539/291/1024 353/290/1027 543/292/1028
f 353/290/1027 352/294/1029 543/292/1028
f 543/292/1028 352/294/1029 545/296/1030
f 352/294/1029 372/297/1031 545/296/1030
f 545/296/1030 372/297/1031 546/298/1032
f 372/508/1031 391/509/1033 546/510/1032
f 546/510/1032 391/509/1033 547/511/1034
f 392/507/1035 373/502/1025 550/506/1036
f 550/506/1036 373/502/1025 542/504/1026
f 391/509/1033 363/512/1037 547/511/1034
f 547/511/1034 363/512/1037 551/513/1038
f 363/305/1037 362/299/1039 551/303/1038
f 551/303/1038 362/299/1039 552/301/1040
f 362/299/1039 361/300/1041 552/301/1040
f 552/301/1040 361/300/1041 553/302/1042
f 361/300/1041 360/304/1043 553/302/1042
f 553/302/1042 360/304/1043 554/306/1044
f 360/304/1043 392/307/1035 554/306/1044
f 554/306/1044 392/307/1035 550/308/1036
s 214
f 434/514/1045 435/515/1046 557/516/1047
f 557/516/1047 435/515/1046 558/517/1048
f 515/309/1049 462/310/1050 559/311/1051
f 559/311/1051 462/310/1050 560/312/1052
f 462/310/1050 434/314/1045 560/312/1052
f 560/312/1052 434/314/1045 557/316/1047
f 475/328/1053 514/325/1054 562/327/1055
f 562/327/1055 514/325/1054 561/323/1056
f 435/515/1046 475/518/1053 558/517/1048
f 558/517/1048 475/518/1053 562/519/1055
f 500/319/1057 474/320/1058 563/321/1059
f 563/321/1059 474/320/1058 565/322/1060
f 474/320/1058 441/324/1061 565/322/1060
f 565/322/1060 441/324/1061 566/326/1062
f 441/520/1061 440/521/1063 566/522/1062
f 566/522/1062 440/521/1063 567/523/1064
f 463/318/1065 501/315/1066 570/317/1067
f 570/317/1067 501/315/1066 569/313/1068
f 440/521/1063 463/524/1065 567/523/1064
f 567/523/1064 463/524/1065 570/525/1067
f 514/325/1054 500/319/1057 561/323/1056
f 561/323/1056 500/319/1057 563/321/1059
f 501/315/1066 515/309/1049 569/313/1068
f 569/313/1068 515/309/1049 559/311/1051
