# This file uses meters as units for non-parametric coordinates.

mtllib Forke.mtl
g default
v 0.283787 0.000000 0.674613
v 0.533344 0.000000 0.549950
v 0.718573 0.000000 0.358954
v 0.817131 0.000000 0.124664
v 0.817132 0.000000 -0.124663
v 0.718573 0.000000 -0.358954
v 0.533345 0.000000 -0.549949
v 0.283787 0.000000 -0.674613
v 0.000000 0.000000 -0.717908
v -0.283787 0.000000 -0.674613
v -0.533345 0.000000 -0.549949
v -0.718573 0.000000 -0.358954
v -0.817131 0.000000 -0.124663
v -0.817132 0.000000 0.124663
v -0.718573 0.000000 0.358954
v -0.533345 0.000000 0.549949
v -0.283787 0.000000 0.674613
v 0.000000 0.000000 0.717908
v 0.000000 0.000000 0.000000
v 0.551634 3.341734 1.311336
v 0.000000 3.341734 1.395494
v -0.551635 3.341734 1.311336
v -1.036734 3.341734 1.069010
v -1.396788 3.341734 0.697747
v -1.588369 3.341734 0.242325
v -1.588369 3.341734 -0.242325
v -1.396788 3.341734 -0.697747
v -1.036734 3.341734 -1.069011
v -0.551634 3.341734 -1.311336
v 0.000000 3.341734 -1.395494
v 0.551635 3.341734 -1.311336
v 1.036734 3.341734 -1.069010
v 1.396788 3.341734 -0.697747
v 1.588369 3.341734 -0.242325
v 1.588369 3.341734 0.242325
v 1.396788 3.341734 0.697747
v 1.036734 3.341734 1.069011
v 0.571543 1.142270 1.358664
v 0.000000 1.142270 1.445859
v -0.571544 1.142270 1.358663
v -1.074151 1.142270 1.107593
v -1.447200 1.142270 0.722929
v -1.645695 1.142270 0.251070
v -1.645695 1.142270 -0.251071
v -1.447200 1.142270 -0.722930
v -1.074151 1.142270 -1.107593
v -0.571544 1.142270 -1.358664
v 0.000000 1.142270 -1.445859
v 0.571544 1.142270 -1.358663
v 1.074152 1.142270 -1.107592
v 1.447200 1.142270 -0.722929
v 1.645695 1.142270 -0.251070
v 1.645695 1.142270 0.251071
v 1.447200 1.142270 0.722930
v 1.074151 1.142270 1.107593
v 0.445115 6.584481 1.058119
v 0.000000 6.584481 1.126027
v -0.445115 6.584481 1.058119
v -0.836543 6.584481 0.862587
v -1.127071 6.584481 0.563014
v -1.281658 6.584481 0.195532
v -1.281658 6.584481 -0.195533
v -1.127071 6.584481 -0.563014
v -0.836543 6.584481 -0.862587
v -0.445115 6.584481 -1.058119
v 0.000000 6.584481 -1.126027
v 0.445115 6.584481 -1.058119
v 0.836543 6.584481 -0.862586
v 1.127071 6.584481 -0.563013
v 1.281658 6.584481 -0.195532
v 1.281658 6.584481 0.195533
v 1.127071 6.584481 0.563014
v 0.836542 6.584481 0.862587
v 0.465031 0.511511 1.105463
v 0.000000 0.511511 1.176409
v -0.465031 0.511511 1.105463
v -0.873973 0.511511 0.901182
v -1.177500 0.511511 0.588205
v -1.339004 0.511511 0.204281
v -1.339004 0.511511 -0.204282
v -1.177500 0.511511 -0.588205
v -0.873972 0.511511 -0.901182
v -0.465031 0.511511 -1.105463
v 0.000000 0.511511 -1.176409
v 0.465031 0.511511 -1.105463
v 0.873973 0.511511 -0.901182
v 1.177500 0.511511 -0.588204
v 1.339004 0.511511 -0.204281
v 1.339004 0.511511 0.204282
v 1.177500 0.511511 0.588205
v 0.873972 0.511511 0.901182
v 0.610754 2.089258 1.451876
v 0.000000 2.089258 1.545054
v -0.610755 2.089258 1.451876
v -1.147844 2.089258 1.183580
v -1.546486 2.089258 0.772527
v -1.758599 2.089258 0.268296
v -1.758599 2.089258 -0.268296
v -1.546486 2.089258 -0.772527
v -1.147844 2.089258 -1.183580
v -0.610755 2.089258 -1.451876
v 0.000000 2.089258 -1.545054
v 0.610755 2.089258 -1.451875
v 1.147844 2.089258 -1.183579
v 1.546486 2.089258 -0.772527
v 1.758599 2.089258 -0.268295
v 1.758599 2.089258 0.268296
v 1.546486 2.089258 0.772527
v 1.147844 2.089258 1.183580
v 0.465031 5.245657 1.105463
v 0.000000 5.245657 1.176409
v -0.465031 5.245657 1.105463
v -0.873973 5.245657 0.901182
v -1.177500 5.245657 0.588205
v -1.339004 5.245657 0.204281
v -1.339004 5.245657 -0.204282
v -1.177500 5.245657 -0.588205
v -0.873972 5.245657 -0.901182
v -0.465031 5.245657 -1.105463
v 0.000000 5.245657 -1.176409
v 0.465031 5.245657 -1.105463
v 0.873973 5.245657 -0.901182
v 1.177500 5.245657 -0.588204
v 1.339004 5.245657 -0.204281
v 1.339004 5.245657 0.204282
v 1.177500 5.245657 0.588205
v 0.873972 5.245657 0.901182
v 0.426077 8.030064 1.012864
v 0.000000 8.030064 1.077867
v -0.426078 8.030064 1.012864
v -0.800764 8.030064 0.825694
v -1.078867 8.030064 0.538934
v -1.226842 8.030064 0.187170
v -1.226842 8.030064 -0.187170
v -1.078867 8.030064 -0.538934
v -0.800764 8.030064 -0.825694
v -0.426077 8.030064 -1.012864
v 0.000000 8.030064 -1.077867
v 0.426078 8.030064 -1.012864
v 0.800764 8.030064 -0.825694
v 1.078867 8.030064 -0.538934
v 1.226842 8.030064 -0.187169
v 1.226842 8.030064 0.187170
v 1.078866 8.030064 0.538934
v 0.800764 8.030064 0.825695
v 0.426077 8.977228 1.012864
v 0.000000 8.977228 1.077867
v -0.426078 8.977228 1.012864
v -0.800764 8.977228 0.825694
v -1.078867 8.977228 0.538934
v -1.226842 8.977228 0.187170
v -1.226842 8.977228 -0.187170
v -1.078867 8.977228 -0.538934
v -0.800764 8.977228 -0.825694
v -0.426077 8.977228 -1.012864
v 0.000000 8.977228 -1.077867
v 0.426078 8.977228 -1.012864
v 0.800764 8.977228 -0.825694
v 1.078867 8.977228 -0.538934
v 1.226842 8.977228 -0.187169
v 1.226842 8.977228 0.187170
v 1.078866 8.977228 0.538934
v 0.800764 8.977228 0.825695
v 0.446609 9.991434 1.077551
v 0.840941 9.991434 0.880568
v 0.000000 9.991434 0.000000
v 1.135775 9.991434 0.576555
v 1.293885 9.991434 0.200698
v 1.293886 9.991434 -0.200697
v 1.135775 9.991434 -0.576555
v 0.840942 9.991434 -0.880567
v 0.446609 9.991434 -1.077551
v 0.000000 9.991434 -1.145687
v -0.446609 9.991434 -1.077551
v -0.840941 9.991434 -0.880568
v -1.135775 9.991434 -0.576555
v -1.293886 9.991434 -0.200697
v -1.293886 9.991434 0.200697
v -1.135775 9.991434 0.576555
v -0.840941 9.991434 0.880567
v -0.446609 9.991434 1.077551
v 0.000000 9.991434 1.145687
v 0.446609 8.977228 1.077551
v 0.000000 8.977228 1.145687
v -0.446609 8.977228 1.077551
v -0.840942 8.977228 0.880567
v -1.135775 8.977228 0.576555
v -1.293886 8.977228 0.200697
v -1.293886 8.977228 -0.200697
v -1.135775 8.977228 -0.576555
v -0.840941 8.977228 -0.880568
v -0.446609 8.977228 -1.077551
v 0.000000 8.977228 -1.145687
v 0.446609 8.977228 -1.077551
v 0.840942 8.977228 -0.880567
v 1.135775 8.977228 -0.576555
v 1.293886 8.977228 -0.200697
v 1.293885 8.977228 0.200698
v 1.135775 8.977228 0.576555
v 0.840941 8.977228 0.880568
v -0.000000 8.402441 0.183597
v 0.000000 8.402441 -0.183597
v 0.000000 15.965556 0.039928
v 0.000000 15.965556 0.235509
v 0.000000 14.695314 -0.129819
v 0.000000 14.695314 0.129819
v -0.000000 16.900051 0.477422
v 0.000000 16.900051 0.262186
v -0.000000 17.239307 0.552271
v 0.000000 17.367298 0.322825
v 0.000000 16.432804 0.169347
v -0.000000 16.432804 0.370374
v 0.193089 8.402441 0.183597
v 0.196610 14.695314 0.129819
v 0.212134 15.965556 0.235509
v 0.304816 16.432804 0.370374
v 0.386742 16.900051 0.477422
v 0.468669 17.239307 0.552271
v 0.468669 17.367298 0.322825
v 0.386743 16.900051 0.262186
v 0.304816 16.432804 0.169347
v 0.212134 15.965556 0.039928
v 0.196610 14.695314 -0.129819
v 0.193089 8.402441 -0.183597
v -0.193089 8.402441 0.183597
v -0.196610 14.695314 0.129819
v -0.212134 15.965556 0.235509
v -0.304816 16.432804 0.370374
v -0.386743 16.900051 0.477422
v -0.468669 17.239307 0.552271
v -0.468669 17.367298 0.322825
v -0.386742 16.900051 0.262186
v -0.304816 16.432804 0.169347
v -0.212134 15.965556 0.039928
v -0.196610 14.695314 -0.129819
v -0.193089 8.402441 -0.183597
v 0.096544 8.402441 0.183597
v 0.098305 14.695314 0.129819
v 0.106067 15.965556 0.235509
v 0.152408 16.432804 0.370374
v 0.193371 16.900051 0.477422
v 0.234334 17.239307 0.552271
v 0.234335 17.367298 0.322825
v 0.193371 16.900051 0.262186
v 0.152408 16.432804 0.169347
v 0.106067 15.965556 0.039928
v 0.098305 14.695314 -0.129819
v 0.096545 8.402441 -0.183597
v -0.096544 8.402441 -0.183597
v -0.098305 14.695314 -0.129819
v -0.106067 15.965556 0.039928
v -0.152408 16.432804 0.169347
v -0.193371 16.900051 0.262186
v -0.234334 17.367298 0.322825
v -0.234334 17.239307 0.552271
v -0.193371 16.900051 0.477422
v -0.152408 16.432804 0.370374
v -0.106067 15.965556 0.235509
v -0.098305 14.695314 0.129819
v -0.096545 8.402441 0.183597
v -0.187866 15.403430 0.114178
v -0.093933 15.403430 0.114178
v -0.000000 15.403430 0.114178
v 0.093933 15.403430 0.114178
v 0.187866 15.403430 0.114178
v 0.187866 15.403430 -0.114178
v 0.093933 15.403430 -0.114178
v 0.000000 15.403430 -0.114178
v -0.093933 15.403430 -0.114178
v -0.187866 15.403430 -0.114178
v -0.144817 8.402441 0.183597
v -0.147458 14.695314 0.129819
v -0.140900 15.403430 0.114178
v -0.159101 15.965556 0.235509
v -0.228612 16.432804 0.370374
v -0.290057 16.900051 0.477422
v -0.351502 17.239307 0.552271
v -0.351502 17.367298 0.322825
v -0.290057 16.900051 0.262186
v -0.228612 16.432804 0.169347
v -0.159101 15.965556 0.039928
v -0.140900 15.403430 -0.114178
v -0.147458 14.695314 -0.129819
v -0.144817 8.402441 -0.183597
v -0.048272 8.402441 -0.183597
v -0.049153 14.695314 -0.129819
v -0.046967 15.403430 -0.114178
v -0.053033 15.965556 0.039928
v -0.076204 16.432804 0.169347
v -0.096685 16.900051 0.262186
v -0.117167 17.367298 0.322825
v -0.117167 17.239307 0.552271
v -0.096686 16.900051 0.477422
v -0.076204 16.432804 0.370374
v -0.053034 15.965556 0.235509
v -0.046967 15.403430 0.114178
v -0.049153 14.695314 0.129819
v -0.048272 8.402441 0.183597
v 0.048272 8.402441 0.183597
v 0.049153 14.695314 0.129819
v 0.046967 15.403430 0.114178
v 0.053034 15.965556 0.235509
v 0.076204 16.432804 0.370374
v 0.096686 16.900051 0.477422
v 0.117167 17.239307 0.552271
v 0.117167 17.367298 0.322825
v 0.096686 16.900051 0.262186
v 0.076204 16.432804 0.169347
v 0.053034 15.965556 0.039928
v 0.046967 15.403430 -0.114178
v 0.049153 14.695314 -0.129819
v 0.048272 8.402441 -0.183597
v 0.144817 8.402441 -0.183597
v 0.147458 14.695314 -0.129819
v 0.140900 15.403430 -0.114178
v 0.159101 15.965556 0.039928
v 0.228612 16.432804 0.169347
v 0.290057 16.900051 0.262186
v 0.351502 17.367298 0.322825
v 0.351502 17.239307 0.552271
v 0.290057 16.900051 0.477422
v 0.228612 16.432804 0.370374
v 0.159101 15.965556 0.235509
v 0.140900 15.403430 0.114178
v 0.147458 14.695314 0.129819
v 0.144817 8.402441 0.183597
v -0.358474 8.402441 0.183597
v -0.378063 8.402441 0.175482
v -0.386178 8.402441 0.155891
v -0.393220 14.694889 0.102115
v -0.385105 14.695292 0.121702
v -0.365514 14.695662 0.129811
v 0.386178 8.402441 0.155891
v 0.378063 8.402441 0.175482
v 0.358474 8.402441 0.183597
v 0.393220 14.694889 0.102115
v 0.385105 14.695292 0.121702
v 0.365514 14.695662 0.129811
v -1.068891 17.831522 0.353199
v -1.088344 17.833294 0.361403
v -1.096473 17.833284 0.380971
v -1.151544 17.367298 0.350681
v -1.143310 17.367298 0.330984
v -1.123431 17.367298 0.322825
v 1.116939 17.833273 0.381010
v 1.108819 17.833424 0.361427
v 1.089322 17.831978 0.353229
v 1.151544 17.367298 0.350705
v 1.143427 17.367298 0.330991
v 1.123831 17.367298 0.322825
v -0.000000 17.565369 0.593306
v -0.000000 17.586185 0.587006
v -0.000000 17.595150 0.567412
v 0.145056 17.588856 0.593680
v 0.139872 17.608753 0.587202
v 0.137649 17.617287 0.567611
v 0.000000 17.595150 0.379405
v 0.000000 17.587704 0.359817
v 0.000000 17.569046 0.349895
v 0.137649 17.617287 0.379598
v 0.139534 17.610052 0.360009
v 0.144239 17.591995 0.350304
v -0.474540 15.965556 0.235509
v -0.494070 15.965556 0.227083
v -0.502160 15.965556 0.206741
v -0.978271 16.432804 0.341867
v -0.970099 16.432804 0.362024
v -0.950372 16.432804 0.370374
v -0.473280 15.979568 0.043809
v -0.493478 15.969769 0.050184
v -0.502160 15.965556 0.070163
v -0.410223 15.403430 -0.085823
v -0.401917 15.403430 -0.105873
v -0.381866 15.403430 -0.114178
v 0.502160 15.965556 0.070163
v 0.493478 15.969769 0.050184
v 0.473280 15.979568 0.043809
v 0.410223 15.403430 -0.085823
v 0.401917 15.403430 -0.105873
v 0.381866 15.403430 -0.114178
v 0.502160 15.965556 0.206741
v 0.494070 15.965556 0.227083
v 0.474540 15.965556 0.235509
v 0.978271 16.432804 0.341867
v 0.969520 16.432804 0.362024
v 0.948394 16.432804 0.370374
v -0.410223 15.403430 0.086457
v -0.402103 15.403430 0.106059
v -0.382500 15.403430 0.114178
v -0.386178 8.402441 -0.155891
v -0.378063 8.402441 -0.175482
v -0.358474 8.402441 -0.183597
v -0.365514 14.695662 -0.129811
v -0.385105 14.695292 -0.121702
v -0.393220 14.694889 -0.102115
v 0.358474 8.402441 -0.183597
v 0.378063 8.402441 -0.175482
v 0.386178 8.402441 -0.155891
v 0.393220 14.694889 -0.102115
v 0.385105 14.695292 -0.121702
v 0.365514 14.695662 -0.129811
v 0.382500 15.403430 0.114178
v 0.402103 15.403430 0.106059
v 0.410223 15.403430 0.086457
v -1.104062 16.900051 0.290856
v -1.095530 16.900051 0.270583
v -1.074932 16.900051 0.262186
v -0.978271 16.432804 0.199940
v -0.969802 16.435612 0.179254
v -0.949888 16.442217 0.171955
v -1.077309 16.904770 0.478464
v -1.096287 16.901421 0.469713
v -1.104062 16.900051 0.449853
v -1.151544 17.367298 0.524530
v -1.143562 17.365803 0.544146
v -1.124292 17.362190 0.552271
v 1.104062 16.900051 0.449853
v 1.096287 16.901421 0.469713
v 1.077309 16.904770 0.478464
v 1.151544 17.367298 0.524502
v 1.143557 17.365801 0.544138
v 1.124275 17.362186 0.552271
v 1.104062 16.900051 0.290856
v 1.095853 16.900051 0.270583
v 1.076035 16.900051 0.262186
v 0.978271 16.432804 0.200487
v 0.969685 16.435686 0.179163
v 0.949346 16.442514 0.171277
v -1.096168 17.836050 0.569275
v -1.088126 17.834988 0.588908
v -1.068525 17.834551 0.597054
v 1.089028 17.834551 0.597054
v 1.108636 17.834991 0.588903
v 1.116673 17.836054 0.569260
v -0.565887 17.840055 0.577448
v -0.579253 17.834551 0.597054
v -0.546054 17.801674 0.594580
v -0.547618 17.818419 0.580804
v -0.550578 17.834551 0.566536
v -0.567984 17.817308 0.596162
v -0.427968 17.712000 0.594082
v -0.417437 17.729507 0.587415
v -0.412938 17.736988 0.567824
v -0.565584 17.839781 0.372353
v -0.550578 17.834551 0.382571
v -0.547390 17.819353 0.367186
v -0.545285 17.804356 0.351421
v -0.579104 17.834551 0.353397
v -0.567770 17.818886 0.352598
v -0.412938 17.736988 0.379918
v -0.416863 17.730461 0.360329
v -0.426588 17.714291 0.350978
v 0.286502 17.640661 0.593948
v 0.278655 17.659519 0.587343
v 0.275297 17.667587 0.567753
v 0.423198 17.736988 0.567832
v 0.427462 17.729374 0.587423
v 0.437445 17.711559 0.594098
v 0.275298 17.667587 0.379812
v 0.278199 17.660614 0.360222
v 0.285403 17.643295 0.350756
v 0.436140 17.713886 0.350977
v 0.426920 17.730343 0.360328
v 0.423198 17.736988 0.379918
v -0.275297 17.667587 0.379805
v -0.278298 17.660654 0.360215
v -0.285749 17.643433 0.350741
v -0.144238 17.591995 0.350304
v -0.139534 17.610052 0.360009
v -0.137649 17.617287 0.379598
v -0.286894 17.640793 0.593921
v -0.278773 17.659557 0.587330
v -0.275298 17.667587 0.567739
v -0.137649 17.617287 0.567611
v -0.139873 17.608753 0.587202
v -0.145056 17.588856 0.593680
v -1.073763 18.052794 0.572220
v -1.065621 18.052794 0.591876
v -1.045964 18.052794 0.600018
v -0.607369 18.052794 0.572286
v -0.615478 18.051668 0.591877
v -0.635045 18.048954 0.599966
v -0.634902 18.048973 0.359346
v -0.615427 18.051674 0.367517
v -0.607369 18.052794 0.387114
v -1.073763 18.052794 0.387195
v -1.065637 18.052794 0.367578
v -1.046019 18.052794 0.359452
v 0.567276 17.815191 0.581543
v 0.564339 17.795265 0.594098
v 0.599268 17.834551 0.597054
v 0.586003 17.839474 0.578620
v 0.571099 17.834551 0.568359
v 0.587065 17.812771 0.595887
v 0.625691 18.052794 0.572287
v 0.633798 18.051748 0.591878
v 0.653359 18.049229 0.599969
v 0.566824 17.815956 0.366008
v 0.571099 17.834551 0.380673
v 0.585679 17.839211 0.371127
v 0.599131 17.834551 0.353397
v 0.562991 17.797562 0.350977
v 0.586700 17.814199 0.352320
v 0.625691 18.052794 0.387117
v 0.633761 18.051754 0.367520
v 0.653264 18.049240 0.359353
v 1.092085 18.052794 0.572203
v 1.083938 18.052794 0.591871
v 1.064270 18.052794 0.600018
v 1.064330 18.052794 0.359451
v 1.083956 18.052794 0.367581
v 1.092085 18.052794 0.387206
v 0.655834 18.271036 0.602982
v 0.636240 18.270878 0.594864
v 0.628120 18.270496 0.575265
v 0.596520 19.250824 0.523596
v 0.604605 19.252455 0.543159
v 0.624215 19.253132 0.551268
v 0.628122 18.271183 0.393218
v 0.636238 18.271080 0.373622
v 0.655825 18.271036 0.365506
v 0.596394 19.254753 0.355328
v 0.604526 19.253866 0.335768
v 0.624101 19.254017 0.327631
v 1.039487 18.271036 0.365506
v 1.059166 18.271080 0.373613
v 1.067309 18.271183 0.393182
v 0.928322 19.250010 0.327821
v 0.947769 19.252687 0.335863
v 0.955727 19.254738 0.355424
v 1.067386 18.270500 0.575246
v 1.059175 18.270880 0.594862
v 1.039423 18.271036 0.602982
v 0.956167 19.250862 0.523727
v 0.947859 19.252468 0.543217
v 0.928112 19.253132 0.551268
v -1.023332 18.271036 0.602982
v -1.043059 18.270880 0.594863
v -1.051258 18.270500 0.575249
v -0.949919 19.250862 0.523809
v -0.941657 19.252468 0.543242
v -0.921996 19.253132 0.551271
v -1.051188 18.271183 0.393186
v -1.043052 18.271080 0.373615
v -1.023391 18.271036 0.365507
v -0.949518 19.254742 0.355421
v -0.941541 19.252769 0.335861
v -0.922072 19.250286 0.327813
v -0.639703 18.271036 0.365507
v -0.620116 18.271080 0.373622
v -0.612001 18.271183 0.393214
v -0.617893 19.253742 0.327656
v -0.598312 19.253784 0.335782
v -0.590184 19.254753 0.355342
v -0.611992 18.270496 0.575264
v -0.620117 18.270878 0.594865
v -0.639718 18.271036 0.602982
v -0.590271 19.250826 0.523634
v -0.598359 19.252457 0.543173
v -0.617947 19.253132 0.551271
v 0.592515 20.236105 0.438715
v 0.572933 20.234472 0.430723
v 0.564876 20.231773 0.411285
v 0.533226 21.212921 0.277407
v 0.541277 21.216030 0.296803
v 0.560883 21.217319 0.304850
v 0.564682 20.237797 0.277681
v 0.572831 20.236233 0.258174
v 0.592407 20.236107 0.250046
v 0.532978 21.220665 0.171343
v 0.541139 21.218555 0.151895
v 0.560715 21.218204 0.143779
v 0.816842 20.232113 0.250388
v 0.836295 20.235062 0.258346
v 0.844203 20.237785 0.277853
v 0.705386 21.214191 0.144238
v 0.724838 21.217381 0.152123
v 0.732706 21.220654 0.171569
v 0.844878 20.231842 0.411517
v 0.836615 20.233341 0.430957
v 0.817138 20.232166 0.439185
v 0.733566 21.213017 0.277685
v 0.725147 21.216064 0.296922
v 0.705414 21.217319 0.304850
v -0.820765 20.232430 0.439159
v -0.840262 20.233418 0.430946
v -0.848516 20.231833 0.411506
v -0.747091 21.213017 0.277741
v -0.738723 21.216063 0.296940
v -0.719060 21.217319 0.304855
v -0.847900 20.237789 0.277846
v -0.839969 20.235146 0.258339
v -0.820494 20.232388 0.250370
v -0.746307 21.220659 0.171560
v -0.738413 21.217463 0.152114
v -0.718939 21.214466 0.144213
v -0.596101 20.235832 0.250081
v -0.576518 20.236158 0.258193
v -0.568379 20.237803 0.277700
v -0.574309 21.217926 0.143822
v -0.554727 21.218477 0.151919
v -0.546579 21.220669 0.171367
v -0.568513 20.231773 0.411308
v -0.576588 20.234390 0.430746
v -0.596175 20.235830 0.438757
v -0.546750 21.212925 0.277452
v -0.554815 21.216030 0.296823
v -0.574405 21.217319 0.304855
v -0.636915 22.214725 0.112422
v -0.617088 22.217342 0.120248
v -0.645127 22.208416 0.093527
v -0.637048 22.184082 0.020685
v -0.645127 22.190338 0.039409
v -0.617542 22.181492 0.012929
v -0.533002 22.184114 0.020779
v -0.552639 22.181492 0.012929
v -0.524869 22.190445 0.039730
v -0.532973 22.214748 0.112488
v -0.524869 22.208492 0.093752
v -0.552538 22.217342 0.120248
v 0.509504 22.214752 0.112488
v 0.529060 22.217342 0.120243
v 0.501403 22.208496 0.093766
v 0.509547 22.184113 0.020781
v 0.501403 22.190449 0.039751
v 0.529208 22.181488 0.012923
v 0.613581 22.184074 0.020672
v 0.594073 22.181488 0.012923
v 0.621662 22.190327 0.039378
v 0.613436 22.214725 0.112412
v 0.621662 22.208408 0.093505
v 0.593576 22.217342 0.120243
v -0.560073 17.826433 0.584703
v -0.559868 17.827530 0.364927
v 0.579809 17.824162 0.586241
v 0.579466 17.824066 0.363741
v -0.000000 16.199181 0.302942
v -0.067485 16.199181 0.302942
v -0.134971 16.199181 0.302942
v -0.202456 16.199181 0.302942
v -0.269941 16.199181 0.302942
v -0.744061 16.199181 0.302942
v -0.764560 16.199181 0.294554
v -0.773052 16.199181 0.274304
v -0.773052 16.199181 0.135051
v -0.764096 16.202690 0.114719
v -0.743150 16.210892 0.107882
v -0.269941 16.199181 0.104638
v -0.202456 16.199181 0.104638
v -0.134971 16.199181 0.104638
v -0.067485 16.199181 0.104638
v 0.000000 16.199181 0.104638
v 0.067485 16.199181 0.104638
v 0.134971 16.199181 0.104638
v 0.202456 16.199181 0.104638
v 0.269941 16.199181 0.104638
v 0.742867 16.211040 0.107543
v 0.764035 16.202728 0.114674
v 0.773052 16.199181 0.135325
v 0.773052 16.199181 0.274304
v 0.764258 16.199181 0.294554
v 0.743028 16.199181 0.302942
v 0.269941 16.199181 0.302942
v 0.202456 16.199181 0.302942
v 0.134971 16.199181 0.302942
v 0.067485 16.199181 0.302942
v 0.000000 16.666428 0.215766
v -0.088360 16.666428 0.215766
v -0.176721 16.666428 0.215766
v -0.265081 16.666428 0.215766
v -0.353442 16.666428 0.215766
v -1.034844 16.671133 0.217070
v -1.055549 16.667831 0.224918
v -1.064238 16.666428 0.245398
v -1.064238 16.666428 0.395860
v -1.056088 16.667112 0.415869
v -1.036306 16.668787 0.424419
v -0.353442 16.666428 0.423898
v -0.265081 16.666428 0.423898
v -0.176721 16.666428 0.423898
v -0.088360 16.666428 0.423898
v -0.000000 16.666428 0.423898
v 0.088360 16.666428 0.423898
v 0.176721 16.666428 0.423898
v 0.265081 16.666428 0.423898
v 0.353442 16.666428 0.423898
v 1.035296 16.668787 0.424419
v 1.055792 16.667112 0.415869
v 1.064238 16.666428 0.395860
v 1.064238 16.666428 0.245671
v 1.055654 16.667868 0.224873
v 1.035131 16.671282 0.216731
v 0.353442 16.666428 0.215766
v 0.265081 16.666428 0.215766
v 0.176721 16.666428 0.215766
v 0.088360 16.666428 0.215766
v 0.000000 15.684493 -0.037125
v -0.046642 15.684493 -0.037125
v -0.093284 15.684493 -0.037125
v -0.139926 15.684493 -0.037125
v -0.186568 15.684493 -0.037125
v -0.398858 15.691499 -0.035185
v -0.417631 15.686600 -0.027845
v -0.425554 15.684493 -0.007830
v -0.425554 15.684493 0.146599
v -0.417994 15.684493 0.166571
v -0.399741 15.684493 0.174844
v -0.186568 15.684493 0.174844
v -0.139926 15.684493 0.174844
v -0.093284 15.684493 0.174844
v -0.046642 15.684493 0.174844
v -0.000000 15.684493 0.174844
v 0.046642 15.684493 0.174844
v 0.093284 15.684493 0.174844
v 0.139926 15.684493 0.174844
v 0.186568 15.684493 0.174844
v 0.399741 15.684493 0.174844
v 0.417994 15.684493 0.166571
v 0.425554 15.684493 0.146599
v 0.425554 15.684493 -0.007830
v 0.417631 15.686600 -0.027845
v 0.398858 15.691499 -0.035185
v 0.186568 15.684493 -0.037125
v 0.139926 15.684493 -0.037125
v 0.093284 15.684493 -0.037125
v 0.046642 15.684493 -0.037125
vt 0.558479 0.195741
vt 0.591185 0.196811
vt 0.555679 0.322084
vt 0.595178 0.113959
vt 0.583352 0.322970
vt 0.528448 0.322093
vt 0.560135 0.114202
vt 0.632308 0.113613
vt 0.625100 0.199230
vt 0.554899 0.410750
vt 0.526256 0.195638
vt 0.529202 0.410726
vt 0.592370 0.051368
vt 0.627182 0.046842
vt 0.612092 0.324810
vt 0.581103 0.411254
vt 0.500749 0.322991
vt 0.503005 0.411186
vt 0.559474 0.053281
vt 0.525889 0.113933
vt 0.554346 0.506243
vt 0.529635 0.506224
vt 0.493415 0.196480
vt 0.504458 0.506449
vt 0.587175 0.005381
vt 0.616327 0.000017
vt 0.608560 0.412206
vt 0.579533 0.506506
vt 0.471967 0.324819
vt 0.475573 0.412109
vt 0.478144 0.506906
vt 0.558039 0.007727
vt 0.527386 0.053111
vt 0.490795 0.113084
vt 0.554150 0.568750
vt 0.529637 0.568700
vt 0.504637 0.568791
vt 0.459193 0.198579
vt 0.478407 0.568976
vt 0.062142 0.224363
vt 0.071241 0.239322
vt 0.605866 0.507000
vt 0.579175 0.568937
vt 0.057441 0.208309
vt 0.529122 0.007799
vt 0.494732 0.050779
vt 0.453496 0.111911
vt 0.605457 0.569199
vt 0.057441 0.191901
vt 0.500225 0.005555
vt 0.460531 0.045646
vt 0.062143 0.175848
vt 0.471698 0.000021
vt 0.659000 0.764084
vt 0.363677 0.373473
vt 0.330970 0.372409
vt 0.366452 0.247130
vt 0.326994 0.455262
vt 0.338780 0.246249
vt 0.393683 0.247116
vt 0.362036 0.455013
vt 0.289863 0.455616
vt 0.297055 0.369997
vt 0.367216 0.158464
vt 0.395900 0.373569
vt 0.392913 0.158483
vt 0.329814 0.517853
vt 0.295003 0.522386
vt 0.310039 0.244415
vt 0.341011 0.157964
vt 0.421382 0.246212
vt 0.419109 0.158017
vt 0.362709 0.515933
vt 0.396283 0.455275
vt 0.367750 0.062970
vt 0.392462 0.062985
vt 0.428741 0.372721
vt 0.417638 0.062754
vt 0.335018 0.563839
vt 0.305867 0.569209
vt 0.313554 0.157018
vt 0.342564 0.062712
vt 0.450164 0.244378
vt 0.446542 0.157089
vt 0.443952 0.062293
vt 0.364153 0.561487
vt 0.394798 0.516097
vt 0.431377 0.456117
vt 0.367934 0.000463
vt 0.392447 0.000508
vt 0.417448 0.000412
vt 0.462963 0.370616
vt 0.443677 0.000223
vt 0.177408 0.053730
vt 0.168308 0.038771
vt 0.316231 0.062223
vt 0.342909 0.000281
vt 0.182109 0.069783
vt 0.393070 0.561409
vt 0.427452 0.518423
vt 0.468676 0.457283
vt 0.316627 0.000024
vt 0.182110 0.086191
vt 0.421968 0.563648
vt 0.461653 0.523549
vt 0.177409 0.102244
vt 0.450495 0.569177
vt 0.544550 0.686439
vt 0.000009 0.054740
vt 0.000005 0.027905
vt 0.066753 0.054728
vt 0.066749 0.027894
vt 0.066758 0.081144
vt 0.000000 0.000035
vt 0.000013 0.081155
vt 0.066744 0.000024
vt 0.066762 0.107978
vt 0.000018 0.107990
vt 0.066767 0.135849
vt 0.000023 0.135860
vt 0.794796 0.149204
vt 0.794799 0.122370
vt 0.861540 0.149213
vt 0.861544 0.122378
vt 0.861537 0.175628
vt 0.794803 0.094500
vt 0.794793 0.175620
vt 0.861547 0.094508
vt 0.861534 0.202463
vt 0.794790 0.202454
vt 0.861531 0.230333
vt 0.794786 0.230325
vt 0.948418 0.000696
vt 0.932925 0.414564
vt 0.947023 0.000655
vt 0.931531 0.414500
vt 0.930484 0.461145
vt 0.926513 0.000063
vt 0.929088 0.461128
vt 0.918095 0.414111
vt 0.932316 0.479816
vt 0.917769 0.460733
vt 0.916699 0.414095
vt 0.933716 0.479759
vt 0.922181 0.479424
vt 0.925118 0.000023
vt 0.916342 0.460677
vt 0.935669 0.498997
vt 0.926631 0.498879
vt 0.920756 0.479440
vt 0.937079 0.498730
vt 0.925182 0.498798
vt 0.939948 0.522536
vt 0.930795 0.522447
vt 0.929342 0.522214
vt 0.941340 0.522153
vt 0.944100 0.543096
vt 0.934784 0.542900
vt 0.933316 0.542762
vt 0.945503 0.542834
vt 0.947255 0.559562
vt 0.937359 0.559313
vt 0.935893 0.559231
vt 0.948673 0.559477
vt 0.950402 0.575226
vt 0.939928 0.574978
vt 0.938483 0.574885
vt 0.951808 0.575267
vt 0.954543 0.606243
vt 0.943121 0.605955
vt 0.941719 0.605935
vt 0.955937 0.606169
vt 0.956798 0.637328
vt 0.944398 0.636894
vt 0.943003 0.636927
vt 0.958196 0.637338
vt 0.956701 0.651666
vt 0.944526 0.651426
vt 0.943129 0.651457
vt 0.958098 0.651748
vt 0.956618 0.666062
vt 0.944636 0.665889
vt 0.943241 0.665911
vt 0.958013 0.666170
vt 0.953510 0.731036
vt 0.952130 0.730844
vt 0.941046 0.730928
vt 0.939653 0.730825
vt 0.945178 0.795815
vt 0.943797 0.795623
vt 0.934996 0.795896
vt 0.933608 0.795748
vt 0.935504 0.860703
vt 0.934142 0.860414
vt 0.927148 0.860834
vt 0.925763 0.860648
vt 0.922577 0.926615
vt 0.921250 0.926115
vt 0.917700 0.924890
vt 0.916351 0.924504
vt 0.983186 0.414592
vt 0.984580 0.414523
vt 0.985819 0.461163
vt 0.967382 0.000746
vt 0.987215 0.461140
vt 0.965988 0.000792
vt 0.998014 0.414079
vt 0.998532 0.460699
vt 0.984064 0.479842
vt 0.987890 0.000069
vt 0.994197 0.479408
vt 0.982664 0.479790
vt 0.999409 0.414057
vt 0.999959 0.460638
vt 0.995623 0.479418
vt 0.980790 0.499036
vt 0.989827 0.498881
vt 0.989285 0.000024
vt 0.991276 0.498794
vt 0.979379 0.498775
vt 0.976607 0.522591
vt 0.985742 0.522467
vt 0.987215 0.522227
vt 0.975210 0.522199
vt 0.981807 0.542939
vt 0.972530 0.543156
vt 0.983317 0.542796
vt 0.971116 0.542877
vt 0.980754 0.559284
vt 0.979272 0.559363
vt 0.969393 0.559617
vt 0.967968 0.559526
vt 0.978155 0.574940
vt 0.976717 0.575031
vt 0.966245 0.575279
vt 0.964839 0.575318
vt 0.974912 0.605984
vt 0.973511 0.606014
vt 0.962086 0.606289
vt 0.960690 0.606203
vt 0.973598 0.636848
vt 0.972203 0.636817
vt 0.959817 0.637253
vt 0.958419 0.637251
vt 0.973475 0.651406
vt 0.972077 0.651371
vt 0.959898 0.651597
vt 0.958499 0.651682
vt 0.973347 0.665877
vt 0.971953 0.665849
vt 0.959970 0.666010
vt 0.958575 0.666122
vt 0.975481 0.730961
vt 0.964402 0.730866
vt 0.963018 0.731062
vt 0.976873 0.730859
vt 0.981469 0.796005
vt 0.972668 0.795724
vt 0.971288 0.795914
vt 0.982858 0.795858
vt 0.989257 0.861020
vt 0.982268 0.860593
vt 0.980903 0.860887
vt 0.990642 0.860835
vt 0.998650 0.925155
vt 0.995098 0.926376
vt 0.993771 0.926879
vt 1.000000 0.924776
vt 0.909400 0.099303
vt 0.908865 0.085067
vt 0.910792 0.099176
vt 0.907716 0.084635
vt 0.910367 0.084779
vt 0.910898 0.113579
vt 0.908236 0.083153
vt 0.897197 0.100494
vt 0.909001 0.083886
vt 0.912289 0.113470
vt 0.898981 0.114747
vt 0.895461 0.085726
vt 0.909856 0.083206
vt 0.915073 0.178104
vt 0.913676 0.178141
vt 0.908763 0.081685
vt 0.906652 0.073020
vt 0.894462 0.086357
vt 0.897590 0.114866
vt 0.902681 0.179471
vt 0.894352 0.074122
vt 0.895805 0.100630
vt 0.894628 0.084373
vt 0.914044 0.243170
vt 0.912648 0.243134
vt 0.892966 0.086386
vt 0.901287 0.179524
vt 0.903938 0.244397
vt 0.894116 0.085232
vt 0.911697 0.308352
vt 0.910301 0.308288
vt 0.893094 0.084817
vt 0.902543 0.244405
vt 0.903408 0.309495
vt 0.906280 0.374997
vt 0.904903 0.374720
vt 0.902013 0.309466
vt 0.901247 0.373899
vt 0.899859 0.373590
vt 0.959171 0.334352
vt 0.960565 0.334290
vt 0.962864 0.398669
vt 0.958492 0.269277
vt 0.964243 0.398332
vt 0.959227 0.399576
vt 0.957097 0.269302
vt 0.952249 0.333308
vt 0.958209 0.204403
vt 0.957858 0.399891
vt 0.956814 0.204382
vt 0.948359 0.268246
vt 0.950857 0.333411
vt 0.960371 0.139699
vt 0.958979 0.139607
vt 0.945789 0.203314
vt 0.946965 0.268315
vt 0.960423 0.125313
vt 0.961818 0.125416
vt 0.948196 0.124413
vt 0.947037 0.138722
vt 0.944393 0.203316
vt 0.962737 0.111123
vt 0.949655 0.109681
vt 0.961688 0.110465
vt 0.964308 0.111093
vt 0.946802 0.124318
vt 0.948476 0.110184
vt 0.945643 0.138651
vt 0.962552 0.109308
vt 0.963056 0.110164
vt 0.949005 0.108396
vt 0.950288 0.098592
vt 0.964126 0.109829
vt 0.946898 0.109900
vt 0.948305 0.109121
vt 0.962609 0.099403
vt 0.963463 0.108196
vt 0.948319 0.107142
vt 0.947335 0.108607
vt 0.527067 0.692042
vt 0.848561 0.047265
vt 0.539067 0.736035
vt 0.508271 0.693942
vt 0.895850 0.070887
vt 0.508266 0.739148
vt 0.489475 0.692038
vt 0.902336 0.055469
vt 0.477466 0.736028
vt 0.902336 0.039061
vt 0.801272 0.070887
vt 0.895850 0.023642
vt 0.794786 0.055469
vt 0.794786 0.039061
vt 0.714073 0.758476
vt 0.801272 0.023642
vt 0.695277 0.756576
vt 0.726076 0.714484
vt 0.676481 0.758478
vt 0.695275 0.711369
vt 0.664475 0.714487
vt 0.339546 0.571352
vt 0.366919 0.561747
vt 0.369991 0.641819
vt 0.394789 0.561747
vt 0.315866 0.589329
vt 0.419789 0.571497
vt 0.298624 0.613550
vt 0.438752 0.589887
vt 0.289863 0.641204
vt 0.449265 0.614577
vt 0.290718 0.669061
vt 0.450119 0.642434
vt 0.301230 0.693751
vt 0.441359 0.670088
vt 0.320193 0.712140
vt 0.424117 0.694309
vt 0.345194 0.721891
vt 0.400436 0.712286
vt 0.373064 0.721890
vt 0.694499 0.670354
vt 0.698496 0.672347
vt 0.678049 0.693461
vt 0.707256 0.644693
vt 0.681253 0.696568
vt 0.702823 0.644077
vt 0.657573 0.714545
vt 0.706402 0.616836
vt 0.655458 0.710612
vt 0.702017 0.617801
vt 0.630201 0.724150
vt 0.695889 0.592147
vt 0.629449 0.719738
vt 0.692178 0.594694
vt 0.602330 0.724150
vt 0.674493 0.577544
vt 0.603160 0.719738
vt 0.676926 0.573757
vt 0.577330 0.714400
vt 0.651096 0.568418
vt 0.579763 0.710613
vt 0.651926 0.564006
vt 0.558367 0.696010
vt 0.624807 0.568419
vt 0.562078 0.693462
vt 0.624056 0.564007
vt 0.552239 0.670355
vt 0.598798 0.577545
vt 0.547854 0.671320
vt 0.596683 0.573611
vt 0.551433 0.644079
vt 0.576207 0.594696
vt 0.547000 0.643463
vt 0.573003 0.591589
vt 0.559757 0.617803
vt 0.555760 0.615809
vt 0.071597 0.022399
vt 0.070185 0.022380
vt 0.071685 0.011624
vt 0.070143 0.032056
vt 0.070276 0.011562
vt 0.083989 0.011725
vt 0.071557 0.032071
vt 0.071276 0.000805
vt 0.083953 0.022458
vt 0.070128 0.041287
vt 0.072615 0.000000
vt 0.085336 0.022454
vt 0.071540 0.041283
vt 0.083944 0.032088
vt 0.085372 0.011686
vt 0.085324 0.032080
vt 0.071612 0.050494
vt 0.084572 0.000914
vt 0.083997 0.050403
vt 0.070198 0.050516
vt 0.083985 0.041245
vt 0.085359 0.041241
vt 0.083220 0.000088
vt 0.893778 0.083038
vt 0.084068 0.060035
vt 0.071704 0.060164
vt 0.085377 0.050401
vt 0.070291 0.060192
vt 0.084151 0.070156
vt 0.085451 0.060031
vt 0.071861 0.070336
vt 0.070452 0.070411
vt 0.085534 0.070192
vt 0.071647 0.080727
vt 0.084641 0.080556
vt 0.072915 0.081390
vt 0.083372 0.081234
vt 0.085946 0.079952
vt 0.096276 0.001852
vt 0.096275 0.006123
vt 0.095731 0.000560
vt 0.095737 0.007407
vt 0.094417 0.000024
vt 0.094438 0.007938
vt 0.090683 0.007938
vt 0.090668 0.000024
vt 0.089372 0.007397
vt 0.089368 0.000557
vt 0.088830 0.001844
vt 0.088829 0.006092
vt 0.166404 0.001839
vt 0.166404 0.006108
vt 0.165866 0.000555
vt 0.165859 0.007402
vt 0.164568 0.000024
vt 0.164543 0.007938
vt 0.160812 0.000024
vt 0.160795 0.007938
vt 0.159501 0.000565
vt 0.159496 0.007405
vt 0.158957 0.001872
vt 0.158957 0.006118
vt 0.714798 0.192681
vt 0.751685 0.193163
vt 0.714497 0.318838
vt 0.755386 0.110594
vt 0.745615 0.319201
vt 0.683369 0.319154
vt 0.715290 0.110557
vt 0.794598 0.110516
vt 0.787335 0.194644
vt 0.714390 0.407258
vt 0.677850 0.192949
vt 0.684792 0.407387
vt 0.753173 0.048367
vt 0.789981 0.045700
vt 0.775744 0.320288
vt 0.743990 0.407488
vt 0.653217 0.320172
vt 0.656020 0.407867
vt 0.715641 0.049031
vt 0.675167 0.110075
vt 0.714243 0.502590
vt 0.685841 0.502635
vt 0.642004 0.194173
vt 0.658263 0.502850
vt 0.747824 0.003344
vt 0.778418 0.000024
vt 0.772778 0.408054
vt 0.742649 0.502723
vt 0.715710 0.004320
vt 0.678202 0.048011
vt 0.635829 0.109315
vt 0.714114 0.565003
vt 0.685820 0.564985
vt 0.658297 0.565036
vt 0.770236 0.503026
vt 0.742418 0.565119
vt 0.683744 0.003437
vt 0.641770 0.044820
vt 0.769973 0.565285
vt 0.653593 0.000021
vt 0.800294 0.640541
vt 0.764644 0.639062
vt 0.806359 0.514503
vt 0.757384 0.723190
vt 0.776229 0.513417
vt 0.837476 0.514865
vt 0.796596 0.723110
vt 0.807980 0.426215
vt 0.837181 0.641021
vt 0.837580 0.426445
vt 0.762003 0.788005
vt 0.779192 0.425650
vt 0.868604 0.514548
vt 0.867178 0.426314
vt 0.798811 0.785337
vt 0.836693 0.723146
vt 0.809317 0.330981
vt 0.837723 0.331112
vt 0.874129 0.640752
vt 0.866125 0.331066
vt 0.773569 0.833681
vt 0.781730 0.330678
vt 0.898756 0.513527
vt 0.895950 0.425833
vt 0.893703 0.330850
vt 0.804163 0.830360
vt 0.836344 0.784671
vt 0.876815 0.723625
vt 0.809545 0.268584
vt 0.837849 0.268699
vt 0.866143 0.268716
vt 0.909975 0.639526
vt 0.893666 0.268664
vt 0.781990 0.268420
vt 0.836277 0.829383
vt 0.873783 0.785690
vt 0.916153 0.724385
vt 0.868243 0.830264
vt 0.910215 0.788879
vt 0.898394 0.833679
vt 0.476882 0.627716
vt 0.476877 0.597985
vt 0.543626 0.627705
vt 0.543621 0.597973
vt 0.543632 0.657436
vt 0.476872 0.568976
vt 0.476887 0.657447
vt 0.543616 0.568965
vt 0.543637 0.686444
vt 0.476892 0.686456
vt 0.669851 0.665536
vt 0.669852 0.694545
vt 0.603106 0.665540
vt 0.603108 0.694548
vt 0.603105 0.635808
vt 0.669850 0.635805
vt 0.603104 0.606077
vt 0.669848 0.606074
vt 0.603102 0.577069
vt 0.669847 0.577066
vt 0.127084 0.002339
vt 0.093025 0.415089
vt 0.123918 0.002077
vt 0.096249 0.415355
vt 0.089802 0.414822
vt 0.130250 0.002601
vt 0.092139 0.461783
vt 0.089051 0.461526
vt 0.120752 0.001816
vt 0.099472 0.415620
vt 0.095228 0.462039
vt 0.085962 0.461271
vt 0.086578 0.414556
vt 0.133416 0.002862
vt 0.093599 0.480876
vt 0.090534 0.480620
vt 0.084405 0.480112
vt 0.082874 0.461016
vt 0.117586 0.001554
vt 0.102696 0.415886
vt 0.098316 0.462296
vt 0.096662 0.481132
vt 0.087470 0.480366
vt 0.081340 0.479858
vt 0.083355 0.414289
vt 0.079785 0.460761
vt 0.136582 0.003124
vt 0.093319 0.499843
vt 0.089828 0.499547
vt 0.086337 0.499255
vt 0.082846 0.498965
vt 0.078275 0.479606
vt 0.114420 0.001292
vt 0.147429 0.004021
vt 0.113772 0.416817
vt 0.111111 0.463349
vt 0.096812 0.500142
vt 0.079355 0.498677
vt 0.080131 0.414022
vt 0.076697 0.460507
vt 0.075210 0.479355
vt 0.110639 0.482347
vt 0.094810 0.516018
vt 0.090383 0.515647
vt 0.085955 0.515278
vt 0.081527 0.514911
vt 0.075863 0.498392
vt 0.111254 0.001030
vt 0.148819 0.004140
vt 0.115164 0.416912
vt 0.111958 0.482326
vt 0.114133 0.501637
vt 0.099237 0.516391
vt 0.077099 0.514545
vt 0.076908 0.413754
vt 0.073608 0.460254
vt 0.072146 0.479104
vt 0.072370 0.498109
vt 0.112506 0.463425
vt 0.115542 0.501552
vt 0.095158 0.532152
vt 0.090174 0.531729
vt 0.085189 0.531310
vt 0.080204 0.530895
vt 0.072670 0.514181
vt 0.100408 0.000134
vt 0.130269 0.519226
vt 0.131775 0.519134
vt 0.100140 0.532581
vt 0.075218 0.530484
vt 0.065830 0.412854
vt 0.060814 0.459191
vt 0.068876 0.497830
vt 0.068242 0.513819
vt 0.096224 0.548121
vt 0.090448 0.547631
vt 0.084672 0.547146
vt 0.078897 0.546666
vt 0.070232 0.530077
vt 0.099017 0.000024
vt 0.058160 0.478007
vt 0.142264 0.536295
vt 0.143760 0.536225
vt 0.102001 0.548616
vt 0.073121 0.546190
vt 0.064441 0.412719
vt 0.056862 0.477770
vt 0.051544 0.496457
vt 0.063815 0.513458
vt 0.065247 0.529675
vt 0.096553 0.564011
vt 0.090231 0.563484
vt 0.083910 0.562958
vt 0.077590 0.562433
vt 0.067345 0.545718
vt 0.059425 0.459037
vt 0.050169 0.496141
vt 0.146684 0.552579
vt 0.148144 0.552439
vt 0.102877 0.564537
vt 0.071270 0.561911
vt 0.032673 0.511145
vt 0.031248 0.510807
vt 0.060262 0.529279
vt 0.061567 0.545251
vt 0.098702 0.587176
vt 0.091032 0.586548
vt 0.083363 0.585917
vt 0.075695 0.585282
vt 0.064949 0.561390
vt 0.148093 0.568629
vt 0.149468 0.568407
vt 0.106371 0.587797
vt 0.068027 0.584646
vt 0.017979 0.525998
vt 0.016602 0.525686
vt 0.055787 0.544789
vt 0.058626 0.560869
vt 0.101925 0.618803
vt 0.092353 0.613343
vt 0.083318 0.609195
vt 0.073904 0.606879
vt 0.060359 0.584007
vt 0.148710 0.599142
vt 0.150082 0.599412
vt 0.109865 0.624949
vt 0.064237 0.607614
vt 0.010995 0.541331
vt 0.009622 0.540955
vt 0.052302 0.560347
vt 0.052691 0.583364
vt 0.109781 0.626512
vt 0.101137 0.619978
vt 0.091710 0.614601
vt 0.082852 0.610536
vt 0.064475 0.609013
vt 0.054613 0.610228
vt 0.111278 0.626220
vt 0.145568 0.630063
vt 0.073786 0.608307
vt 0.055061 0.611569
vt 0.007025 0.556934
vt 0.005705 0.556488
vt 0.045026 0.582713
vt 0.044915 0.614121
vt 0.111980 0.627714
vt 0.110580 0.627059
vt 0.144174 0.629964
vt 0.045545 0.615389
vt 0.143044 0.644221
vt 0.001397 0.586925
vt 0.000000 0.586967
vt 0.036610 0.619310
vt 0.036620 0.620743
vt 0.114600 0.642119
vt 0.141645 0.644127
vt 0.113199 0.642206
vt 0.140489 0.658414
vt 0.035071 0.620211
vt 0.000732 0.618065
vt 0.139087 0.658308
vt 0.112505 0.656670
vt 0.035723 0.621092
vt 0.034222 0.621277
vt 0.002123 0.618196
vt 0.113899 0.656749
vt 0.127845 0.722444
vt 0.000753 0.632433
vt 0.107884 0.721237
vt 0.129245 0.722541
vt 0.029156 0.635023
vt 0.002147 0.632571
vt 0.106490 0.721149
vt 0.116643 0.786736
vt 0.030523 0.635352
vt 0.000794 0.646839
vt 0.101871 0.786103
vt 0.118016 0.786975
vt 0.028684 0.649724
vt 0.002193 0.646966
vt 0.100481 0.785974
vt 0.105351 0.851601
vt 0.027296 0.649571
vt 0.002081 0.712009
vt 0.095858 0.851027
vt 0.106750 0.851699
vt 0.021978 0.714102
vt 0.000689 0.711874
vt 0.094463 0.850939
vt 0.093959 0.917959
vt 0.023366 0.714245
vt 0.001918 0.777219
vt 0.089721 0.917702
vt 0.095375 0.917980
vt 0.016595 0.778988
vt 0.000524 0.777215
vt 0.088335 0.917540
vt 0.017986 0.779103
vt 0.001735 0.842971
vt 0.011202 0.843967
vt 0.000345 0.842836
vt 0.012591 0.844110
vt 0.001413 0.910231
vt 0.005638 0.910675
vt 0.000016 0.910018
vt 0.007032 0.910743
vt 0.270053 0.911795
vt 0.235149 0.499124
vt 0.273218 0.911527
vt 0.231925 0.499396
vt 0.238372 0.498851
vt 0.266887 0.912063
vt 0.228147 0.452921
vt 0.234290 0.452402
vt 0.276384 0.911259
vt 0.228702 0.499669
vt 0.225076 0.453183
vt 0.231218 0.452661
vt 0.237361 0.452145
vt 0.241595 0.498578
vt 0.263722 0.912330
vt 0.223476 0.434057
vt 0.229600 0.433537
vt 0.232662 0.433278
vt 0.235725 0.433020
vt 0.279549 0.910992
vt 0.225479 0.499941
vt 0.222005 0.453447
vt 0.226538 0.433796
vt 0.220414 0.434319
vt 0.238787 0.432764
vt 0.240433 0.451888
vt 0.244818 0.498305
vt 0.260556 0.912598
vt 0.224498 0.414745
vt 0.221010 0.415043
vt 0.227985 0.414449
vt 0.231473 0.414155
vt 0.234960 0.413862
vt 0.282715 0.910724
vt 0.222256 0.500213
vt 0.218934 0.453712
vt 0.217352 0.434583
vt 0.217523 0.415341
vt 0.238448 0.413571
vt 0.241850 0.432510
vt 0.243505 0.451634
vt 0.248041 0.498032
vt 0.257390 0.912866
vt 0.222210 0.398948
vt 0.226641 0.398572
vt 0.217780 0.399326
vt 0.231072 0.398199
vt 0.235503 0.397827
vt 0.293560 0.909807
vt 0.246545 0.913783
vt 0.211177 0.501121
vt 0.206246 0.454807
vt 0.214035 0.415642
vt 0.213351 0.399706
vt 0.241937 0.413281
vt 0.239933 0.397457
vt 0.256197 0.450582
vt 0.259115 0.497066
vt 0.203373 0.435378
vt 0.220299 0.383094
vt 0.225296 0.382671
vt 0.215304 0.383516
vt 0.230292 0.382249
vt 0.255764 0.430946
vt 0.235288 0.381826
vt 0.294950 0.909685
vt 0.245154 0.913896
vt 0.209788 0.501255
vt 0.204822 0.454873
vt 0.196789 0.416178
vt 0.208923 0.400087
vt 0.210309 0.383938
vt 0.259029 0.410912
vt 0.244362 0.397090
vt 0.240282 0.381403
vt 0.257612 0.450407
vt 0.260507 0.496966
vt 0.202048 0.435709
vt 0.218183 0.367529
vt 0.223974 0.367039
vt 0.212392 0.368018
vt 0.229765 0.366549
vt 0.257126 0.431049
vt 0.235556 0.366059
vt 0.177844 0.401856
vt 0.195411 0.416871
vt 0.205315 0.384358
vt 0.206601 0.368507
vt 0.275277 0.393609
vt 0.260503 0.411364
vt 0.245276 0.380978
vt 0.241346 0.365569
vt 0.216315 0.351942
vt 0.222652 0.351406
vt 0.209977 0.352479
vt 0.228990 0.350870
vt 0.235328 0.350335
vt 0.162983 0.387276
vt 0.176419 0.402462
vt 0.200810 0.368996
vt 0.203638 0.353016
vt 0.287456 0.376740
vt 0.276804 0.393973
vt 0.247137 0.365078
vt 0.241667 0.349801
vt 0.212354 0.321137
vt 0.220039 0.320484
vt 0.204669 0.321797
vt 0.227723 0.319839
vt 0.235411 0.319200
vt 0.156130 0.372468
vt 0.161607 0.387769
vt 0.197298 0.353554
vt 0.196983 0.322461
vt 0.291783 0.360993
vt 0.288937 0.377004
vt 0.248008 0.349266
vt 0.243100 0.318564
vt 0.209300 0.306436
vt 0.218909 0.307113
vt 0.199715 0.303887
vt 0.228268 0.304834
vt 0.237265 0.300726
vt 0.152147 0.357419
vt 0.154683 0.372738
vt 0.189297 0.323126
vt 0.190069 0.300058
vt 0.293242 0.345490
vt 0.293253 0.361023
vt 0.250789 0.317929
vt 0.246778 0.295297
vt 0.200147 0.302573
vt 0.209526 0.305070
vt 0.190673 0.298811
vt 0.227816 0.303525
vt 0.236637 0.299494
vt 0.246010 0.294144
vt 0.146344 0.326801
vt 0.150684 0.357475
vt 0.218792 0.305725
vt 0.293779 0.314333
vt 0.294646 0.345304
vt 0.254653 0.289160
vt 0.180215 0.294038
vt 0.144932 0.326869
vt 0.256114 0.287936
vt 0.295166 0.314165
vt 0.179384 0.293074
vt 0.147311 0.295976
vt 0.256817 0.286532
vt 0.288940 0.283965
vt 0.145917 0.295938
vt 0.290313 0.283716
vt 0.174582 0.279307
vt 0.147615 0.281335
vt 0.259125 0.272141
vt 0.286049 0.269628
vt 0.175947 0.278990
vt 0.146221 0.281428
vt 0.257725 0.272072
vt 0.287439 0.269485
vt 0.147869 0.266891
vt 0.173044 0.264764
vt 0.258054 0.257575
vt 0.283227 0.255445
vt 0.174435 0.264652
vt 0.146475 0.267006
vt 0.256664 0.257700
vt 0.284622 0.255323
vt 0.149047 0.202077
vt 0.170364 0.200057
vt 0.147651 0.202052
vt 0.249182 0.193387
vt 0.270539 0.191822
vt 0.271909 0.191549
vt 0.168972 0.200145
vt 0.250568 0.193227
vt 0.148791 0.136886
vt 0.150187 0.136910
vt 0.166273 0.135337
vt 0.241699 0.128954
vt 0.257825 0.127825
vt 0.259195 0.127554
vt 0.164881 0.135425
vt 0.243084 0.128793
vt 0.149913 0.071544
vt 0.151309 0.071569
vt 0.162166 0.070442
vt 0.234202 0.064345
vt 0.245098 0.063655
vt 0.246468 0.063382
vt 0.160774 0.070530
vt 0.235588 0.064183
vt 0.151096 0.007018
vt 0.152488 0.007011
vt 0.158128 0.006429
vt 0.226788 0.000622
vt 0.232445 0.000247
vt 0.233818 0.000020
vt 0.156743 0.006647
vt 0.228192 0.000603
vt 0.848561 0.094510
vt 0.867237 0.091661
vt 0.829885 0.091661
vt 0.813462 0.083457
vt 0.829885 0.002869
vt 0.813462 0.011073
vt 0.848561 0.000020
vt 0.867237 0.002869
vt 0.883660 0.011073
vt 0.883660 0.083457
vt 0.222497 0.117734
vt 0.207587 0.142248
vt 0.230200 0.091429
vt 0.230199 0.064541
vt 0.222495 0.038236
vt 0.754723 0.723668
vt 0.017056 0.160355
vt 0.031967 0.135842
vt 0.009351 0.186660
vt 0.009350 0.213548
vt 0.017053 0.239853
vt 0.448820 0.726840
vt 0.471994 0.686431
vt 0.031964 0.264367
vt 0.071243 0.160889
vt 0.635829 0.723673
vt 0.731555 0.764081
vt 0.207583 0.013723
vt 0.168310 0.117203
vt 0.567714 0.726854
vt 0.085950 0.001695
vt 0.181770 0.294868
vn 0.206632 -0.672120 0.711026
vn 0.411642 -0.686051 0.599903
vn 0.249201 -0.528240 0.811703
vn 0.488573 -0.542728 0.683186
vn 0.579818 -0.704011 0.410096
vn 0.685072 -0.560996 0.464715
vn 0.679461 -0.717268 0.154463
vn 0.800824 -0.574187 0.170266
vn 0.684016 -0.717960 -0.129055
vn 0.803371 -0.574670 -0.156040
vn 0.592684 -0.705727 -0.388169
vn 0.692190 -0.562199 -0.452554
vn 0.430860 -0.687948 -0.584027
vn 0.499037 -0.544067 -0.674502
vn 0.229770 -0.673332 -0.702730
vn 0.261629 -0.529101 -0.807219
vn 0.012233 -0.667419 -0.744582
vn 0.006535 -0.523148 -0.852217
vn -0.206632 -0.672120 -0.711026
vn -0.249201 -0.528240 -0.811703
vn -0.411643 -0.686051 -0.599903
vn -0.488573 -0.542728 -0.683185
vn -0.579818 -0.704011 -0.410096
vn -0.685072 -0.560996 -0.464715
vn -0.679461 -0.717268 -0.154463
vn -0.800824 -0.574187 -0.170265
vn -0.684016 -0.717960 0.129055
vn -0.803371 -0.574671 0.156041
vn -0.592684 -0.705727 0.388169
vn -0.692190 -0.562199 0.452554
vn -0.430860 -0.687947 0.584027
vn -0.499037 -0.544067 0.674503
vn -0.229770 -0.673332 0.702730
vn -0.261628 -0.529101 0.807219
vn -0.012233 -0.667419 0.744582
vn -0.006535 -0.523148 0.852217
vn 0.000000 -1.000000 0.000000
vn 0.000000 -1.000000 0.000000
vn 0.000000 -1.000000 0.000000
vn 0.000000 -1.000000 0.000000
vn 0.000000 -1.000000 0.000000
vn 0.000000 -1.000000 0.000000
vn 0.000000 -1.000000 0.000000
vn 0.000000 -1.000000 0.000000
vn 0.000000 -1.000000 0.000000
vn 0.000000 -1.000000 0.000000
vn 0.000000 -1.000000 0.000000
vn 0.000000 -1.000000 0.000000
vn 0.000000 -1.000000 0.000000
vn 0.000000 -1.000000 0.000000
vn 0.000000 -1.000000 0.000000
vn 0.000000 -1.000000 0.000000
vn 0.000000 -1.000000 0.000000
vn 0.000000 -1.000000 0.000000
vn 0.000000 -1.000000 0.000000
vn 0.000000 1.000000 0.000001
vn 0.000000 1.000000 0.000001
vn 0.000000 1.000000 0.000000
vn 0.000000 1.000000 0.000000
vn 0.000000 1.000000 0.000000
vn 0.000000 1.000000 0.000000
vn 0.000000 1.000000 0.000000
vn 0.000000 1.000000 0.000000
vn 0.000000 1.000000 0.000000
vn 0.000000 1.000000 0.000000
vn 0.000000 1.000000 -0.000001
vn 0.000000 1.000000 -0.000001
vn 0.000000 1.000000 0.000000
vn 0.000000 1.000000 0.000000
vn 0.000000 1.000000 0.000000
vn 0.000000 1.000000 0.000000
vn 0.000000 1.000000 0.000002
vn 0.000000 1.000000 0.000002
vn 0.000000 1.000000 0.000000
vn 0.002042 0.116055 0.993241
vn 0.300449 0.117801 0.946495
vn 0.001760 0.083471 0.996509
vn 0.300536 0.084730 0.949999
vn -0.296490 0.117756 0.947748
vn -0.297125 0.084710 0.951074
vn -0.581596 0.122472 0.804206
vn -0.583031 0.088142 0.807654
vn -0.823821 0.128608 0.552069
vn -0.826675 0.092627 0.555003
vn -0.970684 0.133165 0.200101
vn -0.974852 0.095973 0.201130
vn -0.971631 0.133196 -0.195427
vn -0.975670 0.095987 -0.197118
vn -0.826356 0.128681 -0.548249
vn -0.828862 0.092661 -0.551726
vn -0.585101 0.122547 -0.801648
vn -0.586053 0.088176 -0.805461
vn -0.300448 0.117801 -0.946496
vn -0.300536 0.084730 -0.949999
vn -0.002042 0.116055 -0.993241
vn -0.001760 0.083471 -0.996509
vn 0.296490 0.117756 -0.947748
vn 0.297125 0.084710 -0.951074
vn 0.581596 0.122472 -0.804206
vn 0.583032 0.088142 -0.807654
vn 0.823821 0.128608 -0.552068
vn 0.826675 0.092627 -0.555003
vn 0.970684 0.133165 -0.200100
vn 0.974852 0.095973 -0.201130
vn 0.971631 0.133196 0.195427
vn 0.975670 0.095987 0.197118
vn 0.826356 0.128681 0.548249
vn 0.828862 0.092661 0.551726
vn 0.585101 0.122547 0.801648
vn 0.586052 0.088176 0.805461
vn -0.003235 -0.220619 0.975355
vn 0.290413 -0.223576 0.930416
vn 0.000389 0.022721 0.999742
vn 0.301687 0.023053 0.953128
vn -0.296666 -0.223785 0.928391
vn -0.300934 0.023072 0.953366
vn -0.575341 -0.232168 0.784271
vn -0.588483 0.024016 0.808153
vn -0.809699 -0.242758 0.534281
vn -0.832338 0.025227 0.553694
vn -0.949513 -0.250365 0.189057
vn -0.979597 0.026107 0.199267
vn -0.948049 -0.250239 -0.196428
vn -0.979776 0.026092 -0.198388
vn -0.805757 -0.242450 -0.540346
vn -0.832817 0.025192 -0.552974
vn -0.569845 -0.231835 -0.788372
vn -0.589148 0.023983 -0.807669
vn -0.290413 -0.223576 -0.930416
vn -0.301687 0.023054 -0.953128
vn 0.003235 -0.220619 -0.975355
vn -0.000389 0.022721 -0.999742
vn 0.296666 -0.223786 -0.928391
vn 0.300934 0.023072 -0.953366
vn 0.575341 -0.232168 -0.784271
vn 0.588483 0.024016 -0.808153
vn 0.809699 -0.242758 -0.534281
vn 0.832338 0.025227 -0.553694
vn 0.949513 -0.250365 -0.189056
vn 0.979598 0.026108 -0.199267
vn 0.948049 -0.250239 0.196428
vn 0.979776 0.026092 0.198388
vn 0.805757 -0.242450 0.540346
vn 0.832817 0.025192 0.552975
vn 0.569844 -0.231835 0.788372
vn 0.589148 0.023983 0.807670
vn 0.000665 0.035385 0.999374
vn 0.300816 0.035919 0.953006
vn 0.000394 0.020183 0.999796
vn 0.300513 0.020487 0.953558
vn -0.299527 0.035915 0.953412
vn -0.299748 0.020486 0.953799
vn -0.586509 0.037374 0.809080
vn -0.586768 0.021321 0.809475
vn -0.830749 0.039274 0.555260
vn -0.831177 0.022409 0.555557
vn -0.978892 0.040685 0.200290
vn -0.979475 0.023218 0.200226
vn -0.979201 0.040688 -0.198769
vn -0.979659 0.023218 -0.199324
vn -0.831577 0.039282 -0.554019
vn -0.831668 0.022410 -0.554821
vn -0.587651 0.037382 -0.808250
vn -0.587445 0.021322 -0.808983
vn -0.300816 0.035919 -0.953006
vn -0.300512 0.020487 -0.953558
vn -0.000664 0.035385 -0.999374
vn -0.000394 0.020183 -0.999796
vn 0.299527 0.035915 -0.953412
vn 0.299748 0.020486 -0.953799
vn 0.586509 0.037374 -0.809080
vn 0.586768 0.021321 -0.809475
vn 0.830749 0.039274 -0.555260
vn 0.831177 0.022409 -0.555557
vn 0.978892 0.040685 -0.200290
vn 0.979475 0.023218 -0.200226
vn 0.979201 0.040688 0.198769
vn 0.979658 0.023218 0.199324
vn 0.831577 0.039282 0.554019
vn 0.831668 0.022410 0.554821
vn 0.587651 0.037382 0.808250
vn 0.587445 0.021322 0.808983
vn -0.000000 0.000000 1.000000
vn 0.300373 0.000000 0.953822
vn -0.300373 0.000000 0.953822
vn -0.587502 0.000000 0.809222
vn -0.831813 0.000000 0.555056
vn -0.979859 0.000000 0.199689
vn -0.979859 0.000000 -0.199689
vn -0.831813 0.000000 -0.555056
vn -0.587502 0.000000 -0.809223
vn -0.300373 0.000000 -0.953822
vn 0.000000 0.000000 -1.000000
vn 0.300373 0.000000 -0.953822
vn 0.587503 0.000000 -0.809222
vn 0.831813 0.000000 -0.555056
vn 0.979859 0.000000 -0.199689
vn 0.979859 0.000000 0.199689
vn 0.831813 0.000000 0.555057
vn 0.587502 0.000000 0.809223
vn 0.000000 0.000000 1.000000
vn 0.300676 0.000000 0.953726
vn -0.000000 0.000000 1.000000
vn 0.300676 0.000000 0.953726
vn -0.300676 0.000000 0.953726
vn -0.300677 0.000000 0.953726
vn -0.588007 0.000000 0.808856
vn -0.588006 0.000000 0.808856
vn -0.832222 -0.000000 0.554443
vn -0.832221 0.000000 0.554444
vn -0.979930 0.000000 0.199340
vn -0.979930 -0.000000 0.199340
vn -0.979930 -0.000000 -0.199340
vn -0.979930 0.000000 -0.199340
vn -0.832221 -0.000000 -0.554444
vn -0.832221 -0.000000 -0.554444
vn -0.588007 0.000000 -0.808856
vn -0.588006 0.000000 -0.808856
vn -0.300677 0.000000 -0.953726
vn -0.300676 0.000000 -0.953726
vn -0.000000 0.000000 -1.000000
vn 0.000001 0.000000 -1.000000
vn 0.300677 -0.000000 -0.953726
vn 0.300677 0.000000 -0.953726
vn 0.588007 -0.000000 -0.808856
vn 0.588007 -0.000000 -0.808856
vn 0.832222 0.000000 -0.554443
vn 0.832221 0.000000 -0.554443
vn 0.979931 0.000000 -0.199340
vn 0.979930 0.000000 -0.199340
vn 0.979930 0.000000 0.199340
vn 0.979930 0.000000 0.199341
vn 0.832221 0.000000 0.554444
vn 0.832221 0.000000 0.554444
vn 0.588006 0.000000 0.808857
vn 0.588006 0.000000 0.808857
vn 0.000000 -1.000000 0.000008
vn 0.000000 -1.000000 0.000007
vn 0.000000 -1.000000 0.000001
vn 0.000000 -1.000000 0.000000
vn 0.000000 -1.000000 0.000008
vn 0.000000 -1.000000 0.000007
vn 0.000000 -1.000000 0.000011
vn 0.000000 -1.000000 0.000011
vn 0.000000 -1.000000 0.000000
vn 0.000000 -1.000000 0.000001
vn 0.000000 -1.000000 0.000000
vn 0.000000 -1.000000 0.000000
vn 0.000000 -1.000000 0.000000
vn 0.000000 -1.000000 0.000000
vn 0.000000 -1.000000 0.000000
vn 0.000000 -1.000000 0.000000
vn 0.000000 -1.000000 0.000003
vn 0.000000 -1.000000 0.000003
vn 0.000000 -1.000000 -0.000008
vn 0.000000 -1.000000 -0.000007
vn 0.000000 -1.000000 -0.000001
vn 0.000000 -1.000000 0.000000
vn 0.000000 -1.000000 -0.000008
vn 0.000000 -1.000000 -0.000007
vn 0.000000 -1.000000 -0.000010
vn 0.000000 -1.000000 -0.000011
vn 0.000000 -1.000000 0.000004
vn 0.000000 -1.000000 0.000003
vn 0.000000 -1.000000 -0.000000
vn 0.000000 -1.000000 -0.000000
vn 0.000000 -1.000000 0.000000
vn 0.000000 -1.000000 -0.000000
vn 0.000000 -1.000000 0.000000
vn 0.000000 -1.000000 0.000000
vn 0.000000 -1.000000 0.000001
vn 0.000000 -1.000000 0.000001
vn 0.000000 0.008546 0.999964
vn 0.000000 0.009914 0.999951
vn 0.000000 0.008546 0.999964
vn 0.000000 0.009913 0.999951
vn 0.000000 0.008546 -0.999964
vn 0.000000 0.009913 -0.999951
vn 0.000000 0.008546 -0.999964
vn 0.000000 0.009914 -0.999951
vn 0.000000 0.265564 -0.964093
vn 0.000000 0.264393 -0.964415
vn 0.000000 0.265553 -0.964096
vn 0.000000 0.264393 -0.964415
vn 0.000000 -0.210985 0.977489
vn 0.000000 -0.210985 0.977489
vn 0.000000 -0.241721 0.970346
vn 0.000000 -0.242007 0.970275
vn 0.000000 -0.277316 0.960779
vn 0.000000 -0.277316 0.960779
vn 0.000000 0.266933 -0.963715
vn 0.000000 0.266933 -0.963715
vn 0.001388 -0.167389 0.985890
vn 0.000000 -0.170900 0.985289
vn 0.000000 -0.218600 0.975815
vn 0.000000 -0.218624 0.975809
vn -0.001352 0.127591 -0.991826
vn 0.000000 0.150611 -0.988593
vn 0.000000 0.130014 -0.991512
vn 0.000000 0.150709 -0.988578
vn 0.000000 0.194883 -0.980827
vn 0.000000 0.194883 -0.980827
vn 0.000000 -0.223319 0.974746
vn 0.000000 -0.223319 0.974746
vn 0.000000 0.009914 0.999951
vn 0.000000 0.008546 0.999964
vn 0.000000 -0.242007 0.970275
vn 0.000000 -0.210985 0.977489
vn 0.000000 -0.277317 0.960779
vn 0.000000 -0.218600 0.975815
vn 0.000000 -0.223318 0.974746
vn -0.001388 -0.167389 0.985890
vn 0.001352 0.127591 -0.991826
vn 0.000000 0.150611 -0.988593
vn 0.000000 0.194882 -0.980827
vn 0.000000 0.266933 -0.963715
vn 0.000000 0.265564 -0.964093
vn 0.000000 0.264393 -0.964415
vn 0.000000 0.008546 -0.999964
vn 0.000000 0.009914 -0.999951
vn 0.000000 0.008546 0.999964
vn 0.000019 0.009918 0.999951
vn 0.000000 0.008546 0.999964
vn 0.000000 0.009914 0.999951
vn 0.000000 -0.210984 0.977490
vn 0.000000 -0.210985 0.977489
vn 0.000000 -0.242009 0.970274
vn 0.000000 -0.240434 0.970666
vn 0.000000 -0.277316 0.960779
vn 0.000000 -0.277316 0.960779
vn 0.000000 -0.223318 0.974746
vn 0.000015 -0.223310 0.974747
vn 0.000000 -0.218599 0.975815
vn 0.000014 -0.218997 0.975726
vn 0.012193 -0.140264 0.990039
vn 0.003369 -0.147371 0.989076
vn -0.000668 0.103146 -0.994666
vn 0.000000 0.153021 -0.988223
vn -0.003105 0.112792 -0.993614
vn 0.000000 0.150607 -0.988594
vn 0.000000 0.194882 -0.980827
vn 0.000000 0.194882 -0.980827
vn -0.000537 0.266811 -0.963749
vn 0.000061 0.265464 -0.964121
vn 0.000000 0.266934 -0.963715
vn 0.000000 0.265564 -0.964093
vn 0.000059 0.264405 -0.964412
vn 0.000000 0.264392 -0.964415
vn 0.000000 0.008546 -0.999964
vn 0.000000 0.009914 -0.999951
vn 0.000000 0.008546 -0.999964
vn 0.000019 0.009918 -0.999951
vn 0.000000 0.008546 -0.999964
vn -0.000019 0.009918 -0.999951
vn 0.000000 0.008546 -0.999964
vn 0.000000 0.009914 -0.999951
vn 0.000000 0.264392 -0.964415
vn -0.000059 0.264405 -0.964412
vn 0.000000 0.265564 -0.964093
vn -0.000061 0.265463 -0.964121
vn -0.000000 0.266933 -0.963715
vn 0.000000 0.266933 -0.963715
vn 0.000000 0.194882 -0.980827
vn -0.000695 0.194593 -0.980884
vn 0.000000 0.150607 -0.988594
vn -0.000139 0.152915 -0.988239
vn 0.000634 0.102542 -0.994729
vn 0.002940 0.112776 -0.993616
vn -0.012184 -0.139040 0.990212
vn -0.000014 -0.219000 0.975725
vn -0.003187 -0.147495 0.989058
vn 0.000000 -0.218599 0.975815
vn -0.000015 -0.223310 0.974747
vn 0.000000 -0.223318 0.974746
vn 0.000000 -0.277316 0.960779
vn 0.000000 -0.240434 0.970666
vn 0.000000 -0.277317 0.960779
vn 0.000000 -0.242009 0.970274
vn 0.000000 -0.210985 0.977489
vn 0.000000 -0.210985 0.977489
vn -0.000019 0.009918 0.999951
vn 0.000000 0.008546 0.999964
vn 0.000000 0.009914 0.999951
vn 0.000000 0.008546 0.999964
vn 0.000000 -0.045404 0.998969
vn -0.000000 -0.046563 0.998915
vn 0.000000 -0.045453 0.998967
vn 0.000000 -0.045403 0.998969
vn 0.000000 -0.045387 0.998970
vn 0.000000 -0.046563 0.998915
vn 0.000000 -0.045404 0.998969
vn 0.000000 0.093230 -0.995645
vn 0.000000 0.094425 -0.995532
vn 0.000000 0.093281 -0.995640
vn 0.000000 0.093229 -0.995645
vn 0.000000 0.093212 -0.995646
vn -0.000000 0.094425 -0.995532
vn 0.000000 0.093229 -0.995645
vn 0.000000 0.009914 0.999951
vn 0.000000 0.008546 0.999964
vn 0.000000 -0.045404 0.998969
vn 0.000000 -0.242010 0.970274
vn 0.000000 -0.210985 0.977489
vn 0.000000 -0.277317 0.960779
vn 0.000000 -0.218600 0.975815
vn 0.000000 -0.223318 0.974746
vn -0.002906 -0.159220 0.987239
vn 0.002752 0.121479 -0.992590
vn 0.000000 0.150608 -0.988594
vn 0.000000 0.194882 -0.980827
vn 0.000000 0.266933 -0.963715
vn 0.000000 0.265564 -0.964093
vn 0.000000 0.264393 -0.964415
vn 0.000000 0.009914 -0.999951
vn 0.000000 0.093229 -0.995645
vn 0.000000 0.008546 -0.999964
vn 0.000000 0.008546 0.999964
vn 0.000000 0.009914 0.999951
vn 0.000000 -0.045404 0.998969
vn 0.000000 -0.210985 0.977489
vn 0.000000 -0.242010 0.970274
vn 0.000000 -0.277316 0.960779
vn 0.000000 -0.223318 0.974746
vn 0.000000 -0.218599 0.975815
vn 0.002879 -0.159264 0.987232
vn -0.002732 0.121503 -0.992587
vn 0.000000 0.150608 -0.988594
vn 0.000000 0.194882 -0.980827
vn 0.000000 0.266934 -0.963715
vn 0.000000 0.265564 -0.964093
vn 0.000000 0.264393 -0.964415
vn 0.000000 0.093229 -0.995645
vn 0.000000 0.009914 -0.999951
vn 0.000000 0.008546 -0.999964
vn -0.923882 0.002237 0.382670
vn -0.923859 0.000623 0.382733
vn -0.999694 -0.000907 0.024729
vn -0.999350 -0.002964 0.035936
vn -0.043679 0.008489 0.999010
vn -0.042598 0.009810 0.999044
vn -0.382684 0.007468 0.923849
vn -0.382565 0.007848 0.923895
vn 0.042598 0.009810 0.999044
vn 0.382565 0.007848 0.923895
vn 0.038095 -0.050720 0.997986
vn 0.382099 -0.054584 0.922508
vn 0.923859 0.000623 0.382733
vn 0.999332 -0.002989 0.036424
vn 0.922895 -0.049416 0.381867
vn 0.998632 -0.034613 0.039200
vn -0.992660 0.114817 -0.037977
vn -0.916349 0.124223 -0.380622
vn -0.999157 0.007470 -0.040376
vn -0.921879 0.039965 -0.385412
vn -0.379778 0.092132 -0.920478
vn -0.016006 0.057129 -0.998239
vn -0.378063 0.092754 -0.921122
vn -0.015241 0.100780 -0.994792
vn -0.803981 -0.593014 0.044152
vn -0.599373 -0.764021 0.238797
vn -0.700663 -0.712572 0.036243
vn -0.633664 -0.726621 0.265503
vn -0.348532 -0.476501 0.807139
vn -0.016963 -0.265061 0.964082
vn -0.320374 -0.534095 0.782370
vn -0.014562 -0.291608 0.956427
vn -0.853768 -0.516858 -0.062748
vn -0.899893 -0.129585 -0.416413
vn -0.990055 -0.132538 -0.047160
vn -0.927849 -0.033951 -0.371407
vn -0.316908 0.036037 -0.947771
vn -0.017787 0.255956 -0.966525
vn -0.398448 0.183900 -0.898566
vn -0.031128 0.259782 -0.965165
vn -0.043679 0.008489 -0.999010
vn -0.382684 0.007468 -0.923849
vn -0.042605 0.009812 -0.999044
vn -0.382565 0.007882 -0.923895
vn -0.923882 0.002237 -0.382670
vn -0.999690 -0.000906 -0.024897
vn -0.923859 0.000658 -0.382732
vn -0.999335 -0.003031 -0.036350
vn 0.923882 0.002237 -0.382670
vn 0.923859 0.000658 -0.382732
vn 0.999694 -0.000907 -0.024729
vn 0.999352 -0.003005 -0.035864
vn 0.043679 0.008489 -0.999010
vn 0.042605 0.009812 -0.999044
vn 0.382684 0.007468 -0.923849
vn 0.382565 0.007882 -0.923895
vn -0.990866 -0.128214 0.041774
vn -0.912332 -0.176957 0.369239
vn -0.999081 0.011578 0.041276
vn -0.926603 -0.036151 0.374300
vn -0.377168 -0.215755 0.900663
vn -0.027295 -0.193045 0.980810
vn -0.402861 -0.106967 0.908989
vn -0.032939 -0.119023 0.992345
vn 0.403954 -0.115573 0.907449
vn 0.384495 -0.032536 0.922553
vn 0.032654 -0.119458 0.992302
vn 0.016091 -0.071361 0.997321
vn 0.999071 -0.012009 0.041383
vn 0.995591 0.084044 0.041667
vn 0.926286 -0.057375 0.372427
vn 0.923128 0.054295 0.380641
vn -0.386290 0.921390 0.042659
vn -0.353344 0.842158 0.407330
vn -0.489050 0.871215 0.042600
vn -0.300666 0.585535 0.752827
vn -0.119783 0.283093 0.951583
vn 0.031175 -0.081234 0.996207
vn 0.039520 -0.070077 0.996758
vn -0.172368 0.416770 -0.892520
vn -0.349274 0.651274 -0.673684
vn -0.045208 0.119429 -0.991813
vn -0.054174 0.100204 -0.993491
vn -0.386241 0.921665 -0.036763
vn -0.489033 0.871464 -0.037378
vn -0.359918 0.860797 -0.359845
vn 0.046855 0.118816 -0.991810
vn 0.177855 0.414706 -0.892405
vn 0.031451 0.140775 -0.989542
vn 0.114465 0.447445 -0.886956
vn 0.371184 0.855992 -0.359862
vn 0.398368 0.916484 -0.036890
vn 0.236313 0.903804 -0.356785
vn 0.254092 0.966477 -0.036870
vn 0.364308 0.837295 0.407696
vn 0.232129 0.881858 0.410417
vn 0.398425 0.916199 0.042865
vn 0.254268 0.966146 0.043708
vn -0.032701 -0.081289 0.996154
vn -0.021311 -0.092577 0.995477
vn 0.123135 0.280827 0.951827
vn 0.077555 0.289913 0.953906
vn -0.522186 0.355396 0.775252
vn -0.704386 0.163499 0.690731
vn -0.991160 0.126057 0.041366
vn -0.690234 0.068491 0.720337
vn -0.758738 0.157502 0.632068
vn -0.015532 -0.011563 0.999813
vn -0.923787 -0.006913 0.382845
vn -0.924233 0.002036 0.381823
vn -0.998850 -0.022422 0.042384
vn -0.998602 -0.028475 0.044534
vn -0.019934 0.039670 0.999014
vn -0.025458 0.082416 0.996273
vn -0.382786 0.028174 0.923407
vn -0.383260 0.065212 0.921336
vn -0.917744 0.110487 0.381497
vn -0.916595 0.126702 0.379209
vn -0.993672 0.104374 0.041505
vn -0.993355 0.106327 0.044060
vn -0.021330 0.041000 0.998932
vn -0.023986 0.083069 0.996255
vn -0.380055 0.075558 0.921872
vn -0.378899 0.114139 0.918372
vn -0.924530 0.017943 0.380687
vn -0.924918 0.031191 0.378886
vn -0.998261 -0.025535 0.053137
vn -0.997580 -0.021393 0.066163
vn -0.033588 0.123488 0.991778
vn -0.049834 0.157085 0.986327
vn -0.383186 0.102805 0.917932
vn -0.383757 0.134958 0.913519
vn -0.381922 -0.124031 -0.915834
vn -0.383276 -0.136624 -0.913473
vn -0.050139 -0.122760 -0.991169
vn -0.102163 -0.137183 -0.985263
vn -0.997189 -0.039791 -0.063486
vn -0.996024 -0.043054 -0.077993
vn -0.922379 -0.076043 -0.378726
vn -0.925387 -0.080569 -0.370362
vn 0.992446 0.104317 -0.064565
vn 0.921885 0.058299 -0.383052
vn 0.987366 0.096045 -0.126033
vn 0.910825 0.049093 -0.409862
vn 0.384414 -0.068315 -0.920630
vn 0.048227 -0.113912 -0.992320
vn 0.377357 -0.081802 -0.922448
vn 0.081463 -0.124919 -0.988817
vn 0.047003 0.161675 0.985724
vn 0.376449 0.186834 0.907402
vn 0.078050 0.189445 0.978784
vn 0.382458 0.209067 0.900010
vn 0.913070 0.163175 0.373734
vn 0.990353 0.122298 0.065144
vn 0.923087 0.167797 0.346056
vn 0.987826 0.129389 0.086359
vn -0.915258 0.141887 0.377056
vn -0.914474 0.154222 0.374102
vn -0.992631 0.109196 0.052538
vn -0.991524 0.112470 0.065053
vn -0.031858 0.126603 0.991442
vn -0.046917 0.161315 0.985787
vn -0.376993 0.153529 0.913403
vn -0.377196 0.183333 0.907806
vn -0.384467 -0.072171 -0.920313
vn -0.378039 -0.085514 -0.921832
vn -0.048178 -0.114499 -0.992254
vn -0.082240 -0.125652 -0.988660
vn -0.993439 0.094466 -0.064458
vn -0.988653 0.086573 -0.122760
vn -0.922541 0.049075 -0.382767
vn -0.912456 0.040322 -0.407183
vn 0.997533 -0.029795 -0.063560
vn 0.922955 -0.066768 -0.379072
vn 0.996128 -0.033370 -0.081333
vn 0.925023 -0.071484 -0.373127
vn 0.382228 -0.120212 -0.916215
vn 0.050167 -0.122151 -0.991243
vn 0.383136 -0.132788 -0.914097
vn 0.101113 -0.136149 -0.985515
vn 0.049716 0.157458 0.986273
vn 0.383500 0.138602 0.913081
vn 0.095174 0.178692 0.979291
vn 0.382194 0.159638 0.910189
vn 0.924704 0.040419 0.378534
vn 0.997751 -0.011410 0.066050
vn 0.922695 0.050252 0.382241
vn 0.992510 0.000259 0.122160
vn 0.999690 -0.000906 0.024897
vn -0.000000 0.999313 -0.037064
vn 0.000000 0.999000 0.044701
vn -0.254090 0.966478 -0.036863
vn -0.254273 0.966144 0.043710
vn -0.993106 0.109513 0.041810
vn 0.004498 0.066561 -0.997772
vn -0.000245 0.066085 -0.997814
vn 0.000591 0.048428 -0.998827
vn -0.031388 0.140820 -0.989538
vn 0.000000 0.152659 -0.988279
vn 0.999107 -0.013532 -0.040032
vn 0.995417 0.087916 -0.037641
vn 0.000000 -0.099980 0.994989
vn 0.021206 -0.092588 0.995479
vn -0.018198 -0.078741 0.996729
vn -0.008926 -0.085183 0.996325
vn -0.001547 -0.058381 0.998293
vn -0.015482 -0.071306 0.997334
vn -0.982607 -0.180319 0.044373
vn 0.990055 -0.132538 -0.047160
vn 0.853800 -0.516802 -0.062788
vn 0.982607 -0.180319 0.044373
vn 0.804013 -0.592970 0.044165
vn -0.029690 -0.215468 0.976059
vn -0.703039 -0.709079 -0.054255
vn 0.703101 -0.708985 -0.054673
vn 0.700486 -0.712677 0.037562
vn -0.015985 0.251040 -0.967845
vn -0.991766 -0.118448 -0.048695
vn 0.991824 -0.118684 -0.046902
vn 0.990858 -0.128270 0.041811
vn -0.011777 0.146770 -0.989101
vn -0.964920 -0.257654 -0.050444
vn -0.964895 -0.258640 0.045642
vn -0.013500 0.189829 -0.981724
vn 0.964922 -0.257753 -0.049900
vn 0.964718 -0.258997 0.047332
vn -0.012503 -0.226477 0.973936
vn 0.043679 0.008489 0.999010
vn 0.017001 -0.265045 0.964086
vn 0.029690 -0.215468 0.976059
vn 0.014591 -0.291595 0.956431
vn 0.027330 -0.193035 0.980811
vn 0.012498 -0.226517 0.973927
vn -0.004426 0.066810 -0.997756
vn 0.014980 0.100265 -0.994848
vn -0.000057 0.065786 -0.997834
vn -0.000589 0.048716 -0.998812
vn 0.016567 0.056616 -0.998259
vn 0.011816 0.147198 -0.989037
vn 0.013717 0.191071 -0.981480
vn 0.017412 0.255602 -0.966625
vn 0.015584 0.250026 -0.968114
vn 0.031128 0.259781 -0.965166
vn 0.018197 -0.079497 0.996669
vn -0.550639 0.834744 -0.000003
vn -0.550638 0.834744 -0.000005
vn 0.057082 0.097838 -0.993564
vn 0.516301 0.855596 -0.037261
vn 0.599453 0.794459 -0.097427
vn 0.516043 0.855498 0.042700
vn 0.578285 0.815835 0.000000
vn -0.041850 -0.069368 0.996713
vn -0.998621 -0.026839 -0.045127
vn -0.998632 -0.034613 0.039200
vn -0.038095 -0.050720 0.997986
vn 0.998621 -0.026839 -0.045127
vn 0.037856 0.096131 -0.994649
vn -0.037856 0.096131 -0.994649
vn 0.015548 -0.011421 0.999814
vn -0.018883 -0.011629 0.999754
vn 0.989914 0.135431 0.041582
vn 0.967771 0.251833 0.000000
vn 0.989392 0.139296 -0.041228
vn 0.967771 0.251833 0.000000
vn 0.015639 0.029992 -0.999428
vn -0.018762 0.029941 -0.999376
vn -0.993811 0.103860 -0.039400
vn -0.993971 0.102199 0.039710
vn -0.970110 0.242665 0.000000
vn -0.970110 0.242665 -0.000000
vn -0.990616 0.130409 -0.040899
vn 0.001715 -0.058776 0.998270
vn 0.018894 -0.011436 0.999756
vn 0.992735 0.113672 -0.039455
vn 0.992905 0.112093 0.039692
vn -0.015609 0.029833 -0.999433
vn 0.018787 0.030091 -0.999371
vn -0.998909 -0.025340 -0.039233
vn -0.998491 -0.034711 -0.042559
vn 0.021820 -0.022031 -0.999519
vn -0.020233 -0.026488 -0.999444
vn 0.024497 -0.053740 -0.998255
vn -0.025760 -0.059596 -0.997890
vn 0.992586 0.114262 0.041450
vn 0.993010 0.111664 -0.038255
vn 0.992241 0.116217 0.044174
vn 0.992996 0.110146 -0.042737
vn 0.021491 0.041113 0.998923
vn 0.024050 0.083146 0.996247
vn -0.994071 0.101764 -0.038312
vn -0.994045 0.100249 -0.042707
vn -0.021660 -0.022391 -0.999515
vn -0.024484 -0.054125 -0.998234
vn 0.020377 -0.026156 -0.999450
vn 0.025760 -0.059193 -0.997914
vn 0.999027 -0.012362 0.042343
vn 0.999115 -0.015270 -0.039185
vn 0.998841 -0.018427 0.044471
vn 0.998789 -0.024656 -0.042574
vn 0.020081 0.039735 0.999008
vn 0.025405 0.082497 0.996267
vn -0.997931 -0.037106 -0.052499
vn 0.032503 -0.087899 -0.995599
vn -0.033977 -0.094387 -0.994956
vn 0.991497 0.119065 0.052502
vn 0.992776 0.107678 -0.052936
vn 0.031827 0.126843 0.991412
vn -0.993801 0.097782 -0.052904
vn -0.032477 -0.088329 -0.995562
vn 0.033988 -0.093939 -0.994998
vn 0.998470 -0.015486 0.053085
vn 0.998252 -0.027059 -0.052539
vn 0.033568 0.123741 0.991747
vn -0.988789 0.119907 0.088988
vn -0.078688 0.188752 0.978867
vn -0.992134 -0.009367 0.124828
vn -0.096035 0.177729 0.979382
vn 0.010237 -0.084239 0.996393
vn 0.000000 0.948326 -0.317296
vn -0.000009 0.948577 -0.316548
vn -0.000009 0.948465 -0.316883
vn 0.000002 0.948502 -0.316772
vn -0.000006 0.948470 -0.316867
vn 0.000003 0.948489 -0.316812
vn -0.000002 0.948486 -0.316820
vn -0.000009 0.948467 -0.316876
vn -0.000009 0.948501 -0.316773
vn -0.000008 0.948481 -0.316834
vn -0.000008 0.948495 -0.316791
vn 0.000000 0.948323 -0.317308
vn 0.000000 0.948505 -0.316762
vn 0.000015 0.948425 -0.317002
vn 0.000015 0.948464 -0.316884
vn -0.000014 0.948476 -0.316850
vn -0.000013 0.948477 -0.316846
vn -0.000005 0.948475 -0.316852
vn -0.000009 0.948467 -0.316878
vn 0.000005 0.948467 -0.316877
vn 0.000005 0.948430 -0.316987
vn 0.000010 0.948453 -0.316918
vn 0.000010 0.948462 -0.316891
vn 0.000000 0.948480 -0.316838
vn -0.922896 -0.049416 0.381866
vn -0.382099 -0.054584 0.922508
vn 0.382684 0.007468 0.923849
vn 0.923882 0.002237 0.382670
vn -0.920050 -0.058659 -0.387384
vn -0.375998 0.090742 -0.922167
vn 0.381087 0.082207 -0.920877
vn 0.383233 0.084397 -0.919788
vn 0.919404 0.100014 -0.380387
vn 0.924534 0.020026 -0.380573
vn 0.000001 0.909484 0.415739
vn -0.232151 0.881857 0.410407
vn 0.000000 0.289679 0.957124
vn -0.077598 0.289917 0.953901
vn 0.000001 0.469596 -0.882881
vn -0.114425 0.447475 -0.886946
vn 0.000000 0.934595 -0.355713
vn -0.236307 0.903833 -0.356714
vn 0.648246 -0.637659 -0.416135
vn 0.684275 -0.607405 -0.403519
vn 0.316838 0.035523 -0.947814
vn 0.305974 -0.039407 -0.951224
vn 0.398449 0.183899 -0.898565
vn 0.899895 -0.129585 -0.416409
vn 0.927851 -0.033951 -0.371402
vn 0.348584 -0.476299 0.807235
vn 0.312444 -0.527781 0.789827
vn 0.599281 -0.763978 0.239165
vn 0.630732 -0.726067 0.273868
vn -0.398239 -0.257285 0.880460
vn -0.882124 -0.314296 0.350821
vn -0.909454 -0.232533 0.344705
vn -0.923868 0.003210 -0.382698
vn -0.381844 0.079710 -0.920783
vn 0.381844 0.079710 -0.920783
vn 0.923868 0.003210 -0.382699
vn 0.882128 -0.314298 0.350809
vn 0.909454 -0.232532 0.344707
vn 0.398239 -0.257285 0.880460
vn -0.901347 -0.178236 -0.394721
vn -0.365365 0.086654 -0.926822
vn -0.299584 -0.031769 -0.953541
vn -0.648184 -0.637781 -0.416045
vn -0.683582 -0.606428 -0.406154
vn -0.875874 -0.312955 0.367292
vn -0.357915 -0.297461 0.885107
vn -0.921063 0.078202 0.381481
vn -0.384277 -0.022151 0.922952
vn 0.347152 -0.296411 0.889733
vn 0.376809 -0.216293 0.900685
vn 0.870731 -0.314800 0.377794
vn 0.912274 -0.177265 0.369233
vn 0.388496 0.088801 -0.917162
vn 0.925068 -0.061170 -0.374843
vn 0.379380 0.081785 -0.921619
vn 0.904468 -0.181356 -0.386068
vn -0.920123 0.089848 0.381184
vn -0.382562 0.026967 0.923536
vn 0.564898 0.384397 0.730157
vn 0.452659 0.616232 0.644483
vn 0.319834 0.572537 0.754922
vn 0.453954 0.588474 0.669048
vn 0.466605 0.679615 -0.566042
vn 0.374212 0.635608 -0.675254
vn 0.424805 0.662096 -0.617390
vn -0.391347 0.559747 0.730432
vn -0.360637 0.531346 0.766559
vn -0.357504 0.618608 -0.699654
vn -0.407459 0.631588 -0.659602
vn -0.523105 0.401968 -0.751520
vn 0.717618 0.168454 0.675758
vn 0.689320 0.074292 0.720638
vn 0.772299 0.164642 0.613554
vn 0.702636 0.196660 -0.683833
vn 0.687540 0.105086 -0.718503
vn 0.753344 0.190266 -0.629502
vn -0.381818 0.065304 -0.921928
vn -0.918690 0.105704 -0.380572
vn -0.687072 0.191682 -0.700850
vn -0.688051 0.099346 -0.718830
vn -0.738359 0.183905 -0.648849
vn 0.382524 0.030813 0.923432
vn 0.919314 0.099019 0.380863
vn 0.917787 0.114690 -0.380148
vn 0.381708 0.069067 -0.921699
vn -0.382648 -0.033835 -0.923275
vn -0.923469 -0.032569 -0.382288
vn -0.382565 -0.066489 -0.921533
vn -0.922948 -0.052184 -0.381372
vn 0.919007 0.093936 -0.382886
vn 0.380803 0.020058 -0.924439
vn 0.920115 0.081923 -0.382984
vn 0.383396 -0.010724 -0.923522
vn 0.379589 0.079248 0.921755
vn 0.916626 0.119649 0.381421
vn 0.378306 0.117706 0.918167
vn 0.915364 0.135808 0.379033
vn -0.381168 0.016143 -0.924365
vn -0.919910 0.084788 -0.382853
vn -0.383539 -0.014566 -0.923410
vn -0.920926 0.072736 -0.382890
vn 0.923687 -0.023312 -0.382439
vn 0.382643 -0.029831 -0.923415
vn 0.923351 -0.042898 -0.381552
vn 0.382654 -0.062640 -0.921766
vn 0.382659 0.031913 0.923338
vn 0.923791 0.002361 0.382890
vn 0.383171 0.068877 0.921106
vn 0.924244 0.011357 0.381634
vn -0.922017 0.041531 0.384915
vn -0.381893 0.155969 0.910951
vn -0.382131 -0.098331 -0.918862
vn -0.922601 -0.065345 -0.380180
vn 0.921169 0.068688 -0.383054
vn 0.383845 -0.042677 -0.922411
vn 0.376270 0.157197 0.913077
vn 0.913913 0.150922 0.376810
vn -0.923605 0.159141 0.348751
vn -0.382679 0.205435 0.900751
vn -0.383944 -0.046521 -0.922184
vn -0.921886 0.059494 -0.382866
vn 0.923105 -0.056080 -0.380438
vn 0.382371 -0.094509 -0.919163
vn 0.383088 0.106618 0.917538
vn 0.924432 0.027222 0.380374
vn 0.548612 0.524109 0.651410
vn 0.510855 0.465135 0.722964
vn 0.457399 0.563348 -0.688060
vn 0.501322 0.596086 -0.627182
vn -0.559192 0.457789 0.691183
vn -0.468106 0.378086 0.798704
vn -0.452725 0.512657 -0.729536
vn -0.502731 0.527390 -0.684924
vn 0.000000 -0.250231 0.968186
vn 0.000000 -0.250340 0.968158
vn 0.000000 -0.250228 0.968187
vn 0.000000 -0.250226 0.968188
vn 0.000000 -0.250391 0.968145
vn -0.014499 -0.249650 0.968228
vn -0.355556 -0.408474 0.840672
vn -0.855486 -0.516170 0.041372
vn -0.768318 -0.558980 0.311816
vn -0.844621 -0.533082 -0.049386
vn -0.807342 -0.441574 -0.391423
vn -0.016347 0.206210 -0.978371
vn -0.348109 0.013405 -0.937358
vn -0.000483 0.231159 -0.972916
vn 0.000000 0.230869 -0.972985
vn 0.000000 0.230871 -0.972984
vn 0.000000 0.230876 -0.972983
vn 0.000000 0.231023 -0.972948
vn 0.000000 0.230876 -0.972983
vn 0.000000 0.230871 -0.972984
vn 0.000000 0.230868 -0.972985
vn -0.000404 0.231209 -0.972904
vn 0.016660 0.206320 -0.978343
vn 0.362597 0.003635 -0.931939
vn 0.808668 -0.443452 -0.386531
vn 0.844722 -0.532856 -0.050091
vn 0.855196 -0.516407 0.044303
vn 0.760057 -0.559803 0.330051
vn 0.336872 -0.399962 0.852378
vn 0.014461 -0.249665 0.968224
vn 0.000000 -0.250400 0.968143
vn 0.000000 -0.250226 0.968188
vn 0.000000 -0.250228 0.968187
vn 0.000000 -0.250231 0.968186
s 1
g polySurface3
usemtl initialShadingGroup
f 1/348/1 2/108/2 74/350/3
f 74/350/3 2/108/2 91/1022/4
f 2/1021/2 3/106/5 91/1004/4
f 91/1004/4 3/106/5 90/1003/6
f 3/106/5 4/103/7 90/1003/6
f 90/1003/6 4/103/7 89/1005/8
f 4/103/7 5/98/9 89/1005/8
f 89/1005/8 5/98/9 88/1006/10
f 5/98/9 6/94/11 88/1006/10
f 88/1006/10 6/94/11 87/1007/12
f 6/94/11 7/95/13 87/1007/12
f 87/1007/12 7/95/13 86/1020/14
f 7/1019/13 8/362/15 86/1008/14
f 86/1008/14 8/362/15 85/365/16
f 8/362/15 9/364/17 85/365/16
f 85/365/16 9/364/17 84/367/18
f 9/364/17 10/366/19 84/367/18
f 84/367/18 10/366/19 83/368/20
f 10/366/19 11/54/21 83/368/20
f 83/368/20 11/54/21 82/1018/22
f 11/1017/21 12/52/23 82/1010/22
f 82/1010/22 12/52/23 81/1009/24
f 12/52/23 13/49/25 81/1009/24
f 81/1009/24 13/49/25 80/1011/26
f 13/49/25 14/44/27 80/1011/26
f 80/1011/26 14/44/27 79/1012/28
f 14/44/27 15/40/29 79/1012/28
f 79/1012/28 15/40/29 78/1013/30
f 15/40/29 16/41/31 78/1013/30
f 78/1013/30 16/41/31 77/1016/32
f 16/1015/31 17/354/33 77/1014/32
f 77/1014/32 17/354/33 76/356/34
f 17/354/33 18/351/35 76/356/34
f 76/356/34 18/351/35 75/353/36
f 18/351/35 1/348/1 75/353/36
f 75/353/36 1/348/1 74/350/3
s 2
f 2/1002/37 1/994/38 19/349/39
f 3/352/40 2/1002/37 19/349/39
f 4/355/41 3/352/40 19/349/39
f 5/357/42 4/355/41 19/349/39
f 6/359/43 5/357/42 19/349/39
f 7/1001/44 6/359/43 19/349/39
f 8/1000/45 7/1001/44 19/349/39
f 9/999/46 8/1000/45 19/349/39
f 10/997/47 9/999/46 19/349/39
f 11/998/48 10/997/47 19/349/39
f 12/363/49 11/998/48 19/349/39
f 13/361/50 12/363/49 19/349/39
f 14/360/51 13/361/50 19/349/39
f 15/358/52 14/360/51 19/349/39
f 16/996/53 15/358/52 19/349/39
f 17/995/54 16/996/53 19/349/39
f 18/993/55 17/995/54 19/349/39
f 1/994/38 18/993/55 19/349/39
s 3
f 164/369/56 165/370/57 166/371/58
f 165/370/57 167/372/59 166/371/58
f 167/372/59 168/374/60 166/371/58
f 168/374/60 169/376/61 166/371/58
f 169/376/61 170/378/62 166/371/58
f 170/378/62 171/380/63 166/371/58
f 171/380/63 172/382/64 166/371/58
f 172/382/64 173/384/65 166/371/58
f 173/384/65 174/386/66 166/371/58
f 174/386/66 175/387/67 166/371/58
f 175/387/67 176/385/68 166/371/58
f 176/385/68 177/383/69 166/371/58
f 177/383/69 178/381/70 166/371/58
f 178/381/70 179/379/71 166/371/58
f 179/379/71 180/377/72 166/371/58
f 180/377/72 181/375/73 166/371/58
f 181/375/73 182/373/74 166/371/58
f 182/373/74 164/369/56 166/371/58
s 1
f 21/486/75 20/487/76 111/488/77
f 111/488/77 20/487/76 110/490/78
f 22/496/79 21/486/75 112/491/80
f 112/491/80 21/486/75 111/488/77
f 23/508/81 22/496/79 113/502/82
f 113/502/82 22/496/79 112/491/80
f 24/2/83 23/9/81 114/5/84
f 114/5/84 23/9/81 113/15/82
f 25/1/85 24/2/83 115/3/86
f 115/3/86 24/2/83 114/5/84
f 26/11/87 25/1/85 116/6/88
f 116/6/88 25/1/85 115/3/86
f 27/23/89 26/11/87 117/17/90
f 117/17/90 26/11/87 116/6/88
f 28/38/91 27/23/89 118/29/92
f 118/29/92 27/23/89 117/17/90
f 29/526/93 28/527/91 119/528/94
f 119/528/94 28/527/91 118/530/92
f 30/534/95 29/526/93 120/531/96
f 120/531/96 29/526/93 119/528/94
f 31/544/97 30/534/95 121/538/98
f 121/538/98 30/534/95 120/531/96
f 32/557/99 31/544/97 122/548/100
f 122/548/100 31/544/97 121/538/98
f 33/56/101 32/63/99 123/59/102
f 123/59/102 32/63/99 122/69/100
f 34/55/103 33/56/101 124/57/104
f 124/57/104 33/56/101 123/59/102
f 35/65/105 34/55/103 125/60/106
f 125/60/106 34/55/103 124/57/104
f 36/77/107 35/65/105 126/71/108
f 126/71/108 35/65/105 125/60/106
f 37/92/109 36/77/107 127/83/110
f 127/83/110 36/77/107 126/71/108
f 20/487/76 37/494/109 110/490/78
f 110/490/78 37/494/109 127/500/110
f 39/504/111 38/498/112 93/492/113
f 93/492/113 38/498/112 92/489/114
f 40/515/115 39/504/111 94/505/116
f 94/505/116 39/504/111 93/492/113
f 41/523/117 40/515/115 95/516/118
f 95/516/118 40/515/115 94/505/116
f 42/13/119 41/14/117 96/4/120
f 96/4/120 41/14/117 95/8/118
f 43/19/121 42/13/119 97/7/122
f 97/7/122 42/13/119 96/4/120
f 44/33/123 43/19/121 98/20/124
f 98/20/124 43/19/121 97/7/122
f 45/46/125 44/33/123 99/34/126
f 99/34/126 44/33/123 98/20/124
f 46/51/127 45/46/125 100/47/128
f 100/47/128 45/46/125 99/34/126
f 47/540/129 46/536/127 101/532/130
f 101/532/130 46/536/127 100/529/128
f 48/552/131 47/540/129 102/541/132
f 102/541/132 47/540/129 101/532/130
f 49/561/133 48/552/131 103/553/134
f 103/553/134 48/552/131 102/541/132
f 50/564/135 49/561/133 104/562/136
f 104/562/136 49/561/133 103/553/134
f 51/67/137 50/68/135 105/58/138
f 105/58/138 50/68/135 104/62/136
f 52/73/139 51/67/137 106/61/140
f 106/61/140 51/67/137 105/58/138
f 53/87/141 52/73/139 107/74/142
f 107/74/142 52/73/139 106/61/140
f 54/100/143 53/87/141 108/88/144
f 108/88/144 53/87/141 107/74/142
f 55/105/145 54/100/143 109/101/146
f 109/101/146 54/100/143 108/88/144
f 38/498/112 55/499/145 92/489/114
f 92/489/114 55/499/145 109/493/146
f 57/495/147 56/501/148 129/506/149
f 129/506/149 56/501/148 128/513/150
f 58/497/151 57/495/147 130/507/152
f 130/507/152 57/495/147 129/506/149
f 59/503/153 58/497/151 131/509/154
f 131/509/154 58/497/151 130/507/152
f 60/16/155 59/27/153 132/28/156
f 132/28/156 59/27/153 131/42/154
f 61/10/157 60/16/155 133/21/158
f 133/21/158 60/16/155 132/28/156
f 62/12/159 61/10/157 134/22/160
f 134/22/160 61/10/157 133/21/158
f 63/18/161 62/12/159 135/24/162
f 135/24/162 62/12/159 134/22/160
f 64/30/163 63/18/161 136/31/164
f 136/31/164 63/18/161 135/24/162
f 65/533/165 64/537/163 137/542/166
f 137/542/166 64/537/163 136/547/164
f 66/535/167 65/533/165 138/543/168
f 138/543/168 65/533/165 137/542/166
f 67/539/169 66/535/167 139/545/170
f 139/545/170 66/535/167 138/543/168
f 68/549/171 67/539/169 140/550/172
f 140/550/172 67/539/169 139/545/170
f 69/70/173 68/81/171 141/82/174
f 141/82/174 68/81/171 140/96/172
f 70/64/175 69/70/173 142/75/176
f 142/75/176 69/70/173 141/82/174
f 71/66/177 70/64/175 143/76/178
f 143/76/178 70/64/175 142/75/176
f 72/72/179 71/66/177 144/78/180
f 144/78/180 71/66/177 143/76/178
f 73/84/181 72/72/179 145/85/182
f 145/85/182 72/72/179 144/78/180
f 56/501/148 73/512/181 128/513/150
f 128/513/150 73/512/181 145/520/182
f 75/514/36 74/510/3 39/504/111
f 39/504/111 74/510/3 38/498/112
f 76/522/34 75/514/36 40/515/115
f 40/515/115 75/514/36 39/504/111
f 77/525/32 76/522/34 41/523/117
f 41/523/117 76/522/34 40/515/115
f 78/25/30 77/26/32 42/13/119
f 42/13/119 77/26/32 41/14/117
f 79/32/28 78/25/30 43/19/121
f 43/19/121 78/25/30 42/13/119
f 80/45/26 79/32/28 44/33/123
f 44/33/123 79/32/28 43/19/121
f 81/50/24 80/45/26 45/46/125
f 45/46/125 80/45/26 44/33/123
f 82/53/22 81/50/24 46/51/127
f 46/51/127 81/50/24 45/46/125
f 83/551/20 82/546/22 47/540/129
f 47/540/129 82/546/22 46/536/127
f 84/560/18 83/551/20 48/552/131
f 48/552/131 83/551/20 47/540/129
f 85/563/16 84/560/18 49/561/133
f 49/561/133 84/560/18 48/552/131
f 86/565/14 85/563/16 50/564/135
f 50/564/135 85/563/16 49/561/133
f 87/79/12 86/80/14 51/67/137
f 51/67/137 86/80/14 50/68/135
f 88/86/10 87/79/12 52/73/139
f 52/73/139 87/79/12 51/67/137
f 89/99/8 88/86/10 53/87/141
f 53/87/141 88/86/10 52/73/139
f 90/104/6 89/99/8 54/100/143
f 54/100/143 89/99/8 53/87/141
f 91/107/4 90/104/6 55/105/145
f 55/105/145 90/104/6 54/100/143
f 74/510/3 91/511/4 38/498/112
f 38/498/112 91/511/4 55/499/145
f 93/492/113 92/489/114 21/486/75
f 21/486/75 92/489/114 20/487/76
f 94/505/116 93/492/113 22/496/79
f 22/496/79 93/492/113 21/486/75
f 95/516/118 94/505/116 23/508/81
f 23/508/81 94/505/116 22/496/79
f 96/4/120 95/8/118 24/2/83
f 24/2/83 95/8/118 23/9/81
f 97/7/122 96/4/120 25/1/85
f 25/1/85 96/4/120 24/2/83
f 98/20/124 97/7/122 26/11/87
f 26/11/87 97/7/122 25/1/85
f 99/34/126 98/20/124 27/23/89
f 27/23/89 98/20/124 26/11/87
f 100/47/128 99/34/126 28/38/91
f 28/38/91 99/34/126 27/23/89
f 101/532/130 100/529/128 29/526/93
f 29/526/93 100/529/128 28/527/91
f 102/541/132 101/532/130 30/534/95
f 30/534/95 101/532/130 29/526/93
f 103/553/134 102/541/132 31/544/97
f 31/544/97 102/541/132 30/534/95
f 104/562/136 103/553/134 32/557/99
f 32/557/99 103/553/134 31/544/97
f 105/58/138 104/62/136 33/56/101
f 33/56/101 104/62/136 32/63/99
f 106/61/140 105/58/138 34/55/103
f 34/55/103 105/58/138 33/56/101
f 107/74/142 106/61/140 35/65/105
f 35/65/105 106/61/140 34/55/103
f 108/88/144 107/74/142 36/77/107
f 36/77/107 107/74/142 35/65/105
f 109/101/146 108/88/144 37/92/109
f 37/92/109 108/88/144 36/77/107
f 92/489/114 109/493/146 20/487/76
f 20/487/76 109/493/146 37/494/109
f 111/488/77 110/490/78 57/495/147
f 57/495/147 110/490/78 56/501/148
f 112/491/80 111/488/77 58/497/151
f 58/497/151 111/488/77 57/495/147
f 113/502/82 112/491/80 59/503/153
f 59/503/153 112/491/80 58/497/151
f 114/5/84 113/15/82 60/16/155
f 60/16/155 113/15/82 59/27/153
f 115/3/86 114/5/84 61/10/157
f 61/10/157 114/5/84 60/16/155
f 116/6/88 115/3/86 62/12/159
f 62/12/159 115/3/86 61/10/157
f 117/17/90 116/6/88 63/18/161
f 63/18/161 116/6/88 62/12/159
f 118/29/92 117/17/90 64/30/163
f 64/30/163 117/17/90 63/18/161
f 119/528/94 118/530/92 65/533/165
f 65/533/165 118/530/92 64/537/163
f 120/531/96 119/528/94 66/535/167
f 66/535/167 119/528/94 65/533/165
f 121/538/98 120/531/96 67/539/169
f 67/539/169 120/531/96 66/535/167
f 122/548/100 121/538/98 68/549/171
f 68/549/171 121/538/98 67/539/169
f 123/59/102 122/69/100 69/70/173
f 69/70/173 122/69/100 68/81/171
f 124/57/104 123/59/102 70/64/175
f 70/64/175 123/59/102 69/70/173
f 125/60/106 124/57/104 71/66/177
f 71/66/177 124/57/104 70/64/175
f 126/71/108 125/60/106 72/72/179
f 72/72/179 125/60/106 71/66/177
f 127/83/110 126/71/108 73/84/181
f 73/84/181 126/71/108 72/72/179
f 110/490/78 127/500/110 56/501/148
f 56/501/148 127/500/110 73/512/181
f 129/506/149 128/513/150 147/517/183
f 147/517/183 128/513/150 146/521/184
f 130/507/152 129/506/149 148/518/185
f 148/518/185 129/506/149 147/517/183
f 131/509/154 130/507/152 149/519/186
f 149/519/186 130/507/152 148/518/185
f 132/28/156 131/42/154 150/43/187
f 150/43/187 131/42/154 149/48/186
f 133/21/158 132/28/156 151/35/188
f 151/35/188 132/28/156 150/43/187
f 134/22/160 133/21/158 152/36/189
f 152/36/189 133/21/158 151/35/188
f 135/24/162 134/22/160 153/37/190
f 153/37/190 134/22/160 152/36/189
f 136/31/164 135/24/162 154/39/191
f 154/39/191 135/24/162 153/37/190
f 137/542/166 136/547/164 155/554/192
f 155/554/192 136/547/164 154/559/191
f 138/543/168 137/542/166 156/555/193
f 156/555/193 137/542/166 155/554/192
f 139/545/170 138/543/168 157/556/194
f 157/556/194 138/543/168 156/555/193
f 140/550/172 139/545/170 158/558/195
f 158/558/195 139/545/170 157/556/194
f 141/82/174 140/96/172 159/97/196
f 159/97/196 140/96/172 158/102/195
f 142/75/176 141/82/174 160/89/197
f 160/89/197 141/82/174 159/97/196
f 143/76/178 142/75/176 161/90/198
f 161/90/198 142/75/176 160/89/197
f 144/78/180 143/76/178 162/91/199
f 162/91/199 143/76/178 161/90/198
f 145/85/182 144/78/180 163/93/200
f 163/93/200 144/78/180 162/91/199
f 128/513/150 145/520/182 146/521/184
f 146/521/184 145/520/182 163/524/200
s 55
f 184/566/201 183/567/202 182/568/203
f 182/568/203 183/567/202 164/569/204
f 185/572/205 184/566/201 181/570/206
f 181/570/206 184/566/201 182/568/203
f 186/575/207 185/572/205 180/574/208
f 180/574/208 185/572/205 181/570/206
f 187/110/209 186/114/207 179/112/210
f 179/112/210 186/114/207 180/116/208
f 188/109/211 187/110/209 178/111/212
f 178/111/212 187/110/209 179/112/210
f 189/115/213 188/109/211 177/113/214
f 177/113/214 188/109/211 178/111/212
f 190/118/215 189/115/213 176/117/216
f 176/117/216 189/115/213 177/113/214
f 191/120/217 190/118/215 175/119/218
f 175/119/218 190/118/215 176/117/216
f 192/576/219 191/577/217 174/578/220
f 174/578/220 191/577/217 175/579/218
f 193/581/221 192/576/219 173/580/222
f 173/580/222 192/576/219 174/578/220
f 194/583/223 193/581/221 172/582/224
f 172/582/224 193/581/221 173/580/222
f 195/585/225 194/583/223 171/584/226
f 171/584/226 194/583/223 172/582/224
f 196/122/227 195/126/225 170/124/228
f 170/124/228 195/126/225 171/128/226
f 197/121/229 196/122/227 169/123/230
f 169/123/230 196/122/227 170/124/228
f 198/127/231 197/121/229 168/125/232
f 168/125/232 197/121/229 169/123/230
f 199/130/233 198/127/231 167/129/234
f 167/129/234 198/127/231 168/125/232
f 200/132/235 199/130/233 165/131/236
f 165/131/236 199/130/233 167/129/234
f 183/567/202 200/571/235 164/569/204
f 164/569/204 200/571/235 165/573/236
s 56
f 146/388/237 183/389/238 147/390/239
f 147/390/239 183/389/238 184/392/240
f 148/396/241 147/390/239 185/394/242
f 185/394/242 147/390/239 184/392/240
f 149/400/243 148/396/241 186/398/244
f 186/398/244 148/396/241 185/394/242
f 150/404/245 149/400/243 187/402/246
f 187/402/246 149/400/243 186/398/244
f 151/408/247 150/404/245 188/406/248
f 188/406/248 150/404/245 187/402/246
f 152/412/249 151/408/247 189/410/250
f 189/410/250 151/408/247 188/406/248
f 152/412/249 189/410/250 153/414/251
f 153/414/251 189/410/250 190/416/252
f 153/414/251 190/416/252 154/418/253
f 154/418/253 190/416/252 191/420/254
f 154/418/253 191/420/254 155/422/255
f 155/422/255 191/420/254 192/423/256
f 155/422/255 192/423/256 156/419/257
f 156/419/257 192/423/256 193/421/258
f 157/415/259 156/419/257 194/417/260
f 194/417/260 156/419/257 193/421/258
f 158/411/261 157/415/259 195/413/262
f 195/413/262 157/415/259 194/417/260
f 159/407/263 158/411/261 196/409/264
f 196/409/264 158/411/261 195/413/262
f 160/403/265 159/407/263 197/405/266
f 197/405/266 159/407/263 196/409/264
f 161/401/267 160/403/265 198/399/268
f 198/399/268 160/403/265 197/405/266
f 161/401/267 198/399/268 162/397/269
f 162/397/269 198/399/268 199/395/270
f 162/397/269 199/395/270 163/393/271
f 163/393/271 199/395/270 200/391/272
f 163/393/271 200/391/272 146/388/237
f 146/388/237 200/391/272 183/389/238
s 57
f 299/586/273 300/587/274 201/588/275
f 201/588/275 300/587/274 206/590/276
f 202/792/277 205/793/278 312/794/279
f 312/794/279 205/793/278 311/796/280
f 309/823/281 726/809/282 203/822/283
f 203/822/283 726/809/282 697/808/284
f 712/602/285 713/608/286 204/616/287
f 204/616/287 713/608/286 302/615/288
f 666/630/289 637/631/290 302/615/288
f 302/615/288 637/631/290 204/616/287
f 653/838/291 309/823/281 652/836/292
f 652/836/292 309/823/281 203/822/283
f 305/693/293 209/694/294 304/678/295
f 304/678/295 209/694/294 207/679/296
f 306/900/297 307/887/298 210/898/299
f 210/898/299 307/887/298 208/885/300
f 307/887/298 696/873/301 208/885/300
f 208/885/300 696/873/301 667/871/302
f 682/663/303 683/662/304 207/679/296
f 207/679/296 683/662/304 304/678/295
f 297/598/305 298/594/306 206/590/276
f 206/590/276 298/594/306 201/588/275
f 295/623/307 711/609/308 204/616/287
f 204/616/287 711/609/308 712/602/285
f 638/639/309 295/623/307 637/631/290
f 637/631/290 295/623/307 204/616/287
f 293/686/310 681/670/311 207/679/296
f 207/679/296 681/670/311 682/663/303
f 292/699/312 293/686/310 209/694/294
f 209/694/294 293/686/310 207/679/296
f 291/897/313 210/898/299 290/884/314
f 290/884/314 210/898/299 208/885/300
f 667/871/302 668/870/315 208/885/300
f 208/885/300 668/870/315 290/884/314
f 651/835/316 652/836/292 288/820/317
f 288/820/317 652/836/292 203/822/283
f 697/808/284 698/814/318 203/822/283
f 203/822/283 698/814/318 288/820/317
f 285/797/319 286/795/320 202/792/277
f 202/792/277 286/795/320 205/793/278
f 213/612/321 214/605/322 326/599/323
f 326/599/323 214/605/322 325/595/324
f 715/600/325 716/607/326 323/613/327
f 323/613/327 716/607/326 215/622/328
f 663/638/329 664/628/330 215/622/328
f 215/622/328 664/628/330 323/613/327
f 685/660/331 686/669/332 321/676/333
f 321/676/333 686/669/332 217/685/334
f 218/698/335 320/691/336 217/685/334
f 217/685/334 320/691/336 321/676/333
f 219/921/337 220/908/338 319/909/339
f 319/909/339 220/908/338 318/896/340
f 220/908/338 693/895/341 318/896/340
f 318/896/340 693/895/341 694/883/342
f 656/865/343 222/846/344 655/847/345
f 655/847/345 222/846/344 316/830/346
f 222/846/344 723/831/347 316/830/346
f 316/830/346 723/831/347 724/816/348
f 313/811/349 314/818/350 224/825/351
f 224/825/351 314/818/350 223/833/352
f 236/834/353 235/826/354 284/819/355
f 284/819/355 235/826/354 283/812/356
f 700/815/357 701/828/358 281/829/359
f 281/829/359 701/828/358 234/844/360
f 648/862/361 649/845/362 234/844/360
f 234/844/360 649/845/362 281/829/359
f 670/879/363 671/891/364 279/892/365
f 279/892/365 671/891/364 232/904/366
f 231/917/367 278/905/368 232/904/366
f 232/904/366 278/905/368 279/892/365
f 230/729/369 229/715/370 277/716/371
f 277/716/371 229/715/370 276/703/372
f 229/715/370 678/702/373 276/703/372
f 276/703/372 678/702/373 679/690/374
f 641/674/375 227/658/376 640/659/377
f 640/659/377 227/658/376 274/643/378
f 227/658/376 708/642/379 274/643/378
f 274/643/378 708/642/379 709/626/380
f 226/640/381 225/633/382 272/624/383
f 272/624/383 225/633/382 271/618/384
f 273/625/385 261/641/386 272/624/383
f 272/624/383 261/641/386 226/640/381
f 263/597/387 296/603/388 206/590/276
f 206/590/276 296/603/388 297/598/305
f 300/587/274 301/593/389 206/590/276
f 206/590/276 301/593/389 263/597/387
f 214/605/322 265/606/390 325/595/324
f 325/595/324 265/606/390 324/596/391
f 315/817/392 266/832/393 314/818/350
f 314/818/350 266/832/393 223/833/352
f 268/803/394 310/799/395 205/793/278
f 205/793/278 310/799/395 311/796/280
f 286/795/320 287/798/396 205/793/278
f 205/793/278 287/798/396 268/803/394
f 235/826/354 270/827/397 283/812/356
f 283/812/356 270/827/397 282/813/398
f 272/624/383 271/618/384 259/610/399
f 259/610/399 271/618/384 260/604/400
f 262/611/401 273/625/385 259/610/399
f 259/610/399 273/625/385 272/624/383
f 274/643/378 709/626/380 258/632/402
f 258/632/402 709/626/380 710/617/403
f 640/659/377 274/643/378 639/650/404
f 639/650/404 274/643/378 258/632/402
f 276/703/372 679/690/374 256/695/405
f 256/695/405 679/690/374 680/680/406
f 277/716/371 276/703/372 255/708/407
f 255/708/407 276/703/372 256/695/405
f 278/905/368 254/899/408 279/892/365
f 279/892/365 254/899/408 253/886/409
f 669/872/410 670/879/363 253/886/409
f 253/886/409 670/879/363 279/892/365
f 649/845/362 650/837/411 281/829/359
f 281/829/359 650/837/411 251/821/412
f 699/807/413 700/815/357 251/821/412
f 251/821/412 700/815/357 281/829/359
f 283/812/356 282/813/398 250/801/414
f 250/801/414 282/813/398 269/802/415
f 284/819/355 283/812/356 249/806/416
f 249/806/416 283/812/356 250/801/414
f 249/806/416 250/801/414 285/797/319
f 285/797/319 250/801/414 286/795/320
f 250/801/414 269/802/415 286/795/320
f 286/795/320 269/802/415 287/798/396
f 698/814/318 699/807/413 288/820/317
f 288/820/317 699/807/413 251/821/412
f 650/837/411 651/835/316 251/821/412
f 251/821/412 651/835/316 288/820/317
f 668/870/315 669/872/410 290/884/314
f 290/884/314 669/872/410 253/886/409
f 254/899/408 291/897/313 253/886/409
f 253/886/409 291/897/313 290/884/314
f 255/708/407 256/695/405 292/699/312
f 292/699/312 256/695/405 293/686/310
f 256/695/405 680/680/406 293/686/310
f 293/686/310 680/680/406 681/670/311
f 639/650/404 258/632/402 638/639/309
f 638/639/309 258/632/402 295/623/307
f 258/632/402 710/617/403 295/623/307
f 295/623/307 710/617/403 711/609/308
f 296/603/388 262/611/401 297/598/305
f 297/598/305 262/611/401 259/610/399
f 259/610/399 260/604/400 297/598/305
f 297/598/305 260/604/400 298/594/306
f 237/591/417 238/589/418 299/586/273
f 299/586/273 238/589/418 300/587/274
f 238/589/418 264/592/419 300/587/274
f 300/587/274 264/592/419 301/593/389
f 713/608/286 714/601/420 302/615/288
f 302/615/288 714/601/420 239/614/421
f 665/629/422 666/630/289 239/614/421
f 239/614/421 666/630/289 302/615/288
f 683/662/304 684/661/423 304/678/295
f 304/678/295 684/661/423 241/677/424
f 242/692/425 305/693/293 241/677/424
f 241/677/424 305/693/293 304/678/295
f 243/901/426 244/888/427 306/900/297
f 306/900/297 244/888/427 307/887/298
f 244/888/427 695/875/428 307/887/298
f 307/887/298 695/875/428 696/873/301
f 654/839/429 246/824/430 653/838/291
f 653/838/291 246/824/430 309/823/281
f 246/824/430 725/810/431 309/823/281
f 309/823/281 725/810/431 726/809/282
f 310/799/395 267/804/432 311/796/280
f 311/796/280 267/804/432 247/805/433
f 312/794/279 311/796/280 248/800/434
f 248/800/434 311/796/280 247/805/433
f 248/800/434 247/805/433 313/811/349
f 313/811/349 247/805/433 314/818/350
f 267/804/432 315/817/392 247/805/433
f 247/805/433 315/817/392 314/818/350
f 316/830/346 724/816/348 246/824/430
f 246/824/430 724/816/348 725/810/431
f 655/847/345 316/830/346 654/839/429
f 654/839/429 316/830/346 246/824/430
f 318/896/340 694/883/342 244/888/427
f 244/888/427 694/883/342 695/875/428
f 319/909/339 318/896/340 243/901/426
f 243/901/426 318/896/340 244/888/427
f 320/691/336 242/692/425 321/676/333
f 321/676/333 242/692/425 241/677/424
f 684/661/423 685/660/331 241/677/424
f 241/677/424 685/660/331 321/676/333
f 664/628/330 665/629/422 323/613/327
f 323/613/327 665/629/422 239/614/421
f 714/601/420 715/600/325 239/614/421
f 239/614/421 715/600/325 323/613/327
f 325/595/324 324/596/391 238/589/418
f 238/589/418 324/596/391 264/592/419
f 326/599/323 325/595/324 237/591/417
f 237/591/417 325/595/324 238/589/418
s 102
f 328/133/435 331/134/436 329/135/437
f 329/135/437 331/134/436 330/136/438
s 57
f 327/651/439 332/656/440 328/665/441
f 328/665/441 332/656/440 331/671/442
f 338/620/443 337/635/444 402/621/445
f 402/621/445 337/635/444 403/644/446
s 105
f 337/201/447 336/202/448 403/203/449
f 403/203/449 336/202/448 404/205/450
s 102
f 341/174/451 340/175/452 342/170/453
f 342/170/453 340/175/452 343/171/454
s 57
f 340/943/455 339/940/456 343/936/457
f 343/936/457 339/940/456 344/929/458
s 102
f 365/148/459 364/151/460 644/153/461
f 644/153/461 364/151/460 643/156/462
s 57
f 364/682/463 363/673/464 643/688/465
f 643/688/465 363/673/464 642/687/466
s 102
f 371/149/467 370/152/468 704/145/469
f 704/145/469 370/152/468 703/150/470
s 57
f 370/877/471 369/861/472 703/869/473
f 703/869/473 369/861/472 702/850/474
f 392/841/475 391/858/476 393/842/477
f 393/842/477 391/858/476 394/859/478
s 102
f 391/146/479 390/138/480 394/143/481
f 394/143/481 390/138/480 395/140/482
s 105
f 397/218/483 400/213/484 398/210/485
f 398/210/485 400/213/484 399/207/486
s 57
f 396/840/487 401/849/488 397/857/489
f 397/857/489 401/849/488 400/868/490
s 102
f 413/165/491 412/168/492 414/169/493
f 414/169/493 412/168/492 415/172/494
s 57
f 412/728/495 411/727/496 415/737/497
f 415/737/497 411/727/496 416/736/498
f 421/710/499 433/724/500 422/709/501
f 422/709/501 433/724/500 432/733/502
s 105
f 420/239/503 434/243/504 421/240/505
f 421/240/505 434/243/504 433/244/506
s 57
f 455/424/507 454/425/508 456/426/509
f 456/426/509 454/425/508 457/428/510
f 454/719/511 453/705/512 457/718/510
f 457/718/510 453/705/512 458/704/513
f 460/927/514 463/928/515 461/914/516
f 461/914/516 463/928/515 462/922/517
f 459/432/518 464/429/519 460/435/520
f 460/435/520 464/429/519 463/438/515
f 467/912/521 466/923/522 468/910/523
f 468/910/523 466/923/522 469/924/524
f 466/453/525 465/448/526 469/450/527
f 469/450/527 465/448/526 470/442/528
f 472/451/529 475/443/530 473/449/531
f 473/449/531 475/443/530 474/440/532
f 471/722/533 476/712/534 472/726/535
f 472/726/535 476/712/534 475/721/536
f 493/272/537 492/270/538 495/269/539
f 495/269/539 492/270/538 496/271/540
f 492/270/538 491/273/541 496/271/540
f 496/742/540 491/731/541 497/740/542
f 514/278/543 517/282/544 515/274/545
f 515/274/545 517/282/544 516/283/546
f 513/751/547 518/754/548 514/747/549
f 514/747/549 518/754/548 517/758/550
s 102
f 538/184/551 541/185/552 539/181/553
f 539/181/553 541/185/552 540/186/554
s 57
f 537/765/555 542/769/556 538/761/557
f 538/761/557 542/769/556 541/773/558
f 562/292/559 565/298/560 563/293/561
f 563/293/561 565/298/560 564/299/562
f 561/762/563 566/770/564 562/766/565
f 562/766/565 566/770/564 565/774/566
f 571/980/567 624/988/568 572/984/569
f 572/984/569 624/988/568 626/992/570
f 570/302/571 625/306/572 571/305/573
f 571/305/573 625/306/572 624/307/574
s 105
f 578/261/575 577/264/576 629/265/577
f 629/265/577 577/264/576 627/268/578
s 57
f 577/982/579 576/981/580 627/990/581
f 627/990/581 576/981/580 628/989/582
f 584/767/583 583/771/584 632/775/585
f 632/775/585 583/771/584 630/779/586
s 105
f 583/263/587 582/262/588 630/267/589
f 630/267/589 582/262/588 631/266/590
s 102
f 586/189/591 589/193/592 587/190/593
f 587/190/593 589/193/592 588/194/594
s 57
f 585/777/595 590/784/596 586/781/597
f 586/781/597 590/784/596 589/786/598
f 595/977/599 612/985/600 596/978/601
f 596/978/601 612/985/600 614/986/602
s 102
f 594/195/603 613/199/604 595/196/605
f 595/196/605 613/199/604 612/200/606
s 57
f 602/308/607 601/309/608 617/310/609
f 617/310/609 601/309/608 615/312/610
f 601/979/611 600/983/612 615/987/613
f 615/987/613 600/983/612 616/991/614
f 608/785/615 607/787/616 620/789/617
f 620/789/617 607/787/616 618/791/618
f 607/320/619 606/315/620 618/317/621
f 618/317/621 606/315/620 619/313/622
f 332/656/440 327/651/439 226/640/381
f 226/640/381 327/651/439 225/633/382
f 393/842/477 235/826/354 392/841/475
f 392/841/475 235/826/354 236/834/353
s 105
f 336/202/448 333/204/623 399/207/486
f 399/207/486 333/204/623 398/210/485
s 102
f 395/140/482 390/138/480 330/136/438
f 330/136/438 390/138/480 329/135/437
s 57
f 357/444/624 353/436/625 360/437/626
f 360/437/626 353/436/625 356/430/627
s 102
f 342/170/453 414/169/493 341/174/451
f 341/174/451 414/169/493 429/173/628
s 57
f 231/917/367 344/929/458 447/1024/629
f 447/1024/629 344/929/458 449/935/630
f 449/935/630 344/929/458 448/939/631
f 339/940/456 448/939/631 344/929/458
f 362/913/632 306/900/297 359/911/633
f 359/911/633 306/900/297 210/898/299
s 105
f 348/238/634 345/242/635 420/239/503
f 420/239/503 345/242/635 434/243/504
s 57
f 209/694/294 305/693/293 351/707/636
f 351/707/636 305/693/293 354/706/637
f 230/729/369 437/738/638 416/736/498
f 437/738/638 440/744/639 416/736/498
f 440/744/639 436/749/640 416/736/498
f 416/736/498 436/749/640 431/750/641
s 102
f 704/145/469 705/141/642 371/149/467
f 371/149/467 705/141/642 365/148/459
s 57
f 369/861/472 234/844/360 702/850/474
f 702/850/474 234/844/360 701/828/358
s 105
f 720/211/643 375/217/644 719/209/645
f 719/209/645 375/217/644 381/216/646
s 57
f 708/642/379 227/658/376 707/666/647
f 707/666/647 227/658/376 363/673/464
s 102
f 371/149/467 365/148/459 645/154/648
f 645/154/648 365/148/459 644/153/461
s 57
f 227/658/376 641/674/375 363/673/464
f 363/673/464 641/674/375 642/687/466
s 105
f 375/217/644 659/222/649 381/216/646
f 381/216/646 659/222/649 660/221/650
s 57
f 647/876/651 648/862/361 369/861/472
f 369/861/472 648/862/361 234/844/360
s 102
f 405/166/652 413/165/491 342/170/453
f 342/170/453 413/165/491 414/169/493
s 57
f 229/715/370 230/729/369 411/727/496
f 411/727/496 230/729/369 416/736/498
s 105
f 423/234/653 348/238/634 417/235/654
f 417/235/654 348/238/634 420/239/503
s 57
f 344/929/458 231/917/367 407/915/655
f 407/915/655 231/917/367 232/904/366
s 102
f 674/162/656 675/161/657 405/166/652
f 405/166/652 675/161/657 413/165/491
s 57
f 407/915/655 232/904/366 672/902/658
f 672/902/658 232/904/366 671/891/364
s 105
f 690/230/659 423/234/653 689/231/660
f 689/231/660 423/234/653 417/235/654
s 57
f 678/702/373 229/715/370 677/713/661
f 677/713/661 229/715/370 411/727/496
f 338/620/443 214/605/322 335/619/662
f 335/619/662 214/605/322 213/612/321
f 383/637/663 215/622/328 717/627/664
f 717/627/664 215/622/328 716/607/326
f 662/652/665 663/638/329 383/637/663
f 383/637/663 663/638/329 215/622/328
f 419/696/666 217/685/334 687/683/667
f 687/683/667 217/685/334 686/669/332
f 422/709/501 218/698/335 419/696/666
f 419/696/666 218/698/335 217/685/334
f 219/921/337 502/934/668 350/932/669
f 502/934/668 503/937/670 350/932/669
f 503/937/670 501/941/671 350/932/669
f 350/932/669 501/941/671 347/942/672
f 220/908/338 219/921/337 425/919/673
f 425/919/673 219/921/337 350/932/669
f 693/895/341 220/908/338 692/906/674
f 692/906/674 220/908/338 425/919/673
f 222/846/344 656/865/343 377/864/675
f 377/864/675 656/865/343 657/880/676
f 723/831/347 222/846/344 722/855/677
f 722/855/677 222/846/344 377/864/675
f 224/825/351 223/833/352 396/840/487
f 396/840/487 223/833/352 401/849/488
f 476/712/534 292/699/312 351/707/636
f 351/707/636 292/699/312 209/694/294
f 474/440/532 353/436/625 470/442/528
f 470/442/528 353/436/625 357/444/624
f 468/910/523 359/911/633 291/897/313
f 291/897/313 359/911/633 210/898/299
f 320/691/336 218/698/335 458/704/513
f 458/704/513 218/698/335 490/711/678
f 464/289/519 456/285/509 499/280/679
f 499/280/679 456/285/509 493/272/680
f 502/934/668 219/921/337 462/922/517
f 462/922/517 219/921/337 319/909/339
f 447/1024/629 452/918/681 231/917/367
f 231/917/367 452/918/681 278/905/368
f 450/344/682 445/332/683 443/340/684
f 443/340/684 445/332/683 439/331/685
f 437/738/638 230/729/369 441/730/686
f 441/730/686 230/729/369 277/716/371
s 102
f 395/140/482 330/136/438 372/142/687
f 372/142/687 330/136/438 387/139/688
s 57
f 226/640/381 261/641/386 332/656/440
f 332/656/440 261/641/386 389/657/689
f 402/621/445 265/606/390 338/620/443
f 338/620/443 265/606/390 214/605/322
s 105
f 399/207/486 378/208/690 336/202/448
f 336/202/448 378/208/690 404/205/450
s 57
f 223/833/352 266/832/393 401/849/488
f 401/849/488 266/832/393 380/848/691
f 374/843/692 270/827/397 393/842/477
f 393/842/477 270/827/397 235/826/354
f 436/749/640 482/756/693 431/750/641
f 431/750/641 482/756/693 479/757/694
f 480/327/695 439/331/696 485/325/697
f 485/325/697 439/331/696 445/332/698
f 448/939/631 339/940/456 483/945/699
f 483/945/699 339/940/456 488/946/700
s 102
f 341/174/451 429/173/628 486/178/701
f 486/178/701 429/173/628 477/177/702
s 57
f 499/280/703 493/272/704 504/276/705
f 504/276/705 493/272/704 495/269/539
f 491/731/706 432/733/502 497/740/542
f 497/740/542 432/733/502 509/741/707
s 105
f 345/242/635 512/246/708 434/243/504
f 434/243/504 512/246/708 507/247/709
s 57
f 501/941/671 506/947/710 347/942/672
f 347/942/672 506/947/710 510/948/711
f 515/274/545 516/283/546 519/279/712
f 519/279/712 516/283/546 522/288/713
f 525/956/714 521/955/715 528/965/716
f 528/965/716 521/955/715 524/968/717
s 105
f 531/251/718 527/250/719 534/254/720
f 534/254/720 527/250/719 530/253/721
s 57
f 533/746/722 536/752/723 513/751/547
f 513/751/547 536/752/723 518/754/548
s 102
f 539/181/553 540/186/554 543/182/724
f 543/182/724 540/186/554 546/187/725
s 57
f 545/953/726 548/961/727 549/954/728
f 549/954/728 548/961/727 552/967/729
f 555/328/730 551/322/731 558/323/732
f 558/323/732 551/322/731 554/318/733
f 537/765/555 557/768/734 542/769/556
f 542/769/556 557/768/734 560/772/735
f 563/293/561 564/299/562 567/296/736
f 567/296/736 564/299/562 570/302/571
f 573/973/737 569/976/738 576/981/580
f 576/981/580 569/976/738 572/984/569
s 105
f 579/258/739 575/257/740 582/262/588
f 582/262/588 575/257/740 578/261/575
s 57
f 581/759/741 584/767/583 561/762/563
f 561/762/563 584/767/583 566/770/564
s 102
f 587/190/593 588/194/594 591/191/742
f 591/191/742 588/194/594 594/195/603
s 57
f 593/970/743 596/978/601 597/975/744
f 597/975/744 596/978/601 600/983/612
f 603/319/745 599/314/746 606/315/620
f 606/315/620 599/314/746 602/308/607
f 585/777/595 605/780/747 590/784/596
f 590/784/596 605/780/747 608/785/615
s 102
f 588/194/594 611/198/748 594/195/603
f 594/195/603 611/198/748 613/199/604
s 57
f 596/978/601 614/986/602 600/983/612
f 600/983/612 614/986/602 616/991/614
f 606/315/620 602/308/607 619/313/622
f 619/313/622 602/308/607 617/310/609
f 590/784/596 608/785/615 610/788/749
f 610/788/749 608/785/615 620/789/617
s 102
f 540/186/554 587/190/593 546/187/725
f 546/187/725 587/190/593 591/191/742
s 57
f 548/961/727 593/970/743 552/967/729
f 552/967/729 593/970/743 597/975/744
f 558/323/732 554/318/733 603/319/745
f 603/319/745 554/318/733 599/314/746
f 542/769/556 560/772/735 585/777/595
f 585/777/595 560/772/735 605/780/747
f 516/283/546 563/293/561 522/288/713
f 522/288/713 563/293/561 567/296/736
f 528/965/716 524/968/717 573/973/737
f 573/973/737 524/968/717 569/976/738
s 105
f 534/254/720 530/253/721 579/258/739
f 579/258/739 530/253/721 575/257/740
s 57
f 536/752/723 581/759/741 518/754/548
f 518/754/548 581/759/741 561/762/563
f 564/299/562 623/304/750 570/302/571
f 570/302/571 623/304/750 625/306/572
f 576/981/580 572/984/569 628/989/582
f 628/989/582 572/984/569 626/992/570
s 105
f 582/262/588 578/261/575 631/266/590
f 631/266/590 578/261/575 629/265/577
s 57
f 584/767/583 632/775/585 566/770/564
f 566/770/564 632/775/585 622/778/751
f 504/276/705 495/269/539 519/279/712
f 519/279/712 495/269/539 515/274/545
f 510/948/711 506/947/710 525/956/714
f 525/956/714 506/947/710 521/955/715
s 105
f 512/246/708 527/250/719 507/247/709
f 507/247/709 527/250/719 531/251/718
s 57
f 509/741/707 533/746/722 497/740/542
f 497/740/542 533/746/722 513/751/547
s 102
f 486/178/701 477/177/702 543/182/724
f 543/182/724 477/177/702 539/181/553
s 57
f 488/946/700 545/953/726 483/945/699
f 483/945/699 545/953/726 549/954/728
f 485/325/697 551/322/731 480/327/695
f 480/327/695 551/322/731 555/328/730
f 479/757/694 482/756/693 537/765/555
f 537/765/555 482/756/693 557/768/734
f 441/730/686 277/716/371 471/722/533
f 471/722/533 277/716/371 255/708/407
f 443/454/684 473/449/531 450/452/682
f 450/452/682 473/449/531 465/448/526
f 452/918/681 467/912/521 278/905/368
f 278/905/368 467/912/521 254/899/408
f 467/912/521 468/910/523 254/899/408
f 254/899/408 468/910/523 291/897/313
f 473/449/531 474/440/532 465/448/526
f 465/448/526 474/440/532 470/442/528
f 471/722/533 255/708/407 476/712/534
f 476/712/534 255/708/407 292/699/312
f 305/693/293 242/692/425 354/706/637
f 354/706/637 242/692/425 453/705/512
f 360/437/626 356/430/627 459/432/518
f 459/432/518 356/430/627 455/424/507
f 461/914/516 243/901/426 362/913/632
f 362/913/632 243/901/426 306/900/297
f 462/922/517 319/909/339 461/914/516
f 461/914/516 319/909/339 243/901/426
f 459/432/518 455/424/507 464/429/519
f 464/429/519 455/424/507 456/426/509
f 242/692/425 320/691/336 453/705/512
f 453/705/512 320/691/336 458/704/513
f 218/698/335 422/709/501 490/711/678
f 490/711/678 422/709/501 494/723/752
f 494/723/752 422/709/501 491/731/706
f 491/731/706 422/709/501 432/733/502
s 176
f 616/462/753 614/463/754 615/464/755
f 614/463/754 612/465/756 615/464/755
f 615/464/755 612/465/756 617/466/757
f 612/465/756 613/467/758 617/466/757
f 613/467/758 611/468/759 617/466/757
f 617/466/757 611/468/759 619/469/760
f 611/468/759 609/470/761 619/469/760
f 619/469/760 609/470/761 618/471/762
f 618/471/762 609/470/761 620/472/763
f 609/470/761 610/473/764 620/472/763
s 177
f 628/474/765 626/475/766 627/476/767
f 626/475/766 624/477/768 627/476/767
f 627/476/767 624/477/768 629/478/769
f 624/477/768 625/479/770 629/478/769
f 629/478/769 625/479/770 631/480/771
f 625/479/770 623/481/772 631/480/771
f 631/480/771 623/481/772 630/482/773
f 623/481/772 621/483/774 630/482/773
f 630/482/773 621/483/774 632/484/775
f 621/483/774 622/485/776 632/484/775
s 102
f 331/134/436 388/137/777 330/136/438
f 330/136/438 388/137/777 387/139/688
s 57
f 332/656/440 389/657/689 331/671/442
f 331/671/442 389/657/689 388/681/778
f 335/619/662 334/634/779 338/620/443
f 338/620/443 334/634/779 337/635/444
s 105
f 334/206/780 333/204/623 337/201/447
f 337/201/447 333/204/623 336/202/448
s 102
f 342/170/453 343/171/454 405/166/652
f 405/166/652 343/171/454 406/167/781
s 57
f 343/936/457 344/929/458 406/930/782
f 406/930/782 344/929/458 407/915/655
f 346/944/783 349/938/784 347/942/672
f 347/942/672 349/938/784 350/932/669
s 105
f 345/242/635 348/238/634 346/241/785
f 346/241/785 348/238/634 349/237/786
s 57
f 353/436/625 352/433/787 356/430/627
f 356/430/627 352/433/787 355/427/788
f 352/725/789 351/707/636 355/720/790
f 355/720/790 351/707/636 354/706/637
f 358/931/791 361/926/792 359/911/633
f 359/911/633 361/926/792 362/913/632
f 357/444/624 360/437/626 358/445/793
f 358/445/793 360/437/626 361/439/794
s 105
f 376/219/795 658/223/796 375/217/644
f 375/217/644 658/223/796 659/222/649
s 57
f 377/864/675 657/880/676 376/881/797
f 376/881/797 657/880/676 658/894/798
f 376/881/797 721/874/799 377/864/675
f 377/864/675 721/874/799 722/855/677
s 105
f 375/217/644 720/211/643 376/219/800
f 376/219/800 720/211/643 721/215/801
s 57
f 382/645/802 661/653/803 383/637/663
f 383/637/663 661/653/803 662/652/665
s 105
f 381/216/646 660/221/650 382/220/804
f 382/220/804 660/221/650 661/224/805
s 57
f 363/673/464 364/682/463 707/666/647
f 707/666/647 364/682/463 706/672/806
s 102
f 364/151/807 365/148/459 706/144/808
f 706/144/808 365/148/459 705/141/642
f 372/142/687 373/147/809 395/140/482
f 395/140/482 373/147/809 394/143/481
s 57
f 373/860/810 374/843/692 394/859/478
f 394/859/478 374/843/692 393/842/477
f 379/867/811 400/868/490 380/848/691
f 380/848/691 400/868/490 401/849/488
s 105
f 378/208/690 399/207/486 379/214/812
f 379/214/812 399/207/486 400/213/484
f 382/220/813 718/212/814 381/216/646
f 381/216/646 718/212/814 719/209/645
s 57
f 383/637/663 717/627/664 382/645/802
f 382/645/802 717/627/664 718/636/815
s 102
f 405/166/652 406/167/781 674/162/656
f 674/162/656 406/167/781 673/163/816
s 57
f 406/930/782 407/915/655 673/916/817
f 673/916/817 407/915/655 672/902/658
f 369/861/472 370/877/471 647/876/651
f 647/876/651 370/877/471 646/890/818
s 102
f 370/152/819 371/149/467 646/155/820
f 646/155/820 371/149/467 645/154/648
f 675/161/657 676/164/821 413/165/491
f 413/165/491 676/164/821 412/168/492
s 57
f 676/714/822 677/713/661 412/728/495
f 412/728/495 677/713/661 411/727/496
s 102
f 414/169/493 415/172/494 429/173/628
f 429/173/628 415/172/494 430/176/823
s 57
f 415/737/497 416/736/498 430/745/824
f 430/745/824 416/736/498 431/750/641
f 688/684/825 418/697/826 687/683/667
f 687/683/667 418/697/826 419/696/666
s 105
f 689/231/660 417/235/654 688/232/827
f 688/232/827 417/235/654 418/236/828
s 57
f 418/697/826 421/710/499 419/696/666
f 419/696/666 421/710/499 422/709/501
s 105
f 417/235/654 420/239/503 418/236/828
f 418/236/828 420/239/503 421/240/505
s 57
f 349/938/784 424/933/829 350/932/669
f 350/932/669 424/933/829 425/919/673
s 105
f 348/238/634 423/234/653 349/237/786
f 349/237/786 423/234/653 424/233/830
s 57
f 424/933/829 691/920/831 425/919/673
f 425/919/673 691/920/831 692/906/674
s 105
f 423/234/653 690/230/659 424/233/830
f 424/233/830 690/230/659 691/229/832
s 102
f 429/173/628 430/176/823 477/177/702
f 477/177/702 430/176/823 478/180/833
s 57
f 430/745/824 431/750/641 478/753/834
f 478/753/834 431/750/641 479/757/694
f 439/459/835 438/457/836 443/454/684
f 443/454/684 438/457/836 442/455/837
f 437/738/838 441/730/686 438/739/836
f 438/739/836 441/730/686 442/734/837
f 446/458/839 451/456/840 447/461/841
f 447/1024/841 451/925/840 452/918/681
f 445/460/683 450/452/682 446/458/839
f 446/458/839 450/452/682 451/456/840
f 356/430/627 355/427/788 455/424/507
f 455/424/507 355/427/788 454/425/508
f 355/720/790 354/706/637 454/719/511
f 454/719/511 354/706/637 453/705/512
f 457/428/510 489/431/842 456/426/509
f 456/426/509 489/431/842 493/434/537
f 457/718/510 458/704/513 489/717/842
f 489/717/842 458/704/513 490/711/843
f 361/926/792 460/927/514 362/913/632
f 362/913/632 460/927/514 461/914/516
f 360/437/626 459/432/518 361/439/794
f 361/439/794 459/432/518 460/435/520
f 462/922/517 463/928/515 502/934/844
f 502/1023/844 463/438/515 498/441/845
f 463/438/515 464/429/519 498/441/845
f 498/441/845 464/429/519 499/446/846
f 452/918/681 451/925/840 467/912/521
f 467/912/521 451/925/840 466/923/522
f 451/456/840 450/452/682 466/453/525
f 466/453/525 450/452/682 465/448/526
f 357/444/624 358/445/793 470/442/528
f 470/442/528 358/445/793 469/450/527
f 358/931/791 359/911/633 469/924/524
f 469/924/524 359/911/633 468/910/523
f 442/455/837 472/451/529 443/454/684
f 443/454/684 472/451/529 473/449/531
f 441/730/686 471/722/533 442/734/837
f 442/734/837 471/722/533 472/726/535
f 352/725/789 475/721/536 351/707/636
f 351/707/636 475/721/536 476/712/534
f 353/436/625 474/440/532 352/433/787
f 352/433/787 474/440/532 475/443/530
f 435/335/847 481/334/848 436/342/849
f 436/749/849 481/760/848 482/756/693
f 439/331/835 480/327/695 435/335/847
f 435/335/847 480/327/695 481/334/848
f 445/332/683 444/330/850 485/325/697
f 485/325/697 444/330/850 484/326/851
f 444/330/850 448/333/852 484/326/851
f 484/949/851 448/939/852 483/945/699
f 339/940/456 340/943/455 488/946/700
f 488/946/700 340/943/455 487/950/853
s 102
f 340/175/452 341/174/451 487/179/854
f 487/179/854 341/174/451 486/178/701
s 57
f 500/286/855 505/290/856 501/294/857
f 501/941/857 505/951/856 506/947/710
f 499/280/846 504/276/705 500/286/855
f 500/286/855 504/276/705 505/290/856
f 433/724/500 508/735/858 432/733/502
f 432/733/502 508/735/858 509/741/707
s 105
f 434/243/504 507/247/709 433/244/506
f 433/244/506 507/247/709 508/248/859
f 346/241/785 511/245/860 345/242/635
f 345/242/635 511/245/860 512/246/708
s 57
f 347/942/672 510/948/711 346/944/783
f 346/944/783 510/948/711 511/952/861
f 495/269/539 496/271/540 515/274/545
f 515/274/545 496/271/540 514/278/543
f 496/742/540 497/740/542 514/747/549
f 514/747/549 497/740/542 513/751/547
f 506/947/710 505/951/856 521/955/715
f 521/955/715 505/951/856 520/959/862
f 505/290/856 504/276/705 520/287/863
f 520/287/863 504/276/705 519/279/712
f 520/959/862 523/964/864 521/955/715
f 521/955/715 523/964/864 524/968/717
f 519/279/712 522/288/713 520/287/863
f 520/287/863 522/288/713 523/295/865
s 105
f 511/245/860 526/249/866 512/246/708
f 512/246/708 526/249/866 527/250/719
s 57
f 510/948/711 525/956/714 511/952/861
f 511/952/861 525/956/714 526/960/867
s 105
f 527/250/719 526/249/866 530/253/721
f 530/253/721 526/249/866 529/256/868
s 57
f 526/960/867 525/956/714 529/966/869
f 529/966/869 525/956/714 528/965/716
f 508/735/858 532/743/870 509/741/707
f 509/741/707 532/743/870 533/746/722
s 105
f 507/247/709 531/251/718 508/248/859
f 508/248/859 531/251/718 532/252/871
s 57
f 533/746/722 532/743/870 536/752/723
f 536/752/723 532/743/870 535/755/872
s 105
f 532/252/871 531/251/718 535/255/873
f 535/255/873 531/251/718 534/254/720
s 102
f 477/177/702 478/180/833 539/181/553
f 539/181/553 478/180/833 538/184/551
s 57
f 478/753/834 479/757/694 538/761/557
f 538/761/557 479/757/694 537/765/555
f 488/946/700 487/950/853 545/953/726
f 545/953/726 487/950/853 544/958/874
s 102
f 487/179/854 486/178/701 544/183/875
f 544/183/875 486/178/701 543/182/724
s 57
f 544/958/874 547/963/876 545/953/726
f 545/953/726 547/963/876 548/961/727
s 102
f 543/182/724 546/187/725 544/183/875
f 544/183/875 546/187/725 547/188/877
s 57
f 484/326/851 550/321/878 485/325/697
f 485/325/697 550/321/878 551/322/731
f 483/945/699 549/954/728 484/949/851
f 484/949/851 549/954/728 550/957/879
f 551/322/731 550/321/878 554/318/733
f 554/318/733 550/321/878 553/316/880
f 550/957/879 549/954/728 553/962/881
f 553/962/881 549/954/728 552/967/729
f 481/760/848 556/764/882 482/756/693
f 482/756/693 556/764/882 557/768/734
f 480/327/695 555/328/730 481/334/848
f 481/334/848 555/328/730 556/336/883
f 557/768/734 556/764/882 560/772/735
f 560/772/735 556/764/882 559/776/884
f 556/336/883 555/328/730 559/329/885
f 559/329/885 555/328/730 558/323/732
f 517/282/544 562/292/559 516/283/546
f 516/283/546 562/292/559 563/293/561
f 518/754/548 561/762/563 517/758/550
f 517/758/550 561/762/563 562/766/565
f 565/298/560 621/303/886 564/299/562
f 564/299/562 621/303/886 623/304/750
f 566/770/564 622/778/751 565/774/566
f 565/774/566 622/778/751 621/782/887
f 523/964/864 568/972/888 524/968/717
f 524/968/717 568/972/888 569/976/738
f 522/288/713 567/296/736 523/295/865
f 523/295/865 567/296/736 568/301/889
f 568/972/888 571/980/567 569/976/738
f 569/976/738 571/980/567 572/984/569
f 567/296/736 570/302/571 568/301/889
f 568/301/889 570/302/571 571/305/573
s 105
f 530/253/721 529/256/868 575/257/740
f 575/257/740 529/256/868 574/260/890
s 57
f 529/966/869 528/965/716 574/974/891
f 574/974/891 528/965/716 573/973/737
s 105
f 575/257/740 574/260/890 578/261/575
f 578/261/575 574/260/890 577/264/576
s 57
f 574/974/891 573/973/737 577/982/579
f 577/982/579 573/973/737 576/981/580
f 536/752/723 535/755/872 581/759/741
f 581/759/741 535/755/872 580/763/892
s 105
f 535/255/873 534/254/720 580/259/893
f 580/259/893 534/254/720 579/258/739
s 57
f 581/759/741 580/763/892 584/767/583
f 584/767/583 580/763/892 583/771/584
s 105
f 580/259/893 579/258/739 583/263/587
f 583/263/587 579/258/739 582/262/588
s 102
f 541/185/552 586/189/591 540/186/554
f 540/186/554 586/189/591 587/190/593
s 57
f 542/769/556 585/777/595 541/773/558
f 541/773/558 585/777/595 586/781/597
s 102
f 589/193/592 609/197/894 588/194/594
f 588/194/594 609/197/894 611/198/748
s 57
f 590/784/596 610/788/749 589/786/598
f 589/786/598 610/788/749 609/790/895
f 547/963/876 592/969/896 548/961/727
f 548/961/727 592/969/896 593/970/743
s 102
f 546/187/725 591/191/742 547/188/877
f 547/188/877 591/191/742 592/192/897
s 57
f 592/969/896 595/977/599 593/970/743
f 593/970/743 595/977/599 596/978/601
s 102
f 591/191/742 594/195/603 592/192/897
f 592/192/897 594/195/603 595/196/605
s 57
f 554/318/733 553/316/880 599/314/746
f 599/314/746 553/316/880 598/311/898
f 553/962/881 552/967/729 598/971/899
f 598/971/899 552/967/729 597/975/744
f 599/314/746 598/311/898 602/308/607
f 602/308/607 598/311/898 601/309/608
f 598/971/899 597/975/744 601/979/611
f 601/979/611 597/975/744 600/983/612
f 560/772/735 559/776/884 605/780/747
f 605/780/747 559/776/884 604/783/900
f 559/329/885 558/323/732 604/324/901
f 604/324/901 558/323/732 603/319/745
f 605/780/747 604/783/900 608/785/615
f 608/785/615 604/783/900 607/787/616
f 604/324/901 603/319/745 607/320/619
f 607/320/619 603/319/745 606/315/620
f 439/331/835 435/335/847 438/339/836
f 438/339/836 435/335/847 633/343/902
f 435/335/847 436/342/849 633/343/902
f 633/343/902 436/342/849 440/347/903
f 440/744/903 437/738/838 633/748/902
f 633/343/902 437/346/838 438/339/836
f 449/341/904 448/333/852 634/338/905
f 634/338/905 448/333/852 444/330/850
f 445/332/683 446/337/839 444/330/850
f 444/330/850 446/337/839 634/338/905
f 446/337/839 447/345/841 634/338/905
f 634/338/905 447/345/841 449/341/904
f 493/272/537 489/275/842 492/270/538
f 492/270/538 489/275/842 635/277/906
f 489/275/842 490/284/843 635/277/906
f 635/732/906 490/711/843 494/723/907
f 494/281/907 491/273/541 635/277/906
f 635/277/906 491/273/541 492/270/538
f 503/300/908 502/447/844 636/297/909
f 636/297/909 502/447/844 498/291/845
f 499/280/846 500/286/855 498/291/845
f 498/291/845 500/286/855 636/297/909
f 500/286/855 501/294/857 636/297/909
f 636/297/909 501/294/857 503/300/908
f 294/655/910 638/639/309 212/649/911
f 212/649/911 638/639/309 637/631/290
f 257/664/912 639/650/404 294/655/910
f 294/655/910 639/650/404 638/639/309
f 275/675/913 640/659/377 257/664/912
f 257/664/912 640/659/377 639/650/404
f 228/689/914 641/674/375 275/675/913
f 275/675/913 641/674/375 640/659/377
f 641/674/375 228/689/914 642/687/466
f 642/687/466 228/689/914 368/700/915
f 643/688/465 642/687/466 367/701/916
f 367/701/916 642/687/466 368/700/915
s 102
f 644/153/461 643/156/462 366/157/917
f 366/157/917 643/156/462 367/160/918
f 645/154/648 644/153/461 408/158/919
f 408/158/919 644/153/461 366/157/917
f 646/155/820 645/154/648 409/159/920
f 409/159/920 645/154/648 408/158/919
s 57
f 647/876/651 646/890/818 410/889/921
f 410/889/921 646/890/818 409/903/922
f 410/889/921 233/878/923 647/876/651
f 647/876/651 233/878/923 648/862/361
f 649/845/362 648/862/361 280/863/924
f 280/863/924 648/862/361 233/878/923
f 650/837/411 649/845/362 252/853/925
f 252/853/925 649/845/362 280/863/924
f 651/835/316 650/837/411 289/851/926
f 289/851/926 650/837/411 252/853/925
f 652/836/292 651/835/316 211/852/927
f 211/852/927 651/835/316 289/851/926
f 308/854/928 653/838/291 211/852/927
f 211/852/927 653/838/291 652/836/292
f 245/856/929 654/839/429 308/854/928
f 308/854/928 654/839/429 653/838/291
f 317/866/930 655/847/345 245/856/929
f 245/856/929 655/847/345 654/839/429
f 221/882/931 656/865/343 317/866/930
f 317/866/930 656/865/343 655/847/345
f 656/865/343 221/882/931 657/880/676
f 657/880/676 221/882/931 428/893/932
f 657/880/676 428/893/932 658/894/798
f 658/894/798 428/893/932 427/907/933
s 105
f 658/223/796 427/227/934 659/222/649
f 659/222/649 427/227/934 426/225/935
f 659/222/649 426/225/935 660/221/650
f 660/221/650 426/225/935 384/226/936
f 660/221/650 384/226/936 661/224/805
f 661/224/805 384/226/936 385/228/937
s 57
f 661/653/803 385/668/938 662/652/665
f 662/652/665 385/668/938 386/667/939
f 386/667/939 216/654/940 662/652/665
f 662/652/665 216/654/940 663/638/329
f 664/628/330 663/638/329 322/646/941
f 322/646/941 663/638/329 216/654/940
f 665/629/422 664/628/330 240/647/942
f 240/647/942 664/628/330 322/646/941
f 666/630/289 665/629/422 303/648/943
f 303/648/943 665/629/422 240/647/942
f 637/631/290 666/630/289 212/649/911
f 212/649/911 666/630/289 303/648/943
f 668/870/315 667/871/302 289/851/926
f 289/851/926 667/871/302 211/852/927
f 669/872/410 668/870/315 252/853/925
f 252/853/925 668/870/315 289/851/926
f 670/879/363 669/872/410 280/863/924
f 280/863/924 669/872/410 252/853/925
f 671/891/364 670/879/363 233/878/923
f 233/878/923 670/879/363 280/863/924
f 672/902/658 671/891/364 410/889/921
f 410/889/921 671/891/364 233/878/923
f 673/916/817 672/902/658 409/903/922
f 409/903/922 672/902/658 410/889/921
s 102
f 674/162/656 673/163/816 408/158/919
f 408/158/919 673/163/816 409/159/920
f 408/158/919 366/157/917 674/162/656
f 674/162/656 366/157/917 675/161/657
f 366/157/917 367/160/918 675/161/657
f 675/161/657 367/160/918 676/164/821
s 57
f 367/701/916 368/700/915 676/714/822
f 676/714/822 368/700/915 677/713/661
f 228/689/914 678/702/373 368/700/915
f 368/700/915 678/702/373 677/713/661
f 678/702/373 228/689/914 679/690/374
f 679/690/374 228/689/914 275/675/913
f 679/690/374 275/675/913 680/680/406
f 680/680/406 275/675/913 257/664/912
f 680/680/406 257/664/912 681/670/311
f 681/670/311 257/664/912 294/655/910
f 681/670/311 294/655/910 682/663/303
f 682/663/303 294/655/910 212/649/911
f 683/662/304 682/663/303 303/648/943
f 303/648/943 682/663/303 212/649/911
f 684/661/423 683/662/304 240/647/942
f 240/647/942 683/662/304 303/648/943
f 685/660/331 684/661/423 322/646/941
f 322/646/941 684/661/423 240/647/942
f 686/669/332 685/660/331 216/654/940
f 216/654/940 685/660/331 322/646/941
f 687/683/667 686/669/332 386/667/939
f 386/667/939 686/669/332 216/654/940
f 385/668/938 688/684/825 386/667/939
f 386/667/939 688/684/825 687/683/667
s 105
f 384/226/936 689/231/660 385/228/937
f 385/228/937 689/231/660 688/232/827
f 426/225/935 690/230/659 384/226/936
f 384/226/936 690/230/659 689/231/660
f 690/230/659 426/225/935 691/229/832
f 691/229/832 426/225/935 427/227/934
s 57
f 691/920/831 427/907/933 692/906/674
f 692/906/674 427/907/933 428/893/932
f 221/882/931 693/895/341 428/893/932
f 428/893/932 693/895/341 692/906/674
f 693/895/341 221/882/931 694/883/342
f 694/883/342 221/882/931 317/866/930
f 694/883/342 317/866/930 695/875/428
f 695/875/428 317/866/930 245/856/929
f 695/875/428 245/856/929 696/873/301
f 696/873/301 245/856/929 308/854/928
f 696/873/301 308/854/928 667/871/302
f 667/871/302 308/854/928 211/852/927
f 268/803/394 287/798/396 697/808/284
f 697/808/284 287/798/396 698/814/318
f 698/814/318 287/798/396 699/807/413
f 699/807/413 287/798/396 269/802/415
f 282/813/398 700/815/357 269/802/415
f 269/802/415 700/815/357 699/807/413
f 700/815/357 282/813/398 701/828/358
f 701/828/358 282/813/398 270/827/397
f 702/850/474 701/828/358 374/843/692
f 374/843/692 701/828/358 270/827/397
f 703/869/473 702/850/474 373/860/810
f 373/860/810 702/850/474 374/843/692
s 102
f 704/145/469 703/150/470 372/142/687
f 372/142/687 703/150/470 373/147/809
f 372/142/687 387/139/688 704/145/469
f 704/145/469 387/139/688 705/141/642
f 706/144/808 705/141/642 388/137/777
f 388/137/777 705/141/642 387/139/688
s 57
f 707/666/647 706/672/806 389/657/689
f 389/657/689 706/672/806 388/681/778
f 261/641/386 708/642/379 389/657/689
f 389/657/689 708/642/379 707/666/647
f 709/626/380 708/642/379 273/625/385
f 273/625/385 708/642/379 261/641/386
f 710/617/403 709/626/380 262/611/401
f 262/611/401 709/626/380 273/625/385
f 711/609/308 710/617/403 296/603/388
f 296/603/388 710/617/403 262/611/401
f 712/602/285 711/609/308 263/597/387
f 263/597/387 711/609/308 296/603/388
f 263/597/387 301/593/389 712/602/285
f 712/602/285 301/593/389 713/608/286
f 713/608/286 301/593/389 714/601/420
f 714/601/420 301/593/389 264/592/419
f 324/596/391 715/600/325 264/592/419
f 264/592/419 715/600/325 714/601/420
f 715/600/325 324/596/391 716/607/326
f 716/607/326 324/596/391 265/606/390
f 717/627/664 716/607/326 402/621/445
f 402/621/445 716/607/326 265/606/390
f 717/627/664 402/621/445 718/636/815
f 718/636/815 402/621/445 403/644/446
s 105
f 718/212/814 403/203/449 719/209/645
f 719/209/645 403/203/449 404/205/450
f 378/208/690 720/211/643 404/205/450
f 404/205/450 720/211/643 719/209/645
f 720/211/643 378/208/690 721/215/801
f 721/215/801 378/208/690 379/214/812
s 57
f 721/874/799 379/867/811 722/855/677
f 722/855/677 379/867/811 380/848/691
f 266/832/393 723/831/347 380/848/691
f 380/848/691 723/831/347 722/855/677
f 724/816/348 723/831/347 315/817/392
f 315/817/392 723/831/347 266/832/393
f 725/810/431 724/816/348 267/804/432
f 267/804/432 724/816/348 315/817/392
f 726/809/282 725/810/431 310/799/395
f 310/799/395 725/810/431 267/804/432
f 697/808/284 726/809/282 268/803/394
f 268/803/394 726/809/282 310/799/395
