# This file uses meters as units for non-parametric coordinates.

mtllib Jug.mtl
g default
v 7.786564 0.000000 -2.530008
v 6.623650 0.000000 -4.812361
v 4.812361 0.000000 -6.623646
v 2.530008 0.000000 -7.786564
v 0.000000 0.000000 -8.187279
v -2.530007 0.000000 -7.786564
v -4.812361 0.000000 -6.623646
v -6.623646 0.000000 -4.812361
v -7.786560 0.000000 -2.530007
v -8.187275 0.000000 -0.000000
v -7.786560 0.000000 2.530006
v -6.623646 0.000000 4.812359
v -4.812359 0.000000 6.623642
v -2.530007 0.000000 7.786560
v -0.000000 0.000000 8.187275
v 2.530006 0.000000 7.786560
v 4.812359 0.000000 6.623642
v 6.623642 0.000000 4.812359
v 7.786560 0.000000 2.530006
v 8.187275 0.000000 -0.000000
v 11.055336 2.847828 -3.592096
v 9.404228 2.847828 -6.832573
v 6.832573 2.847828 -9.404232
v 3.592094 2.847828 -11.055336
v -0.000000 2.847828 -11.624268
v -3.592096 2.847828 -11.055336
v -6.832573 2.847828 -9.404228
v -9.404228 2.847828 -6.832573
v -11.055332 2.847828 -3.592096
v -11.624264 2.847828 -0.000001
v -11.055332 2.847828 3.592094
v -9.404228 2.847828 6.832569
v -6.832569 2.847828 9.404224
v -3.592094 2.847828 11.055328
v -0.000001 2.847828 11.624260
v 3.592093 2.847828 11.055328
v 6.832569 2.847828 9.404224
v 9.404224 2.847828 6.832569
v 11.055328 2.847828 3.592093
v 11.624260 2.847828 -0.000001
v 13.133209 5.134542 -4.267239
v 11.171772 5.134542 -8.116772
v 8.116768 5.134542 -11.171776
v 4.267237 5.134542 -13.133209
v -0.000000 5.134542 -13.809067
v -4.267237 5.134542 -13.133209
v -8.116768 5.134542 -11.171772
v -11.171772 5.134542 -8.116768
v -13.133202 5.134542 -4.267237
v -13.809067 5.134542 -0.000001
v -13.133202 5.134542 4.267237
v -11.171772 5.134542 8.116764
v -8.116764 5.134542 11.171768
v -4.267237 5.134542 13.133202
v -0.000000 5.134542 13.809067
v 4.267235 5.134542 13.133202
v 8.116764 5.134542 11.171768
v 11.171768 5.134542 8.116764
v 13.133202 5.134542 4.267235
v 13.809067 5.134542 -0.000001
v 15.143150 8.810585 -4.920307
v 12.881531 8.810585 -9.358982
v 9.358982 8.810585 -12.881531
v 4.920307 8.810585 -15.143150
v 0.000000 8.810585 -15.922447
v -4.920307 8.810585 -15.143150
v -9.358974 8.810585 -12.881531
v -12.881531 8.810585 -9.358978
v -15.143143 8.810585 -4.920305
v -15.922440 8.810585 -0.000000
v -15.143143 8.810585 4.920305
v -12.881531 8.810585 9.358978
v -9.358974 8.810585 12.881523
v -4.920305 8.810585 15.143143
v -0.000000 8.810585 15.922440
v 4.920303 8.810585 15.143143
v 9.358974 8.810585 12.881523
v 12.881523 8.810585 9.358974
v 15.143143 8.810585 4.920303
v 15.922440 8.810585 -0.000000
v 16.389381 12.486622 -5.325233
v 13.941643 12.486622 -10.129196
v 10.129196 12.486622 -13.941643
v 5.325233 12.486622 -16.389381
v 0.000000 12.486622 -17.232811
v -5.325232 12.486622 -16.389381
v -10.129192 12.486622 -13.941643
v -13.941635 12.486622 -10.129192
v -16.389374 12.486622 -5.325232
v -17.232811 12.486622 -0.000000
v -16.389374 12.486622 5.325232
v -13.941635 12.486622 10.129192
v -10.129189 12.486622 13.941635
v -5.325232 12.486622 16.389374
v -0.000000 12.486622 17.232811
v 5.325230 12.486622 16.389374
v 10.129189 12.486622 13.941635
v 13.941635 12.486622 10.129192
v 16.389374 12.486622 5.325232
v 17.232803 12.486622 -0.000000
v 17.393364 16.162666 -5.651445
v 14.795677 16.162666 -10.749691
v 10.749691 16.162666 -14.795677
v 5.651447 16.162666 -17.393364
v 0.000000 16.162666 -18.288460
v -5.651445 16.162666 -17.393364
v -10.749687 16.162666 -14.795677
v -14.795677 16.162666 -10.749687
v -17.393356 16.162666 -5.651445
v -18.288460 16.162666 -0.000000
v -17.393356 16.162666 5.651445
v -14.795670 16.162666 10.749687
v -10.749683 16.162666 14.795670
v -5.651443 16.162666 17.393356
v -0.000000 16.162666 18.288452
v 5.651443 16.162666 17.393356
v 10.749683 16.162666 14.795670
v 14.795670 16.162666 10.749687
v 17.393356 16.162666 5.651443
v 18.288452 16.162666 -0.000000
v 17.728790 19.838707 -5.760431
v 15.081009 19.838707 -10.956993
v 10.956993 19.838707 -15.081009
v 5.760431 19.838707 -17.728783
v 0.000001 19.838707 -18.641144
v -5.760429 19.838707 -17.728783
v -10.956989 19.838707 -15.081001
v -15.081001 19.838707 -10.956989
v -17.728783 19.838707 -5.760429
v -18.641144 19.838707 -0.000000
v -17.728783 19.838707 5.760431
v -15.081001 19.838707 10.956989
v -10.956985 19.838707 15.081001
v -5.760429 19.838707 17.728775
v -0.000000 19.838707 18.641144
v 5.760429 19.838707 17.728775
v 10.956985 19.838707 15.081001
v 15.081001 19.838707 10.956989
v 17.728775 19.838707 5.760429
v 18.641136 19.838707 -0.000000
v 17.369324 23.514755 -5.643635
v 14.775230 23.514755 -10.734833
v 10.734833 23.514755 -14.775230
v 5.643635 23.514755 -17.369324
v 0.000000 23.514755 -18.263184
v -5.643635 23.514755 -17.369324
v -10.734825 23.514755 -14.775223
v -14.775223 23.514755 -10.734829
v -17.369316 23.514755 -5.643633
v -18.263176 23.514755 -0.000000
v -17.369316 23.514755 5.643633
v -14.775223 23.514755 10.734829
v -10.734825 23.514755 14.775223
v -5.643633 23.514755 17.369316
v -0.000000 23.514755 18.263176
v 5.643631 23.514755 17.369316
v 10.734825 23.514755 14.775223
v 14.775223 23.514755 10.734825
v 17.369316 23.514755 5.643631
v 18.263176 23.514755 -0.000000
v 16.031197 27.190796 -5.208851
v 13.636948 27.190796 -9.907822
v 9.907822 27.190796 -13.636948
v 5.208851 27.190796 -16.031189
v 0.000000 27.190796 -16.856194
v -5.208849 27.190796 -16.031189
v -9.907818 27.190796 -13.636948
v -13.636948 27.190796 -9.907818
v -16.031189 27.190796 -5.208849
v -16.856186 27.190796 -0.000000
v -16.031189 27.190796 5.208849
v -13.636940 27.190796 9.907818
v -9.907818 27.190796 13.636940
v -5.208849 27.190796 16.031189
v -0.000000 27.190796 16.856186
v 5.208847 27.190796 16.031189
v 9.907814 27.190796 13.636940
v 13.636940 27.190796 9.907818
v 16.031181 27.190796 5.208847
v 16.856186 27.190796 -0.000000
v 13.494820 30.866837 -4.384731
v 11.479374 30.866837 -8.340256
v 8.340256 30.866837 -11.479378
v 4.384731 30.866837 -13.494812
v -0.000000 30.866837 -14.189285
v -4.384731 30.866837 -13.494812
v -8.340252 30.866837 -11.479374
v -11.479374 30.866837 -8.340252
v -13.494812 30.866837 -4.384731
v -14.189285 30.866837 -0.000001
v -13.494812 30.866837 4.384729
v -11.479370 30.866837 8.340252
v -8.340252 30.866837 11.479370
v -4.384729 30.866837 13.494812
v -0.000001 30.866837 14.189278
v 4.384727 30.866837 13.494804
v 8.340248 30.866837 11.479366
v 11.479370 30.866837 8.340248
v 13.494804 30.866837 4.384727
v 14.189278 30.866837 -0.000001
v 7.786564 0.000000 -2.530008
v 6.623650 0.000000 -4.812361
v 0.000000 0.000000 -0.000000
v 4.812361 0.000000 -6.623646
v 2.530008 0.000000 -7.786564
v 0.000000 0.000000 -8.187279
v -2.530007 0.000000 -7.786564
v -4.812361 0.000000 -6.623646
v -6.623646 0.000000 -4.812361
v -7.786560 0.000000 -2.530007
v -8.187275 0.000000 -0.000000
v -7.786560 0.000000 2.530006
v -6.623646 0.000000 4.812359
v -4.812359 0.000000 6.623642
v -2.530007 0.000000 7.786560
v -0.000000 0.000000 8.187275
v 2.530006 0.000000 7.786560
v 4.812359 0.000000 6.623642
v 6.623642 0.000000 4.812359
v 7.786560 0.000000 2.530006
v 8.187275 0.000000 -0.000000
v 8.699734 35.332489 -2.826715
v 14.714714 24.468178 -4.904627
v 14.714714 19.036026 -4.904627
v 14.129997 13.603874 -4.709730
v 11.935440 8.171722 -3.978254
v 9.100700 2.739569 -2.956998
v 7.400436 35.332489 -5.376732
v 12.517090 24.468178 -9.329155
v 12.517090 19.036026 -9.329155
v 12.019699 13.603874 -8.958439
v 10.152897 8.171722 -7.567089
v 7.741520 2.739569 -5.624544
v 0.000000 2.739569 0.000010
v 5.376732 35.332489 -7.400436
v 9.094196 24.468178 -12.840477
v 9.094196 19.036026 -12.840477
v 8.732819 13.603874 -12.330235
v 7.376511 8.171722 -10.415203
v 5.624542 2.739569 -7.741520
v 2.826715 35.332489 -8.699734
v 4.781103 24.468178 -15.094887
v 4.781103 19.036026 -15.094887
v 4.591116 13.603874 -14.495064
v 3.878061 8.171722 -12.243805
v 2.956997 2.739567 -9.100700
v 0.000000 35.332489 -9.147442
v 0.000001 24.468178 -15.871704
v 0.000001 19.036026 -15.871704
v 0.000001 13.603874 -15.241005
v 0.000001 8.171719 -12.873901
v 0.000000 2.739565 -9.569042
v -2.826715 35.332489 -8.699734
v -4.781101 24.468178 -15.094887
v -4.781101 19.036026 -15.094887
v -4.591114 13.603874 -14.495064
v -3.878061 8.171719 -12.243805
v -2.956997 2.739565 -9.100700
v -5.376730 35.332489 -7.400440
v -9.094193 24.468178 -12.840492
v -9.094193 19.036026 -12.840500
v -8.732815 13.603874 -12.330261
v -7.376507 8.171719 -10.415234
v -5.624540 2.739565 -7.741547
v -7.400433 35.332489 -5.376734
v -12.517075 24.468178 -9.329170
v -12.517078 19.036026 -9.329178
v -12.019684 13.603874 -8.958469
v -10.152889 8.171722 -7.567120
v -7.741516 2.739569 -5.624571
v -8.699730 35.332489 -2.826707
v -14.714714 24.468178 -4.904585
v -14.714714 19.036026 -4.904572
v -14.129997 13.603874 -4.709665
v -11.935436 8.171722 -3.978189
v -9.100697 2.739569 -2.956941
v -9.147438 35.332489 0.000007
v -15.471954 24.468178 0.000038
v -15.471954 19.036026 0.000052
v -14.857147 13.603874 0.000062
v -12.549660 8.171722 0.000064
v -9.569038 2.739569 0.000056
v -8.699730 35.332489 2.826714
v -14.714714 24.468178 4.904623
v -14.714714 19.036026 4.904623
v -14.129997 13.603874 4.709726
v -11.935436 8.171722 3.978251
v -9.100697 2.739569 2.956996
v -7.400433 35.332489 5.376738
v -12.517075 24.468178 9.329185
v -12.517075 19.036026 9.329197
v -12.019684 13.603874 8.958496
v -10.152885 8.171722 7.567150
v -7.741516 2.739567 5.624596
v -5.376730 35.332489 8.190014
v -9.094193 24.468178 12.840508
v -9.094193 19.036026 12.840523
v -8.732815 13.603874 12.330292
v -7.376507 8.171719 10.415260
v -5.624540 2.739565 7.741570
v -2.826714 35.332489 10.234730
v -4.781099 24.468178 15.094879
v -4.781099 19.036026 15.094879
v -4.591112 13.603874 14.495049
v -3.878057 8.171719 12.243797
v -2.956996 2.739565 9.100697
v 0.000000 35.332489 11.156181
v 0.000000 24.468178 15.871696
v 0.000000 19.036026 15.871696
v 0.000000 13.603874 15.241005
v 0.000000 8.171719 12.873901
v 0.000000 2.739565 9.569046
v 2.826714 35.332489 10.234730
v 4.781099 24.468178 15.094879
v 4.781099 19.036026 15.094879
v 4.591112 13.603874 14.495064
v 3.878059 8.171722 12.243805
v 2.956995 2.739569 9.100704
v 5.376730 35.332489 8.190002
v 9.094193 24.468178 12.840446
v 9.094193 19.036026 12.840439
v 8.732815 13.603874 12.330193
v 7.376507 8.171722 10.415165
v 5.624540 2.739569 7.741486
v 7.400433 35.332489 5.376732
v 12.517075 24.468178 9.329166
v 12.517075 19.036026 9.329170
v 12.019684 13.603874 8.958462
v 10.152885 8.171722 7.567116
v 7.741516 2.739569 5.624567
v 8.699730 35.332489 2.826721
v 14.714706 24.468178 4.904661
v 14.714714 19.036026 4.904673
v 14.129990 13.603874 4.709789
v 11.935436 8.171722 3.978315
v 9.100697 2.739569 2.957051
v 9.147438 35.332489 -0.000000
v 15.471954 24.468178 -0.000002
v 15.471954 19.036026 -0.000002
v 14.857140 13.603874 -0.000002
v 12.549660 8.171722 -0.000001
v 9.569038 2.739569 -0.000001
v 10.011581 36.678421 -3.252960
v 10.526791 36.678421 -0.000001
v 10.011578 36.678421 3.252956
v 8.516354 36.678421 6.187492
v 6.187494 36.678421 9.305927
v 3.252956 36.678421 11.546570
v -0.000001 36.678421 12.535538
v -3.252958 36.678421 11.546574
v -6.187496 36.678421 9.305927
v -8.516357 36.678421 6.187494
v -10.011581 36.678421 3.252956
v -10.526794 36.678421 -0.000001
v -10.011581 36.678421 -3.252960
v -8.516357 36.678421 -6.187496
v -6.187498 36.678421 -8.516361
v -3.252960 36.678421 -10.011581
v -0.000000 36.678421 -10.526798
v 3.252958 36.678421 -10.011581
v 6.187496 36.678421 -8.516361
v 8.516357 36.678421 -6.187498
v 9.666409 0.000000 -3.140808
v 9.920723 0.109487 -3.223440
v 10.025864 0.373722 -3.257603
v 8.222736 0.000000 -5.974171
v 8.439072 0.109487 -6.131346
v 8.528507 0.373722 -6.196325
v 5.974169 0.000000 -8.222740
v 6.131346 0.109487 -8.439075
v 6.196325 0.373722 -8.528511
v 3.140806 0.000000 -9.666412
v 3.223438 0.109487 -9.920727
v 3.257599 0.373722 -10.025867
v -0.000000 0.000000 -10.163864
v -0.000000 0.109487 -10.431267
v -0.000000 0.373722 -10.541817
v -3.140806 0.000000 -9.666409
v -3.223440 0.109487 -9.920727
v -3.257601 0.373722 -10.025864
v -5.974169 0.000000 -8.222740
v -6.131346 0.109487 -8.439072
v -6.196323 0.373722 -8.528511
v -8.222736 0.000000 -5.974169
v -8.439072 0.109487 -6.131346
v -8.528507 0.373722 -6.196325
v -9.666409 0.000000 -3.140806
v -9.920723 0.109487 -3.223438
v -10.025864 0.373722 -3.257601
v -10.163860 0.000000 -0.000001
v -10.431263 0.109487 -0.000001
v -10.541813 0.373722 -0.000001
v -9.666409 0.000000 3.140804
v -9.920723 0.109487 3.223436
v -10.025864 0.373722 3.257597
v -8.222736 0.000000 5.974167
v -8.439072 0.109487 6.131342
v -8.528507 0.373722 6.196321
v -5.974167 0.000000 8.222733
v -6.131344 0.109487 8.439068
v -6.196323 0.373722 8.528503
v -3.140806 0.000000 9.666405
v -3.223438 0.109487 9.920719
v -3.257599 0.373722 10.025860
v -0.000001 0.000000 10.163857
v -0.000001 0.109487 10.431259
v -0.000001 0.373722 10.541809
v 3.140804 0.000000 9.666405
v 3.223436 0.109487 9.920719
v 3.257599 0.373722 10.025860
v 5.974165 0.000000 8.222733
v 6.131342 0.109487 8.439068
v 6.196321 0.373722 8.528503
v 8.222733 0.000000 5.974165
v 8.439068 0.109487 6.131340
v 8.528503 0.373722 6.196320
v 9.666405 0.000000 3.140804
v 9.920719 0.109487 3.223436
v 10.025860 0.373722 3.257597
v 10.163857 0.000000 -0.000002
v 10.431259 0.109487 -0.000001
v 10.541809 0.373722 -0.000001
v 10.230438 2.064581 -3.324072
v 10.078201 1.844136 -3.274607
v 10.024555 1.578640 -3.257177
v 8.702530 2.064581 -6.322762
v 8.573029 1.844136 -6.228672
v 8.527397 1.578640 -6.195518
v 6.322758 2.064581 -8.702534
v 6.228670 1.844136 -8.573032
v 6.195517 1.578640 -8.527397
v 3.324070 2.064581 -10.230442
v 3.274605 1.844136 -10.078201
v 3.257175 1.578640 -10.024559
v -0.000000 2.064581 -10.756920
v -0.000000 1.844136 -10.596848
v -0.000000 1.578640 -10.540443
v -3.324072 2.064581 -10.230438
v -3.274607 1.844136 -10.078201
v -3.257175 1.578640 -10.024555
v -6.322758 2.064581 -8.702534
v -6.228670 1.844136 -8.573029
v -6.195517 1.578640 -8.527397
v -8.702530 2.064581 -6.322758
v -8.573029 1.844136 -6.228670
v -8.527397 1.578640 -6.195517
v -10.230438 2.064581 -3.324072
v -10.078197 1.844136 -3.274607
v -10.024555 1.578640 -3.257175
v -10.756916 2.064581 -0.000001
v -10.596844 1.844136 -0.000001
v -10.540440 1.578640 -0.000001
v -10.230438 2.064581 3.324070
v -10.078197 1.844136 3.274603
v -10.024555 1.578640 3.257174
v -8.702530 2.064581 6.322758
v -8.573029 1.844136 6.228666
v -8.527393 1.578640 6.195513
v -6.322758 2.064581 8.702526
v -6.228668 1.844136 8.573025
v -6.195515 1.578640 8.527393
v -3.324070 2.064581 10.230434
v -3.274605 1.844136 10.078194
v -3.257175 1.578640 10.024551
v -0.000001 2.064581 10.756916
v -0.000001 1.844136 10.596844
v -0.000001 1.578640 10.540440
v 3.324068 2.064581 10.230434
v 3.274603 1.844136 10.078194
v 3.257174 1.578640 10.024551
v 6.322754 2.064581 8.702526
v 6.228666 1.844136 8.573025
v 6.195513 1.578640 8.527393
v 8.702526 2.064581 6.322754
v 8.573025 1.844136 6.228666
v 8.527393 1.578640 6.195513
v 10.230434 2.064581 3.324068
v 10.078194 1.844136 3.274603
v 10.024551 1.578640 3.257174
v 10.756912 2.064581 -0.000001
v 10.596840 1.844136 -0.000001
v 10.540436 1.578640 -0.000001
v 10.708157 32.247162 -3.479292
v 10.200409 32.715927 -3.314316
v 10.011581 33.393677 -3.252960
v 9.108902 32.247162 -6.618004
v 8.676987 32.715927 -6.304203
v 8.516357 33.393677 -6.187498
v 6.618004 32.247162 -9.108906
v 6.304199 32.715927 -8.676991
v 6.187496 33.393677 -8.516361
v 3.479290 32.247162 -10.708157
v 3.314314 32.715927 -10.200413
v 3.252958 33.393677 -10.011581
v -0.000000 32.247162 -11.259220
v -0.000000 32.715927 -10.725346
v -0.000000 33.393677 -10.526798
v -3.479292 32.247162 -10.708157
v -3.314314 32.715927 -10.200413
v -3.252960 33.393677 -10.011581
v -6.618004 32.247162 -9.108902
v -6.304199 32.715927 -8.676991
v -6.187496 33.393677 -8.516361
v -9.108902 32.247162 -6.618004
v -8.676987 32.715927 -6.304199
v -8.516357 33.393677 -6.187496
v -10.708157 32.247162 -3.479292
v -10.200409 32.715927 -3.314314
v -10.011578 33.393677 -3.252960
v -11.259220 32.247162 -0.000001
v -10.725346 32.715927 -0.000001
v -10.526794 33.393677 -0.000001
v -10.708157 32.247162 3.479288
v -10.200409 32.715927 3.314312
v -10.011578 33.393677 3.252956
v -9.108902 32.247162 6.618000
v -8.676987 32.715927 6.304195
v -8.516357 33.393677 6.187492
v -6.618004 32.247162 9.108898
v -6.304199 32.715927 8.676983
v -6.187496 33.393677 8.516354
v -3.479290 32.247162 10.708153
v -3.314314 32.715927 10.200405
v -3.252958 33.393677 10.471790
v -0.000001 32.247162 11.259216
v -0.000001 32.715927 10.725338
v -0.000001 33.393677 10.987007
v 3.479288 32.247162 10.708149
v 3.314312 32.715927 10.200405
v 3.252956 33.393677 10.471790
v 6.618000 32.247162 9.108898
v 6.304195 32.715927 8.676983
v 6.187492 33.393677 8.516354
v 9.108898 32.247162 6.618000
v 8.676983 32.715927 6.304195
v 8.516354 33.393677 6.187492
v 10.708153 32.247162 3.479288
v 10.200405 32.715927 3.314312
v 10.011574 33.393677 3.252956
v 11.259216 32.247162 -0.000001
v 10.725342 32.715927 -0.000001
v 10.526791 33.393677 -0.000001
v 10.011581 38.721527 -3.252960
v 10.526791 38.721527 -0.000001
v 10.011578 38.721527 3.252956
v 8.516354 38.721527 6.187494
v 6.187494 38.721527 9.675907
v 3.252956 38.721527 12.224983
v -0.000001 38.721527 13.245461
v -3.252958 38.721527 12.224987
v -6.187496 38.721527 9.675911
v -8.516357 38.721527 6.187494
v -10.011581 38.721527 3.252956
v -10.526794 38.721527 -0.000001
v -10.011581 38.721527 -3.252960
v -8.516357 38.721527 -6.187496
v -6.187498 38.721527 -8.516361
v -3.252960 38.721527 -10.011578
v -0.000000 38.721527 -10.526802
v 3.252958 38.721527 -10.011581
v 6.187496 38.721527 -8.516361
v 8.516357 38.721527 -6.187500
v 8.699734 38.048553 -2.826715
v 9.147438 38.048553 -0.000000
v 8.699730 38.048553 2.826717
v 7.400433 38.048553 5.376730
v 5.376730 38.048553 8.559986
v 2.826714 38.048553 10.913143
v 0.000000 38.048553 11.866100
v -2.826714 38.048553 10.913143
v -5.376730 38.048553 8.559990
v -7.400433 38.048553 5.376732
v -8.699730 38.048553 2.826714
v -9.147438 38.048553 0.000004
v -8.699730 38.048553 -2.826711
v -7.400433 38.048553 -5.376732
v -5.376730 38.048553 -7.400436
v -2.826715 38.048553 -8.699734
v 0.000000 38.048553 -9.147442
v 2.826715 38.048553 -8.699734
v 5.376732 38.048553 -7.400436
v 7.400436 38.048553 -5.376732
v 8.805958 31.973083 -2.907286
v 9.241074 30.080948 -3.072922
v 10.355461 28.520767 -3.451624
v 8.802174 28.528091 -6.560379
v 7.858952 30.081741 -5.843607
v 7.490894 31.969406 -5.530153
v 6.389450 28.536667 -9.021534
v 5.708185 30.082321 -8.040737
v 5.442566 31.963715 -7.611961
v 3.356871 28.543152 -10.598305
v 3.000304 30.082382 -9.450428
v 2.861383 31.958069 -8.948814
v 0.000000 28.545013 -11.141552
v 0.000000 30.082001 -9.936157
v 0.000000 31.954910 -9.409584
v -3.356871 28.543152 -10.598305
v -3.000303 30.082382 -9.450428
v -2.861383 31.958069 -8.948811
v -6.389450 28.536667 -9.021542
v -5.708183 30.082321 -8.040745
v -5.442564 31.963715 -7.611965
v -8.802166 28.528091 -6.560387
v -7.858948 30.081741 -5.843615
v -7.490891 31.969406 -5.530159
v -10.355457 28.520767 -3.451601
v -9.241070 30.080948 -3.072904
v -8.805954 31.973083 -2.907271
v -10.892262 28.517319 0.000021
v -9.717766 30.080200 0.000016
v -9.259117 31.973465 0.000012
v -10.355457 28.520767 3.451622
v -9.241070 30.080948 3.072919
v -8.805954 31.973083 2.907284
v -8.802181 28.528091 6.560406
v -7.858952 30.081741 5.843624
v -7.490891 31.969391 5.530165
v -6.414009 28.499725 9.056232
v -5.717321 30.088959 8.133972
v -5.441525 32.016830 7.916271
v -3.388958 28.451340 10.699608
v -3.012385 30.090485 9.650284
v -2.860352 32.058395 9.551220
v 0.000000 28.413498 11.294140
v 0.000000 30.086609 10.210003
v 0.000000 32.072968 10.203835
v 3.388958 28.451340 10.699612
v 3.012385 30.090485 9.650284
v 2.860351 32.058395 9.551220
v 6.414013 28.499725 9.056202
v 5.717323 30.088959 8.133945
v 5.441525 32.016830 7.916252
v 8.802181 28.528091 6.560394
v 7.858952 30.081741 5.843615
v 7.490891 31.969391 5.530157
v 10.355453 28.520767 3.451643
v 9.241066 30.080948 3.072935
v 8.805954 31.973083 2.907296
v 10.892262 28.517319 -0.000001
v 9.717766 30.080200 -0.000001
v 9.259113 31.973465 -0.000001
v 9.631428 40.764633 -3.129442
v 9.821503 40.711746 -3.191202
v 9.960648 40.567245 -3.236412
v 10.011581 40.369843 -3.252960
v 8.192982 40.764633 -5.952551
v 8.354668 40.711746 -6.070026
v 8.473034 40.567245 -6.156023
v 8.516357 40.369843 -6.187500
v 5.952549 40.764633 -8.192982
v 6.070023 40.711746 -8.354671
v 6.156019 40.567245 -8.473038
v 6.187496 40.369843 -8.516361
v 3.129439 40.764633 -9.631428
v 3.191200 40.711746 -9.821503
v 3.236410 40.567245 -9.960648
v 3.252958 40.369843 -10.011578
v -0.000000 40.764633 -10.127083
v -0.000000 40.711746 -10.326942
v -0.000000 40.567245 -10.473248
v -0.000000 40.369843 -10.526802
v -3.129440 40.764633 -9.631424
v -3.191200 40.711746 -9.821503
v -3.236412 40.567245 -9.960648
v -3.252960 40.369843 -10.011578
v -5.952551 40.764633 -8.192982
v -6.070024 40.711746 -8.354671
v -6.156021 40.567245 -8.473034
v -6.187498 40.369843 -8.516361
v -8.192982 40.764633 -5.952549
v -8.354668 40.711746 -6.070023
v -8.473034 40.567245 -6.156019
v -8.516357 40.369843 -6.187496
v -9.631428 40.764633 -3.129441
v -9.821503 40.711746 -3.191200
v -9.960651 40.567245 -3.236412
v -10.011581 40.369843 -3.252960
v -10.127079 40.764633 -0.000001
v -10.326935 40.711746 -0.000001
v -10.473244 40.567245 -0.000001
v -10.526794 40.369843 -0.000001
v -9.631428 40.764633 3.129438
v -9.821503 40.711746 3.191198
v -9.960651 40.567245 3.236408
v -10.011581 40.369843 3.252956
v -8.175125 40.764633 5.987587
v -8.345741 40.711746 6.087540
v -8.470642 40.567245 6.160711
v -8.516357 40.369843 6.187494
v -5.888578 40.764633 9.412621
v -6.038036 40.711746 9.544266
v -6.147448 40.567245 9.640636
v -6.187496 40.369843 9.675911
v -3.056223 40.764633 11.872936
v -3.154591 40.711746 12.048962
v -3.226601 40.567245 12.177818
v -3.252960 40.369843 12.224983
v -0.000001 40.764633 13.142677
v -0.000001 40.711746 13.349564
v -0.000001 40.567245 13.501015
v -0.000001 40.369843 13.556450
v 3.056220 40.764633 11.872936
v 3.154589 40.711746 12.048962
v 3.226599 40.567245 12.177818
v 3.252956 40.369843 12.224983
v 5.888577 40.764633 9.412621
v 6.038036 40.711746 9.544266
v 6.147448 40.567245 9.640636
v 6.187494 40.369843 9.675907
v 8.175125 40.764633 5.987587
v 8.345737 40.711746 6.087540
v 8.470638 40.567245 6.160711
v 8.516354 40.369843 6.187494
v 9.631424 40.764633 3.129437
v 9.821499 40.711746 3.191196
v 9.960648 40.567245 3.236408
v 10.011578 40.369843 3.252956
v 10.127071 40.764633 -0.000001
v 10.326931 40.711746 -0.000001
v 10.473240 40.567245 -0.000001
v 10.526791 40.369843 -0.000001
v 9.079887 40.764633 -2.950234
v 8.889812 40.711746 -2.888474
v 8.750664 40.567245 -2.843264
v 8.699734 40.369843 -2.826715
v 7.723816 40.764633 -5.611679
v 7.562126 40.711746 -5.494205
v 7.443764 40.567245 -5.408209
v 7.400436 40.369843 -5.376732
v 5.611679 40.764633 -7.723816
v 5.494205 40.711746 -7.562126
v 5.408209 40.567245 -7.443760
v 5.376732 40.369843 -7.400436
v 2.950234 40.764633 -9.079887
v 2.888474 40.711746 -8.889812
v 2.843264 40.567245 -8.750664
v 2.826715 40.369843 -8.699734
v 0.000000 40.764633 -9.547157
v 0.000000 40.711746 -9.347298
v 0.000000 40.567245 -9.200993
v 0.000000 40.369843 -9.147442
v -2.950233 40.764633 -9.079887
v -2.888474 40.711746 -8.889809
v -2.843263 40.567245 -8.750664
v -2.826715 40.369843 -8.699734
v -5.611677 40.764633 -7.723812
v -5.494204 40.711746 -7.562126
v -5.408207 40.567245 -7.443760
v -5.376730 40.369843 -7.400436
v -7.723812 40.764633 -5.611677
v -7.562122 40.711746 -5.494204
v -7.443760 40.567245 -5.408207
v -7.400433 40.369843 -5.376730
v -9.079884 40.764633 -2.950233
v -8.889809 40.711746 -2.888474
v -8.750664 40.567245 -2.843263
v -8.699730 40.369843 -2.826714
v -9.547153 40.764633 -0.000000
v -9.347298 40.711746 -0.000000
v -9.200989 40.567245 -0.000000
v -9.147438 40.369843 0.000000
v -9.079884 40.764633 2.950233
v -8.889809 40.711746 2.888474
v -8.750664 40.567245 2.843263
v -8.699730 40.369843 2.826714
v -7.743675 40.764633 5.572691
v -7.572056 40.711746 5.474710
v -7.446419 40.567245 5.402983
v -7.400433 40.369843 5.376730
v -5.682289 40.764633 8.815224
v -5.529509 40.711746 8.687607
v -5.417665 40.567245 8.594181
v -5.376730 40.369843 8.559990
v -3.032595 40.764633 11.260361
v -2.929654 40.711746 11.086754
v -2.854297 40.567245 10.959660
v -2.826714 40.369843 10.913143
v 0.000000 40.764633 12.593719
v 0.000000 40.711746 12.385403
v 0.000000 40.567245 12.232906
v 0.000000 40.369843 12.177090
v 3.032595 40.764633 11.260361
v 2.929654 40.711746 11.086750
v 2.854297 40.567245 10.959660
v 2.826714 40.369843 10.913143
v 5.682287 40.764633 8.815224
v 5.529509 40.711746 8.687607
v 5.417665 40.567245 8.594181
v 5.376730 40.369843 8.559986
v 7.743675 40.764633 5.572691
v 7.572052 40.711746 5.474709
v 7.446419 40.567245 5.402983
v 7.400433 40.369843 5.376728
v 9.079884 40.764633 2.950233
v 8.889805 40.711746 2.888473
v 8.750660 40.567245 2.843262
v 8.699730 40.369843 2.826714
v 9.547153 40.764633 0.000000
v 9.347294 40.711746 -0.000000
v 9.200989 40.567245 -0.000000
v 9.147438 40.369843 -0.000000
v 0.973537 39.347336 -12.298847
v 0.673708 39.711502 -12.392338
v 0.240444 39.913605 -12.444221
v -0.240443 39.913605 -12.444221
v -0.673707 39.711502 -12.392338
v -0.973536 39.347336 -12.298847
v -1.080544 38.893234 -12.182262
v -0.973536 38.439133 -12.065678
v -0.673708 38.074966 -11.972187
v -0.240444 37.872879 -11.920303
v 0.240444 37.872879 -11.920303
v 0.673708 38.074966 -11.972187
v 0.973536 38.439133 -12.065678
v 1.080544 38.893234 -12.182262
v 0.973537 39.884735 -10.205639
v 0.673708 40.248901 -10.299133
v 0.240444 40.450989 -10.351017
v -0.240443 40.450989 -10.351017
v -0.673707 40.248901 -10.299133
v -0.973536 39.884735 -10.205639
v -1.080544 39.430634 -10.089058
v -0.973536 38.976532 -9.972473
v -0.673708 38.612366 -9.878983
v -0.240444 38.410263 -9.827099
v 0.240444 38.410263 -9.827099
v 0.673708 38.612366 -9.878983
v 0.973536 38.976532 -9.972473
v 1.080544 39.430634 -10.089058
v 0.973536 38.902252 -14.002869
v 0.973536 38.385071 -15.580299
v 0.973536 37.591110 -16.959435
v 0.973536 36.359787 -17.986351
v 0.973536 34.620010 -18.493065
v 0.973536 32.571442 -18.537422
v 0.973536 30.336258 -18.302528
v 0.973536 28.012222 -17.936768
v 0.673708 39.266006 -14.097885
v 0.673708 38.742279 -15.697624
v 0.673708 37.915710 -17.149155
v 0.673708 36.594955 -18.279701
v 0.673708 34.717209 -18.856255
v 0.673708 32.576981 -18.913353
v 0.673708 30.296402 -18.676376
v 0.673708 27.953674 -18.308151
v 0.240444 39.467880 -14.150620
v 0.240444 38.940506 -15.762733
v 0.240444 38.095840 -17.254440
v 0.240444 36.725449 -18.442497
v 0.240444 34.771164 -19.057800
v 0.240444 32.580048 -19.121979
v 0.240444 30.274277 -18.883850
v 0.240444 27.921188 -18.514252
v -0.240443 39.467880 -14.150620
v -0.240443 38.940506 -15.762733
v -0.240443 38.095840 -17.254440
v -0.240443 36.725449 -18.442497
v -0.240443 34.771164 -19.057800
v -0.240443 32.580048 -19.121979
v -0.240443 30.274277 -18.883850
v -0.240443 27.921188 -18.514252
v -0.673708 39.266022 -14.097893
v -0.673708 38.742279 -15.697624
v -0.673708 37.915710 -17.149155
v -0.673708 36.594955 -18.279701
v -0.673708 34.717224 -18.856255
v -0.673708 32.576981 -18.913353
v -0.673708 30.296387 -18.676384
v -0.673708 27.953674 -18.308159
v -0.973536 38.902252 -14.002869
v -0.973536 38.385071 -15.580299
v -0.973536 37.591110 -16.959435
v -0.973536 36.359787 -17.986351
v -0.973536 34.620010 -18.493065
v -0.973536 32.571442 -18.537422
v -0.973536 30.336258 -18.302528
v -0.973536 28.012222 -17.936768
v -1.080544 38.448639 -13.884384
v -1.080544 37.939651 -15.434006
v -1.080544 37.186340 -16.722855
v -1.080544 36.066544 -17.620552
v -1.080544 34.498795 -18.040169
v -1.080544 32.564560 -18.068642
v -1.080544 30.385971 -17.836342
v -1.080544 28.085236 -17.473656
v -0.973536 37.995026 -13.765892
v -0.973536 37.494232 -15.287704
v -0.973536 36.781586 -16.486275
v -0.973536 35.773285 -17.254745
v -0.973536 34.377579 -17.587280
v -0.973536 32.557648 -17.599854
v -0.973536 30.435684 -17.370148
v -0.973536 28.158234 -17.010536
v -0.673708 37.631256 -13.670876
v -0.673708 37.137039 -15.170380
v -0.673708 36.456985 -16.296562
v -0.673708 35.538132 -16.961403
v -0.673708 34.280365 -17.224098
v -0.673708 32.552109 -17.223930
v -0.673708 30.475540 -16.996300
v -0.673708 28.216766 -16.639160
v -0.240444 37.429382 -13.618149
v -0.240444 36.938797 -15.105270
v -0.240444 36.276855 -16.191277
v -0.240444 35.407623 -16.798607
v -0.240444 34.226410 -17.022545
v -0.240444 32.549042 -17.015305
v -0.240444 30.497665 -16.788826
v -0.240444 28.249268 -16.433052
v 0.240444 37.429382 -13.618149
v 0.240444 36.938797 -15.105270
v 0.240444 36.276855 -16.191277
v 0.240444 35.407623 -16.798607
v 0.240444 34.226410 -17.022545
v 0.240444 32.549042 -17.015305
v 0.240444 30.497665 -16.788826
v 0.240444 28.249268 -16.433052
v 0.673708 37.631256 -13.670876
v 0.673708 37.137039 -15.170380
v 0.673708 36.456985 -16.296562
v 0.673708 35.538132 -16.961403
v 0.673708 34.280365 -17.224098
v 0.673708 32.552109 -17.223930
v 0.673708 30.475540 -16.996300
v 0.673708 28.216766 -16.639160
v 0.973536 37.995026 -13.765892
v 0.973536 37.494232 -15.287704
v 0.973536 36.781586 -16.486275
v 0.973536 35.773285 -17.254745
v 0.973536 34.377579 -17.587280
v 0.973536 32.557648 -17.599854
v 0.973536 30.435684 -17.370148
v 0.973536 28.158234 -17.010536
v 1.080544 38.448639 -13.884384
v 1.080544 37.939651 -15.434006
v 1.080544 37.186340 -16.722855
v 1.080544 36.066544 -17.620552
v 1.080544 34.498795 -18.040169
v 1.080544 32.564560 -18.068642
v 1.080544 30.385971 -17.836342
v 1.080544 28.085236 -17.473656
v 0.973531 25.419769 -17.193382
v 0.673692 25.110779 -17.487434
v 0.240433 24.939316 -17.650620
v -0.240440 24.939316 -17.650604
v -0.673696 25.110779 -17.487434
v -0.973528 25.419754 -17.193390
v -1.080544 25.805038 -16.826744
v -0.973535 26.190277 -16.460106
v -0.673702 26.499237 -16.166069
v -0.240440 26.670700 -16.002876
v 0.240440 26.670700 -16.002876
v 0.673703 26.499237 -16.166061
v 0.973535 26.190277 -16.460114
v 1.080544 25.805023 -16.826752
vt 0.588676 0.651697
vt 0.594062 0.676088
vt 0.628885 0.671891
vt 0.663356 0.666045
vt 0.697001 0.657363
vt 0.728910 0.643528
vt 0.084373 0.656789
vt 0.116196 0.667383
vt 0.149130 0.674538
vt 0.182633 0.679441
vt 0.216413 0.682818
vt 0.250321 0.685117
vt 0.284287 0.686605
vt 0.318290 0.687438
vt 0.352336 0.687698
vt 0.386455 0.687433
vt 0.420684 0.686681
vt 0.455057 0.685480
vt 0.489597 0.683857
vt 0.524306 0.681811
vt 0.559153 0.679278
vt 0.600154 0.708782
vt 0.636976 0.704836
vt 0.674227 0.699542
vt 0.711800 0.691842
vt 0.749249 0.679820
vt 0.068120 0.689868
vt 0.103973 0.700202
vt 0.139910 0.707180
vt 0.175682 0.712035
vt 0.211222 0.715466
vt 0.246536 0.717875
vt 0.281664 0.719493
vt 0.316660 0.720440
vt 0.351585 0.720775
vt 0.386512 0.720524
vt 0.421519 0.719724
vt 0.456683 0.718422
vt 0.492072 0.716673
vt 0.527746 0.714512
vt 0.563757 0.711919
vt 0.604307 0.738878
vt 0.642408 0.735327
vt 0.681459 0.730924
vt 0.721632 0.725025
vt 0.762934 0.716405
vt 0.056355 0.721996
vt 0.095201 0.731096
vt 0.133298 0.737453
vt 0.170674 0.742050
vt 0.207451 0.745430
vt 0.243765 0.747899
vt 0.279734 0.749625
vt 0.315461 0.750687
vt 0.351039 0.751103
vt 0.386566 0.750875
vt 0.422145 0.750030
vt 0.457877 0.748630
vt 0.493858 0.746764
vt 0.530182 0.744507
vt 0.566954 0.741891
vt 0.606911 0.768418
vt 0.645678 0.765360
vt 0.685695 0.762049
vt 0.727399 0.758393
vt 0.771387 0.753990
vt 0.048320 0.754642
vt 0.089247 0.761888
vt 0.128754 0.767318
vt 0.167155 0.771506
vt 0.204734 0.774755
vt 0.241718 0.777243
vt 0.278278 0.779062
vt 0.314540 0.780240
vt 0.350612 0.780749
vt 0.386597 0.780551
vt 0.422605 0.779665
vt 0.458745 0.778167
vt 0.495125 0.776190
vt 0.531850 0.773856
vt 0.569052 0.771252
vt 0.608111 0.797043
vt 0.646944 0.794508
vt 0.687079 0.792305
vt 0.729083 0.790908
vt 0.773783 0.791033
vt 0.044309 0.786931
vt 0.086178 0.791985
vt 0.126276 0.796341
vt 0.165107 0.800035
vt 0.203052 0.803096
vt 0.240384 0.805563
vt 0.277293 0.807455
vt 0.313909 0.808746
vt 0.350329 0.809357
vt 0.386646 0.809198
vt 0.422957 0.808274
vt 0.459363 0.806681
vt 0.495964 0.804605
vt 0.532858 0.802218
vt 0.570177 0.799659
vt 0.608050 0.825793
vt 0.646383 0.823801
vt 0.685812 0.822660
vt 0.726867 0.823359
vt 0.770256 0.827793
vt 0.044269 0.819629
vt 0.085843 0.822343
vt 0.125693 0.825542
vt 0.164368 0.828671
vt 0.202261 0.831485
vt 0.239637 0.833888
vt 0.276674 0.835829
vt 0.313485 0.837233
vt 0.350139 0.837960
vt 0.386696 0.837849
vt 0.423219 0.836892
vt 0.459774 0.835200
vt 0.496441 0.833033
vt 0.533293 0.830621
vt 0.570439 0.828150
vt 0.606609 0.856517
vt 0.643810 0.855115
vt 0.681605 0.854975
vt 0.720276 0.857437
vt 0.759924 0.865305
vt 0.048799 0.854477
vt 0.088537 0.854836
vt 0.127130 0.856800
vt 0.164968 0.859260
vt 0.202331 0.861733
vt 0.239407 0.864007
vt 0.276324 0.865964
vt 0.313162 0.867484
vt 0.349954 0.868362
vt 0.386692 0.868312
vt 0.423375 0.867323
vt 0.459976 0.865510
vt 0.496551 0.863260
vt 0.533122 0.860862
vt 0.569769 0.858543
vt 0.603218 0.892110
vt 0.581884 0.081357
vt 0.158311 0.234393
vt 0.627020 0.127504
vt 0.610569 0.139191
vt 0.639046 0.111302
vt 0.645469 0.092180
vt 0.645651 0.072013
vt 0.639759 0.052716
vt 0.628056 0.036252
vt 0.611841 0.024208
vt 0.592705 0.017753
vt 0.572510 0.017539
vt 0.553235 0.023572
vt 0.536761 0.035249
vt 0.524716 0.051455
vt 0.518279 0.070594
vt 0.518063 0.090784
vt 0.524090 0.110049
vt 0.535796 0.126496
vt 0.551994 0.138543
vt 0.571125 0.144983
vt 0.591306 0.145218
vt 0.146187 0.410906
vt 0.134031 0.372453
vt 0.128412 0.330538
vt 0.133189 0.288304
vt 0.110281 0.406573
vt 0.101846 0.364129
vt 0.102786 0.318588
vt 0.117370 0.275398
vt 0.074183 0.398931
vt 0.069954 0.351339
vt 0.078688 0.301251
vt 0.104622 0.256588
vt 0.037602 0.389693
vt 0.038138 0.335184
vt 0.056622 0.279193
vt 0.096968 0.231474
vt 0.200700 0.019530
vt 0.148647 0.057709
vt 0.110818 0.117932
vt 0.097108 0.199446
vt 0.227670 0.049097
vt 0.181416 0.077442
vt 0.143328 0.122613
vt 0.124025 0.182706
vt 0.254323 0.076282
vt 0.211546 0.097043
vt 0.173507 0.130557
vt 0.149212 0.176339
vt 0.279473 0.103395
vt 0.238941 0.118095
vt 0.200748 0.142533
vt 0.171752 0.177624
vt 0.301802 0.131853
vt 0.262754 0.141475
vt 0.224235 0.158465
vt 0.190917 0.184581
vt 0.320180 0.162110
vt 0.281871 0.167340
vt 0.243162 0.177782
vt 0.206180 0.195653
vt 0.332383 0.195007
vt 0.295825 0.195277
vt 0.257039 0.199407
vt 0.217515 0.208746
vt 0.338623 0.228671
vt 0.303548 0.224457
vt 0.265314 0.222525
vt 0.224594 0.223713
vt 0.338466 0.262147
vt 0.304941 0.253680
vt 0.267874 0.245987
vt 0.227365 0.239460
vt 0.331744 0.294288
vt 0.300105 0.281821
vt 0.264864 0.268691
vt 0.225924 0.255005
vt 0.318407 0.323940
vt 0.289428 0.307920
vt 0.256593 0.289648
vt 0.220513 0.269452
vt 0.300232 0.350909
vt 0.272872 0.330747
vt 0.243140 0.307706
vt 0.211092 0.281640
vt 0.276440 0.373612
vt 0.251494 0.349686
vt 0.225437 0.322191
vt 0.198662 0.291002
vt 0.248026 0.391423
vt 0.225910 0.363878
vt 0.204170 0.332305
vt 0.183863 0.296855
vt 0.216059 0.403847
vt 0.197037 0.372616
vt 0.180213 0.337326
vt 0.167486 0.298590
vt 0.181619 0.410774
vt 0.165982 0.375326
vt 0.154626 0.336720
vt 0.150498 0.295668
vt 0.595323 0.954884
vt 0.627022 0.127504
vt 0.618386 0.152696
vt 0.639048 0.111303
vt 0.638632 0.137923
vt 0.645471 0.092182
vt 0.653312 0.117622
vt 0.645653 0.072012
vt 0.660991 0.093788
vt 0.639759 0.052715
vt 0.660927 0.068789
vt 0.628057 0.036251
vt 0.653263 0.044929
vt 0.611843 0.024208
vt 0.638497 0.024657
vt 0.592705 0.017752
vt 0.618186 0.009951
vt 0.572509 0.017537
vt 0.594324 0.002236
vt 0.553235 0.023570
vt 0.569254 0.002283
vt 0.536761 0.035247
vt 0.545433 0.010057
vt 0.524715 0.051455
vt 0.525161 0.024813
vt 0.518277 0.070594
vt 0.510456 0.045129
vt 0.518061 0.090783
vt 0.502760 0.068984
vt 0.524089 0.110049
vt 0.502801 0.094044
vt 0.535797 0.126497
vt 0.510596 0.117874
vt 0.551992 0.138544
vt 0.525372 0.138103
vt 0.571123 0.144983
vt 0.545660 0.152800
vt 0.591307 0.145219
vt 0.569495 0.160502
vt 0.610569 0.139192
vt 0.594556 0.160479
vt 0.583175 0.629109
vt 0.619282 0.154793
vt 0.582626 0.626882
vt 0.640134 0.139639
vt 0.614053 0.622901
vt 0.655271 0.118791
vt 0.643977 0.617321
vt 0.663215 0.094294
vt 0.671466 0.609213
vt 0.663199 0.068590
vt 0.088303 0.597317
vt 0.655363 0.044040
vt 0.111224 0.610292
vt 0.640217 0.023159
vt 0.136954 0.619522
vt 0.619358 0.007994
vt 0.164996 0.625905
vt 0.594831 0.000012
vt 0.194631 0.630298
vt 0.569049 0.000012
vt 0.225330 0.633305
vt 0.544539 0.007959
vt 0.256739 0.635322
vt 0.523661 0.023094
vt 0.288627 0.636600
vt 0.508497 0.043960
vt 0.320846 0.637288
vt 0.500537 0.068477
vt 0.353306 0.637472
vt 0.500529 0.094249
vt 0.385953 0.637205
vt 0.508499 0.118772
vt 0.418752 0.636523
vt 0.523655 0.139604
vt 0.451667 0.635453
vt 0.544488 0.154757
vt 0.484643 0.634008
vt 0.568985 0.162725
vt 0.517585 0.632169
vt 0.550333 0.629855
vt 0.594759 0.162751
vt 0.618966 0.638515
vt 0.650182 0.632645
vt 0.621758 0.647477
vt 0.679235 0.624099
vt 0.653825 0.641548
vt 0.704468 0.611641
vt 0.684045 0.632882
vt 0.103047 0.624908
vt 0.072648 0.618863
vt 0.130456 0.634685
vt 0.098031 0.633397
vt 0.159981 0.641472
vt 0.126582 0.643445
vt 0.190837 0.646132
vt 0.157018 0.650378
vt 0.222531 0.649310
vt 0.188598 0.655136
vt 0.254759 0.651437
vt 0.220870 0.658384
vt 0.287334 0.652783
vt 0.253566 0.660564
vt 0.320148 0.653511
vt 0.286531 0.661949
vt 0.353142 0.653711
vt 0.319679 0.662702
vt 0.386288 0.653441
vt 0.352970 0.662916
vt 0.419572 0.652737
vt 0.386391 0.662645
vt 0.452979 0.651628
vt 0.419942 0.661928
vt 0.486477 0.650128
vt 0.453622 0.660795
vt 0.519998 0.648213
vt 0.487413 0.659261
vt 0.553416 0.645799
vt 0.521266 0.657307
vt 0.586522 0.642689
vt 0.555079 0.654851
vt 0.614737 0.625094
vt 0.585484 0.638479
vt 0.644829 0.619461
vt 0.617642 0.634343
vt 0.672514 0.611273
vt 0.648485 0.628527
vt 0.696787 0.599322
vt 0.677052 0.620063
vt 0.110111 0.612316
vt 0.081738 0.607587
vt 0.136059 0.621645
vt 0.105307 0.620955
vt 0.164303 0.628097
vt 0.132230 0.630609
vt 0.194105 0.632532
vt 0.161343 0.637310
vt 0.224942 0.635565
vt 0.191865 0.641911
vt 0.256466 0.637598
vt 0.223288 0.645050
vt 0.288450 0.638886
vt 0.255295 0.647151
vt 0.320753 0.639578
vt 0.287686 0.648480
vt 0.353288 0.639764
vt 0.320342 0.649196
vt 0.386006 0.639496
vt 0.353194 0.649392
vt 0.418874 0.638811
vt 0.386209 0.649123
vt 0.451860 0.637736
vt 0.419365 0.648425
vt 0.484910 0.636284
vt 0.452642 0.647328
vt 0.517932 0.634434
vt 0.486002 0.645843
vt 0.550772 0.632105
vt 0.519367 0.643949
vt 0.552603 0.641558
vt 0.586002 0.640585
vt 0.618302 0.636428
vt 0.649328 0.630582
vt 0.678132 0.622075
vt 0.080460 0.609435
vt 0.104187 0.622925
vt 0.131347 0.632643
vt 0.160664 0.639390
vt 0.191352 0.644022
vt 0.222910 0.647181
vt 0.255027 0.649295
vt 0.287510 0.650633
vt 0.320245 0.651355
vt 0.353168 0.651554
vt 0.386249 0.651284
vt 0.419469 0.650583
vt 0.452811 0.649480
vt 0.486240 0.647987
vt 0.519683 0.646083
vt 0.553010 0.643680
vt 0.638422 0.891405
vt 0.599788 0.917503
vt 0.673346 0.892185
vt 0.633263 0.917333
vt 0.707805 0.895746
vt 0.665784 0.918667
vt 0.741119 0.904940
vt 0.696772 0.922358
vt 0.059761 0.894213
vt 0.041402 0.929040
vt 0.095423 0.892556
vt 0.070269 0.922182
vt 0.131302 0.893156
vt 0.102116 0.919568
vt 0.167321 0.894731
vt 0.135510 0.919214
vt 0.203455 0.896680
vt 0.169819 0.920075
vt 0.239707 0.898697
vt 0.204725 0.921557
vt 0.276106 0.900605
vt 0.240061 0.923314
vt 0.312706 0.902247
vt 0.275770 0.925135
vt 0.349542 0.903361
vt 0.311921 0.926853
vt 0.386502 0.903372
vt 0.348734 0.928254
vt 0.423408 0.902351
vt 0.386171 0.928211
vt 0.459978 0.900346
vt 0.423502 0.927231
vt 0.496222 0.898021
vt 0.460135 0.924962
vt 0.532134 0.895713
vt 0.495868 0.922646
vt 0.567788 0.893664
vt 0.530998 0.920448
vt 0.565651 0.918655
vt 0.631078 0.928810
vt 0.662632 0.930423
vt 0.626420 0.955360
vt 0.692377 0.934240
vt 0.656219 0.957377
vt 0.719068 0.941036
vt 0.684383 0.961328
vt 0.074902 0.934291
vt 0.056529 0.967133
vt 0.105369 0.931401
vt 0.083072 0.961754
vt 0.137734 0.930689
vt 0.111848 0.958599
vt 0.171273 0.931262
vt 0.142462 0.957359
vt 0.205581 0.932548
vt 0.174453 0.957457
vt 0.240429 0.934192
vt 0.207431 0.958398
vt 0.275704 0.935977
vt 0.241078 0.959847
vt 0.311439 0.937737
vt 0.275115 0.961616
vt 0.350047 0.939409
vt 0.315169 0.964188
vt 0.386293 0.939359
vt 0.352698 0.966566
vt 0.422461 0.938422
vt 0.386770 0.968028
vt 0.460782 0.935842
vt 0.420662 0.965610
vt 0.496074 0.933535
vt 0.457765 0.962329
vt 0.530718 0.931364
vt 0.497125 0.959056
vt 0.564848 0.929692
vt 0.530439 0.957000
vt 0.598365 0.928728
vt 0.563245 0.955538
vt 0.599080 0.923113
vt 0.632169 0.923073
vt 0.664191 0.924552
vt 0.694513 0.928314
vt 0.044776 0.934809
vt 0.072645 0.928248
vt 0.103765 0.925489
vt 0.136631 0.924949
vt 0.170551 0.925662
vt 0.205160 0.927044
vt 0.240256 0.928743
vt 0.275757 0.930544
vt 0.311719 0.932269
vt 0.348593 0.933765
vt 0.386238 0.933682
vt 0.423798 0.932745
vt 0.460423 0.930394
vt 0.495957 0.928080
vt 0.530856 0.925899
vt 0.565252 0.924168
vt 0.593813 0.971192
vt 0.194231 0.542305
vt 0.210743 0.509223
vt 0.154902 0.491445
vt 0.164550 0.447916
vt 0.162632 0.550309
vt 0.176632 0.518129
vt 0.120190 0.494881
vt 0.127093 0.447849
vt 0.133513 0.556336
vt 0.144169 0.524472
vt 0.087239 0.498232
vt 0.089595 0.445221
vt 0.406868 0.019203
vt 0.114281 0.529856
vt 0.335240 0.006361
vt 0.051436 0.442387
vt 0.416675 0.043273
vt 0.376419 0.016058
vt 0.344877 0.035773
vt 0.010937 0.443209
vt 0.427245 0.070658
vt 0.384947 0.041691
vt 0.358994 0.065308
vt 0.279544 0.034346
vt 0.437414 0.101301
vt 0.396177 0.069548
vt 0.374164 0.096325
vt 0.301116 0.065342
vt 0.446055 0.134850
vt 0.407970 0.100073
vt 0.388020 0.129649
vt 0.322699 0.095860
vt 0.452145 0.170816
vt 0.418511 0.133367
vt 0.398375 0.165666
vt 0.342344 0.127586
vt 0.455534 0.208581
vt 0.426417 0.169130
vt 0.406315 0.203205
vt 0.358931 0.161086
vt 0.455082 0.247708
vt 0.431350 0.206739
vt 0.408677 0.242103
vt 0.368532 0.197176
vt 0.448949 0.295728
vt 0.431919 0.245669
vt 0.405298 0.281466
vt 0.372956 0.234205
vt 0.437201 0.340268
vt 0.427476 0.288308
vt 0.395732 0.320271
vt 0.371237 0.271131
vt 0.420881 0.378767
vt 0.416986 0.329677
vt 0.380239 0.357315
vt 0.362874 0.306722
vt 0.397138 0.413279
vt 0.400413 0.367997
vt 0.357138 0.390197
vt 0.347415 0.339572
vt 0.365673 0.447205
vt 0.376872 0.402539
vt 0.329336 0.419047
vt 0.327792 0.370164
vt 0.328246 0.478420
vt 0.347410 0.433636
vt 0.297707 0.442976
vt 0.302034 0.396198
vt 0.295262 0.499790
vt 0.313594 0.460324
vt 0.263346 0.461788
vt 0.271581 0.417327
vt 0.261363 0.517244
vt 0.280175 0.480730
vt 0.227109 0.475105
vt 0.237742 0.433302
vt 0.227460 0.531498
vt 0.245494 0.496738
vt 0.190819 0.485526
vt 0.201884 0.444323
vt 0.200653 0.497195
vt 0.165636 0.504726
vt 0.132122 0.509751
vt 0.100961 0.514324
vt 0.356818 0.011801
vt 0.365274 0.038811
vt 0.377640 0.067409
vt 0.390963 0.098183
vt 0.403055 0.131547
vt 0.412146 0.167468
vt 0.418508 0.205112
vt 0.419817 0.244067
vt 0.416097 0.284480
vt 0.406205 0.324433
vt 0.390330 0.362682
vt 0.366441 0.396557
vt 0.337851 0.426339
vt 0.305523 0.451161
vt 0.271675 0.470929
vt 0.236187 0.485693
vt 0.216781 0.591813
vt 0.250611 0.573915
vt 0.182425 0.601749
vt 0.215248 0.587009
vt 0.150197 0.608194
vt 0.181395 0.596804
vt 0.120885 0.609440
vt 0.149840 0.603163
vt 0.467448 0.027541
vt 0.447714 0.006089
vt 0.480111 0.057930
vt 0.463129 0.030166
vt 0.490554 0.091983
vt 0.475459 0.059905
vt 0.498793 0.129028
vt 0.485726 0.093437
vt 0.504339 0.168541
vt 0.493858 0.130009
vt 0.506493 0.209952
vt 0.499340 0.169041
vt 0.504006 0.253460
vt 0.501512 0.209906
vt 0.496211 0.310827
vt 0.499224 0.251120
vt 0.482723 0.361597
vt 0.492431 0.305754
vt 0.466619 0.402793
vt 0.479685 0.356388
vt 0.440508 0.438643
vt 0.462447 0.400594
vt 0.405068 0.477592
vt 0.434373 0.439015
vt 0.360833 0.515200
vt 0.398630 0.477269
vt 0.325303 0.541009
vt 0.356135 0.512549
vt 0.289049 0.561715
vt 0.322405 0.536895
vt 0.252586 0.578544
vt 0.286639 0.557302
vt 0.213454 0.581923
vt 0.239326 0.551192
vt 0.180092 0.591542
vt 0.205589 0.563203
vt 0.149198 0.597799
vt 0.173540 0.572126
vt 0.122084 0.599621
vt 0.144059 0.578221
vt 0.458471 0.032772
vt 0.427855 0.016151
vt 0.470444 0.061879
vt 0.439922 0.039715
vt 0.480546 0.094883
vt 0.450961 0.067509
vt 0.488593 0.130976
vt 0.460793 0.099016
vt 0.494028 0.169525
vt 0.468836 0.133616
vt 0.496189 0.209821
vt 0.474369 0.170673
vt 0.494112 0.250778
vt 0.476828 0.209493
vt 0.487230 0.305182
vt 0.475616 0.249561
vt 0.474657 0.355007
vt 0.468578 0.302630
vt 0.457557 0.398015
vt 0.456078 0.350116
vt 0.430366 0.435650
vt 0.440237 0.388911
vt 0.395210 0.473328
vt 0.416117 0.423323
vt 0.352959 0.508529
vt 0.382490 0.459452
vt 0.319292 0.532582
vt 0.341221 0.494080
vt 0.283994 0.552666
vt 0.308067 0.516831
vt 0.248389 0.569035
vt 0.273780 0.535786
vt 0.562236 0.984919
vt 0.562571 0.971752
vt 0.530851 0.986293
vt 0.530570 0.973151
vt 0.498963 0.988389
vt 0.498121 0.975207
vt 0.458208 0.991985
vt 0.456892 0.978861
vt 0.420878 0.995792
vt 0.419506 0.982682
vt 0.387614 0.998378
vt 0.387199 0.985098
vt 0.354089 0.996795
vt 0.354667 0.983628
vt 0.316086 0.993944
vt 0.316741 0.980730
vt 0.274306 0.991055
vt 0.274629 0.977848
vt 0.241486 0.989177
vt 0.241338 0.976017
vt 0.209012 0.987786
vt 0.208380 0.974619
vt 0.177258 0.986959
vt 0.176125 0.973778
vt 0.146593 0.987003
vt 0.144921 0.973813
vt 0.117355 0.988357
vt 0.115123 0.975178
vt 0.089750 0.991466
vt 0.087017 0.978355
vt 0.063551 0.996528
vt 0.706830 0.983397
vt 0.677763 0.990878
vt 0.680533 0.977801
vt 0.650726 0.987031
vt 0.652986 0.973881
vt 0.622411 0.984952
vt 0.624034 0.971775
vt 0.592847 0.984371
vt 0.253286 0.580200
vt 0.253979 0.581860
vt 0.592742 0.986008
vt 0.217317 0.593531
vt 0.622226 0.986583
vt 0.217843 0.595250
vt 0.182775 0.603517
vt 0.650462 0.988652
vt 0.183112 0.605284
vt 0.150298 0.609997
vt 0.677428 0.992486
vt 0.150387 0.611799
vt 0.452424 0.001260
vt 0.063969 0.998120
vt 0.453726 0.000000
vt 0.468970 0.026574
vt 0.090069 0.993077
vt 0.470487 0.025599
vt 0.481755 0.057194
vt 0.117609 0.989980
vt 0.483394 0.056452
vt 0.492267 0.091435
vt 0.146782 0.988634
vt 0.493978 0.090880
vt 0.500551 0.128651
vt 0.177385 0.988595
vt 0.502309 0.128270
vt 0.506127 0.168340
vt 0.209082 0.989424
vt 0.507915 0.168136
vt 0.508298 0.209954
vt 0.241499 0.990816
vt 0.510102 0.209951
vt 0.505781 0.253568
vt 0.274274 0.992694
vt 0.507569 0.253674
vt 0.497991 0.311048
vt 0.316024 0.995581
vt 0.499779 0.311266
vt 0.484442 0.362127
vt 0.354017 0.998431
vt 0.486174 0.362620
vt 0.468221 0.403639
vt 0.387667 1.000000
vt 0.469827 0.404485
vt 0.441923 0.439761
vt 0.421054 0.997422
vt 0.443314 0.440910
vt 0.406263 0.478931
vt 0.458364 0.993616
vt 0.407459 0.480277
vt 0.361932 0.516597
vt 0.499072 0.990025
vt 0.363039 0.518004
vt 0.326333 0.542484
vt 0.530897 0.987931
vt 0.327361 0.543963
vt 0.289909 0.563295
vt 0.562207 0.986558
vt 0.290764 0.564878
vt 0.249880 0.572279
vt 0.249140 0.570651
vt 0.214667 0.585306
vt 0.214069 0.583610
vt 0.180983 0.595044
vt 0.180550 0.593289
vt 0.149658 0.601367
vt 0.149445 0.599577
vt 0.446482 0.007255
vt 0.445209 0.008313
vt 0.461584 0.031066
vt 0.460030 0.031937
vt 0.473794 0.060587
vt 0.472122 0.061246
vt 0.484002 0.093939
vt 0.482275 0.094422
vt 0.492101 0.130347
vt 0.490345 0.130671
vt 0.497564 0.169214
vt 0.495792 0.169376
vt 0.499724 0.209880
vt 0.497948 0.209852
vt 0.497506 0.251012
vt 0.495802 0.250899
vt 0.490682 0.305565
vt 0.488947 0.305373
vt 0.478000 0.355879
vt 0.476327 0.355407
vt 0.460818 0.399734
vt 0.459178 0.398870
vt 0.432992 0.437913
vt 0.431648 0.436800
vt 0.397482 0.475941
vt 0.396340 0.474626
vt 0.355072 0.511195
vt 0.354015 0.509855
vt 0.321364 0.535448
vt 0.320325 0.534009
vt 0.285762 0.555746
vt 0.284880 0.554200
vt 0.035492 0.017171
vt 0.031551 0.016994
vt 0.035608 0.000169
vt 0.031601 0.000064
vt 0.027596 0.016902
vt 0.027580 0.000012
vt 0.023638 0.016905
vt 0.023559 0.000017
vt 0.019689 0.017001
vt 0.019550 0.000077
vt 0.015748 0.017159
vt 0.015562 0.000184
vt 0.011832 0.017384
vt 0.011608 0.000327
vt 0.007946 0.017646
vt 0.007693 0.000492
vt 0.004092 0.017914
vt 0.003824 0.000660
vt 0.000281 0.018155
vt 0.055151 0.001033
vt 0.050992 0.018260
vt 0.051322 0.000868
vt 0.047159 0.017987
vt 0.047452 0.000684
vt 0.043299 0.017696
vt 0.043541 0.000494
vt 0.039409 0.017414
vt 0.039591 0.000317
vt 0.031241 0.152938
vt 0.035104 0.151143
vt 0.027331 0.153917
vt 0.023407 0.153925
vt 0.019503 0.152938
vt 0.015652 0.151138
vt 0.011857 0.148862
vt 0.008096 0.146541
vt 0.004334 0.144632
vt 0.000561 0.143534
vt 0.050296 0.143483
vt 0.046488 0.144615
vt 0.042699 0.146541
vt 0.038915 0.148869
vt 0.031454 0.030379
vt 0.035320 0.030758
vt 0.031255 0.042591
vt 0.034963 0.043201
vt 0.031083 0.054125
vt 0.034639 0.054752
vt 0.031040 0.065777
vt 0.034565 0.066169
vt 0.031177 0.079129
vt 0.034859 0.079176
vt 0.031270 0.094466
vt 0.035083 0.094426
vt 0.031269 0.111665
vt 0.035128 0.111652
vt 0.031124 0.129831
vt 0.034916 0.129941
vt 0.027571 0.030179
vt 0.027522 0.042265
vt 0.027488 0.053793
vt 0.027472 0.065573
vt 0.027469 0.079108
vt 0.027440 0.094492
vt 0.027397 0.111673
vt 0.027324 0.129771
vt 0.023686 0.030182
vt 0.023782 0.042253
vt 0.023877 0.053773
vt 0.023884 0.065552
vt 0.023748 0.079104
vt 0.023600 0.094494
vt 0.023518 0.111676
vt 0.023517 0.129763
vt 0.019795 0.030348
vt 0.020050 0.042564
vt 0.020282 0.054096
vt 0.020314 0.065756
vt 0.020038 0.079124
vt 0.019767 0.094465
vt 0.019645 0.111659
vt 0.019718 0.129819
vt 0.015926 0.030719
vt 0.016339 0.043160
vt 0.016727 0.054715
vt 0.016786 0.066147
vt 0.016350 0.079171
vt 0.015951 0.094420
vt 0.015785 0.111640
vt 0.015928 0.129926
vt 0.012081 0.031218
vt 0.012654 0.043975
vt 0.013203 0.055583
vt 0.013283 0.066712
vt 0.012677 0.079258
vt 0.012151 0.094370
vt 0.011943 0.111617
vt 0.012139 0.130055
vt 0.008261 0.031782
vt 0.008975 0.044903
vt 0.009661 0.056592
vt 0.009739 0.067375
vt 0.008992 0.079370
vt 0.008362 0.094312
vt 0.008118 0.111590
vt 0.008344 0.130170
vt 0.004460 0.032335
vt 0.005274 0.045796
vt 0.006034 0.057551
vt 0.006083 0.067974
vt 0.005267 0.079447
vt 0.004572 0.094233
vt 0.004307 0.111550
vt 0.004538 0.130239
vt 0.054804 0.018494
vt 0.054344 0.033274
vt 0.053516 0.046979
vt 0.052865 0.058496
vt 0.052848 0.068231
vt 0.053445 0.079173
vt 0.054030 0.093948
vt 0.054208 0.111456
vt 0.053949 0.130218
vt 0.050559 0.032904
vt 0.049747 0.046574
vt 0.049071 0.058280
vt 0.049032 0.068330
vt 0.049651 0.079418
vt 0.050228 0.094133
vt 0.050405 0.111531
vt 0.050135 0.130276
vt 0.046773 0.032416
vt 0.046014 0.045872
vt 0.045333 0.057610
vt 0.045257 0.068000
vt 0.045897 0.079456
vt 0.046439 0.094253
vt 0.046602 0.111583
vt 0.046316 0.130266
vt 0.042978 0.031848
vt 0.042321 0.044971
vt 0.041706 0.056647
vt 0.041604 0.067400
vt 0.042193 0.079375
vt 0.042658 0.094326
vt 0.042792 0.111617
vt 0.042506 0.130192
vt 0.039162 0.031270
vt 0.038647 0.044031
vt 0.038163 0.055630
vt 0.038064 0.066736
vt 0.038523 0.079263
vt 0.038876 0.094379
vt 0.038969 0.111637
vt 0.038707 0.130074
vt 0.000720 0.130194
vt 0.000504 0.111491
vt 0.000775 0.094107
vt 0.001486 0.079395
vt 0.002306 0.068300
vt 0.002296 0.058225
vt 0.001531 0.046498
vt 0.000655 0.032810
vt 0.000000 0.000815
vt 0.703800 0.996408
vt 0.060643 0.983489
vt 0.443858 0.009216
vt 0.117608 0.581557
vt 0.451173 0.002560
vt 0.121717 0.604596
vt 0.121964 0.602907
vt 0.122106 0.601248
vt 0.703367 0.997995
vt 0.120297 0.613012
vt 0.120558 0.611218
vt 0.056738 0.505150
vt 0.260874 0.000009
vt 0.107386 0.561384
vt 0.087845 0.536272
vt 0.073324 0.521272
vt 0.047533 0.940617
vt 0.710891 0.967198
vt 0.024600 0.901285
vt 0.724956 0.930139
vt 0.721721 0.935572
vt 0.086967 0.599204
vt 0.701802 0.607848
vt 0.079048 0.611227
vt 0.710995 0.619728
vt 0.703062 0.609770
vt 0.695516 0.597382
vt 0.036210 0.253399
vt 0.005079 0.316478
vt 0.000000 0.380408
vt 0.007641 0.858072
vt 0.000249 0.818392
vt 0.000000 0.780884
vt 0.005662 0.744305
vt 0.017032 0.708325
vt 0.032974 0.674029
vt 0.054741 0.640733
vt 0.000010 0.143129
vt 0.054114 0.143381
vn 0.678228 -0.702810 -0.214627
vn 0.578710 -0.702810 -0.413707
vn 0.779757 -0.575028 -0.247634
vn 0.665069 -0.575028 -0.476473
vn 0.422544 -0.702810 -0.572290
vn 0.485281 -0.575027 -0.658670
vn 0.225015 -0.702810 -0.674853
vn 0.257989 -0.575028 -0.776393
vn 0.005461 -0.702809 -0.711357
vn 0.005444 -0.575028 -0.818116
vn -0.214627 -0.702810 -0.678228
vn -0.247634 -0.575028 -0.779757
vn -0.413707 -0.702810 -0.578710
vn -0.476473 -0.575027 -0.665069
vn -0.572290 -0.702810 -0.422544
vn -0.658670 -0.575027 -0.485281
vn -0.674853 -0.702809 -0.225015
vn -0.776393 -0.575027 -0.257989
vn -0.711357 -0.702810 -0.005462
vn -0.818116 -0.575027 -0.005444
vn -0.678229 -0.702809 0.214627
vn -0.779757 -0.575027 0.247634
vn -0.578710 -0.702810 0.413707
vn -0.665069 -0.575028 0.476472
vn -0.422544 -0.702809 0.572290
vn -0.485281 -0.575027 0.658670
vn -0.225016 -0.702810 0.674853
vn -0.257989 -0.575028 0.776392
vn -0.005461 -0.702810 0.711357
vn -0.005444 -0.575027 0.818116
vn 0.214627 -0.702810 0.678228
vn 0.247634 -0.575028 0.779757
vn 0.413707 -0.702810 0.578710
vn 0.476473 -0.575027 0.665070
vn 0.572290 -0.702810 0.422543
vn 0.658670 -0.575027 0.485281
vn 0.674853 -0.702810 0.225016
vn 0.776392 -0.575028 0.257989
vn 0.711357 -0.702810 0.005462
vn 0.818116 -0.575028 0.005444
vn 0.865997 -0.416335 -0.276973
vn 0.738022 -0.416336 -0.531025
vn 0.537805 -0.416336 -0.733096
vn 0.284944 -0.416335 -0.863407
vn 0.004190 -0.416335 -0.909201
vn -0.276973 -0.416335 -0.865997
vn -0.531025 -0.416336 -0.738022
vn -0.733097 -0.416335 -0.537805
vn -0.863407 -0.416335 -0.284944
vn -0.909201 -0.416336 -0.004190
vn -0.865997 -0.416336 0.276973
vn -0.738022 -0.416335 0.531025
vn -0.537805 -0.416335 0.733097
vn -0.284944 -0.416335 0.863407
vn -0.004190 -0.416336 0.909201
vn 0.276974 -0.416335 0.865997
vn 0.531025 -0.416335 0.738022
vn 0.733096 -0.416336 0.537805
vn 0.863407 -0.416336 0.284944
vn 0.909202 -0.416335 0.004191
vn 0.906750 -0.304813 -0.291366
vn 0.772333 -0.304813 -0.557307
vn 0.562314 -0.304813 -0.768695
vn 0.297253 -0.304813 -0.904837
vn 0.003094 -0.304813 -0.952407
vn -0.291367 -0.304813 -0.906749
vn -0.557308 -0.304813 -0.772332
vn -0.768695 -0.304813 -0.562314
vn -0.904837 -0.304814 -0.297253
vn -0.952407 -0.304814 -0.003095
vn -0.906749 -0.304813 0.291367
vn -0.772332 -0.304813 0.557308
vn -0.562314 -0.304813 0.768695
vn -0.297253 -0.304813 0.904837
vn -0.003094 -0.304813 0.952407
vn 0.291367 -0.304813 0.906749
vn 0.557307 -0.304813 0.772332
vn 0.768695 -0.304813 0.562315
vn 0.904837 -0.304813 0.297253
vn 0.952407 -0.304813 0.003095
vn 0.935140 -0.185364 -0.301915
vn 0.796074 -0.185364 -0.576113
vn 0.579083 -0.185364 -0.793917
vn 0.305406 -0.185364 -0.934006
vn 0.001835 -0.185364 -0.982668
vn -0.301916 -0.185363 -0.935140
vn -0.576114 -0.185363 -0.796074
vn -0.793917 -0.185364 -0.579082
vn -0.934006 -0.185364 -0.305407
vn -0.982668 -0.185364 -0.001835
vn -0.935140 -0.185364 0.301916
vn -0.796074 -0.185364 0.576114
vn -0.579083 -0.185364 0.793917
vn -0.305406 -0.185363 0.934006
vn -0.001835 -0.185364 0.982668
vn 0.301916 -0.185364 0.935140
vn 0.576113 -0.185364 0.796074
vn 0.793917 -0.185364 0.579083
vn 0.934006 -0.185364 0.305406
vn 0.982668 -0.185363 0.001836
vn 0.951041 0.003383 -0.309046
vn 0.808993 0.003383 -0.587809
vn 0.587755 0.003383 -0.809032
vn 0.308983 0.003383 -0.951062
vn -0.000033 0.003383 -0.999994
vn -0.309047 0.003383 -0.951041
vn -0.587809 0.003384 -0.808993
vn -0.809032 0.003383 -0.587755
vn -0.951061 0.003383 -0.308984
vn -0.999994 0.003384 0.000034
vn -0.951041 0.003383 0.309047
vn -0.808992 0.003383 0.587809
vn -0.587755 0.003383 0.809032
vn -0.308983 0.003383 0.951061
vn 0.000033 0.003383 0.999994
vn 0.309047 0.003383 0.951041
vn 0.587808 0.003383 0.808993
vn 0.809032 0.003383 0.587755
vn 0.951062 0.003383 0.308983
vn 0.999994 0.003383 -0.000032
vn 0.924627 0.231040 -0.302795
vn 0.785803 0.231040 -0.573702
vn 0.570059 0.231040 -0.788450
vn 0.298514 0.231040 -0.926018
vn -0.002251 0.231039 -0.972942
vn -0.302797 0.231040 -0.924627
vn -0.573702 0.231040 -0.785803
vn -0.788449 0.231039 -0.570060
vn -0.926018 0.231040 -0.298514
vn -0.972942 0.231040 0.002251
vn -0.924627 0.231040 0.302796
vn -0.785803 0.231040 0.573702
vn -0.570059 0.231040 0.788450
vn -0.298515 0.231039 0.926018
vn 0.002251 0.231040 0.972942
vn 0.302796 0.231039 0.924627
vn 0.573702 0.231040 0.785803
vn 0.788450 0.231040 0.570059
vn 0.926018 0.231040 0.298514
vn 0.972942 0.231040 -0.002250
vn 0.835309 0.475405 -0.276132
vn 0.709096 0.475405 -0.520743
vn 0.513472 0.475405 -0.714379
vn 0.267585 0.475405 -0.838086
vn -0.004494 0.475405 -0.879756
vn -0.276134 0.475405 -0.835308
vn -0.520743 0.475405 -0.709096
vn -0.714379 0.475405 -0.513472
vn -0.838086 0.475405 -0.267585
vn -0.879756 0.475405 0.004494
vn -0.835309 0.475405 0.276133
vn -0.709096 0.475405 0.520743
vn -0.513472 0.475405 0.714379
vn -0.267586 0.475405 0.838086
vn 0.004494 0.475405 0.879756
vn 0.276133 0.475406 0.835308
vn 0.520743 0.475406 0.709096
vn 0.714378 0.475405 0.513472
vn 0.838086 0.475405 0.267585
vn 0.879756 0.475405 -0.004493
vn 0.657533 0.720736 -0.219525
vn 0.557513 0.720736 -0.411970
vn 0.402921 0.720735 -0.564088
vn 0.208888 0.720735 -0.660989
vn -0.005592 0.720736 -0.693187
vn -0.219525 0.720736 -0.657532
vn -0.411970 0.720736 -0.557513
vn -0.564088 0.720736 -0.402921
vn -0.660989 0.720735 -0.208888
vn -0.693188 0.720735 0.005592
vn -0.657532 0.720736 0.219526
vn -0.557514 0.720735 0.411970
vn -0.402922 0.720736 0.564087
vn -0.208888 0.720736 0.660989
vn 0.005593 0.720736 0.693187
vn 0.219525 0.720736 0.657532
vn 0.411969 0.720735 0.557514
vn 0.564088 0.720735 0.402921
vn 0.660989 0.720735 0.208888
vn 0.693188 0.720736 -0.005591
vn 0.000000 -1.000000 0.000000
vn 0.000000 -1.000000 0.000000
vn 0.000000 -1.000000 0.000000
vn 0.000000 -1.000000 0.000000
vn 0.000000 -1.000000 0.000000
vn 0.000000 -1.000000 0.000000
vn 0.000000 -1.000000 0.000000
vn 0.000000 -1.000000 0.000000
vn 0.000000 -1.000000 0.000000
vn 0.000000 -1.000000 0.000000
vn 0.000000 -1.000000 0.000000
vn 0.000000 -1.000000 0.000000
vn 0.000000 -1.000000 0.000000
vn 0.000000 -1.000000 0.000000
vn 0.000000 -1.000000 0.000000
vn 0.000000 -1.000000 0.000000
vn 0.000000 -1.000000 0.000000
vn 0.000000 -1.000000 0.000000
vn 0.000000 -1.000000 0.000000
vn 0.000000 -1.000000 0.000000
vn 0.000000 -1.000000 0.000000
vn -0.431017 0.892262 0.134513
vn -0.366828 0.893542 0.258883
vn -0.000000 1.000000 -0.000000
vn -0.266808 0.895312 0.356693
vn -0.141743 0.896884 0.418938
vn -0.000000 0.891357 0.453302
vn 0.141740 0.896884 0.418937
vn 0.266807 0.895312 0.356694
vn 0.366832 0.893541 0.258881
vn 0.431016 0.892262 0.134511
vn 0.436436 0.899735 0.000000
vn 0.431015 0.892263 -0.134512
vn 0.366830 0.893541 -0.258881
vn 0.266806 0.895312 -0.356696
vn 0.141739 0.896885 -0.418937
vn -0.000000 0.891356 -0.453303
vn -0.141746 0.896883 -0.418939
vn -0.266806 0.895313 -0.356692
vn -0.366826 0.893541 -0.258887
vn -0.431018 0.892261 -0.134512
vn -0.436435 0.899736 -0.000000
vn 0.000000 0.000000 0.000000
vn 0.000000 0.000000 0.000000
vn 0.000000 0.000000 0.000000
vn 0.000000 0.000000 0.000000
vn 0.000000 0.000000 0.000000
vn 0.000000 0.000000 0.000000
vn 0.000000 0.000000 0.000000
vn 0.000000 0.000000 0.000000
vn 0.000000 0.000000 0.000000
vn 0.000000 0.000000 0.000000
vn 0.000000 0.000000 0.000000
vn 0.000000 0.000000 0.000000
vn 0.000000 0.000000 0.000000
vn 0.000000 0.000000 0.000000
vn 0.000000 0.000000 0.000000
vn 0.000000 0.000000 0.000000
vn 0.000000 0.000000 0.000000
vn 0.000000 0.000000 0.000000
vn 0.000000 0.000000 0.000000
vn 0.000000 0.000000 0.000000
vn -0.953324 0.000000 0.301950
vn -0.816059 0.000000 0.577969
vn -0.952011 0.056064 0.300885
vn -0.815090 0.056412 0.576581
vn -0.790517 0.255428 0.556632
vn -0.922889 0.253990 0.289422
vn -0.733805 0.442991 0.515062
vn -0.858802 0.436915 0.267514
vn -0.597592 0.000000 0.801800
vn -0.597088 0.056850 0.800159
vn -0.579618 0.257251 0.773217
vn -0.536718 0.450160 0.713646
vn -0.316212 0.000000 0.948689
vn -0.316295 0.057213 0.946934
vn -0.308107 0.258762 0.915485
vn -0.285735 0.455694 0.843030
vn 0.000000 0.000000 1.000000
vn -0.000000 0.057613 0.998339
vn -0.000000 0.260807 0.965391
vn -0.000000 0.457699 0.889107
vn 0.316210 0.000000 0.948689
vn 0.316292 0.057213 0.946935
vn 0.308104 0.258761 0.915486
vn 0.285732 0.455693 0.843031
vn 0.597592 -0.000001 0.801801
vn 0.597087 0.056849 0.800160
vn 0.579617 0.257250 0.773219
vn 0.536716 0.450160 0.713647
vn 0.816061 -0.000001 0.577966
vn 0.815092 0.056411 0.576578
vn 0.790520 0.255428 0.556628
vn 0.733809 0.442991 0.515058
vn 0.953324 0.000000 0.301950
vn 0.952011 0.056065 0.300884
vn 0.922889 0.253990 0.289421
vn 0.858803 0.436915 0.267512
vn 1.000000 0.000000 0.000000
vn 0.998449 0.055674 -0.000000
vn 0.967741 0.251945 -0.000000
vn 0.900651 0.434543 -0.000000
vn 0.953323 0.000000 -0.301952
vn 0.952011 0.056064 -0.300887
vn 0.922889 0.253990 -0.289424
vn 0.858802 0.436915 -0.267515
vn 0.816060 -0.000001 -0.577967
vn 0.815092 0.056410 -0.576579
vn 0.790519 0.255427 -0.556630
vn 0.733807 0.442991 -0.515059
vn 0.597591 -0.000002 -0.801802
vn 0.597085 0.056849 -0.800161
vn 0.579614 0.257250 -0.773221
vn 0.536713 0.450160 -0.713649
vn 0.316207 -0.000001 -0.948690
vn 0.316290 0.057213 -0.946936
vn 0.308102 0.258761 -0.915487
vn 0.285729 0.455693 -0.843032
vn -0.000000 0.000000 -1.000000
vn 0.000000 0.057612 -0.998339
vn 0.000001 0.260807 -0.965391
vn 0.000001 0.457698 -0.889108
vn -0.316214 0.000000 -0.948688
vn -0.316297 0.057212 -0.946933
vn -0.308110 0.258761 -0.915484
vn -0.285739 0.455693 -0.843028
vn -0.597592 0.000001 -0.801801
vn -0.597087 0.056851 -0.800159
vn -0.579617 0.257251 -0.773218
vn -0.536717 0.450159 -0.713647
vn -0.816057 0.000000 -0.577972
vn -0.815087 0.056411 -0.576586
vn -0.790514 0.255428 -0.556637
vn -0.733801 0.442991 -0.515068
vn -0.953323 -0.000001 -0.301952
vn -0.952011 0.056064 -0.300886
vn -0.922889 0.253990 -0.289422
vn -0.858802 0.436915 -0.267515
vn -1.000000 -0.000000 -0.000000
vn -0.998449 0.055675 -0.000000
vn -0.967741 0.251946 -0.000001
vn -0.900652 0.434542 -0.000000
vn 1.000000 0.000000 0.000000
vn 0.951057 0.000000 -0.309016
vn 1.000000 0.000000 0.000001
vn 0.951057 -0.000000 -0.309016
vn 0.951057 -0.000001 0.309017
vn 0.951057 0.000000 0.309017
vn 0.834932 -0.025032 0.549783
vn 0.854101 -0.009816 0.520015
vn 0.702303 -0.155664 0.694650
vn 0.740342 -0.077818 0.667711
vn 0.433031 -0.294841 0.851794
vn 0.482448 -0.157590 0.861632
vn 0.000001 -0.385195 0.922835
vn 0.000000 -0.240614 0.970621
vn -0.433031 -0.294842 0.851794
vn -0.482447 -0.157590 0.861633
vn -0.702303 -0.155664 0.694650
vn -0.740342 -0.077818 0.667711
vn -0.834932 -0.025032 0.549784
vn -0.854101 -0.009816 0.520015
vn -0.951057 -0.000000 0.309016
vn -0.951057 0.000000 0.309017
vn -1.000000 -0.000000 0.000000
vn -1.000000 0.000000 -0.000000
vn -0.951057 -0.000000 -0.309017
vn -0.951057 0.000000 -0.309017
vn -0.809017 -0.000000 -0.587785
vn -0.809017 0.000000 -0.587785
vn -0.587786 -0.000000 -0.809017
vn -0.587785 0.000000 -0.809017
vn -0.309017 0.000000 -0.951057
vn -0.309017 0.000001 -0.951056
vn 0.000000 -0.000001 -1.000000
vn 0.000000 -0.000001 -1.000000
vn 0.309017 0.000000 -0.951057
vn 0.309017 0.000001 -0.951057
vn 0.587785 -0.000000 -0.809017
vn 0.587785 0.000000 -0.809017
vn 0.809017 -0.000000 -0.587785
vn 0.809017 -0.000000 -0.587785
vn 0.000000 -1.000000 0.000000
vn 0.000000 -1.000000 0.000000
vn 0.058178 -0.998125 -0.019029
vn 0.049450 -0.998125 -0.036075
vn 0.000000 -1.000000 0.000000
vn 0.035882 -0.998125 -0.049590
vn 0.000000 -1.000000 0.000000
vn 0.018801 -0.998125 -0.058251
vn 0.000000 -1.000000 0.000000
vn -0.000119 -0.998125 -0.061210
vn 0.000000 -1.000000 0.000000
vn -0.019029 -0.998125 -0.058177
vn 0.000000 -1.000000 0.000000
vn -0.036075 -0.998125 -0.049450
vn 0.000000 -1.000000 0.000000
vn -0.049590 -0.998125 -0.035882
vn 0.000000 -1.000000 0.000000
vn -0.058251 -0.998125 -0.018801
vn 0.000000 -1.000000 0.000000
vn -0.061210 -0.998125 0.000119
vn 0.000000 -1.000000 0.000000
vn -0.058177 -0.998125 0.019029
vn 0.000000 -1.000000 0.000000
vn -0.049450 -0.998125 0.036075
vn 0.000000 -1.000000 0.000000
vn -0.035882 -0.998125 0.049590
vn 0.000000 -1.000000 0.000000
vn -0.018801 -0.998125 0.058251
vn 0.000000 -1.000000 0.000000
vn 0.000119 -0.998125 0.061210
vn 0.000000 -1.000000 0.000000
vn 0.019029 -0.998125 0.058178
vn 0.000000 -1.000000 0.000000
vn 0.036075 -0.998125 0.049450
vn 0.000000 -1.000000 0.000000
vn 0.049590 -0.998125 0.035882
vn 0.000000 -1.000000 0.000000
vn 0.058251 -0.998125 0.018801
vn 0.000000 -1.000000 0.000000
vn 0.061210 -0.998125 -0.000119
vn 0.689373 -0.688637 -0.224821
vn 0.725108 -0.688635 -0.000789
vn 0.948582 -0.071444 -0.308363
vn 0.997445 -0.071445 -0.000142
vn 0.806866 -0.071444 -0.586398
vn 0.586160 -0.688636 -0.426846
vn 0.586168 -0.071442 -0.807034
vn 0.425568 -0.688637 -0.587087
vn 0.308091 -0.071444 -0.948671
vn 0.223319 -0.688636 -0.689862
vn -0.000143 -0.071444 -0.997445
vn -0.000790 -0.688635 -0.725107
vn -0.308363 -0.071441 -0.948582
vn -0.224821 -0.688636 -0.689374
vn -0.586398 -0.071444 -0.806866
vn -0.426847 -0.688636 -0.586159
vn -0.807033 -0.071443 -0.586168
vn -0.587088 -0.688636 -0.425568
vn -0.948671 -0.071444 -0.308091
vn -0.689861 -0.688636 -0.223319
vn -0.997445 -0.071444 0.000142
vn -0.725108 -0.688635 0.000790
vn -0.948582 -0.071444 0.308363
vn -0.689373 -0.688637 0.224821
vn -0.806866 -0.071442 0.586399
vn -0.586159 -0.688636 0.426846
vn -0.586168 -0.071443 0.807033
vn -0.425568 -0.688636 0.587088
vn -0.308091 -0.071444 0.948671
vn -0.223319 -0.688636 0.689862
vn 0.000142 -0.071447 0.997444
vn 0.000789 -0.688635 0.725107
vn 0.308364 -0.071444 0.948582
vn 0.224821 -0.688636 0.689373
vn 0.586399 -0.071444 0.806866
vn 0.426845 -0.688637 0.586159
vn 0.807033 -0.071444 0.586168
vn 0.587088 -0.688636 0.425569
vn 0.948671 -0.071444 0.308091
vn 0.689862 -0.688635 0.223320
vn 0.661893 -0.718919 -0.212259
vn 0.563906 -0.718918 -0.406408
vn 0.410720 -0.718918 -0.560773
vn 0.217329 -0.718918 -0.660246
vn 0.002665 -0.718918 -0.695089
vn -0.212259 -0.718918 -0.661893
vn -0.406407 -0.718918 -0.563906
vn -0.560773 -0.718918 -0.410720
vn -0.660246 -0.718919 -0.217329
vn -0.695090 -0.718918 -0.002666
vn -0.661893 -0.718918 0.212260
vn -0.563905 -0.718919 0.406407
vn -0.410720 -0.718918 0.560773
vn -0.217329 -0.718918 0.660246
vn -0.002665 -0.718917 0.695091
vn 0.212260 -0.718918 0.661893
vn 0.406407 -0.718918 0.563906
vn 0.560773 -0.718918 0.410720
vn 0.660246 -0.718918 0.217329
vn 0.695090 -0.718918 0.002666
vn 0.950340 -0.038125 -0.308868
vn 0.808382 -0.038125 -0.587422
vn 0.587293 -0.038125 -0.808476
vn 0.308716 -0.038123 -0.950390
vn -0.000080 -0.038125 -0.999273
vn -0.308869 -0.038126 -0.950340
vn -0.587423 -0.038124 -0.808382
vn -0.808476 -0.038125 -0.587293
vn -0.950390 -0.038123 -0.308715
vn -0.999273 -0.038125 0.000080
vn -0.950340 -0.038124 0.308869
vn -0.808381 -0.038125 0.587423
vn -0.587293 -0.038125 0.808476
vn -0.308716 -0.038124 0.950390
vn 0.000080 -0.038127 0.999273
vn 0.308869 -0.038123 0.950340
vn 0.587423 -0.038125 0.808382
vn 0.808476 -0.038126 0.587293
vn 0.950390 -0.038123 0.308716
vn 0.999273 -0.038125 -0.000079
vn 0.864908 -0.415401 -0.281739
vn 0.735514 -0.415400 -0.535222
vn 0.534121 -0.415404 -0.736311
vn 0.280447 -0.415401 -0.865327
vn -0.000680 -0.415399 -0.909639
vn -0.281740 -0.415402 -0.864907
vn -0.535221 -0.415404 -0.735512
vn -0.736313 -0.415397 -0.534123
vn -0.865327 -0.415403 -0.280447
vn -0.909640 -0.415396 0.000679
vn -0.864907 -0.415402 0.281740
vn -0.735512 -0.415405 0.535220
vn -0.534122 -0.415401 0.736312
vn -0.280448 -0.415401 0.865327
vn 0.000679 -0.415399 0.909639
vn 0.281740 -0.415401 0.864907
vn 0.535223 -0.415397 0.735515
vn 0.736313 -0.415399 0.534123
vn 0.865327 -0.415402 0.280447
vn 0.909640 -0.415396 -0.000679
vn 0.438346 0.886780 -0.146541
vn 0.371609 0.886780 -0.274825
vn 0.268495 0.886780 -0.376208
vn 0.139099 0.886779 -0.440766
vn -0.003912 0.886780 -0.462176
vn -0.146541 0.886779 -0.438348
vn -0.274826 0.886779 -0.371609
vn -0.376208 0.886779 -0.268496
vn -0.440765 0.886779 -0.139099
vn -0.462176 0.886779 0.003912
vn -0.438347 0.886780 0.146541
vn -0.371609 0.886780 0.274826
vn -0.268495 0.886780 0.376208
vn -0.139099 0.886780 0.440765
vn 0.003913 0.886779 0.462176
vn 0.146541 0.886779 0.438347
vn 0.274825 0.886779 0.371610
vn 0.376208 0.886779 0.268495
vn 0.440765 0.886779 0.139099
vn 0.462177 0.886779 -0.003912
vn 0.949863 0.051542 -0.308390
vn 0.808075 0.051543 -0.586820
vn 0.587187 0.051543 -0.807808
vn 0.308822 0.051543 -0.949722
vn 0.000227 0.051543 -0.998671
vn -0.308390 0.051543 -0.949863
vn -0.586821 0.051543 -0.808075
vn -0.807809 0.051543 -0.587187
vn -0.949722 0.051542 -0.308822
vn -0.998671 0.051543 -0.000227
vn -0.949863 0.051543 0.308390
vn -0.808075 0.051542 0.586820
vn -0.662726 -0.073547 0.745242
vn -0.379118 -0.279030 0.882277
vn 0.000000 -0.368420 0.929660
vn 0.379117 -0.279030 0.882277
vn 0.662645 -0.074028 0.745266
vn 0.807809 0.051543 0.587187
vn 0.949722 0.051542 0.308822
vn 0.998671 0.051543 0.000228
vn 0.792220 0.554185 -0.255474
vn 0.832391 0.554186 0.001840
vn 0.674500 0.554186 -0.487779
vn 0.490755 0.554186 -0.672337
vn 0.258972 0.554185 -0.791083
vn 0.001839 0.554185 -0.832392
vn -0.255473 0.554185 -0.792220
vn -0.487780 0.554184 -0.674501
vn -0.672338 0.554186 -0.490755
vn -0.791082 0.554187 -0.258972
vn -0.832391 0.554186 -0.001839
vn -0.792218 0.554187 0.255475
vn -0.674499 0.554186 0.487779
vn -0.490649 0.553222 0.673209
vn -0.340966 0.290372 0.894106
vn -0.001402 0.256340 0.966586
vn 0.338428 0.290407 0.895059
vn 0.487779 0.554185 0.674500
vn 0.672337 0.554186 0.490755
vn 0.791082 0.554187 0.258972
vn -1.000000 0.000000 -0.000001
vn -0.951057 0.000000 0.309016
vn -0.999831 -0.018407 -0.000001
vn -0.951350 -0.020467 0.307432
vn -0.951057 -0.000000 -0.309017
vn -0.951350 -0.020467 -0.307433
vn -0.860668 0.009662 -0.509075
vn -0.845438 -0.012552 -0.533926
vn -0.760983 0.057909 -0.646183
vn -0.725573 0.073039 -0.684259
vn -0.511611 0.114831 -0.851509
vn -0.474848 0.195432 -0.858094
vn 0.000000 0.171117 -0.985251
vn 0.000000 0.264880 -0.964281
vn 0.511611 0.114831 -0.851509
vn 0.474847 0.195432 -0.858095
vn 0.760982 0.057908 -0.646183
vn 0.725572 0.073038 -0.684259
vn 0.860668 0.009662 -0.509074
vn 0.845439 -0.012553 -0.533925
vn 0.951057 -0.000000 -0.309017
vn 0.951350 -0.020467 -0.307433
vn 1.000000 -0.000000 0.000000
vn 0.999831 -0.018407 0.000000
vn 0.951057 0.000000 0.309017
vn 0.951350 -0.020466 0.307432
vn 0.809018 -0.000000 0.587785
vn 0.810198 -0.026068 0.585577
vn 0.587785 -0.000000 0.809017
vn 0.589528 -0.033491 0.807054
vn 0.309017 0.000000 0.951057
vn 0.310501 -0.039912 0.949735
vn 0.000000 0.000000 1.000000
vn 0.000000 -0.042562 0.999094
vn -0.309017 0.000000 0.951057
vn -0.310501 -0.039912 0.949735
vn -0.587785 0.000000 0.809017
vn -0.589527 -0.033491 0.807054
vn -0.809017 0.000000 0.587785
vn -0.810196 -0.026067 0.585579
vn -0.855649 -0.442554 0.268350
vn -0.730305 -0.448776 0.515029
vn -0.661002 -0.722946 0.201061
vn -0.566282 -0.725461 0.391193
vn -0.946273 -0.115000 0.302228
vn -0.806980 -0.125174 0.577161
vn -0.632006 -0.749910 0.195458
vn -0.540253 -0.751956 0.377742
vn -0.588287 -0.137448 0.796885
vn -0.415760 -0.728625 0.544288
vn -0.395380 -0.754524 0.523802
vn -0.310728 -0.147144 0.939040
vn -0.223277 -0.731234 0.644549
vn -0.211051 -0.756633 0.618841
vn 0.000001 -0.151391 0.988474
vn 0.000000 -0.733208 0.680004
vn -0.000000 -0.757480 0.652859
vn 0.310728 -0.147145 0.939040
vn 0.223276 -0.731234 0.644550
vn 0.211050 -0.756633 0.618842
vn 0.588287 -0.137449 0.796885
vn 0.415760 -0.728625 0.544287
vn 0.395380 -0.754524 0.523802
vn 0.806981 -0.125175 0.577159
vn 0.566283 -0.725461 0.391191
vn 0.540254 -0.751956 0.377741
vn 0.946274 -0.114999 0.302228
vn 0.661003 -0.722945 0.201061
vn 0.632006 -0.749910 0.195457
vn 0.993875 -0.110508 -0.000000
vn 0.692998 -0.720939 0.000000
vn 0.662379 -0.749169 -0.000000
vn 0.946273 -0.114999 -0.302229
vn 0.661002 -0.722946 -0.201060
vn 0.632006 -0.749910 -0.195458
vn 0.822157 -0.118495 -0.556791
vn 0.567826 -0.724408 -0.390906
vn 0.540463 -0.751950 -0.377454
vn 0.666669 -0.044040 -0.744051
vn 0.421223 -0.723361 -0.547101
vn 0.395819 -0.754516 -0.523482
vn 0.404419 0.072955 -0.911659
vn 0.229364 -0.720956 -0.653923
vn 0.211441 -0.756628 -0.618714
vn -0.000000 0.152182 -0.988352
vn 0.000000 -0.720692 -0.693256
vn -0.000000 -0.757479 -0.652859
vn -0.404422 0.072955 -0.911658
vn -0.229367 -0.720956 -0.653922
vn -0.211445 -0.756628 -0.618713
vn -0.666671 -0.044038 -0.744050
vn -0.421224 -0.723360 -0.547103
vn -0.395821 -0.754514 -0.523483
vn -0.822156 -0.118495 -0.556793
vn -0.567824 -0.724408 -0.390908
vn -0.540462 -0.751949 -0.377456
vn -0.946273 -0.114999 -0.302229
vn -0.661002 -0.722946 -0.201060
vn -0.632006 -0.749910 -0.195458
vn -0.993875 -0.110508 -0.000001
vn -0.692998 -0.720939 -0.000001
vn -0.662379 -0.749169 -0.000001
vn -0.533160 -0.456502 0.712283
vn -0.282827 -0.462801 0.840134
vn 0.000000 -0.467349 0.884073
vn 0.282826 -0.462801 0.840134
vn 0.533159 -0.456502 0.712283
vn 0.730306 -0.448775 0.515028
vn 0.855649 -0.442553 0.268349
vn 0.898919 -0.438114 -0.000000
vn 0.855648 -0.442555 -0.268350
vn 0.736229 -0.446240 -0.508759
vn 0.570069 -0.411192 -0.711296
vn 0.328041 -0.353895 -0.875869
vn 0.000000 -0.549853 -0.835261
vn -0.000000 -0.026917 -0.999638
vn -0.328045 -0.353896 -0.875868
vn -0.570070 -0.411191 -0.711296
vn -0.736228 -0.446240 -0.508761
vn -0.855648 -0.442554 -0.268350
vn -0.898919 -0.438114 -0.000001
vn 0.076053 0.996801 -0.024585
vn 0.064733 0.996801 -0.046885
vn -0.053882 0.998396 0.017412
vn -0.045864 0.998395 0.033212
vn 0.047077 0.996801 -0.064589
vn -0.033357 0.998396 0.045760
vn 0.024812 0.996800 -0.075981
vn -0.017584 0.998396 0.053824
vn 0.000119 0.996801 -0.079924
vn -0.000090 0.998396 0.056624
vn -0.024586 0.996800 -0.076055
vn 0.017412 0.998395 0.053884
vn -0.046884 0.996801 -0.064731
vn 0.033211 0.998396 0.045861
vn -0.064593 0.996801 -0.047077
vn 0.045758 0.998396 0.033359
vn -0.075978 0.996801 -0.024812
vn 0.053826 0.998396 0.017583
vn -0.079927 0.996801 -0.000120
vn 0.056625 0.998396 0.000090
vn -0.078328 0.996602 0.025494
vn 0.055442 0.998301 -0.017941
vn -0.062613 0.997341 0.037296
vn 0.054866 0.997987 -0.031795
vn -0.061647 0.996660 0.053555
vn 0.046808 0.998155 -0.038677
vn -0.045199 0.996487 0.070501
vn 0.033298 0.998184 -0.050190
vn 0.000000 0.995026 0.099618
vn 0.000000 0.998959 -0.045630
vn 0.045199 0.996487 0.070501
vn -0.033298 0.998185 -0.050187
vn 0.061647 0.996660 0.053553
vn -0.046808 0.998155 -0.038677
vn 0.062613 0.997341 0.037297
vn -0.054866 0.997988 -0.031790
vn 0.076412 0.996763 0.024996
vn -0.053835 0.998396 -0.017516
vn 0.079927 0.996801 0.000118
vn -0.056626 0.998396 -0.000091
vn -0.950841 0.021822 0.308910
vn -0.808845 0.021823 0.587617
vn -0.587674 0.021822 0.808803
vn -0.308977 0.021822 0.950819
vn -0.000036 0.021822 0.999762
vn 0.308909 0.021822 0.950841
vn 0.587616 0.021822 0.808845
vn 0.808804 0.021823 0.587674
vn 0.950819 0.021824 0.308977
vn 0.999762 0.021822 0.000036
vn 0.950833 0.021860 -0.308931
vn 0.864988 0.021170 -0.501346
vn 0.770779 0.021614 -0.636736
vn 0.539563 0.045371 -0.840722
vn 0.000000 0.145396 -0.989374
vn -0.539563 0.045371 -0.840722
vn -0.770779 0.021615 -0.636736
vn -0.864988 0.021170 -0.501347
vn -0.950823 0.021802 -0.308966
vn -0.999762 0.021822 -0.000036
vn 0.999601 0.028263 0.000041
vn 0.950690 0.028264 -0.308854
vn 0.950664 0.028262 0.308932
vn 0.858893 0.028374 0.511369
vn 0.753495 0.028274 0.656845
vn 0.511063 0.006540 0.859518
vn -0.000000 -0.138090 0.990420
vn -0.511062 0.006541 0.859519
vn -0.753496 0.028276 0.656845
vn -0.858892 0.028374 0.511370
vn -0.950675 0.028324 0.308893
vn -0.999601 0.028262 -0.000040
vn -0.950664 0.028263 -0.308932
vn -0.808670 0.028263 -0.587583
vn -0.587517 0.028264 -0.808718
vn -0.308855 0.028263 -0.950689
vn 0.000040 0.028265 -0.999601
vn 0.308932 0.028264 -0.950664
vn 0.587583 0.028263 -0.808670
vn 0.808717 0.028263 -0.587519
vn 0.917995 0.261830 -0.297876
vn 0.781012 0.261815 -0.566986
vn 0.491578 0.856179 -0.159090
vn 0.418355 0.856179 -0.303212
vn 0.668542 0.711483 -0.216435
vn 0.568936 0.711486 -0.412432
vn 0.567587 0.261817 -0.780575
vn 0.304183 0.856184 -0.417637
vn 0.413644 0.711491 -0.568049
vn 0.298594 0.261815 -0.917766
vn 0.160236 0.856174 -0.491214
vn 0.217858 0.711475 -0.668087
vn 0.000375 0.261834 -0.965113
vn 0.000603 0.856186 -0.516667
vn 0.000749 0.711488 -0.702698
vn -0.297880 0.261813 -0.917998
vn -0.159087 0.856175 -0.491586
vn -0.216433 0.711475 -0.668551
vn -0.566978 0.261829 -0.781013
vn -0.303210 0.856184 -0.418346
vn -0.412438 0.711484 -0.568933
vn -0.780575 0.261814 -0.567588
vn -0.417646 0.856178 -0.304190
vn -0.568054 0.711486 -0.413645
vn -0.917765 0.261818 -0.298595
vn -0.491202 0.856181 -0.160233
vn -0.668072 0.711491 -0.217854
vn -0.965120 0.261809 -0.000373
vn -0.516678 0.856180 -0.000604
vn -0.702697 0.711489 -0.000751
vn -0.917882 0.261811 0.298242
vn -0.490849 0.856500 0.159607
vn -0.668276 0.711491 0.217230
vn -0.829852 0.259220 0.494116
vn -0.436312 0.861456 0.259857
vn -0.607005 0.707720 0.361493
vn -0.727849 0.260978 0.634135
vn -0.193746 0.966505 0.168316
vn -0.531073 0.710261 0.462050
vn -0.531065 0.710261 0.462060
vn -0.514215 0.263663 0.816128
vn -0.135284 0.967146 0.215238
vn -0.375644 0.714037 0.590799
vn -0.371924 0.713859 0.593361
vn -0.366607 0.251908 0.895624
vn 0.000000 0.968844 0.247673
vn 0.000000 0.724024 0.689775
vn 0.000000 0.723513 0.690311
vn 0.366607 0.251908 0.895624
vn 0.514215 0.263657 0.816130
vn 0.135283 0.967146 0.215237
vn 0.371924 0.713859 0.593361
vn 0.375644 0.714037 0.590799
vn 0.727852 0.260962 0.634138
vn 0.193745 0.966506 0.168315
vn 0.531062 0.710259 0.462066
vn 0.531070 0.710259 0.462056
vn 0.829857 0.259219 0.494108
vn 0.436317 0.861455 0.259853
vn 0.607008 0.707722 0.361485
vn 0.917765 0.261810 0.298600
vn 0.490933 0.856329 0.160266
vn 0.668045 0.711489 0.217943
vn 0.965118 0.261814 0.000373
vn 0.516673 0.856183 0.000601
vn 0.702697 0.711489 0.000747
vn -0.918012 0.261813 0.297840
vn -0.965118 0.261816 -0.000430
vn -0.451024 0.880508 0.145887
vn -0.474032 0.880507 -0.000627
vn -0.668562 0.711490 0.216347
vn -0.702704 0.711481 -0.000846
vn -0.781043 0.261826 0.566938
vn -0.568997 0.711484 0.412351
vn -0.383867 0.880507 0.278123
vn -0.567628 0.261818 0.780545
vn -0.413717 0.711486 0.568001
vn -0.279133 0.880508 0.383133
vn -0.298641 0.261814 0.917751
vn -0.217945 0.711486 0.668047
vn -0.147077 0.880507 0.450639
vn -0.000425 0.261815 0.965118
vn -0.000841 0.711478 0.702708
vn -0.000624 0.880507 0.474034
vn 0.297833 0.261816 0.918013
vn 0.216348 0.711485 0.668567
vn 0.145890 0.880508 0.451023
vn 0.566935 0.261815 0.781049
vn 0.412356 0.711487 0.568989
vn 0.278125 0.880507 0.383866
vn 0.780546 0.261830 0.567620
vn 0.568010 0.711482 0.413714
vn 0.568013 0.711482 0.413709
vn 0.206717 0.966726 0.150693
vn 0.917746 0.261832 0.298642
vn 0.668052 0.711480 0.217949
vn 0.450641 0.880506 0.147078
vn 0.965117 0.261818 0.000427
vn 0.702695 0.711491 0.000847
vn 0.474032 0.880508 0.000628
vn 0.814124 0.517101 -0.264212
vn 0.451039 0.880454 -0.146170
vn 0.747204 0.504123 -0.433066
vn 0.611436 0.707514 -0.354358
vn 0.223687 0.966003 -0.129623
vn 0.661917 0.512928 -0.546599
vn 0.542937 0.710091 -0.448319
vn 0.197944 0.966472 -0.163557
vn 0.537692 0.263578 -0.800884
vn 0.392735 0.714292 -0.579264
vn 0.261551 0.882882 -0.390013
vn 0.394448 0.250027 -0.884250
vn 0.000000 0.726520 -0.687146
vn 0.000000 0.904801 -0.425836
vn -0.394447 0.250026 -0.884250
vn -0.537691 0.263578 -0.800884
vn -0.261552 0.882885 -0.390007
vn -0.392738 0.714284 -0.579271
vn -0.744355 0.260846 -0.614732
vn -0.369803 0.877478 -0.305416
vn -0.542947 0.710092 -0.448306
vn -0.747208 0.504117 -0.433066
vn -0.426357 0.870156 -0.247079
vn -0.814239 0.516543 -0.264951
vn -0.668185 0.711481 -0.217541
vn -0.243258 0.966726 -0.079161
vn 0.900848 0.420294 -0.108747
vn 0.623349 0.757014 -0.195872
vn 0.900969 0.420254 -0.107894
vn 0.623489 0.757275 -0.194415
vn 0.222468 0.943857 -0.244215
vn 0.222513 0.944308 -0.242428
vn -0.222447 0.943863 -0.244211
vn -0.222516 0.944306 -0.242432
vn -0.623365 0.757003 -0.195863
vn -0.623487 0.757275 -0.194420
vn -0.900848 0.420294 -0.108746
vn -0.900969 0.420255 -0.107894
vn -1.000000 0.000304 -0.000079
vn -1.000000 0.000001 -0.000001
vn -0.901094 -0.419800 0.108618
vn -0.900969 -0.420254 0.107894
vn -0.623662 -0.756773 0.195807
vn -0.623496 -0.757269 0.194415
vn -0.222572 -0.943835 0.244206
vn -0.222528 -0.944303 0.242430
vn 0.222591 -0.943831 0.244203
vn 0.222526 -0.944303 0.242433
vn 0.623646 -0.756786 0.195808
vn 0.623497 -0.757267 0.194418
vn 0.901094 -0.419801 0.108618
vn 0.900969 -0.420254 0.107894
vn 1.000000 0.000303 -0.000079
vn 1.000000 -0.000000 -0.000000
vn 0.620961 0.752177 -0.220538
vn 0.898938 0.420350 -0.123353
vn 0.613336 0.722278 -0.319584
vn 0.893075 0.410841 -0.183375
vn 0.602719 0.612926 -0.510931
vn 0.884892 0.353997 -0.302741
vn 0.596497 0.375575 -0.709320
vn 0.879889 0.213196 -0.424669
vn 0.606383 0.121083 -0.785900
vn 0.887936 0.063377 -0.455579
vn 0.615711 -0.032961 -0.787282
vn 0.895116 -0.020609 -0.445357
vn 0.620489 -0.101996 -0.777554
vn 0.898691 -0.057444 -0.434804
vn 0.613423 -0.175493 -0.770010
vn 0.893787 -0.098610 -0.437517
vn 0.221488 0.935794 -0.274286
vn 0.218054 0.893049 -0.393594
vn 0.212996 0.754482 -0.620798
vn 0.209917 0.467629 -0.858637
vn 0.214096 0.157266 -0.964070
vn 0.218635 -0.038084 -0.975063
vn 0.221021 -0.126253 -0.967062
vn 0.216836 -0.218681 -0.951399
vn -0.221494 0.935793 -0.274284
vn -0.218053 0.893048 -0.393597
vn -0.212997 0.754482 -0.620798
vn -0.209918 0.467629 -0.858637
vn -0.214093 0.157265 -0.964071
vn -0.218634 -0.038084 -0.975063
vn -0.221012 -0.126252 -0.967065
vn -0.216828 -0.218683 -0.951401
vn -0.620943 0.752191 -0.220542
vn -0.613337 0.722276 -0.319585
vn -0.602720 0.612926 -0.510930
vn -0.596497 0.375576 -0.709320
vn -0.606382 0.121085 -0.785900
vn -0.615709 -0.032960 -0.787284
vn -0.620487 -0.101996 -0.777556
vn -0.613422 -0.175494 -0.770010
vn -0.898941 0.420343 -0.123353
vn -0.893075 0.410841 -0.183375
vn -0.884892 0.353997 -0.302741
vn -0.879889 0.213197 -0.424668
vn -0.887937 0.063376 -0.455579
vn -0.895115 -0.020608 -0.445358
vn -0.898693 -0.057443 -0.434800
vn -0.893789 -0.098609 -0.437514
vn -0.999987 0.004848 -0.001561
vn -0.999829 0.016243 -0.008842
vn -0.999374 0.024148 -0.025864
vn -0.999014 0.015800 -0.041492
vn -0.999609 0.003124 -0.027791
vn -0.999911 -0.000669 -0.013303
vn -0.999985 -0.000699 -0.005396
vn -0.999875 -0.004393 -0.015206
vn -0.902923 -0.412456 0.120874
vn -0.907476 -0.383975 0.170441
vn -0.911982 -0.309508 0.269248
vn -0.912882 -0.169377 0.371428
vn -0.908889 -0.041718 0.414947
vn -0.905430 0.024205 0.423806
vn -0.902942 0.057245 0.425932
vn -0.906200 0.087093 0.413782
vn -0.625920 -0.748359 0.219506
vn -0.631211 -0.707769 0.317231
vn -0.634726 -0.574440 0.516857
vn -0.631425 -0.299259 0.715364
vn -0.629531 -0.064261 0.774314
vn -0.628269 0.047571 0.776541
vn -0.625786 0.104481 0.772965
vn -0.628911 0.157870 0.761281
vn -0.223749 -0.935220 0.274407
vn -0.226331 -0.888277 0.399673
vn -0.228036 -0.718599 0.656974
vn -0.225696 -0.360668 0.904975
vn -0.224829 -0.072143 0.971724
vn -0.224483 0.061387 0.972543
vn -0.223449 0.130874 0.965889
vn -0.223680 0.196439 0.954662
vn 0.223725 -0.935225 0.274411
vn 0.226330 -0.888277 0.399673
vn 0.228036 -0.718599 0.656974
vn 0.225697 -0.360668 0.904975
vn 0.224829 -0.072143 0.971724
vn 0.224483 0.061387 0.972543
vn 0.223450 0.130874 0.965889
vn 0.223681 0.196439 0.954662
vn 0.625939 -0.748344 0.219503
vn 0.631211 -0.707769 0.317231
vn 0.634727 -0.574440 0.516856
vn 0.631426 -0.299259 0.715364
vn 0.629530 -0.064261 0.774314
vn 0.628269 0.047571 0.776540
vn 0.625786 0.104481 0.772965
vn 0.628911 0.157871 0.761280
vn 0.902923 -0.412456 0.120874
vn 0.907476 -0.383975 0.170442
vn 0.911981 -0.309508 0.269248
vn 0.912882 -0.169377 0.371428
vn 0.908889 -0.041718 0.414947
vn 0.905430 0.024205 0.423806
vn 0.902942 0.057245 0.425933
vn 0.906200 0.087093 0.413783
vn 0.999987 0.004847 -0.001561
vn 0.999829 0.016243 -0.008842
vn 0.999374 0.024147 -0.025863
vn 0.999014 0.015800 -0.041492
vn 0.999609 0.003124 -0.027791
vn 0.999911 -0.000669 -0.013302
vn 0.999985 -0.000699 -0.005394
vn 0.999875 -0.004393 -0.015206
vn 0.859162 -0.141742 -0.491680
vn 0.570743 -0.228195 -0.788783
vn 0.199786 -0.272587 -0.941160
vn -0.199805 -0.272587 -0.941156
vn -0.570731 -0.228199 -0.788791
vn -0.859166 -0.141741 -0.491675
vn -0.996018 -0.024734 -0.085656
vn -0.930282 0.099323 0.353144
vn -0.660022 0.200872 0.723894
vn -0.241171 0.256320 0.936022
vn 0.241167 0.256322 0.936022
vn 0.660026 0.200871 0.723889
vn 0.930283 0.099321 0.353141
vn 0.996018 -0.024734 -0.085657
s 1
g pCylinder3
usemtl initialShadingGroup
f 21/1/1 22/329/2 41/2/3
f 41/2/3 22/329/2 42/3/4
f 22/329/2 23/331/5 42/3/4
f 42/3/4 23/331/5 43/4/6
f 23/331/5 24/333/7 43/4/6
f 43/4/6 24/333/7 44/5/8
f 24/333/7 25/1031/9 44/5/8
f 44/5/8 25/1031/9 45/6/10
f 25/335/9 26/337/11 45/1043/10
f 45/1043/10 26/337/11 46/7/12
f 26/337/11 27/339/13 46/7/12
f 46/7/12 27/339/13 47/8/14
f 27/339/13 28/341/15 47/8/14
f 47/8/14 28/341/15 48/9/16
f 28/341/15 29/343/17 48/9/16
f 48/9/16 29/343/17 49/10/18
f 29/343/17 30/345/19 49/10/18
f 49/10/18 30/345/19 50/11/20
f 30/345/19 31/347/21 50/11/20
f 50/11/20 31/347/21 51/12/22
f 31/347/21 32/349/23 51/12/22
f 51/12/22 32/349/23 52/13/24
f 32/349/23 33/351/25 52/13/24
f 52/13/24 33/351/25 53/14/26
f 33/351/25 34/353/27 53/14/26
f 53/14/26 34/353/27 54/15/28
f 34/353/27 35/355/29 54/15/28
f 54/15/28 35/355/29 55/16/30
f 35/355/29 36/357/31 55/16/30
f 55/16/30 36/357/31 56/17/32
f 36/357/31 37/359/33 56/17/32
f 56/17/32 37/359/33 57/18/34
f 37/359/33 38/361/35 57/18/34
f 57/18/34 38/361/35 58/19/36
f 38/361/35 39/363/37 58/19/36
f 58/19/36 39/363/37 59/20/38
f 39/363/37 40/365/39 59/20/38
f 59/20/38 40/365/39 60/21/40
f 40/365/39 21/1/1 60/21/40
f 60/21/40 21/1/1 41/2/3
f 41/2/3 42/3/4 61/22/41
f 61/22/41 42/3/4 62/23/42
f 42/3/4 43/4/6 62/23/42
f 62/23/42 43/4/6 63/24/43
f 43/4/6 44/5/8 63/24/43
f 63/24/43 44/5/8 64/25/44
f 44/5/8 45/6/10 64/25/44
f 64/25/44 45/6/10 65/26/45
f 45/1043/10 46/7/12 65/1042/45
f 65/1042/45 46/7/12 66/27/46
f 46/7/12 47/8/14 66/27/46
f 66/27/46 47/8/14 67/28/47
f 47/8/14 48/9/16 67/28/47
f 67/28/47 48/9/16 68/29/48
f 48/9/16 49/10/18 68/29/48
f 68/29/48 49/10/18 69/30/49
f 49/10/18 50/11/20 69/30/49
f 69/30/49 50/11/20 70/31/50
f 50/11/20 51/12/22 70/31/50
f 70/31/50 51/12/22 71/32/51
f 51/12/22 52/13/24 71/32/51
f 71/32/51 52/13/24 72/33/52
f 52/13/24 53/14/26 72/33/52
f 72/33/52 53/14/26 73/34/53
f 53/14/26 54/15/28 73/34/53
f 73/34/53 54/15/28 74/35/54
f 54/15/28 55/16/30 74/35/54
f 74/35/54 55/16/30 75/36/55
f 55/16/30 56/17/32 75/36/55
f 75/36/55 56/17/32 76/37/56
f 56/17/32 57/18/34 76/37/56
f 76/37/56 57/18/34 77/38/57
f 57/18/34 58/19/36 77/38/57
f 77/38/57 58/19/36 78/39/58
f 58/19/36 59/20/38 78/39/58
f 78/39/58 59/20/38 79/40/59
f 59/20/38 60/21/40 79/40/59
f 79/40/59 60/21/40 80/41/60
f 60/21/40 41/2/3 80/41/60
f 80/41/60 41/2/3 61/22/41
f 61/22/41 62/23/42 81/42/61
f 81/42/61 62/23/42 82/43/62
f 62/23/42 63/24/43 82/43/62
f 82/43/62 63/24/43 83/44/63
f 63/24/43 64/25/44 83/44/63
f 83/44/63 64/25/44 84/45/64
f 64/25/44 65/26/45 84/45/64
f 84/45/64 65/26/45 85/46/65
f 65/1042/45 66/27/46 85/1041/65
f 85/1041/65 66/27/46 86/47/66
f 66/27/46 67/28/47 86/47/66
f 86/47/66 67/28/47 87/48/67
f 67/28/47 68/29/48 87/48/67
f 87/48/67 68/29/48 88/49/68
f 68/29/48 69/30/49 88/49/68
f 88/49/68 69/30/49 89/50/69
f 69/30/49 70/31/50 89/50/69
f 89/50/69 70/31/50 90/51/70
f 70/31/50 71/32/51 90/51/70
f 90/51/70 71/32/51 91/52/71
f 71/32/51 72/33/52 91/52/71
f 91/52/71 72/33/52 92/53/72
f 72/33/52 73/34/53 92/53/72
f 92/53/72 73/34/53 93/54/73
f 73/34/53 74/35/54 93/54/73
f 93/54/73 74/35/54 94/55/74
f 74/35/54 75/36/55 94/55/74
f 94/55/74 75/36/55 95/56/75
f 75/36/55 76/37/56 95/56/75
f 95/56/75 76/37/56 96/57/76
f 76/37/56 77/38/57 96/57/76
f 96/57/76 77/38/57 97/58/77
f 77/38/57 78/39/58 97/58/77
f 97/58/77 78/39/58 98/59/78
f 78/39/58 79/40/59 98/59/78
f 98/59/78 79/40/59 99/60/79
f 79/40/59 80/41/60 99/60/79
f 99/60/79 80/41/60 100/61/80
f 80/41/60 61/22/41 100/61/80
f 100/61/80 61/22/41 81/42/61
f 81/42/61 82/43/62 101/62/81
f 101/62/81 82/43/62 102/63/82
f 82/43/62 83/44/63 102/63/82
f 102/63/82 83/44/63 103/64/83
f 83/44/63 84/45/64 103/64/83
f 103/64/83 84/45/64 104/65/84
f 84/45/64 85/46/65 104/65/84
f 104/65/84 85/46/65 105/66/85
f 85/1041/65 86/47/66 105/1040/85
f 105/1040/85 86/47/66 106/67/86
f 86/47/66 87/48/67 106/67/86
f 106/67/86 87/48/67 107/68/87
f 87/48/67 88/49/68 107/68/87
f 107/68/87 88/49/68 108/69/88
f 88/49/68 89/50/69 108/69/88
f 108/69/88 89/50/69 109/70/89
f 89/50/69 90/51/70 109/70/89
f 109/70/89 90/51/70 110/71/90
f 90/51/70 91/52/71 110/71/90
f 110/71/90 91/52/71 111/72/91
f 91/52/71 92/53/72 111/72/91
f 111/72/91 92/53/72 112/73/92
f 92/53/72 93/54/73 112/73/92
f 112/73/92 93/54/73 113/74/93
f 93/54/73 94/55/74 113/74/93
f 113/74/93 94/55/74 114/75/94
f 94/55/74 95/56/75 114/75/94
f 114/75/94 95/56/75 115/76/95
f 95/56/75 96/57/76 115/76/95
f 115/76/95 96/57/76 116/77/96
f 96/57/76 97/58/77 116/77/96
f 116/77/96 97/58/77 117/78/97
f 97/58/77 98/59/78 117/78/97
f 117/78/97 98/59/78 118/79/98
f 98/59/78 99/60/79 118/79/98
f 118/79/98 99/60/79 119/80/99
f 99/60/79 100/61/80 119/80/99
f 119/80/99 100/61/80 120/81/100
f 100/61/80 81/42/61 120/81/100
f 120/81/100 81/42/61 101/62/81
f 101/62/81 102/63/82 121/82/101
f 121/82/101 102/63/82 122/83/102
f 102/63/82 103/64/83 122/83/102
f 122/83/102 103/64/83 123/84/103
f 103/64/83 104/65/84 123/84/103
f 123/84/103 104/65/84 124/85/104
f 104/65/84 105/66/85 124/85/104
f 124/85/104 105/66/85 125/86/105
f 105/1040/85 106/67/86 125/1039/105
f 125/1039/105 106/67/86 126/87/106
f 106/67/86 107/68/87 126/87/106
f 126/87/106 107/68/87 127/88/107
f 107/68/87 108/69/88 127/88/107
f 127/88/107 108/69/88 128/89/108
f 108/69/88 109/70/89 128/89/108
f 128/89/108 109/70/89 129/90/109
f 109/70/89 110/71/90 129/90/109
f 129/90/109 110/71/90 130/91/110
f 110/71/90 111/72/91 130/91/110
f 130/91/110 111/72/91 131/92/111
f 111/72/91 112/73/92 131/92/111
f 131/92/111 112/73/92 132/93/112
f 112/73/92 113/74/93 132/93/112
f 132/93/112 113/74/93 133/94/113
f 113/74/93 114/75/94 133/94/113
f 133/94/113 114/75/94 134/95/114
f 114/75/94 115/76/95 134/95/114
f 134/95/114 115/76/95 135/96/115
f 115/76/95 116/77/96 135/96/115
f 135/96/115 116/77/96 136/97/116
f 116/77/96 117/78/97 136/97/116
f 136/97/116 117/78/97 137/98/117
f 117/78/97 118/79/98 137/98/117
f 137/98/117 118/79/98 138/99/118
f 118/79/98 119/80/99 138/99/118
f 138/99/118 119/80/99 139/100/119
f 119/80/99 120/81/100 139/100/119
f 139/100/119 120/81/100 140/101/120
f 120/81/100 101/62/81 140/101/120
f 140/101/120 101/62/81 121/82/101
f 121/82/101 122/83/102 141/102/121
f 141/102/121 122/83/102 142/103/122
f 122/83/102 123/84/103 142/103/122
f 142/103/122 123/84/103 143/104/123
f 123/84/103 124/85/104 143/104/123
f 143/104/123 124/85/104 144/105/124
f 124/85/104 125/86/105 144/105/124
f 144/105/124 125/86/105 145/106/125
f 125/1039/105 126/87/106 145/1038/125
f 145/1038/125 126/87/106 146/107/126
f 126/87/106 127/88/107 146/107/126
f 146/107/126 127/88/107 147/108/127
f 127/88/107 128/89/108 147/108/127
f 147/108/127 128/89/108 148/109/128
f 128/89/108 129/90/109 148/109/128
f 148/109/128 129/90/109 149/110/129
f 129/90/109 130/91/110 149/110/129
f 149/110/129 130/91/110 150/111/130
f 130/91/110 131/92/111 150/111/130
f 150/111/130 131/92/111 151/112/131
f 131/92/111 132/93/112 151/112/131
f 151/112/131 132/93/112 152/113/132
f 132/93/112 133/94/113 152/113/132
f 152/113/132 133/94/113 153/114/133
f 133/94/113 134/95/114 153/114/133
f 153/114/133 134/95/114 154/115/134
f 134/95/114 135/96/115 154/115/134
f 154/115/134 135/96/115 155/116/135
f 135/96/115 136/97/116 155/116/135
f 155/116/135 136/97/116 156/117/136
f 136/97/116 137/98/117 156/117/136
f 156/117/136 137/98/117 157/118/137
f 137/98/117 138/99/118 157/118/137
f 157/118/137 138/99/118 158/119/138
f 138/99/118 139/100/119 158/119/138
f 158/119/138 139/100/119 159/120/139
f 139/100/119 140/101/120 159/120/139
f 159/120/139 140/101/120 160/121/140
f 140/101/120 121/82/101 160/121/140
f 160/121/140 121/82/101 141/102/121
f 141/102/121 142/103/122 161/122/141
f 161/122/141 142/103/122 162/123/142
f 142/103/122 143/104/123 162/123/142
f 162/123/142 143/104/123 163/124/143
f 143/104/123 144/105/124 163/124/143
f 163/124/143 144/105/124 164/125/144
f 144/105/124 145/106/125 164/125/144
f 164/125/144 145/106/125 165/126/145
f 145/1038/125 146/107/126 165/1037/145
f 165/1037/145 146/107/126 166/127/146
f 146/107/126 147/108/127 166/127/146
f 166/127/146 147/108/127 167/128/147
f 147/108/127 148/109/128 167/128/147
f 167/128/147 148/109/128 168/129/148
f 148/109/128 149/110/129 168/129/148
f 168/129/148 149/110/129 169/130/149
f 149/110/129 150/111/130 169/130/149
f 169/130/149 150/111/130 170/131/150
f 150/111/130 151/112/131 170/131/150
f 170/131/150 151/112/131 171/132/151
f 151/112/131 152/113/132 171/132/151
f 171/132/151 152/113/132 172/133/152
f 152/113/132 153/114/133 172/133/152
f 172/133/152 153/114/133 173/134/153
f 153/114/133 154/115/134 173/134/153
f 173/134/153 154/115/134 174/135/154
f 154/115/134 155/116/135 174/135/154
f 174/135/154 155/116/135 175/136/155
f 155/116/135 156/117/136 175/136/155
f 175/136/155 156/117/136 176/137/156
f 156/117/136 157/118/137 176/137/156
f 176/137/156 157/118/137 177/138/157
f 157/118/137 158/119/138 177/138/157
f 177/138/157 158/119/138 178/139/158
f 158/119/138 159/120/139 178/139/158
f 178/139/158 159/120/139 179/140/159
f 159/120/139 160/121/140 179/140/159
f 179/140/159 160/121/140 180/141/160
f 160/121/140 141/102/121 180/141/160
f 180/141/160 141/102/121 161/122/141
f 161/122/141 162/123/142 181/142/161
f 181/142/161 162/123/142 182/425/162
f 162/123/142 163/124/143 182/425/162
f 182/425/162 163/124/143 183/427/163
f 163/124/143 164/125/144 183/427/163
f 183/427/163 164/125/144 184/429/164
f 164/125/144 165/126/145 184/429/164
f 184/429/164 165/126/145 185/431/165
f 165/1037/145 166/127/146 185/1025/165
f 185/1025/165 166/127/146 186/433/166
f 166/127/146 167/128/147 186/433/166
f 186/433/166 167/128/147 187/435/167
f 167/128/147 168/129/148 187/435/167
f 187/435/167 168/129/148 188/437/168
f 168/129/148 169/130/149 188/437/168
f 188/437/168 169/130/149 189/439/169
f 169/130/149 170/131/150 189/439/169
f 189/439/169 170/131/150 190/441/170
f 170/131/150 171/132/151 190/441/170
f 190/441/170 171/132/151 191/443/171
f 171/132/151 172/133/152 191/443/171
f 191/443/171 172/133/152 192/445/172
f 172/133/152 173/134/153 192/445/172
f 192/445/172 173/134/153 193/447/173
f 173/134/153 174/135/154 193/447/173
f 193/447/173 174/135/154 194/449/174
f 174/135/154 175/136/155 194/449/174
f 194/449/174 175/136/155 195/451/175
f 175/136/155 176/137/156 195/451/175
f 195/451/175 176/137/156 196/453/176
f 176/137/156 177/138/157 196/453/176
f 196/453/176 177/138/157 197/455/177
f 177/138/157 178/139/158 197/455/177
f 197/455/177 178/139/158 198/457/178
f 178/139/158 179/140/159 198/457/178
f 198/457/178 179/140/159 199/459/179
f 179/140/159 180/141/160 199/459/179
f 199/459/179 180/141/160 200/461/180
f 180/141/160 161/122/141 200/461/180
f 200/461/180 161/122/141 181/142/161
s 2
f 202/145/181 201/146/182 203/143/183
f 204/147/184 202/145/181 203/143/183
f 205/148/185 204/147/184 203/143/183
f 206/149/186 205/148/185 203/143/183
f 207/150/187 206/149/186 203/143/183
f 208/151/188 207/150/187 203/143/183
f 209/152/189 208/151/188 203/143/183
f 210/153/190 209/152/189 203/143/183
f 211/154/191 210/153/190 203/143/183
f 212/155/192 211/154/191 203/143/183
f 213/156/193 212/155/192 203/143/183
f 214/157/194 213/156/193 203/143/183
f 215/158/195 214/157/194 203/143/183
f 216/159/196 215/158/195 203/143/183
f 217/160/197 216/159/196 203/143/183
f 218/161/198 217/160/197 203/143/183
f 219/162/199 218/161/198 203/143/183
f 220/163/200 219/162/199 203/143/183
f 221/164/201 220/163/200 203/143/183
f 201/146/182 221/164/201 203/143/183
s 3
f 227/168/202 233/172/203 234/144/204
f 233/172/203 240/176/205 234/144/204
f 240/176/205 246/180/206 234/144/204
f 246/180/206 252/184/207 234/144/204
f 252/184/207 258/188/208 234/144/204
f 258/188/208 264/192/209 234/144/204
f 264/192/209 270/196/210 234/144/204
f 270/196/210 276/200/211 234/144/204
f 276/200/211 282/204/212 234/144/204
f 282/204/212 288/208/213 234/144/204
f 288/208/213 294/212/214 234/144/204
f 294/212/214 300/216/215 234/144/204
f 300/216/215 306/220/216 234/144/204
f 306/220/216 312/224/217 234/144/204
f 312/224/217 318/228/218 234/144/204
f 318/228/218 324/232/219 234/144/204
f 324/232/219 330/236/220 234/144/204
f 330/236/220 336/240/221 234/144/204
f 336/240/221 342/244/222 234/144/204
f 342/244/222 227/168/202 234/144/204
s 2
f 202/145/181 2/246/223 201/146/182
f 2/246/223 1/284/224 201/146/182
f 204/147/184 3/248/225 202/145/181
f 3/248/225 2/246/223 202/145/181
f 205/148/185 4/250/226 204/147/184
f 4/250/226 3/248/225 204/147/184
f 206/149/186 5/252/227 205/148/185
f 5/252/227 4/250/226 205/148/185
f 207/150/187 6/254/228 206/149/186
f 6/254/228 5/252/227 206/149/186
f 208/151/188 7/256/229 207/150/187
f 7/256/229 6/254/228 207/150/187
f 209/152/189 8/258/230 208/151/188
f 8/258/230 7/256/229 208/151/188
f 210/153/190 9/260/231 209/152/189
f 9/260/231 8/258/230 209/152/189
f 211/154/191 10/262/232 210/153/190
f 10/262/232 9/260/231 210/153/190
f 212/155/192 11/264/233 211/154/191
f 11/264/233 10/262/232 211/154/191
f 213/156/193 12/266/234 212/155/192
f 12/266/234 11/264/233 212/155/192
f 214/157/194 13/268/235 213/156/193
f 13/268/235 12/266/234 213/156/193
f 215/158/195 14/270/236 214/157/194
f 14/270/236 13/268/235 214/157/194
f 216/159/196 15/272/237 215/158/195
f 15/272/237 14/270/236 215/158/195
f 217/160/197 16/274/238 216/159/196
f 16/274/238 15/272/237 216/159/196
f 218/161/198 17/276/239 217/160/197
f 17/276/239 16/274/238 217/160/197
f 219/162/199 18/278/240 218/161/198
f 18/278/240 17/276/239 218/161/198
f 220/163/200 19/280/241 219/162/199
f 19/280/241 18/278/240 219/162/199
f 221/164/201 20/282/242 220/163/200
f 20/282/242 19/280/241 220/163/200
f 201/146/182 1/284/224 221/164/201
f 1/284/224 20/282/242 221/164/201
s 3
f 223/527/243 229/531/244 224/165/245
f 224/165/245 229/531/244 230/169/246
f 230/169/246 231/170/247 224/165/245
f 224/165/245 231/170/247 225/166/248
f 231/170/247 232/171/249 225/166/248
f 225/166/248 232/171/249 226/167/250
f 232/171/249 233/172/203 226/167/250
f 226/167/250 233/172/203 227/168/202
f 229/531/244 236/535/251 230/169/246
f 230/169/246 236/535/251 237/173/252
f 237/173/252 238/174/253 230/169/246
f 230/169/246 238/174/253 231/170/247
f 238/174/253 239/175/254 231/170/247
f 231/170/247 239/175/254 232/171/249
f 239/175/254 240/176/205 232/171/249
f 232/171/249 240/176/205 233/172/203
f 236/535/251 242/539/255 237/173/252
f 237/173/252 242/539/255 243/177/256
f 243/177/256 244/178/257 237/173/252
f 237/173/252 244/178/257 238/174/253
f 244/178/257 245/179/258 238/174/253
f 238/174/253 245/179/258 239/175/254
f 245/179/258 246/180/206 239/175/254
f 239/175/254 246/180/206 240/176/205
f 242/539/255 248/543/259 243/177/256
f 243/177/256 248/543/259 249/1036/260
f 249/1036/260 250/1035/261 243/177/256
f 243/177/256 250/1035/261 244/178/257
f 250/1035/261 251/1034/262 244/178/257
f 244/178/257 251/1034/262 245/179/258
f 251/1034/262 252/184/207 245/179/258
f 245/179/258 252/184/207 246/180/206
f 248/1019/259 254/547/263 249/181/260
f 249/181/260 254/547/263 255/185/264
f 249/181/260 255/185/264 250/182/261
f 250/182/261 255/185/264 256/186/265
f 250/182/261 256/186/265 251/183/262
f 251/183/262 256/186/265 257/187/266
f 251/183/262 257/187/266 252/184/207
f 252/184/207 257/187/266 258/188/208
f 254/547/263 260/551/267 255/185/264
f 255/185/264 260/551/267 261/189/268
f 255/185/264 261/189/268 256/186/265
f 256/186/265 261/189/268 262/190/269
f 256/186/265 262/190/269 257/187/266
f 257/187/266 262/190/269 263/191/270
f 257/187/266 263/191/270 258/188/208
f 258/188/208 263/191/270 264/192/209
f 260/551/267 266/555/271 261/189/268
f 261/189/268 266/555/271 267/193/272
f 261/189/268 267/193/272 262/190/269
f 262/190/269 267/193/272 268/194/273
f 262/190/269 268/194/273 263/191/270
f 263/191/270 268/194/273 269/195/274
f 263/191/270 269/195/274 264/192/209
f 264/192/209 269/195/274 270/196/210
f 266/555/271 272/559/275 267/193/272
f 267/193/272 272/559/275 273/197/276
f 267/193/272 273/197/276 268/194/273
f 268/194/273 273/197/276 274/198/277
f 268/194/273 274/198/277 269/195/274
f 269/195/274 274/198/277 275/199/278
f 269/195/274 275/199/278 270/196/210
f 270/196/210 275/199/278 276/200/211
f 272/559/275 278/563/279 273/197/276
f 273/197/276 278/563/279 279/201/280
f 273/197/276 279/201/280 274/198/277
f 274/198/277 279/201/280 280/202/281
f 274/198/277 280/202/281 275/199/278
f 275/199/278 280/202/281 281/203/282
f 275/199/278 281/203/282 276/200/211
f 276/200/211 281/203/282 282/204/212
f 278/563/279 284/567/283 279/201/280
f 279/201/280 284/567/283 285/205/284
f 285/205/284 286/206/285 279/201/280
f 279/201/280 286/206/285 280/202/281
f 286/206/285 287/207/286 280/202/281
f 280/202/281 287/207/286 281/203/282
f 287/207/286 288/208/213 281/203/282
f 281/203/282 288/208/213 282/204/212
f 284/567/283 290/571/287 285/205/284
f 285/205/284 290/571/287 291/209/288
f 291/209/288 292/210/289 285/205/284
f 285/205/284 292/210/289 286/206/285
f 292/210/289 293/211/290 286/206/285
f 286/206/285 293/211/290 287/207/286
f 293/211/290 294/212/214 287/207/286
f 287/207/286 294/212/214 288/208/213
f 290/571/287 296/575/291 291/209/288
f 291/209/288 296/575/291 297/213/292
f 297/213/292 298/214/293 291/209/288
f 291/209/288 298/214/293 292/210/289
f 298/214/293 299/215/294 292/210/289
f 292/210/289 299/215/294 293/211/290
f 299/215/294 300/216/215 293/211/290
f 293/211/290 300/216/215 294/212/214
f 296/575/291 302/579/295 297/213/292
f 297/213/292 302/579/295 303/217/296
f 303/217/296 304/218/297 297/213/292
f 297/213/292 304/218/297 298/214/293
f 304/218/297 305/219/298 298/214/293
f 298/214/293 305/219/298 299/215/294
f 305/219/298 306/220/216 299/215/294
f 299/215/294 306/220/216 300/216/215
f 302/579/295 308/583/299 303/217/296
f 303/217/296 308/583/299 309/221/300
f 309/221/300 310/222/301 303/217/296
f 303/217/296 310/222/301 304/218/297
f 310/222/301 311/223/302 304/218/297
f 304/218/297 311/223/302 305/219/298
f 311/223/302 312/224/217 305/219/298
f 305/219/298 312/224/217 306/220/216
f 308/583/299 314/587/303 309/221/300
f 309/221/300 314/587/303 315/225/304
f 309/221/300 315/225/304 310/222/301
f 310/222/301 315/225/304 316/226/305
f 310/222/301 316/226/305 311/223/302
f 311/223/302 316/226/305 317/227/306
f 311/223/302 317/227/306 312/224/217
f 312/224/217 317/227/306 318/228/218
f 314/587/303 320/591/307 315/225/304
f 315/225/304 320/591/307 321/229/308
f 315/225/304 321/229/308 316/226/305
f 316/226/305 321/229/308 322/230/309
f 316/226/305 322/230/309 317/227/306
f 317/227/306 322/230/309 323/231/310
f 317/227/306 323/231/310 318/228/218
f 318/228/218 323/231/310 324/232/219
f 320/591/307 326/595/311 321/229/308
f 321/229/308 326/595/311 327/233/312
f 321/229/308 327/233/312 322/230/309
f 322/230/309 327/233/312 328/234/313
f 322/230/309 328/234/313 323/231/310
f 323/231/310 328/234/313 329/235/314
f 323/231/310 329/235/314 324/232/219
f 324/232/219 329/235/314 330/236/220
f 326/595/311 332/599/315 327/233/312
f 327/233/312 332/599/315 333/237/316
f 327/233/312 333/237/316 328/234/313
f 328/234/313 333/237/316 334/238/317
f 328/234/313 334/238/317 329/235/314
f 329/235/314 334/238/317 335/239/318
f 329/235/314 335/239/318 330/236/220
f 330/236/220 335/239/318 336/240/221
f 332/599/315 338/603/319 333/237/316
f 333/237/316 338/603/319 339/241/320
f 333/237/316 339/241/320 334/238/317
f 334/238/317 339/241/320 340/242/321
f 334/238/317 340/242/321 335/239/318
f 335/239/318 340/242/321 341/243/322
f 335/239/318 341/243/322 336/240/221
f 336/240/221 341/243/322 342/244/222
f 338/603/319 223/527/243 339/241/320
f 339/241/320 223/527/243 224/165/245
f 224/165/245 225/166/248 339/241/320
f 339/241/320 225/166/248 340/242/321
f 225/166/248 226/167/250 340/242/321
f 340/242/321 226/167/250 341/243/322
f 226/167/250 227/168/202 341/243/322
f 341/243/322 227/168/202 342/244/222
s 1
f 344/502/323 343/245/324 544/705/325
f 544/705/325 343/245/324 543/523/326
f 345/500/327 344/502/323 545/707/328
f 545/707/328 344/502/323 544/705/325
f 346/498/329 345/500/327 546/709/330
f 546/709/330 345/500/327 545/707/328
f 346/498/329 546/709/330 347/496/331
f 347/496/331 546/709/330 547/711/332
f 347/496/331 547/711/332 348/494/333
f 348/494/333 547/711/332 548/713/334
f 348/494/333 548/713/334 349/492/335
f 349/492/335 548/713/334 549/715/336
f 350/490/337 349/492/335 550/717/338
f 550/717/338 349/492/335 549/715/336
f 351/488/339 350/490/337 551/719/340
f 551/719/340 350/490/337 550/717/338
f 352/486/341 351/488/339 552/721/342
f 552/721/342 351/488/339 551/719/340
f 353/484/343 352/486/341 553/723/344
f 553/723/344 352/486/341 552/721/342
f 354/482/345 353/484/343 554/725/346
f 554/725/346 353/484/343 553/723/344
f 355/480/347 354/482/345 555/727/348
f 555/727/348 354/482/345 554/725/346
f 356/478/349 355/480/347 556/729/350
f 556/729/350 355/480/347 555/727/348
f 357/476/351 356/478/349 557/731/352
f 557/731/352 356/478/349 556/729/350
f 358/474/353 357/476/351 558/733/354
f 558/733/354 357/476/351 557/731/352
f 359/472/355 358/474/353 559/1008/356
f 559/1008/356 358/474/353 558/733/354
f 360/470/357 359/1024/355 560/737/358
f 560/737/358 359/1024/355 559/735/356
f 361/468/359 360/470/357 561/739/360
f 561/739/360 360/470/357 560/737/358
f 362/466/361 361/468/359 562/741/362
f 562/741/362 361/468/359 561/739/360
f 343/245/324 362/466/361 543/523/326
f 543/523/326 362/466/361 562/741/362
f 1/284/363 2/246/364 363/247/365
f 363/247/365 2/246/364 366/249/366
f 2/246/364 3/248/367 366/249/366
f 366/249/366 3/248/367 369/251/368
f 3/248/367 4/250/369 369/251/368
f 369/251/368 4/250/369 372/253/370
f 4/250/369 5/252/371 372/253/370
f 372/253/370 5/252/371 375/255/372
f 5/252/371 6/254/373 375/255/372
f 375/255/372 6/254/373 378/257/374
f 6/254/373 7/256/375 378/257/374
f 378/257/374 7/256/375 381/259/376
f 7/256/375 8/258/377 381/259/376
f 381/259/376 8/258/377 384/261/378
f 8/258/377 9/260/379 384/261/378
f 384/261/378 9/260/379 387/263/380
f 9/260/379 10/262/381 387/263/380
f 387/263/380 10/262/381 390/265/382
f 10/262/381 11/264/383 390/265/382
f 390/265/382 11/264/383 393/267/384
f 11/264/383 12/266/385 393/267/384
f 393/267/384 12/266/385 396/269/386
f 12/266/385 13/268/387 396/269/386
f 396/269/386 13/268/387 399/271/388
f 13/268/387 14/270/389 399/271/388
f 399/271/388 14/270/389 402/273/390
f 14/270/389 15/272/391 402/273/390
f 402/273/390 15/272/391 405/275/392
f 15/272/391 16/274/393 405/275/392
f 405/275/392 16/274/393 408/277/394
f 16/274/393 17/276/395 408/277/394
f 408/277/394 17/276/395 411/279/396
f 17/276/395 18/278/397 411/279/396
f 411/279/396 18/278/397 414/281/398
f 18/278/397 19/280/399 414/281/398
f 414/281/398 19/280/399 417/283/400
f 19/280/399 20/282/401 417/283/400
f 417/283/400 20/282/401 420/285/402
f 20/282/401 1/284/363 420/285/402
f 420/285/402 1/284/363 363/247/365
f 363/247/365 364/287/403 420/285/402
f 420/285/402 364/287/403 421/326/404
f 364/288/403 365/286/405 421/325/404
f 421/325/404 365/286/405 422/402/406
f 365/286/405 364/288/403 368/366/407
f 368/366/407 364/288/403 367/290/408
f 364/287/403 363/247/365 367/289/408
f 367/289/408 363/247/365 366/249/366
f 368/366/407 367/290/408 371/368/409
f 371/368/409 367/290/408 370/292/410
f 367/289/408 366/249/366 370/291/410
f 370/291/410 366/249/366 369/251/368
f 371/368/409 370/292/410 374/370/411
f 374/370/411 370/292/410 373/294/412
f 370/291/410 369/251/368 373/293/412
f 373/293/412 369/251/368 372/253/370
f 374/370/411 373/294/412 377/372/413
f 377/372/413 373/294/412 376/1033/414
f 373/293/412 372/253/370 376/295/414
f 376/295/414 372/253/370 375/255/372
f 377/1028/413 376/296/414 380/374/415
f 380/374/415 376/296/414 379/298/416
f 376/295/414 375/255/372 379/297/416
f 379/297/416 375/255/372 378/257/374
f 380/374/415 379/298/416 383/376/417
f 383/376/417 379/298/416 382/300/418
f 379/297/416 378/257/374 382/299/418
f 382/299/418 378/257/374 381/259/376
f 383/376/417 382/300/418 386/378/419
f 386/378/419 382/300/418 385/302/420
f 382/299/418 381/259/376 385/301/420
f 385/301/420 381/259/376 384/261/378
f 386/378/419 385/302/420 389/380/421
f 389/380/421 385/302/420 388/304/422
f 385/301/420 384/261/378 388/303/422
f 388/303/422 384/261/378 387/263/380
f 389/380/421 388/304/422 392/382/423
f 392/382/423 388/304/422 391/306/424
f 388/303/422 387/263/380 391/305/424
f 391/305/424 387/263/380 390/265/382
f 392/382/423 391/306/424 395/384/425
f 395/384/425 391/306/424 394/308/426
f 391/305/424 390/265/382 394/307/426
f 394/307/426 390/265/382 393/267/384
f 395/384/425 394/308/426 398/386/427
f 398/386/427 394/308/426 397/310/428
f 394/307/426 393/267/384 397/309/428
f 397/309/428 393/267/384 396/269/386
f 398/386/427 397/310/428 401/388/429
f 401/388/429 397/310/428 400/312/430
f 397/309/428 396/269/386 400/311/430
f 400/311/430 396/269/386 399/271/388
f 401/388/429 400/312/430 404/390/431
f 404/390/431 400/312/430 403/314/432
f 400/311/430 399/271/388 403/313/432
f 403/313/432 399/271/388 402/273/390
f 404/390/431 403/314/432 407/392/433
f 407/392/433 403/314/432 406/316/434
f 403/313/432 402/273/390 406/315/434
f 406/315/434 402/273/390 405/275/392
f 407/392/433 406/316/434 410/394/435
f 410/394/435 406/316/434 409/318/436
f 406/315/434 405/275/392 409/317/436
f 409/317/436 405/275/392 408/277/394
f 410/394/435 409/318/436 413/396/437
f 413/396/437 409/318/436 412/320/438
f 409/317/436 408/277/394 412/319/438
f 412/319/438 408/277/394 411/279/396
f 413/396/437 412/320/438 416/398/439
f 416/398/439 412/320/438 415/322/440
f 412/319/438 411/279/396 415/321/440
f 415/321/440 411/279/396 414/281/398
f 416/398/439 415/322/440 419/400/441
f 419/400/441 415/322/440 418/324/442
f 415/321/440 414/281/398 418/323/442
f 418/323/442 414/281/398 417/283/400
f 419/400/441 418/324/442 422/402/406
f 422/402/406 418/324/442 421/325/404
f 418/323/442 417/283/400 421/326/404
f 421/326/404 417/283/400 420/285/402
f 423/364/443 426/327/444 21/1/1
f 21/1/1 426/327/444 22/329/2
f 426/327/444 429/328/445 22/329/2
f 22/329/2 429/328/445 23/331/5
f 429/328/445 432/330/446 23/331/5
f 23/331/5 432/330/446 24/333/7
f 432/330/446 435/332/447 24/333/7
f 24/333/7 435/332/447 25/1031/9
f 435/1030/447 438/334/448 25/335/9
f 25/335/9 438/334/448 26/337/11
f 438/334/448 441/336/449 26/337/11
f 26/337/11 441/336/449 27/339/13
f 441/336/449 444/338/450 27/339/13
f 27/339/13 444/338/450 28/341/15
f 444/338/450 447/340/451 28/341/15
f 28/341/15 447/340/451 29/343/17
f 447/340/451 450/342/452 29/343/17
f 29/343/17 450/342/452 30/345/19
f 450/342/452 453/344/453 30/345/19
f 30/345/19 453/344/453 31/347/21
f 453/344/453 456/346/454 31/347/21
f 31/347/21 456/346/454 32/349/23
f 456/346/454 459/348/455 32/349/23
f 32/349/23 459/348/455 33/351/25
f 459/348/455 462/350/456 33/351/25
f 33/351/25 462/350/456 34/353/27
f 462/350/456 465/352/457 34/353/27
f 34/353/27 465/352/457 35/355/29
f 465/352/457 468/354/458 35/355/29
f 35/355/29 468/354/458 36/357/31
f 468/354/458 471/356/459 36/357/31
f 36/357/31 471/356/459 37/359/33
f 471/356/459 474/358/460 37/359/33
f 37/359/33 474/358/460 38/361/35
f 474/358/460 477/360/461 38/361/35
f 38/361/35 477/360/461 39/363/37
f 477/360/461 480/362/462 39/363/37
f 39/363/37 480/362/462 40/365/39
f 480/362/462 423/364/443 40/365/39
f 40/365/39 423/364/443 21/1/1
f 365/286/405 368/366/407 425/367/463
f 425/367/463 368/366/407 428/369/464
f 368/366/407 371/368/409 428/369/464
f 428/369/464 371/368/409 431/371/465
f 371/368/409 374/370/411 431/371/465
f 431/371/465 374/370/411 434/373/466
f 374/370/411 377/372/413 434/373/466
f 434/373/466 377/372/413 437/1029/467
f 377/1028/413 380/374/415 437/375/467
f 437/375/467 380/374/415 440/377/468
f 380/374/415 383/376/417 440/377/468
f 440/377/468 383/376/417 443/379/469
f 383/376/417 386/378/419 443/379/469
f 443/379/469 386/378/419 446/381/470
f 386/378/419 389/380/421 446/381/470
f 446/381/470 389/380/421 449/383/471
f 389/380/421 392/382/423 449/383/471
f 449/383/471 392/382/423 452/385/472
f 392/382/423 395/384/425 452/385/472
f 452/385/472 395/384/425 455/387/473
f 395/384/425 398/386/427 455/387/473
f 455/387/473 398/386/427 458/389/474
f 398/386/427 401/388/429 458/389/474
f 458/389/474 401/388/429 461/391/475
f 401/388/429 404/390/431 461/391/475
f 461/391/475 404/390/431 464/393/476
f 404/390/431 407/392/433 464/393/476
f 464/393/476 407/392/433 467/395/477
f 407/392/433 410/394/435 467/395/477
f 467/395/477 410/394/435 470/397/478
f 410/394/435 413/396/437 470/397/478
f 470/397/478 413/396/437 473/399/479
f 413/396/437 416/398/439 473/399/479
f 473/399/479 416/398/439 476/401/480
f 416/398/439 419/400/441 476/401/480
f 476/401/480 419/400/441 479/403/481
f 419/400/441 422/402/406 479/403/481
f 479/403/481 422/402/406 482/404/482
f 422/402/406 365/286/405 482/404/482
f 482/404/482 365/286/405 425/367/463
f 423/364/443 424/405/483 426/327/444
f 426/327/444 424/405/483 427/406/484
f 424/405/483 425/367/463 427/406/484
f 427/406/484 425/367/463 428/369/464
f 426/327/444 427/406/484 429/328/445
f 429/328/445 427/406/484 430/407/485
f 427/406/484 428/369/464 430/407/485
f 430/407/485 428/369/464 431/371/465
f 429/328/445 430/407/485 432/330/446
f 432/330/446 430/407/485 433/408/486
f 430/407/485 431/371/465 433/408/486
f 433/408/486 431/371/465 434/373/466
f 432/330/446 433/408/486 435/332/447
f 435/332/447 433/408/486 436/1032/487
f 433/408/486 434/373/466 436/1032/487
f 436/1032/487 434/373/466 437/1029/467
f 435/1030/447 436/409/487 438/334/448
f 438/334/448 436/409/487 439/410/488
f 436/409/487 437/375/467 439/410/488
f 439/410/488 437/375/467 440/377/468
f 438/334/448 439/410/488 441/336/449
f 441/336/449 439/410/488 442/411/489
f 439/410/488 440/377/468 442/411/489
f 442/411/489 440/377/468 443/379/469
f 441/336/449 442/411/489 444/338/450
f 444/338/450 442/411/489 445/412/490
f 442/411/489 443/379/469 445/412/490
f 445/412/490 443/379/469 446/381/470
f 444/338/450 445/412/490 447/340/451
f 447/340/451 445/412/490 448/413/491
f 445/412/490 446/381/470 448/413/491
f 448/413/491 446/381/470 449/383/471
f 447/340/451 448/413/491 450/342/452
f 450/342/452 448/413/491 451/414/492
f 448/413/491 449/383/471 451/414/492
f 451/414/492 449/383/471 452/385/472
f 450/342/452 451/414/492 453/344/453
f 453/344/453 451/414/492 454/415/493
f 451/414/492 452/385/472 454/415/493
f 454/415/493 452/385/472 455/387/473
f 453/344/453 454/415/493 456/346/454
f 456/346/454 454/415/493 457/416/494
f 454/415/493 455/387/473 457/416/494
f 457/416/494 455/387/473 458/389/474
f 456/346/454 457/416/494 459/348/455
f 459/348/455 457/416/494 460/417/495
f 457/416/494 458/389/474 460/417/495
f 460/417/495 458/389/474 461/391/475
f 459/348/455 460/417/495 462/350/456
f 462/350/456 460/417/495 463/418/496
f 460/417/495 461/391/475 463/418/496
f 463/418/496 461/391/475 464/393/476
f 462/350/456 463/418/496 465/352/457
f 465/352/457 463/418/496 466/419/497
f 463/418/496 464/393/476 466/419/497
f 466/419/497 464/393/476 467/395/477
f 465/352/457 466/419/497 468/354/458
f 468/354/458 466/419/497 469/420/498
f 466/419/497 467/395/477 469/420/498
f 469/420/498 467/395/477 470/397/478
f 468/354/458 469/420/498 471/356/459
f 471/356/459 469/420/498 472/421/499
f 469/420/498 470/397/478 472/421/499
f 472/421/499 470/397/478 473/399/479
f 471/356/459 472/421/499 474/358/460
f 474/358/460 472/421/499 475/422/500
f 472/421/499 473/399/479 475/422/500
f 475/422/500 473/399/479 476/401/480
f 474/358/460 475/422/500 477/360/461
f 477/360/461 475/422/500 478/423/501
f 475/422/500 476/401/480 478/423/501
f 478/423/501 476/401/480 479/403/481
f 477/360/461 478/423/501 480/362/462
f 480/362/462 478/423/501 481/424/502
f 478/423/501 479/403/481 481/424/502
f 481/424/502 479/403/481 482/404/482
f 425/367/463 424/405/483 482/404/482
f 482/404/482 424/405/483 481/424/502
f 424/405/483 423/364/443 481/424/502
f 481/424/502 423/364/443 480/362/462
f 181/142/161 182/425/162 483/426/503
f 483/426/503 182/425/162 486/428/504
f 182/425/162 183/427/163 486/428/504
f 486/428/504 183/427/163 489/430/505
f 183/427/163 184/429/164 489/430/505
f 489/430/505 184/429/164 492/432/506
f 184/429/164 185/431/165 492/432/506
f 492/432/506 185/431/165 495/1026/507
f 185/1025/165 186/433/166 495/434/507
f 495/434/507 186/433/166 498/436/508
f 186/433/166 187/435/167 498/436/508
f 498/436/508 187/435/167 501/438/509
f 187/435/167 188/437/168 501/438/509
f 501/438/509 188/437/168 504/440/510
f 188/437/168 189/439/169 504/440/510
f 504/440/510 189/439/169 507/442/511
f 189/439/169 190/441/170 507/442/511
f 507/442/511 190/441/170 510/444/512
f 190/441/170 191/443/171 510/444/512
f 510/444/512 191/443/171 513/446/513
f 191/443/171 192/445/172 513/446/513
f 513/446/513 192/445/172 516/448/514
f 192/445/172 193/447/173 516/448/514
f 516/448/514 193/447/173 519/450/515
f 193/447/173 194/449/174 519/450/515
f 519/450/515 194/449/174 522/452/516
f 194/449/174 195/451/175 522/452/516
f 522/452/516 195/451/175 525/454/517
f 195/451/175 196/453/176 525/454/517
f 525/454/517 196/453/176 528/456/518
f 196/453/176 197/455/177 528/456/518
f 528/456/518 197/455/177 531/458/519
f 197/455/177 198/457/178 531/458/519
f 531/458/519 198/457/178 534/460/520
f 198/457/178 199/459/179 534/460/520
f 534/460/520 199/459/179 537/462/521
f 199/459/179 200/461/180 537/462/521
f 537/462/521 200/461/180 540/463/522
f 200/461/180 181/142/161 540/463/522
f 540/463/522 181/142/161 483/426/503
f 485/501/523 488/464/524 343/245/324
f 343/245/324 488/464/524 362/466/361
f 488/464/524 491/465/525 362/466/361
f 362/466/361 491/465/525 361/468/359
f 491/465/525 494/467/526 361/468/359
f 361/468/359 494/467/526 360/470/357
f 494/467/526 497/469/527 360/470/357
f 360/470/357 497/469/527 359/1024/355
f 497/1023/527 500/471/528 359/472/355
f 359/472/355 500/471/528 358/474/353
f 500/471/528 503/473/529 358/474/353
f 358/474/353 503/473/529 357/476/351
f 503/473/529 506/475/530 357/476/351
f 357/476/351 506/475/530 356/478/349
f 506/475/530 509/477/531 356/478/349
f 356/478/349 509/477/531 355/480/347
f 509/477/531 512/479/532 355/480/347
f 355/480/347 512/479/532 354/482/345
f 512/479/532 515/481/533 354/482/345
f 354/482/345 515/481/533 353/484/343
f 515/481/533 518/483/534 353/484/343
f 353/484/343 518/483/534 352/486/341
f 518/483/534 521/485/535 352/486/341
f 352/486/341 521/485/535 351/488/339
f 521/485/535 524/487/536 351/488/339
f 351/488/339 524/487/536 350/490/337
f 524/487/536 527/489/537 350/490/337
f 350/490/337 527/489/537 349/492/335
f 530/491/538 348/494/333 527/489/537
f 527/489/537 348/494/333 349/492/335
f 533/493/539 347/496/331 530/491/538
f 530/491/538 347/496/331 348/494/333
f 536/495/540 346/498/329 533/493/539
f 533/493/539 346/498/329 347/496/331
f 536/495/540 539/497/541 346/498/329
f 346/498/329 539/497/541 345/500/327
f 539/497/541 542/499/542 345/500/327
f 345/500/327 542/499/542 344/502/323
f 542/499/542 485/501/523 344/502/323
f 344/502/323 485/501/523 343/245/324
f 483/426/503 484/503/543 540/463/522
f 540/463/522 484/503/543 541/522/544
f 484/503/543 485/501/523 541/522/544
f 541/522/544 485/501/523 542/499/542
f 485/501/523 484/503/543 488/464/524
f 488/464/524 484/503/543 487/504/545
f 484/503/543 483/426/503 487/504/545
f 487/504/545 483/426/503 486/428/504
f 488/464/524 487/504/545 491/465/525
f 491/465/525 487/504/545 490/505/546
f 487/504/545 486/428/504 490/505/546
f 490/505/546 486/428/504 489/430/505
f 491/465/525 490/505/546 494/467/526
f 494/467/526 490/505/546 493/506/547
f 490/505/546 489/430/505 493/506/547
f 493/506/547 489/430/505 492/432/506
f 494/467/526 493/506/547 497/469/527
f 497/469/527 493/506/547 496/1027/548
f 493/506/547 492/432/506 496/1027/548
f 496/1027/548 492/432/506 495/1026/507
f 497/1023/527 496/507/548 500/471/528
f 500/471/528 496/507/548 499/508/549
f 496/507/548 495/434/507 499/508/549
f 499/508/549 495/434/507 498/436/508
f 500/471/528 499/508/549 503/473/529
f 503/473/529 499/508/549 502/509/550
f 499/508/549 498/436/508 502/509/550
f 502/509/550 498/436/508 501/438/509
f 503/473/529 502/509/550 506/475/530
f 506/475/530 502/509/550 505/510/551
f 502/509/550 501/438/509 505/510/551
f 505/510/551 501/438/509 504/440/510
f 506/475/530 505/510/551 509/477/531
f 509/477/531 505/510/551 508/511/552
f 505/510/551 504/440/510 508/511/552
f 508/511/552 504/440/510 507/442/511
f 509/477/531 508/511/552 512/479/532
f 512/479/532 508/511/552 511/512/553
f 508/511/552 507/442/511 511/512/553
f 511/512/553 507/442/511 510/444/512
f 512/479/532 511/512/553 515/481/533
f 515/481/533 511/512/553 514/513/554
f 511/512/553 510/444/512 514/513/554
f 514/513/554 510/444/512 513/446/513
f 515/481/533 514/513/554 518/483/534
f 518/483/534 514/513/554 517/514/555
f 514/513/554 513/446/513 517/514/555
f 517/514/555 513/446/513 516/448/514
f 518/483/534 517/514/555 521/485/535
f 521/485/535 517/514/555 520/515/556
f 517/514/555 516/448/514 520/515/556
f 520/515/556 516/448/514 519/450/515
f 520/515/556 523/516/557 521/485/535
f 521/485/535 523/516/557 524/487/536
f 520/515/556 519/450/515 523/516/557
f 523/516/557 519/450/515 522/452/516
f 523/516/557 526/517/558 524/487/536
f 524/487/536 526/517/558 527/489/537
f 523/516/557 522/452/516 526/517/558
f 526/517/558 522/452/516 525/454/517
f 527/489/537 526/517/558 530/491/538
f 530/491/538 526/517/558 529/518/559
f 526/517/558 525/454/517 529/518/559
f 529/518/559 525/454/517 528/456/518
f 530/491/538 529/518/559 533/493/539
f 533/493/539 529/518/559 532/519/560
f 529/518/559 528/456/518 532/519/560
f 532/519/560 528/456/518 531/458/519
f 533/493/539 532/519/560 536/495/540
f 536/495/540 532/519/560 535/520/561
f 532/519/560 531/458/519 535/520/561
f 535/520/561 531/458/519 534/460/520
f 536/495/540 535/520/561 539/497/541
f 539/497/541 535/520/561 538/521/562
f 535/520/561 534/460/520 538/521/562
f 538/521/562 534/460/520 537/462/521
f 539/497/541 538/521/562 542/499/542
f 542/499/542 538/521/562 541/522/544
f 538/521/562 537/462/521 541/522/544
f 541/522/544 537/462/521 540/463/522
s 25
f 564/703/563 563/665/564 337/596/565
f 337/596/565 563/665/564 222/600/566
f 565/701/567 564/703/563 331/592/568
f 331/592/568 564/703/563 337/596/565
f 566/699/569 565/701/567 325/588/570
f 325/588/570 565/701/567 331/592/568
f 567/697/571 566/699/569 319/584/572
f 319/584/572 566/699/569 325/588/570
f 568/695/573 567/697/571 313/580/574
f 313/580/574 567/697/571 319/584/572
f 569/693/575 568/695/573 307/576/576
f 307/576/576 568/695/573 313/580/574
f 569/693/575 307/576/576 570/691/577
f 570/691/577 307/576/576 301/572/578
f 570/691/577 301/572/578 571/689/579
f 571/689/579 301/572/578 295/568/580
f 571/689/579 295/568/580 572/687/581
f 572/687/581 295/568/580 289/564/582
f 573/685/583 572/687/581 283/560/584
f 283/560/584 572/687/581 289/564/582
f 574/683/585 573/685/583 277/556/586
f 277/556/586 573/685/583 283/560/584
f 575/681/587 574/683/585 271/552/588
f 271/552/588 574/683/585 277/556/586
f 576/679/589 575/681/587 265/548/590
f 265/548/590 575/681/587 271/552/588
f 577/677/591 576/679/589 259/544/592
f 259/544/592 576/679/589 265/548/590
f 578/675/593 577/677/591 253/540/594
f 253/540/594 577/677/591 259/544/592
f 579/673/595 578/675/593 247/536/596
f 247/536/596 578/675/593 253/540/594
f 580/671/597 579/1010/595 241/532/598
f 241/532/598 579/1010/595 247/1020/596
f 581/669/599 580/671/597 235/528/600
f 235/528/600 580/671/597 241/532/598
f 582/667/601 581/669/599 228/524/602
f 228/524/602 581/669/599 235/528/600
f 563/665/564 582/667/601 222/600/566
f 222/600/566 582/667/601 228/524/602
f 584/604/603 587/605/604 585/602/605
f 585/602/605 587/605/604 586/526/606
f 583/525/607 588/529/608 584/604/603
f 584/604/603 588/529/608 587/605/604
f 222/600/566 228/524/602 583/525/607
f 583/525/607 228/524/602 588/529/608
f 585/602/605 586/526/606 223/527/609
f 223/527/609 586/526/606 229/531/610
f 228/524/602 235/528/600 588/529/608
f 588/529/608 235/528/600 591/533/611
f 586/526/606 589/530/612 229/531/610
f 229/531/610 589/530/612 236/535/613
f 235/528/600 241/532/598 591/533/611
f 591/533/611 241/532/598 594/537/614
f 589/530/612 592/534/615 236/535/613
f 236/535/613 592/534/615 242/539/616
f 241/532/598 247/1020/596 594/537/614
f 594/537/614 247/1020/596 597/1021/617
f 592/534/615 595/1018/618 242/539/616
f 242/539/616 595/1018/618 248/543/619
f 253/540/594 600/545/620 247/536/596
f 247/536/596 600/545/620 597/541/617
f 598/542/621 254/547/622 595/538/618
f 595/538/618 254/547/622 248/1019/619
f 259/544/592 603/549/623 253/540/594
f 253/540/594 603/549/623 600/545/620
f 601/546/624 260/551/625 598/542/621
f 598/542/621 260/551/625 254/547/622
f 265/548/590 606/553/626 259/544/592
f 259/544/592 606/553/626 603/549/623
f 604/550/627 266/555/628 601/546/624
f 601/546/624 266/555/628 260/551/625
f 271/552/588 609/557/629 265/548/590
f 265/548/590 609/557/629 606/553/626
f 607/554/630 272/559/631 604/550/627
f 604/550/627 272/559/631 266/555/628
f 277/556/586 612/561/632 271/552/588
f 271/552/588 612/561/632 609/557/629
f 610/558/633 278/563/634 607/554/630
f 607/554/630 278/563/634 272/559/631
f 277/556/586 283/560/584 612/561/632
f 612/561/632 283/560/584 615/565/635
f 610/558/633 613/562/636 278/563/634
f 278/563/634 613/562/636 284/567/637
f 283/560/584 289/564/582 615/565/635
f 615/565/635 289/564/582 618/569/638
f 613/562/636 616/566/639 284/567/637
f 284/567/637 616/566/639 290/571/640
f 295/568/580 621/573/641 289/564/582
f 289/564/582 621/573/641 618/569/638
f 616/566/639 619/570/642 290/571/640
f 290/571/640 619/570/642 296/575/643
f 301/572/578 624/577/644 295/568/580
f 295/568/580 624/577/644 621/573/641
f 619/570/642 622/574/645 296/575/643
f 296/575/643 622/574/645 302/579/646
f 307/576/576 627/581/647 301/572/578
f 301/572/578 627/581/647 624/577/644
f 622/574/645 625/578/648 302/579/646
f 302/579/646 625/578/648 308/583/649
f 307/576/576 313/580/574 627/581/647
f 627/581/647 313/580/574 630/585/650
f 628/582/651 314/587/652 625/578/648
f 625/578/648 314/587/652 308/583/649
f 313/580/574 319/584/572 630/585/650
f 630/585/650 319/584/572 633/589/653
f 631/586/654 320/591/655 628/582/651
f 628/582/651 320/591/655 314/587/652
f 319/584/572 325/588/570 633/589/653
f 633/589/653 325/588/570 636/593/656
f 634/590/657 326/595/658 631/586/654
f 631/586/654 326/595/658 320/591/655
f 331/592/568 639/597/659 325/588/570
f 325/588/570 639/597/659 636/593/656
f 637/594/660 332/599/661 634/590/657
f 634/590/657 332/599/661 326/595/658
f 337/596/565 642/601/662 331/592/568
f 331/592/568 642/601/662 639/597/659
f 640/598/663 338/603/664 637/594/660
f 637/594/660 338/603/664 332/599/661
f 337/596/565 222/600/566 642/601/662
f 642/601/662 222/600/566 583/525/607
f 640/598/663 585/602/605 338/603/664
f 338/603/664 585/602/605 223/527/609
f 587/605/604 590/606/665 586/526/606
f 586/526/606 590/606/665 589/530/612
f 588/529/608 591/533/611 587/605/604
f 587/605/604 591/533/611 590/606/665
f 590/606/665 593/607/666 589/530/612
f 589/530/612 593/607/666 592/534/615
f 591/533/611 594/537/614 590/606/665
f 590/606/665 594/537/614 593/607/666
f 593/607/666 596/1022/667 592/534/615
f 592/534/615 596/1022/667 595/1018/618
f 594/537/614 597/1021/617 593/607/666
f 593/607/666 597/1021/617 596/1022/667
f 595/538/618 596/608/667 598/542/621
f 598/542/621 596/608/667 599/609/668
f 596/608/667 597/541/617 599/609/668
f 599/609/668 597/541/617 600/545/620
f 598/542/621 599/609/668 601/546/624
f 601/546/624 599/609/668 602/610/669
f 599/609/668 600/545/620 602/610/669
f 602/610/669 600/545/620 603/549/623
f 601/546/624 602/610/669 604/550/627
f 604/550/627 602/610/669 605/611/670
f 602/610/669 603/549/623 605/611/670
f 605/611/670 603/549/623 606/553/626
f 604/550/627 605/611/670 607/554/630
f 607/554/630 605/611/670 608/612/671
f 605/611/670 606/553/626 608/612/671
f 608/612/671 606/553/626 609/557/629
f 607/554/630 608/612/671 610/558/633
f 610/558/633 608/612/671 611/613/672
f 608/612/671 609/557/629 611/613/672
f 611/613/672 609/557/629 612/561/632
f 611/613/672 614/614/673 610/558/633
f 610/558/633 614/614/673 613/562/636
f 612/561/632 615/565/635 611/613/672
f 611/613/672 615/565/635 614/614/673
f 614/614/673 617/615/674 613/562/636
f 613/562/636 617/615/674 616/566/639
f 615/565/635 618/569/638 614/614/673
f 614/614/673 618/569/638 617/615/674
f 617/615/674 620/616/675 616/566/639
f 616/566/639 620/616/675 619/570/642
f 617/615/674 618/569/638 620/616/675
f 620/616/675 618/569/638 621/573/641
f 620/616/675 623/617/676 619/570/642
f 619/570/642 623/617/676 622/574/645
f 620/616/675 621/573/641 623/617/676
f 623/617/676 621/573/641 624/577/644
f 623/617/676 626/618/677 622/574/645
f 622/574/645 626/618/677 625/578/648
f 623/617/676 624/577/644 626/618/678
f 626/618/678 624/577/644 627/581/647
f 625/578/648 626/618/677 628/582/651
f 628/582/651 626/618/677 629/619/679
f 627/581/647 630/585/650 626/618/678
f 626/618/678 630/585/650 629/619/679
f 628/582/651 629/619/679 631/586/654
f 631/586/654 629/619/679 632/620/680
f 630/585/650 633/589/653 629/619/679
f 629/619/679 633/589/653 632/620/680
f 631/586/654 632/620/680 634/590/657
f 634/590/657 632/620/680 635/621/681
f 633/589/653 636/593/656 632/620/680
f 632/620/680 636/593/656 635/621/681
f 634/590/657 635/621/681 637/594/660
f 637/594/660 635/621/681 638/622/682
f 635/621/681 636/593/656 638/622/682
f 638/622/682 636/593/656 639/597/659
f 637/594/660 638/622/682 640/598/663
f 640/598/663 638/622/682 641/623/683
f 638/622/682 639/597/659 641/623/683
f 641/623/683 639/597/659 642/601/662
f 584/604/603 641/623/683 583/525/607
f 583/525/607 641/623/683 642/601/662
f 585/602/605 640/598/663 584/604/603
f 584/604/603 640/598/663 641/623/683
f 643/662/684 647/624/685 723/625/686
f 723/625/686 647/624/685 727/627/687
f 647/624/685 651/626/688 727/627/687
f 727/627/687 651/626/688 731/629/689
f 651/626/688 655/628/690 731/629/689
f 731/629/689 655/628/690 735/631/691
f 655/628/690 659/630/692 735/631/691
f 735/631/691 659/630/692 739/1012/693
f 659/1011/692 663/632/694 739/633/693
f 739/633/693 663/632/694 743/635/695
f 663/632/694 667/634/696 743/635/695
f 743/635/695 667/634/696 747/637/697
f 667/634/696 671/636/698 747/637/697
f 747/637/697 671/636/698 751/639/699
f 671/636/698 675/638/700 751/639/699
f 751/639/699 675/638/700 755/641/701
f 675/638/700 679/640/702 755/641/701
f 755/641/701 679/640/702 759/643/703
f 679/640/702 683/642/704 759/643/703
f 759/643/703 683/642/704 763/645/705
f 687/644/706 767/647/707 683/642/704
f 683/642/704 767/647/707 763/645/705
f 691/646/708 771/649/709 687/644/706
f 687/644/706 771/649/709 767/647/707
f 695/648/710 775/651/711 691/646/708
f 691/646/708 775/651/711 771/649/709
f 699/650/712 779/653/713 695/648/710
f 695/648/710 779/653/713 775/651/711
f 699/650/712 703/652/714 779/653/713
f 779/653/713 703/652/714 783/655/715
f 703/652/714 707/654/716 783/655/715
f 783/655/715 707/654/716 787/657/717
f 707/654/716 711/656/718 787/657/717
f 787/657/717 711/656/718 791/659/719
f 711/656/718 715/658/720 791/659/719
f 791/659/719 715/658/720 795/661/721
f 715/658/720 719/660/722 795/661/721
f 795/661/721 719/660/722 799/663/723
f 719/660/722 643/662/684 799/663/723
f 799/663/723 643/662/684 723/625/686
f 726/702/724 730/664/725 563/665/564
f 563/665/564 730/664/725 582/667/601
f 730/664/725 734/666/726 582/667/601
f 582/667/601 734/666/726 581/669/599
f 734/666/726 738/668/727 581/669/599
f 581/669/599 738/668/727 580/671/597
f 738/668/727 742/670/728 580/671/597
f 580/671/597 742/670/728 579/1010/595
f 742/1009/728 746/672/729 579/673/595
f 579/673/595 746/672/729 578/675/593
f 746/672/729 750/674/730 578/675/593
f 578/675/593 750/674/730 577/677/591
f 750/674/730 754/676/731 577/677/591
f 577/677/591 754/676/731 576/679/589
f 754/676/731 758/678/732 576/679/589
f 576/679/589 758/678/732 575/681/587
f 758/678/732 762/680/733 575/681/587
f 575/681/587 762/680/733 574/683/585
f 762/680/733 766/682/734 574/683/585
f 574/683/585 766/682/734 573/685/583
f 766/682/734 770/684/735 573/685/583
f 573/685/583 770/684/735 572/687/581
f 770/684/735 774/686/736 572/687/581
f 572/687/581 774/686/736 571/689/579
f 774/686/736 778/688/737 571/689/579
f 571/689/579 778/688/737 570/691/577
f 782/690/738 569/693/575 778/688/737
f 778/688/737 569/693/575 570/691/577
f 782/690/738 786/692/739 569/693/575
f 569/693/575 786/692/739 568/695/573
f 786/692/739 790/694/740 568/695/573
f 568/695/573 790/694/740 567/697/571
f 790/694/740 794/696/741 567/697/571
f 567/697/571 794/696/741 566/699/569
f 794/696/741 798/698/742 566/699/569
f 566/699/569 798/698/742 565/701/567
f 798/698/742 802/700/743 565/701/567
f 565/701/567 802/700/743 564/703/563
f 802/700/743 726/702/724 564/703/563
f 564/703/563 726/702/724 563/665/564
s 1
f 544/705/325 543/523/326 722/704/744
f 722/704/744 543/523/326 646/742/745
f 545/707/328 544/705/325 718/706/746
f 718/706/746 544/705/325 722/704/744
f 546/709/330 545/707/328 714/708/747
f 714/708/747 545/707/328 718/706/746
f 547/711/332 546/709/330 710/710/748
f 710/710/748 546/709/330 714/708/747
f 548/713/334 547/711/332 706/712/749
f 706/712/749 547/711/332 710/710/748
f 548/713/334 706/712/749 549/715/336
f 549/715/336 706/712/749 702/714/750
f 550/717/338 549/715/336 698/716/751
f 698/716/751 549/715/336 702/714/750
f 551/719/340 550/717/338 694/718/752
f 694/718/752 550/717/338 698/716/751
f 552/721/342 551/719/340 690/720/753
f 690/720/753 551/719/340 694/718/752
f 553/723/344 552/721/342 686/722/754
f 686/722/754 552/721/342 690/720/753
f 554/725/346 553/723/344 682/724/755
f 682/724/755 553/723/344 686/722/754
f 555/727/348 554/725/346 678/726/756
f 678/726/756 554/725/346 682/724/755
f 556/729/350 555/727/348 674/728/757
f 674/728/757 555/727/348 678/726/756
f 557/731/352 556/729/350 670/730/758
f 670/730/758 556/729/350 674/728/757
f 558/733/354 557/731/352 666/732/759
f 666/732/759 557/731/352 670/730/758
f 559/1008/356 558/733/354 662/734/760
f 662/734/760 558/733/354 666/732/759
f 560/737/358 559/735/356 658/736/761
f 658/736/761 559/735/356 662/1007/760
f 561/739/360 560/737/358 654/738/762
f 654/738/762 560/737/358 658/736/761
f 562/741/362 561/739/360 650/740/763
f 650/740/763 561/739/360 654/738/762
f 543/523/326 562/741/362 646/742/745
f 646/742/745 562/741/362 650/740/763
f 645/745/764 646/742/745 649/747/765
f 649/747/765 646/742/745 650/740/763
s 25
f 643/662/684 644/743/766 647/624/685
f 647/624/685 644/743/766 648/746/767
f 644/743/766 645/744/768 648/746/767
f 648/746/767 645/744/768 649/748/769
s 1
f 649/747/765 650/740/763 653/750/770
f 653/750/770 650/740/763 654/738/762
s 25
f 647/624/685 648/746/767 651/626/688
f 651/626/688 648/746/767 652/749/771
f 648/746/767 649/748/769 652/749/771
f 652/749/771 649/748/769 653/751/772
s 1
f 653/750/770 654/738/762 657/753/773
f 657/753/773 654/738/762 658/736/761
s 25
f 651/626/688 652/749/771 655/628/690
f 655/628/690 652/749/771 656/752/774
f 652/749/771 653/751/772 656/752/774
f 656/752/774 653/751/772 657/754/775
s 1
f 657/753/773 658/736/761 661/1015/776
f 661/1015/776 658/736/761 662/1007/760
s 25
f 655/628/690 656/752/774 659/630/692
f 659/630/692 656/752/774 660/1017/777
f 656/752/774 657/754/775 660/1017/777
f 660/1017/777 657/754/775 661/1016/778
s 1
f 661/756/776 662/734/760 665/759/779
f 665/759/779 662/734/760 666/732/759
s 25
f 659/1011/692 660/755/777 663/632/694
f 663/632/694 660/755/777 664/758/780
f 660/755/777 661/757/778 664/758/780
f 664/758/780 661/757/778 665/760/781
s 1
f 665/759/779 666/732/759 669/762/782
f 669/762/782 666/732/759 670/730/758
s 25
f 663/632/694 664/758/780 667/634/696
f 667/634/696 664/758/780 668/761/783
f 664/758/780 665/760/781 668/761/783
f 668/761/783 665/760/781 669/763/784
s 1
f 669/762/782 670/730/758 673/765/785
f 673/765/785 670/730/758 674/728/757
s 25
f 667/634/696 668/761/783 671/636/698
f 671/636/698 668/761/783 672/764/786
f 668/761/783 669/763/784 672/764/786
f 672/764/786 669/763/784 673/766/787
s 1
f 673/765/785 674/728/757 677/768/788
f 677/768/788 674/728/757 678/726/756
s 25
f 671/636/698 672/764/786 675/638/700
f 675/638/700 672/764/786 676/767/789
f 672/764/786 673/766/787 676/767/789
f 676/767/789 673/766/787 677/769/790
s 1
f 677/768/788 678/726/756 681/771/791
f 681/771/791 678/726/756 682/724/755
s 25
f 675/638/700 676/767/789 679/640/702
f 679/640/702 676/767/789 680/770/792
f 676/767/789 677/769/790 680/770/792
f 680/770/792 677/769/790 681/772/793
s 1
f 681/771/791 682/724/755 685/774/794
f 685/774/794 682/724/755 686/722/754
s 25
f 679/640/702 680/770/792 683/642/704
f 683/642/704 680/770/792 684/773/795
f 680/770/792 681/772/793 684/773/795
f 684/773/795 681/772/793 685/775/796
s 1
f 686/722/754 690/720/753 685/774/794
f 685/774/794 690/720/753 689/777/797
s 25
f 684/773/795 688/776/798 683/642/704
f 683/642/704 688/776/798 687/644/706
f 685/775/796 689/778/799 684/773/795
f 684/773/795 689/778/799 688/776/798
s 1
f 689/777/797 690/720/753 693/780/800
f 693/780/800 690/720/753 694/718/752
s 25
f 687/644/706 688/776/798 691/646/708
f 691/646/708 688/776/798 692/779/801
f 688/776/798 689/778/799 692/779/802
f 692/779/802 689/778/799 693/781/803
s 1
f 693/780/800 694/718/752 697/783/804
f 697/783/804 694/718/752 698/716/751
s 25
f 691/646/708 692/779/801 695/648/710
f 695/648/710 692/779/801 696/782/805
f 692/779/802 693/781/803 696/782/806
f 696/782/806 693/781/803 697/784/807
s 1
f 697/783/804 698/716/751 701/786/808
f 701/786/808 698/716/751 702/714/750
s 25
f 695/648/710 696/782/805 699/650/712
f 699/650/712 696/782/805 700/785/809
f 696/782/806 697/784/807 700/785/810
f 700/785/810 697/784/807 701/787/811
s 1
f 702/714/750 706/712/749 701/786/812
f 701/786/812 706/712/749 705/789/813
s 25
f 700/785/809 704/788/814 699/650/712
f 699/650/712 704/788/814 703/652/714
f 701/787/811 705/790/815 700/785/810
f 700/785/810 705/790/815 704/788/816
s 1
f 706/712/749 710/710/748 705/789/813
f 705/789/813 710/710/748 709/792/817
s 25
f 704/788/814 708/791/818 703/652/714
f 703/652/714 708/791/818 707/654/716
f 705/790/815 709/793/819 704/788/816
f 704/788/816 709/793/819 708/791/820
s 1
f 710/710/748 714/708/747 709/792/817
f 709/792/817 714/708/747 713/795/821
s 25
f 708/791/818 712/794/822 707/654/716
f 707/654/716 712/794/822 711/656/718
f 709/793/819 713/796/823 708/791/820
f 708/791/820 713/796/823 712/794/822
s 1
f 713/795/821 714/708/747 717/798/824
f 717/798/824 714/708/747 718/706/746
s 25
f 711/656/718 712/794/822 715/658/720
f 715/658/720 712/794/822 716/797/825
f 712/794/822 713/796/823 716/797/825
f 716/797/825 713/796/823 717/799/826
s 1
f 717/798/824 718/706/746 721/801/827
f 721/801/827 718/706/746 722/704/744
s 25
f 715/658/720 716/797/825 719/660/722
f 719/660/722 716/797/825 720/800/828
f 716/797/825 717/799/826 720/800/828
f 720/800/828 717/799/826 721/802/829
s 1
f 646/742/745 645/745/764 722/704/744
f 722/704/744 645/745/764 721/801/827
s 25
f 645/744/768 644/743/766 721/802/829
f 721/802/829 644/743/766 720/800/828
f 644/743/766 643/662/684 720/800/828
f 720/800/828 643/662/684 719/660/722
f 725/804/830 726/702/724 801/842/831
f 801/842/831 726/702/724 802/700/743
f 723/625/686 724/803/832 799/663/723
f 799/663/723 724/803/832 800/841/833
f 724/803/832 725/804/834 800/841/833
f 800/841/833 725/804/834 801/842/835
f 726/702/724 725/804/830 730/664/725
f 730/664/725 725/804/830 729/806/836
f 725/804/834 724/803/832 729/806/837
f 729/806/837 724/803/832 728/805/838
f 724/803/832 723/625/686 728/805/838
f 728/805/838 723/625/686 727/627/687
f 730/664/725 729/806/836 734/666/726
f 734/666/726 729/806/836 733/808/839
f 729/806/837 728/805/838 733/808/840
f 733/808/840 728/805/838 732/807/841
f 728/805/838 727/627/687 732/807/841
f 732/807/841 727/627/687 731/629/689
f 734/666/726 733/808/839 738/668/727
f 738/668/727 733/808/839 737/810/842
f 733/808/840 732/807/841 737/810/843
f 737/810/843 732/807/841 736/809/844
f 732/807/841 731/629/689 736/809/844
f 736/809/844 731/629/689 735/631/691
f 738/668/727 737/810/842 742/670/728
f 742/670/728 737/810/842 741/1014/845
f 737/810/843 736/809/844 741/1014/846
f 741/1014/846 736/809/844 740/1013/847
f 736/809/844 735/631/691 740/1013/847
f 740/1013/847 735/631/691 739/1012/693
f 742/1009/728 741/812/845 746/672/729
f 746/672/729 741/812/845 745/814/848
f 741/812/846 740/811/847 745/814/849
f 745/814/849 740/811/847 744/813/850
f 740/811/847 739/633/693 744/813/850
f 744/813/850 739/633/693 743/635/695
f 746/672/729 745/814/848 750/674/730
f 750/674/730 745/814/848 749/816/851
f 745/814/849 744/813/850 749/816/852
f 749/816/852 744/813/850 748/815/853
f 744/813/850 743/635/695 748/815/853
f 748/815/853 743/635/695 747/637/697
f 750/674/730 749/816/851 754/676/731
f 754/676/731 749/816/851 753/818/854
f 749/816/852 748/815/853 753/818/855
f 753/818/855 748/815/853 752/817/856
f 748/815/853 747/637/697 752/817/857
f 752/817/857 747/637/697 751/639/699
f 754/676/731 753/818/854 758/678/732
f 758/678/732 753/818/854 757/820/858
f 753/818/855 752/817/856 757/820/859
f 757/820/859 752/817/856 756/819/860
f 752/817/857 751/639/699 756/819/860
f 756/819/860 751/639/699 755/641/701
f 758/678/732 757/820/858 762/680/733
f 762/680/733 757/820/858 761/822/861
f 757/820/859 756/819/860 761/822/862
f 761/822/862 756/819/860 760/821/863
f 756/819/860 755/641/701 760/821/863
f 760/821/863 755/641/701 759/643/703
f 762/680/733 761/822/861 766/682/734
f 766/682/734 761/822/861 765/824/864
f 761/822/862 760/821/863 765/824/864
f 765/824/864 760/821/863 764/823/865
f 760/821/863 759/643/703 764/823/865
f 764/823/865 759/643/703 763/645/705
f 765/824/864 769/826/866 766/682/734
f 766/682/734 769/826/866 770/684/735
f 764/823/865 768/825/867 765/824/864
f 765/824/864 768/825/867 769/826/866
f 763/645/705 767/647/707 764/823/865
f 764/823/865 767/647/707 768/825/868
f 770/684/735 769/826/866 774/686/736
f 774/686/736 769/826/866 773/828/869
f 769/826/866 768/825/867 773/828/869
f 773/828/869 768/825/867 772/827/870
f 768/825/868 767/647/707 772/827/871
f 772/827/871 767/647/707 771/649/709
f 774/686/736 773/828/869 778/688/737
f 778/688/737 773/828/869 777/830/872
f 773/828/869 772/827/870 777/830/873
f 777/830/873 772/827/870 776/829/874
f 772/827/871 771/649/709 776/829/874
f 776/829/874 771/649/709 775/651/711
f 778/688/737 777/830/872 782/690/738
f 782/690/738 777/830/872 781/832/875
f 777/830/873 776/829/874 781/832/876
f 781/832/876 776/829/874 780/831/877
f 776/829/874 775/651/711 780/831/877
f 780/831/877 775/651/711 779/653/713
f 781/832/878 785/834/879 782/690/738
f 782/690/738 785/834/879 786/692/739
f 780/831/877 784/833/880 781/832/876
f 781/832/876 784/833/880 785/834/881
f 779/653/713 783/655/715 780/831/877
f 780/831/877 783/655/715 784/833/880
f 785/834/879 789/836/882 786/692/739
f 786/692/739 789/836/882 790/694/740
f 784/833/880 788/835/883 785/834/881
f 785/834/881 788/835/883 789/836/884
f 783/655/715 787/657/717 784/833/880
f 784/833/880 787/657/717 788/835/883
f 789/836/882 793/838/885 790/694/740
f 790/694/740 793/838/885 794/696/741
f 788/835/883 792/837/886 789/836/884
f 789/836/884 792/837/886 793/838/885
f 787/657/717 791/659/719 788/835/883
f 788/835/883 791/659/719 792/837/886
f 794/696/741 793/838/885 798/698/742
f 798/698/742 793/838/885 797/840/887
f 793/838/885 792/837/886 797/840/887
f 797/840/887 792/837/886 796/839/888
f 792/837/886 791/659/719 796/839/889
f 796/839/889 791/659/719 795/661/721
f 798/698/742 797/840/887 802/700/743
f 802/700/743 797/840/887 801/842/831
f 797/840/887 796/839/888 801/842/835
f 801/842/835 796/839/888 800/841/833
f 796/839/889 795/661/721 800/841/833
f 800/841/833 795/661/721 799/663/723
s 60
f 803/843/890 804/844/891 817/845/892
f 817/845/892 804/844/891 818/846/893
f 804/844/891 805/847/894 818/846/893
f 818/846/893 805/847/894 819/848/895
f 805/847/894 806/849/896 819/848/895
f 819/848/895 806/849/896 820/850/897
f 806/849/896 807/851/898 820/850/897
f 820/850/897 807/851/898 821/852/899
f 807/851/898 808/853/900 821/852/899
f 821/852/899 808/853/900 822/854/901
f 808/853/900 809/855/902 822/854/901
f 822/854/901 809/855/902 823/856/903
f 809/855/902 810/857/904 823/856/903
f 823/856/903 810/857/904 824/858/905
f 810/857/904 811/859/906 824/858/905
f 824/858/905 811/859/906 825/860/907
f 811/859/906 812/861/908 825/860/907
f 825/860/907 812/861/908 826/1006/909
f 812/957/908 813/863/910 826/862/909
f 826/862/909 813/863/910 827/864/911
f 813/863/910 814/865/912 827/864/911
f 827/864/911 814/865/912 828/866/913
f 814/865/912 815/867/914 828/866/913
f 828/866/913 815/867/914 829/868/915
f 815/867/914 816/869/916 829/868/915
f 829/868/915 816/869/916 830/870/917
f 816/869/916 803/843/890 830/870/917
f 830/870/917 803/843/890 817/845/892
f 804/844/891 803/843/890 839/885/918
f 839/885/918 803/843/890 831/886/919
f 839/885/918 831/886/919 840/887/920
f 840/887/920 831/886/919 832/888/921
f 840/887/920 832/888/921 841/889/922
f 841/889/922 832/888/921 833/890/923
f 841/889/922 833/890/923 842/891/924
f 842/891/924 833/890/923 834/892/925
f 842/891/924 834/892/925 843/893/926
f 843/893/926 834/892/925 835/894/927
f 843/893/926 835/894/927 844/895/928
f 844/895/928 835/894/927 836/896/929
f 844/895/928 836/896/929 845/897/930
f 845/897/930 836/896/929 837/898/931
f 845/897/930 837/898/931 846/899/932
f 846/899/932 837/898/931 838/900/933
f 805/847/894 804/844/891 847/901/934
f 847/901/934 804/844/891 839/885/918
f 847/901/934 839/885/918 848/902/935
f 848/902/935 839/885/918 840/887/920
f 848/902/935 840/887/920 849/903/936
f 849/903/936 840/887/920 841/889/922
f 849/903/936 841/889/922 850/904/937
f 850/904/937 841/889/922 842/891/924
f 850/904/937 842/891/924 851/905/938
f 851/905/938 842/891/924 843/893/926
f 851/905/938 843/893/926 852/906/939
f 852/906/939 843/893/926 844/895/928
f 852/906/939 844/895/928 853/907/940
f 853/907/940 844/895/928 845/897/930
f 853/907/940 845/897/930 854/908/941
f 854/908/941 845/897/930 846/899/932
f 806/849/896 805/847/894 855/909/942
f 855/909/942 805/847/894 847/901/934
f 855/909/942 847/901/934 856/910/943
f 856/910/943 847/901/934 848/902/935
f 856/910/943 848/902/935 857/911/944
f 857/911/944 848/902/935 849/903/936
f 857/911/944 849/903/936 858/912/945
f 858/912/945 849/903/936 850/904/937
f 858/912/945 850/904/937 859/913/946
f 859/913/946 850/904/937 851/905/938
f 859/913/946 851/905/938 860/914/947
f 860/914/947 851/905/938 852/906/939
f 860/914/947 852/906/939 861/915/948
f 861/915/948 852/906/939 853/907/940
f 861/915/948 853/907/940 862/916/949
f 862/916/949 853/907/940 854/908/941
f 807/851/898 806/849/896 863/917/950
f 863/917/950 806/849/896 855/909/942
f 855/909/942 856/910/943 863/917/950
f 863/917/950 856/910/943 864/918/951
f 856/910/943 857/911/944 864/918/951
f 864/918/951 857/911/944 865/919/952
f 857/911/944 858/912/945 865/919/952
f 865/919/952 858/912/945 866/920/953
f 858/912/945 859/913/946 866/920/953
f 866/920/953 859/913/946 867/921/954
f 859/913/946 860/914/947 867/921/954
f 867/921/954 860/914/947 868/922/955
f 860/914/947 861/915/948 868/922/955
f 868/922/955 861/915/948 869/923/956
f 861/915/948 862/916/949 869/923/956
f 869/923/956 862/916/949 870/924/957
f 807/851/898 863/917/950 808/853/900
f 808/853/900 863/917/950 871/925/958
f 863/917/950 864/918/951 871/925/958
f 871/925/958 864/918/951 872/926/959
f 864/918/951 865/919/952 872/926/959
f 872/926/959 865/919/952 873/927/960
f 865/919/952 866/920/953 873/927/960
f 873/927/960 866/920/953 874/928/961
f 866/920/953 867/921/954 874/928/961
f 874/928/961 867/921/954 875/929/962
f 867/921/954 868/922/955 875/929/962
f 875/929/962 868/922/955 876/930/963
f 868/922/955 869/923/956 876/930/963
f 876/930/963 869/923/956 877/931/964
f 869/923/956 870/924/957 877/931/964
f 877/931/964 870/924/957 878/932/965
f 808/853/900 871/925/958 809/855/902
f 809/855/902 871/925/958 879/933/966
f 871/925/958 872/926/959 879/933/966
f 879/933/966 872/926/959 880/934/967
f 872/926/959 873/927/960 880/934/967
f 880/934/967 873/927/960 881/935/968
f 873/927/960 874/928/961 881/935/968
f 881/935/968 874/928/961 882/936/969
f 874/928/961 875/929/962 882/936/969
f 882/936/969 875/929/962 883/937/970
f 875/929/962 876/930/963 883/937/970
f 883/937/970 876/930/963 884/938/971
f 876/930/963 877/931/964 884/938/971
f 884/938/971 877/931/964 885/939/972
f 877/931/964 878/932/965 885/939/972
f 885/939/972 878/932/965 886/940/973
f 809/855/902 879/933/966 810/857/904
f 810/857/904 879/933/966 887/941/974
f 879/933/966 880/934/967 887/941/974
f 887/941/974 880/934/967 888/942/975
f 880/934/967 881/935/968 888/942/975
f 888/942/975 881/935/968 889/943/976
f 881/935/968 882/936/969 889/943/976
f 889/943/976 882/936/969 890/944/977
f 882/936/969 883/937/970 890/944/977
f 890/944/977 883/937/970 891/945/978
f 883/937/970 884/938/971 891/945/978
f 891/945/978 884/938/971 892/946/979
f 884/938/971 885/939/972 892/946/979
f 892/946/979 885/939/972 893/947/980
f 885/939/972 886/940/973 893/947/980
f 893/947/980 886/940/973 894/948/981
f 810/857/904 887/941/974 811/859/906
f 811/859/906 887/941/974 895/949/982
f 887/941/974 888/942/975 895/949/982
f 895/949/982 888/942/975 896/950/983
f 888/942/975 889/943/976 896/950/983
f 896/950/983 889/943/976 897/951/984
f 889/943/976 890/944/977 897/951/984
f 897/951/984 890/944/977 898/952/985
f 890/944/977 891/945/978 898/952/985
f 898/952/985 891/945/978 899/953/986
f 891/945/978 892/946/979 899/953/986
f 899/953/986 892/946/979 900/954/987
f 892/946/979 893/947/980 900/954/987
f 900/954/987 893/947/980 901/955/988
f 893/947/980 894/948/981 901/955/988
f 901/955/988 894/948/981 902/956/989
f 812/861/908 811/859/906 903/1005/990
f 903/1005/990 811/859/906 895/949/982
f 895/949/982 896/950/983 903/1005/990
f 903/1005/990 896/950/983 904/1004/991
f 896/950/983 897/951/984 904/1004/991
f 904/1004/991 897/951/984 905/1003/992
f 897/951/984 898/952/985 905/1003/992
f 905/1003/992 898/952/985 906/1002/993
f 898/952/985 899/953/986 906/1002/993
f 906/1002/993 899/953/986 907/1001/994
f 899/953/986 900/954/987 907/1001/994
f 907/1001/994 900/954/987 908/1000/995
f 900/954/987 901/955/988 908/1000/995
f 908/1000/995 901/955/988 909/999/996
f 901/955/988 902/956/989 909/999/996
f 909/999/996 902/956/989 910/998/997
f 813/863/910 812/957/908 911/966/998
f 911/966/998 812/957/908 903/958/990
f 911/966/998 903/958/990 912/967/999
f 912/967/999 903/958/990 904/959/991
f 912/967/999 904/959/991 913/968/1000
f 913/968/1000 904/959/991 905/960/992
f 913/968/1000 905/960/992 914/969/1001
f 914/969/1001 905/960/992 906/961/993
f 914/969/1001 906/961/993 915/970/1002
f 915/970/1002 906/961/993 907/962/994
f 915/970/1002 907/962/994 916/971/1003
f 916/971/1003 907/962/994 908/963/995
f 916/971/1003 908/963/995 917/972/1004
f 917/972/1004 908/963/995 909/964/996
f 917/972/1004 909/964/996 918/973/1005
f 918/973/1005 909/964/996 910/965/997
f 814/865/912 813/863/910 919/974/1006
f 919/974/1006 813/863/910 911/966/998
f 919/974/1006 911/966/998 920/975/1007
f 920/975/1007 911/966/998 912/967/999
f 920/975/1007 912/967/999 921/976/1008
f 921/976/1008 912/967/999 913/968/1000
f 921/976/1008 913/968/1000 922/977/1009
f 922/977/1009 913/968/1000 914/969/1001
f 922/977/1009 914/969/1001 923/978/1010
f 923/978/1010 914/969/1001 915/970/1002
f 923/978/1010 915/970/1002 924/979/1011
f 924/979/1011 915/970/1002 916/971/1003
f 924/979/1011 916/971/1003 925/980/1012
f 925/980/1012 916/971/1003 917/972/1004
f 925/980/1012 917/972/1004 926/981/1013
f 926/981/1013 917/972/1004 918/973/1005
f 815/867/914 814/865/912 927/982/1014
f 927/982/1014 814/865/912 919/974/1006
f 927/982/1014 919/974/1006 928/983/1015
f 928/983/1015 919/974/1006 920/975/1007
f 928/983/1015 920/975/1007 929/984/1016
f 929/984/1016 920/975/1007 921/976/1008
f 929/984/1016 921/976/1008 930/985/1017
f 930/985/1017 921/976/1008 922/977/1009
f 930/985/1017 922/977/1009 931/986/1018
f 931/986/1018 922/977/1009 923/978/1010
f 931/986/1018 923/978/1010 932/987/1019
f 932/987/1019 923/978/1010 924/979/1011
f 932/987/1019 924/979/1011 933/988/1020
f 933/988/1020 924/979/1011 925/980/1012
f 933/988/1020 925/980/1012 934/989/1021
f 934/989/1021 925/980/1012 926/981/1013
f 816/869/916 815/867/914 935/990/1022
f 935/990/1022 815/867/914 927/982/1014
f 935/990/1022 927/982/1014 936/991/1023
f 936/991/1023 927/982/1014 928/983/1015
f 936/991/1023 928/983/1015 937/992/1024
f 937/992/1024 928/983/1015 929/984/1016
f 937/992/1024 929/984/1016 938/993/1025
f 938/993/1025 929/984/1016 930/985/1017
f 938/993/1025 930/985/1017 939/994/1026
f 939/994/1026 930/985/1017 931/986/1018
f 939/994/1026 931/986/1018 940/995/1027
f 940/995/1027 931/986/1018 932/987/1019
f 940/995/1027 932/987/1019 941/996/1028
f 941/996/1028 932/987/1019 933/988/1020
f 941/996/1028 933/988/1020 942/997/1029
f 942/997/1029 933/988/1020 934/989/1021
f 803/843/890 816/869/916 831/886/919
f 831/886/919 816/869/916 935/990/1022
f 831/886/919 935/990/1022 832/888/921
f 832/888/921 935/990/1022 936/991/1023
f 832/888/921 936/991/1023 833/890/923
f 833/890/923 936/991/1023 937/992/1024
f 833/890/923 937/992/1024 834/892/925
f 834/892/925 937/992/1024 938/993/1025
f 834/892/925 938/993/1025 835/894/927
f 835/894/927 938/993/1025 939/994/1026
f 835/894/927 939/994/1026 836/896/929
f 836/896/929 939/994/1026 940/995/1027
f 836/896/929 940/995/1027 837/898/931
f 837/898/931 940/995/1027 941/996/1028
f 837/898/931 941/996/1028 838/900/933
f 838/900/933 941/996/1028 942/997/1029
f 838/900/933 943/872/1030 846/899/932
f 846/899/932 943/872/1030 944/871/1031
f 846/899/932 944/871/1031 854/908/941
f 854/908/941 944/871/1031 945/873/1032
f 862/916/949 854/908/941 946/874/1033
f 946/874/1033 854/908/941 945/873/1032
f 870/924/957 862/916/949 947/875/1034
f 947/875/1034 862/916/949 946/874/1033
f 878/932/965 870/924/957 948/876/1035
f 948/876/1035 870/924/957 947/875/1034
f 886/940/973 878/932/965 949/877/1036
f 949/877/1036 878/932/965 948/876/1035
f 894/948/981 886/940/973 950/878/1037
f 950/878/1037 886/940/973 949/877/1036
f 902/956/989 894/948/981 951/879/1038
f 951/879/1038 894/948/981 950/878/1037
f 910/998/997 902/956/989 952/1044/1039
f 952/880/1039 902/956/989 951/879/1038
f 918/973/1005 910/965/997 953/881/1040
f 953/881/1040 910/965/997 952/1045/1039
f 918/973/1005 953/881/1040 926/981/1013
f 926/981/1013 953/881/1040 954/882/1041
f 926/981/1013 954/882/1041 934/989/1021
f 934/989/1021 954/882/1041 955/883/1042
f 934/989/1021 955/883/1042 942/997/1029
f 942/997/1029 955/883/1042 956/884/1043
f 942/997/1029 956/884/1043 838/900/933
f 838/900/933 956/884/1043 943/872/1030
