# This file uses meters as units for non-parametric coordinates.

mtllib Mug.mtl
g default
v -1.968271 18.442766 -6.234058
v -6.138969 18.108257 -1.903770
v 0.029581 18.292858 6.553677
v -1.727448 18.442766 -5.661865
v -5.524697 18.108257 -1.800948
v -0.029580 18.292858 5.824230
v -2.162025 9.361866 -6.654029
v 0.000000 9.361866 -6.996457
v 2.162024 9.361866 -6.654026
v 4.112415 9.361866 -5.660253
v 5.660253 9.361866 -4.112415
v 6.654026 9.361866 -2.162024
v 6.996457 9.361866 0.000000
v 6.654026 9.361866 2.162024
v 5.660253 9.361866 4.112415
v 4.112415 9.361866 5.660253
v 2.162024 9.361866 6.654026
v 0.000000 9.361866 6.996458
v -2.162024 9.361866 6.654026
v -4.112415 9.361866 5.660255
v -5.660255 9.361866 4.112415
v -6.654029 9.361866 2.162024
v -6.996460 9.361866 -0.000000
v -6.654029 9.361866 -2.162025
v -5.660255 9.361866 -4.112417
v -4.112417 9.361866 -5.660255
v -2.039214 17.787544 -6.276055
v 0.000000 17.787544 -6.599030
v 2.039213 17.787544 -6.276052
v 3.878813 17.787544 -5.338728
v 5.338728 17.787544 -3.878813
v 6.276052 17.787544 -2.039213
v 6.599030 17.787544 0.000000
v 6.276052 17.787544 2.039213
v 5.338729 17.787544 3.878814
v 3.878814 17.787544 5.338729
v 2.039213 17.787544 6.276053
v 0.000000 17.787544 6.599031
v -2.039213 17.787544 6.276053
v -3.878814 17.787544 5.338729
v -5.338730 17.787544 3.878814
v -6.276054 17.787544 2.039214
v -6.599034 17.787544 -0.000000
v -6.276055 17.787544 -2.039214
v -5.338732 17.787544 -3.878816
v -3.878816 17.787544 -5.338732
v -2.063776 16.102409 -6.351650
v 0.000000 16.102409 -6.678515
v 2.063776 16.102409 -6.351645
v 3.925533 16.102409 -5.403033
v 5.403033 16.102409 -3.925533
v 6.351647 16.102409 -2.063775
v 6.678515 16.102409 0.000000
v 6.351647 16.102409 2.063776
v 5.403034 16.102409 3.925534
v 3.925534 16.102409 5.403034
v 2.063776 16.102409 6.351647
v 0.000000 16.102409 6.678517
v -2.063776 16.102409 6.351647
v -3.925534 16.102409 5.403034
v -5.403035 16.102409 3.925534
v -6.351649 16.102409 2.063776
v -6.678519 16.102409 -0.000000
v -6.351650 16.102409 -2.063776
v -5.403035 16.102409 -3.925535
v -3.925535 16.102409 -5.403037
v -2.284836 0.936187 -7.032005
v 0.000000 0.936187 -7.393881
v 2.284835 0.936187 -7.032000
v 4.346015 0.936187 -5.981778
v 5.981778 0.936187 -4.346015
v 7.032000 0.936187 -2.284835
v 7.393881 0.936187 0.000000
v 7.032000 0.936187 2.284836
v 5.981778 0.936187 4.346015
v 4.346015 0.936187 5.981778
v 2.284836 0.936187 7.032000
v 0.000000 0.936187 7.393885
v -2.284836 0.936187 7.032000
v -4.346015 0.936187 5.981778
v -5.981778 0.936187 4.346015
v -7.032001 0.936187 2.284836
v -7.393885 0.936187 -0.000000
v -7.032002 0.936187 -2.284836
v -5.981780 0.936187 -4.346018
v -4.346018 0.936187 -5.981780
v -2.260274 2.621323 -6.956409
v 0.000000 2.621323 -7.314397
v 2.260273 2.621323 -6.956405
v 4.299295 2.621323 -5.917473
v 5.917473 2.621323 -4.299294
v 6.956405 2.621323 -2.260273
v 7.314397 2.621323 0.000000
v 6.956406 2.621323 2.260273
v 5.917473 2.621323 4.299295
v 4.299295 2.621323 5.917473
v 2.260273 2.621323 6.956406
v 0.000000 2.621323 7.314397
v -2.260273 2.621323 6.956406
v -4.299295 2.621323 5.917473
v -5.917473 2.621323 4.299295
v -6.956408 2.621323 2.260273
v -7.314400 2.621323 -0.000000
v -6.956408 2.621323 -2.260274
v -5.917475 2.621323 -4.299296
v -4.299296 2.621323 -5.917475
v -2.122290 16.150108 -6.531739
v 0.000000 16.148283 -6.867871
v -2.097728 17.740623 -6.456143
v 0.000000 17.742214 -6.788386
v 2.122289 16.129616 -6.531734
v 2.097727 17.706690 -6.456141
v 4.036834 16.055294 -5.556224
v 3.990114 17.796478 -5.491920
v 5.556224 16.150063 -4.036834
v 5.491920 17.796478 -3.990114
v 6.531735 16.111341 -2.122289
v 6.456141 17.723301 -2.097727
v 6.867871 16.130737 0.000000
v 6.788386 17.796478 0.000000
v 6.531735 16.072535 2.122289
v 6.456141 17.796478 2.097727
v 5.556227 16.037174 4.036834
v 5.491922 17.758881 3.990114
v 4.036834 16.073549 5.556227
v 3.990114 17.796478 5.491922
v 2.122289 16.150541 6.531735
v 2.097727 17.796478 6.456141
v 0.000000 16.043240 6.867873
v 0.000000 17.796478 6.788389
v -2.122289 16.168806 6.531735
v -2.097727 17.796478 6.456141
v -4.036834 16.111341 5.556227
v -3.990114 17.796478 5.491922
v -5.556227 16.111341 4.036834
v -5.491922 17.796478 3.990114
v -6.531737 16.111341 2.122290
v -6.456142 17.723072 2.097728
v -6.867875 16.111341 0.000000
v -6.788390 17.796478 0.000000
v -6.531737 16.074896 -2.122290
v -6.456142 17.796478 -2.097728
v -5.556230 16.111341 -4.036836
v -5.491925 17.760109 -3.990116
v -4.036836 16.050228 -5.556230
v -3.990116 17.758602 -5.491925
v -2.343350 0.945118 -7.212092
v 0.000000 0.967985 -7.583237
v -2.318788 2.630254 -7.136497
v 0.000000 2.519175 -7.503751
v 2.343349 1.010100 -7.212087
v 2.318787 2.630254 -7.136492
v 4.457316 0.987022 -6.134969
v 4.410596 2.585088 -6.070664
v 6.134969 0.986798 -4.457315
v 6.070664 2.587527 -4.410595
v 7.212087 1.069475 -2.343349
v 7.136493 2.609131 -2.318787
v 7.583237 0.945118 0.000000
v 7.503755 2.630254 0.000000
v 7.212088 0.945118 2.343349
v 7.136493 2.630254 2.318787
v 6.134969 0.945118 4.457316
v 6.070664 2.630254 4.410596
v 4.457316 0.945118 6.134969
v 4.410596 2.630254 6.070664
v 2.343350 0.945118 7.212088
v 2.318787 2.630254 7.136493
v 0.000000 0.995640 7.583237
v 0.000000 2.630254 7.503752
v -2.343350 0.996773 7.212088
v -2.318787 2.630254 7.136493
v -4.457316 1.057328 6.134969
v -4.410596 2.630254 6.070664
v -6.134969 1.002357 4.457316
v -6.070666 2.542656 4.410596
v -7.212088 0.974074 2.343350
v -7.136495 2.630254 2.318788
v -7.583242 0.945118 -0.000000
v -7.503756 2.600295 -0.000000
v -7.212090 0.972220 -2.343351
v -7.136497 2.547619 -2.318788
v -6.134971 0.865240 -4.457317
v -6.070667 2.630254 -4.410597
v -4.457317 1.016861 -6.134971
v -4.410597 2.532640 -6.070667
v -2.077675 1.160872 -6.394427
v -3.951973 1.160872 -5.439425
v -0.000000 1.160872 0.000000
v -5.439422 1.160872 -3.951973
v -6.394427 1.160872 -2.077676
v -6.723495 1.160872 0.000000
v -6.394425 1.160872 2.077675
v -5.439425 1.160872 3.951973
v -3.951973 1.160872 5.439422
v -2.077675 1.160872 6.394424
v -0.000000 1.160872 6.723495
v 2.077677 1.160871 6.394424
v 3.951973 1.160871 5.439419
v 5.439421 1.160872 3.951970
v 6.394427 1.160871 2.077675
v 6.723495 1.160871 -0.000000
v 6.394423 1.160872 -2.077675
v 5.439421 1.160872 -3.951972
v 3.951973 1.160872 -5.439421
v 2.077675 1.160871 -6.394423
v 0.000001 1.160871 -6.723493
v -1.938546 9.942302 -5.966233
v 0.000001 9.942302 -6.273261
v 1.938546 9.942302 -5.966228
v 3.687334 9.942302 -5.075176
v 5.075176 9.942302 -3.687332
v 5.966228 9.942302 -1.938546
v 6.273263 9.942302 -0.000000
v 5.966230 9.942302 1.938546
v 5.075176 9.942302 3.687331
v 3.687334 9.942302 5.075175
v 1.938547 9.942302 5.966230
v 0.000000 9.942302 6.273263
v -1.938546 9.942302 5.966230
v -3.687332 9.942302 5.075177
v -5.075178 9.942302 3.687334
v -5.966230 9.942302 1.938546
v -6.273263 9.942302 -0.000000
v -5.966233 9.942302 -1.938547
v -5.075177 9.942302 -3.687334
v -3.687334 9.942302 -5.075180
v -1.813330 17.845589 -5.580855
v 0.000000 17.845589 -5.868053
v 1.813330 17.845589 -5.580851
v 3.449157 17.845589 -4.747355
v 4.747355 17.845589 -3.449156
v 5.580853 17.845589 -1.813329
v 5.868055 17.845589 -0.000000
v 5.580853 17.845589 1.813329
v 4.747355 17.845589 3.449155
v 3.449157 17.845589 4.747355
v 1.813331 17.845589 5.580853
v 0.000000 17.845589 5.868055
v -1.813329 17.845589 5.580853
v -3.449155 17.845589 4.747355
v -4.747356 17.845589 3.449157
v -5.580854 17.845589 1.813329
v -5.868055 17.845589 -0.000000
v -5.580855 17.845589 -1.813331
v -4.747356 17.845589 -3.449158
v -3.449158 17.845589 -4.747359
v -3.857626 18.551817 -5.309568
v -3.841660 18.638390 -5.287591
v -3.802645 18.700958 -5.233894
v -3.750439 18.723732 -5.162039
v -5.162037 18.723732 -3.750440
v -5.233892 18.700958 -3.802645
v -5.287591 18.638390 -3.841660
v -5.309566 18.551817 -3.857626
v -5.938323 18.723732 -2.226894
v -6.045058 18.701488 -2.213375
v -6.126930 18.639824 -2.195541
v -6.165762 18.551817 -2.177248
v -6.160171 18.612606 -2.155571
v -6.562984 18.551817 -0.000000
v -6.535820 18.638390 -0.000000
v -6.469445 18.700958 -0.000000
v -6.380628 18.723732 -0.000000
v -6.068339 18.723732 1.971723
v -6.152809 18.700958 1.999169
v -6.215933 18.638390 2.019680
v -6.241769 18.551815 2.028074
v -5.162037 18.723732 3.750439
v -5.233892 18.700958 3.802645
v -5.287590 18.638390 3.841659
v -5.309566 18.551815 3.857625
v -3.750438 18.723732 5.162036
v -3.802645 18.700958 5.233891
v -3.841658 18.638390 5.287589
v -3.857625 18.551817 5.309565
v -1.971722 18.723732 6.068336
v -1.999168 18.700958 6.152807
v -2.019680 18.638390 6.215933
v -2.028073 18.551817 6.241767
v -0.240015 18.723732 6.342612
v -0.216112 18.701334 6.436104
v -0.189170 18.639320 6.506208
v -0.165360 18.551815 6.536793
v -0.143626 18.614349 6.530633
v 2.028073 18.551817 6.241767
v 2.019680 18.638390 6.215933
v 1.999168 18.700958 6.152807
v 1.971722 18.723732 6.068336
v 3.750438 18.723732 5.162036
v 3.802645 18.700958 5.233891
v 3.841658 18.638390 5.287589
v 3.857625 18.551817 5.309565
v 5.162035 18.723732 3.750438
v 5.233890 18.700958 3.802645
v 5.287589 18.638390 3.841658
v 5.309564 18.551817 3.857625
v 6.068336 18.723732 1.971722
v 6.152807 18.700958 1.999168
v 6.215931 18.638390 2.019680
v 6.241767 18.551815 2.028073
v 6.380625 18.723732 0.000000
v 6.469444 18.700958 0.000000
v 6.535817 18.638390 0.000000
v 6.562982 18.551815 0.000000
v 6.068336 18.723732 -1.971721
v 6.152807 18.700958 -1.999168
v 6.215931 18.638390 -2.019678
v 6.241767 18.551817 -2.028073
v 5.162035 18.723732 -3.750437
v 5.233890 18.700958 -3.802643
v 5.287587 18.638390 -3.841657
v 5.309564 18.551817 -3.857624
v 3.750438 18.723732 -5.162035
v 3.802645 18.700958 -5.233890
v 3.841658 18.638390 -5.287587
v 3.857625 18.551815 -5.309564
v 1.971722 18.723732 -6.068335
v 1.999168 18.700958 -6.152806
v 2.019680 18.638390 -6.215931
v 2.028073 18.551817 -6.241766
v -0.000000 18.723732 -6.380625
v -0.000000 18.700958 -6.469444
v -0.000000 18.638390 -6.535817
v 0.000000 18.551815 -6.562982
v -1.531993 18.551815 -6.320342
v -1.527458 18.667801 -6.311145
v -1.380206 18.723732 -6.162026
v -1.414276 18.701130 -6.245852
v -1.469377 18.638683 -6.303204
v -3.530225 18.723732 -4.858937
v -3.477631 18.699245 -4.786549
v -3.440027 18.632769 -4.734791
v -3.428132 18.543274 -4.718420
v -4.858936 18.723732 -3.530225
v -4.786547 18.699245 -3.477631
v -4.734789 18.632769 -3.440027
v -4.718418 18.543274 -3.428132
v -5.349695 18.543274 -2.189185
v -5.352692 18.628254 -2.232106
v -5.411216 18.697308 -2.261837
v -5.502645 18.723732 -2.266877
v -5.325626 18.630095 -2.212545
v -6.005972 18.723732 -0.000000
v -5.916497 18.699245 -0.000000
v -5.852520 18.632769 -0.000000
v -5.832283 18.543274 -0.000000
v -5.712023 18.723732 1.855949
v -5.626924 18.699245 1.828299
v -5.566080 18.632769 1.808529
v -5.546833 18.543274 1.802276
v -4.858935 18.723732 3.530224
v -4.786546 18.699245 3.477630
v -4.734788 18.632769 3.440026
v -4.718418 18.543274 3.428131
v -3.530221 18.723732 4.858935
v -3.477628 18.699245 4.786546
v -3.440024 18.632769 4.734788
v -3.428129 18.543274 4.718416
v -1.855949 18.723732 5.712021
v -1.828299 18.699245 5.626923
v -1.808529 18.632769 5.566080
v -1.802276 18.543274 5.546832
v -0.285927 18.543274 5.786998
v -0.316258 18.630760 5.803401
v -0.329223 18.698376 5.866469
v -0.320555 18.723732 5.955204
v -0.284573 18.625492 5.779301
v 1.855949 18.723732 5.712021
v 1.828300 18.699245 5.626923
v 1.808530 18.632769 5.566080
v 1.802276 18.543274 5.546832
v 3.530224 18.723732 4.858933
v 3.477630 18.699245 4.786545
v 3.440026 18.632769 4.734787
v 3.428131 18.543274 4.718415
v 4.858935 18.723732 3.530221
v 4.786546 18.699245 3.477628
v 4.734788 18.632769 3.440024
v 4.718416 18.543274 3.428129
v 5.712021 18.723732 1.855949
v 5.626923 18.699245 1.828299
v 5.566080 18.632769 1.808529
v 5.546832 18.543274 1.802276
v 6.005972 18.723732 -0.000000
v 5.916497 18.699245 -0.000000
v 5.852520 18.632769 -0.000000
v 5.832283 18.543274 -0.000000
v 5.712021 18.723732 -1.855949
v 5.626923 18.699245 -1.828299
v 5.566080 18.632769 -1.808529
v 5.546832 18.543274 -1.802276
v 4.858935 18.723732 -3.530223
v 4.786546 18.699245 -3.477629
v 4.734788 18.632769 -3.440025
v 4.718416 18.543274 -3.428131
v 3.530224 18.723732 -4.858935
v 3.477630 18.699245 -4.786546
v 3.440026 18.632769 -4.734788
v 3.428131 18.543274 -4.718416
v 1.855949 18.723732 -5.712021
v 1.828299 18.699245 -5.626922
v 1.808529 18.632769 -5.566077
v 1.802276 18.543274 -5.546831
v 0.000001 18.723732 -6.005972
v 0.000001 18.699245 -5.916494
v 0.000000 18.632769 -5.852520
v 0.000000 18.543274 -5.832283
v -1.299164 18.723732 -5.800208
v -1.365937 18.661810 -5.604691
v -1.373385 18.543274 -5.614763
v -1.322555 18.632446 -5.643208
v -1.295200 18.699053 -5.711831
v 0.394345 18.723732 6.318170
v 0.323809 18.630445 6.504344
v 0.330721 18.551815 6.510603
v 0.366939 18.638786 6.477852
v 0.390025 18.701151 6.408126
v 0.285928 18.543274 5.786998
v 0.276819 18.631836 5.778446
v 0.371190 18.723732 5.947182
v 0.355491 18.699028 5.860724
v 0.323969 18.632324 5.801422
v -5.808228 18.723732 -1.248531
v -5.713662 18.699993 -1.269094
v -5.643531 18.634453 -1.314433
v -5.614763 18.543274 -1.373386
v -5.608631 18.630924 -1.341223
v -6.346533 18.551817 -1.366632
v -6.330135 18.636341 -1.293696
v -6.270479 18.699970 -1.241625
v -6.186469 18.723732 -1.225877
v -6.347153 18.642206 -1.308186
v -2.149595 18.723732 -5.977710
v -2.129884 18.631945 -6.171370
v -2.177248 18.551815 -6.165764
v -2.185211 18.638706 -6.131727
v -2.175180 18.701097 -6.063494
v -1.931246 18.543274 -5.481122
v -1.887058 18.628185 -5.483452
v -2.023377 18.723732 -5.626716
v -1.988770 18.699091 -5.545584
v -1.954726 18.632420 -5.491777
v -2.041860 0.410264 -6.284200
v -3.883849 0.410264 -5.345660
v 0.000000 0.410265 0.000000
v -5.345657 0.410264 -3.883849
v -6.284198 0.410264 -2.041862
v -6.607594 0.410264 -0.000000
v -6.284198 0.410264 2.041860
v -5.345657 0.410264 3.883849
v -3.883846 0.410264 5.345657
v -2.041859 0.410264 6.284196
v 0.000001 0.410264 6.607594
v 2.041861 0.410264 6.284196
v 3.883849 0.410264 5.345657
v 5.345657 0.410264 3.883846
v 6.284196 0.410264 2.041859
v 6.607594 0.410264 -0.000000
v 6.284196 0.410264 -2.041860
v 5.345657 0.410264 -3.883847
v 3.883847 0.410264 -5.345657
v 2.041861 0.410264 -6.284195
v 0.000001 0.410264 -6.607593
v -2.079443 0.000000 -6.399869
v -2.052868 0.035183 -6.318078
v -2.041860 0.120124 -6.284200
v -3.955337 0.000000 -5.444055
v -3.904788 0.035183 -5.374479
v -3.883849 0.120124 -5.345660
v -5.444052 0.000000 -3.955337
v -5.374476 0.035183 -3.904788
v -5.345657 0.120124 -3.883849
v -6.399867 0.000000 -2.079445
v -6.318077 0.035183 -2.052869
v -6.284198 0.120124 -2.041862
v -6.729217 0.000000 -0.000000
v -6.643217 0.035183 -0.000000
v -6.607594 0.120124 -0.000000
v -6.399867 0.000000 2.079444
v -6.318077 0.035183 2.052868
v -6.284198 0.120124 2.041860
v -5.444052 0.000000 3.955337
v -5.374476 0.035183 3.904788
v -5.345657 0.120124 3.883849
v -3.955334 0.000000 5.444052
v -3.904785 0.035183 5.374476
v -3.883846 0.120124 5.345657
v -2.079443 0.000000 6.399866
v -2.052867 0.035183 6.318075
v -2.041859 0.120124 6.284196
v 0.000001 0.000000 6.729216
v 0.000001 0.035183 6.643216
v 0.000001 0.120124 6.607594
v 2.079444 0.000000 6.399866
v 2.052869 0.035183 6.318075
v 2.041861 0.120124 6.284196
v 3.955337 0.000000 5.444052
v 3.904788 0.035183 5.374476
v 3.883849 0.120124 5.345657
v 5.444052 0.000000 3.955334
v 5.374476 0.035183 3.904785
v 5.345657 0.120124 3.883846
v 6.399866 0.000000 2.079443
v 6.318075 0.035183 2.052867
v 6.284196 0.120124 2.041859
v 6.729216 0.000000 -0.000000
v 6.643216 0.035183 -0.000000
v 6.607594 0.120124 -0.000000
v 6.399866 0.000000 -2.079443
v 6.318075 0.035183 -2.052868
v 6.284196 0.120124 -2.041860
v 5.444052 0.000000 -3.955335
v 5.374476 0.035183 -3.904785
v 5.345657 0.120124 -3.883847
v 3.955335 0.000000 -5.444052
v 3.904785 0.035183 -5.374476
v 3.883847 0.120124 -5.345657
v 2.079444 0.000000 -6.399865
v 2.052869 0.035183 -6.318073
v 2.041861 0.120124 -6.284195
v 0.000001 0.000000 -6.729214
v 0.000001 0.035183 -6.643214
v 0.000001 0.120124 -6.607593
v -2.259993 0.000000 -6.955544
v -2.286566 0.036352 -7.037329
v -2.296691 0.122888 -7.068489
v -4.298762 0.000000 -5.916738
v -4.349308 0.036352 -5.986310
v -4.368566 0.122888 -6.012815
v -5.916738 0.000000 -4.298762
v -5.986309 0.036352 -4.349308
v -6.012815 0.122888 -4.368566
v -6.955543 0.000000 -2.259993
v -7.037327 0.036352 -2.286566
v -7.068487 0.122888 -2.296691
v -7.313489 0.000000 -0.000000
v -7.399484 0.036352 -0.000000
v -7.432247 0.122888 -0.000000
v -6.955543 0.000000 2.259992
v -7.037327 0.036352 2.286566
v -7.068487 0.122888 2.296691
v -5.916737 0.000000 4.298760
v -5.986308 0.036352 4.349307
v -6.012814 0.122888 4.368564
v -4.298760 0.000000 5.916737
v -4.349307 0.036352 5.986308
v -4.368564 0.122888 6.012814
v -2.259992 0.000000 6.955540
v -2.286566 0.036352 7.037325
v -2.296691 0.122888 7.068485
v 0.000000 0.000000 7.313488
v 0.000000 0.036352 7.399483
v 0.000000 0.122888 7.432245
v 2.259992 0.000000 6.955540
v 2.286566 0.036352 7.037325
v 2.296691 0.122888 7.068485
v 4.298760 0.000000 5.916737
v 4.349307 0.036352 5.986308
v 4.368564 0.122888 6.012814
v 5.916734 0.000000 4.298760
v 5.986306 0.036352 4.349307
v 6.012812 0.122888 4.368564
v 6.955540 0.000000 2.259992
v 7.037325 0.036352 2.286566
v 7.068485 0.122888 2.296691
v 7.313488 0.000000 0.000000
v 7.399483 0.036352 0.000000
v 7.432245 0.122888 0.000000
v 6.955539 0.000000 -2.259992
v 7.037324 0.036352 -2.286565
v 7.068484 0.122888 -2.296690
v 5.916734 0.000000 -4.298759
v 5.986306 0.036352 -4.349306
v 6.012812 0.122888 -4.368563
v 4.298760 0.000000 -5.916734
v 4.349307 0.036352 -5.986306
v 4.368564 0.122888 -6.012812
v 2.259992 0.000000 -6.955539
v 2.286565 0.036352 -7.037324
v 2.296690 0.122888 -7.068484
v 0.000000 0.000000 -7.313487
v 0.000000 0.036352 -7.399480
v 0.000000 0.122888 -7.432244
v 6.839484 16.068104 0.897833
v 6.838135 16.054722 0.948030
v 6.834448 16.018160 0.984776
v 6.829415 15.968216 0.998227
v 6.264344 16.025181 0.998227
v 6.269378 16.075123 0.984776
v 6.273064 16.111685 0.948030
v 6.274412 16.125067 0.897833
v 6.829415 15.968216 -0.998227
v 6.834448 16.018160 -0.984776
v 6.838135 16.054722 -0.948030
v 6.839484 16.068104 -0.897833
v 6.264344 16.025181 -0.998227
v 6.274412 16.125067 -0.897833
v 6.273064 16.111685 -0.948030
v 6.269378 16.075123 -0.984776
v 6.703315 14.717321 0.998227
v 6.698280 14.667377 0.984776
v 6.694596 14.630816 0.948030
v 6.693246 14.617433 0.897833
v 6.129525 14.687780 0.948030
v 6.133209 14.724340 0.984776
v 6.138245 14.774284 0.998227
v 6.128174 14.674397 0.897833
v 6.693246 14.617433 -0.897833
v 6.694596 14.630816 -0.948030
v 6.698280 14.667377 -0.984776
v 6.703315 14.717321 -0.998227
v 6.133209 14.724340 -0.984776
v 6.129525 14.687780 -0.948030
v 6.128174 14.674397 -0.897833
v 6.138245 14.774284 -0.998227
v 8.469243 14.438833 0.897833
v 8.471021 14.452173 0.948030
v 8.475883 14.488615 0.984776
v 8.482518 14.538399 0.998227
v 9.981236 14.187246 0.897833
v 9.984655 14.200314 0.948030
v 9.993994 14.236012 0.984776
v 10.006748 14.284777 0.998227
v 11.053275 13.799811 0.897833
v 11.061625 13.811096 0.948030
v 11.084434 13.841927 0.984776
v 11.115591 13.884040 0.998227
v 11.342820 13.413906 0.897833
v 11.358031 13.416045 0.948030
v 11.399584 13.421891 0.984776
v 11.456347 13.429876 0.998227
v 11.232394 12.872758 0.897833
v 11.244438 12.866589 0.948030
v 11.277341 12.849737 0.984776
v 11.322286 12.826718 0.998227
v 10.712822 11.681452 0.897833
v 10.724854 11.675421 0.948030
v 10.757726 11.658941 0.984776
v 10.802629 11.636431 0.998227
v 9.791742 10.283021 0.897834
v 9.802977 10.275623 0.948030
v 9.833667 10.255416 0.984776
v 9.875593 10.227810 0.998227
v 8.638739 8.919641 0.897833
v 8.649613 8.911710 0.948030
v 8.679324 8.890041 0.984776
v 8.719911 8.860439 0.998227
v 7.496243 7.697764 0.897833
v 7.508201 7.691436 0.948030
v 7.540878 7.674151 0.984776
v 7.585513 7.650541 0.998227
v 6.918386 6.507598 0.897833
v 6.931710 6.504725 0.948030
v 6.968107 6.496877 0.984776
v 7.017828 6.486157 0.998227
v 6.861005 5.367359 0.897833
v 6.874561 5.369119 0.948030
v 6.911597 5.373930 0.984776
v 6.962188 5.380503 0.998227
v 7.165357 4.412840 0.897833
v 7.177550 4.418874 0.948030
v 7.210865 4.435360 0.984776
v 7.256371 4.457880 0.998227
v 7.651896 3.717315 0.897833
v 7.662203 3.726047 0.948030
v 7.690359 3.749901 0.984776
v 7.728824 3.782487 0.998227
v 8.107742 3.270413 0.897833
v 8.116588 3.280579 0.948030
v 8.140749 3.308352 0.984776
v 8.173755 3.346289 0.998227
v 8.475392 2.987139 0.897833
v 8.482852 2.998371 0.948030
v 8.503232 3.029056 0.984776
v 8.531071 3.070977 0.998227
v 8.816931 2.793409 0.897833
v 8.822610 2.805653 0.948030
v 8.838120 2.839101 0.984776
v 8.859308 2.884790 0.998227
v 9.144153 2.673048 0.897833
v 9.147935 2.685988 0.948030
v 9.158265 2.721342 0.984776
v 9.172379 2.769634 0.998227
v 9.430859 2.712854 0.948030
v 9.394961 2.720747 0.984776
v 9.345924 2.731523 0.998227
v 9.336138 2.682278 0.984776
v 9.328969 2.646230 0.948029
v 9.326339 2.633038 0.897833
v 9.377858 2.635558 0.897833
v 9.421025 2.663785 0.897833
v 9.443996 2.709966 0.897833
v 8.469243 14.438833 -0.897833
v 8.471021 14.452173 -0.948030
v 8.475883 14.488615 -0.984776
v 8.482518 14.538399 -0.998227
v 9.981236 14.187246 -0.897833
v 9.984655 14.200314 -0.948030
v 9.993994 14.236012 -0.984776
v 10.006748 14.284777 -0.998227
v 11.053275 13.799811 -0.897833
v 11.061625 13.811096 -0.948030
v 11.084434 13.841927 -0.984776
v 11.115591 13.884040 -0.998227
v 11.342820 13.413906 -0.897833
v 11.358031 13.416045 -0.948030
v 11.399584 13.421891 -0.984776
v 11.456347 13.429876 -0.998227
v 11.232394 12.872758 -0.897833
v 11.244438 12.866589 -0.948030
v 11.277341 12.849737 -0.984776
v 11.322286 12.826718 -0.998227
v 10.712822 11.681452 -0.897833
v 10.724854 11.675421 -0.948030
v 10.757726 11.658941 -0.984776
v 10.802629 11.636431 -0.998227
v 9.791742 10.283021 -0.897826
v 9.802977 10.275623 -0.948026
v 9.833672 10.255414 -0.984775
v 9.875600 10.227806 -0.998227
v 8.638739 8.919641 -0.897833
v 8.649613 8.911710 -0.948030
v 8.679324 8.890041 -0.984776
v 8.719911 8.860439 -0.998227
v 7.496243 7.697764 -0.897833
v 7.508201 7.691436 -0.948030
v 7.540878 7.674151 -0.984776
v 7.585513 7.650541 -0.998227
v 6.918386 6.507598 -0.897833
v 6.931710 6.504725 -0.948030
v 6.968107 6.496877 -0.984776
v 7.017828 6.486157 -0.998227
v 6.861005 5.367359 -0.897833
v 6.874561 5.369119 -0.948030
v 6.911597 5.373930 -0.984776
v 6.962188 5.380503 -0.998227
v 7.165357 4.412840 -0.897833
v 7.177550 4.418874 -0.948030
v 7.210865 4.435360 -0.984776
v 7.256371 4.457880 -0.998227
v 7.651896 3.717315 -0.897833
v 7.662203 3.726047 -0.948030
v 7.690359 3.749901 -0.984776
v 7.728824 3.782487 -0.998227
v 8.107742 3.270413 -0.897833
v 8.116588 3.280579 -0.948030
v 8.140749 3.308352 -0.984776
v 8.173755 3.346289 -0.998227
v 8.475392 2.987139 -0.897833
v 8.482852 2.998371 -0.948030
v 8.503232 3.029056 -0.984776
v 8.531071 3.070977 -0.998227
v 8.816931 2.793409 -0.897833
v 8.822610 2.805653 -0.948030
v 8.838120 2.839101 -0.984776
v 8.859308 2.884790 -0.998227
v 9.144153 2.673048 -0.897833
v 9.147935 2.685988 -0.948030
v 9.158265 2.721342 -0.984776
v 9.172379 2.769634 -0.998227
v 9.394961 2.720747 -0.984776
v 9.430859 2.712854 -0.948030
v 9.443996 2.709966 -0.897833
v 9.420895 2.663812 -0.897458
v 9.377365 2.635664 -0.897090
v 9.325359 2.633252 -0.896830
v 9.328281 2.646384 -0.947529
v 9.335809 2.682354 -0.984643
v 9.345924 2.731523 -0.998227
v 8.601951 15.789965 -0.998227
v 8.608540 15.839751 -0.984776
v 8.613364 15.876198 -0.948030
v 8.615131 15.889540 -0.897833
v 10.194614 15.528021 -0.998227
v 10.206892 15.576874 -0.984776
v 10.215878 15.612636 -0.948030
v 10.219166 15.625726 -0.897833
v 11.483041 15.087614 -0.998227
v 11.509360 15.131666 -0.984776
v 11.528627 15.163914 -0.948030
v 11.535681 15.175718 -0.897833
v 12.444828 14.195675 -0.998227
v 12.494148 14.218395 -0.984776
v 12.530252 14.235028 -0.948030
v 12.543469 14.241116 -0.897833
v 12.585449 12.793176 -0.998227
v 12.636142 12.781883 -0.984776
v 12.673252 12.773617 -0.948030
v 12.686831 12.770592 -0.897833
v 11.982110 11.200436 -0.998227
v 12.028325 11.180387 -0.984776
v 12.062158 11.165713 -0.948030
v 12.074543 11.160341 -0.897833
v 10.926025 9.536998 -0.998227
v 10.967762 9.509105 -0.984776
v 10.998317 9.488686 -0.948030
v 11.009498 9.481212 -0.897833
v 9.702069 8.075543 -0.998227
v 9.742701 8.045998 -0.984776
v 9.772443 8.024370 -0.948030
v 9.783329 8.016453 -0.897833
v 8.614156 6.927285 -0.998227
v 8.659286 6.904433 -0.984776
v 8.692324 6.887704 -0.948030
v 8.704415 6.881581 -0.897833
v 8.181442 6.008176 -0.998227
v 8.232127 6.000895 -0.984776
v 8.269231 5.995564 -0.948030
v 8.282811 5.993612 -0.897833
v 8.219849 5.323748 -0.998227
v 8.269389 5.336864 -0.984776
v 8.305654 5.346464 -0.948030
v 8.318930 5.349978 -0.897833
v 8.446812 4.867405 -0.998227
v 8.488911 4.895481 -0.984776
v 8.519730 4.916032 -0.948030
v 8.531011 4.923555 -0.897833
v 8.744496 4.524369 -0.998227
v 8.780416 4.559566 -0.984776
v 8.806712 4.585330 -0.948030
v 8.816338 4.594761 -0.897833
v 9.048734 4.249287 -0.998227
v 9.080452 4.288283 -0.984776
v 9.103672 4.316828 -0.948030
v 9.112171 4.327275 -0.897833
v 9.301863 4.064475 -0.998227
v 9.327708 4.107756 -0.984776
v 9.346630 4.139441 -0.948030
v 9.353557 4.151038 -0.897833
v 9.476583 3.980932 -0.998227
v 9.492825 4.028807 -0.984776
v 9.504717 4.063853 -0.948030
v 9.509068 4.076682 -0.897833
v 9.586690 3.957676 -0.998227
v 9.595469 4.007127 -0.984776
v 9.601892 4.043327 -0.948030
v 9.604244 4.056578 -0.897833
v 9.648475 4.039932 -0.880776
v 9.679499 3.996598 -0.880597
v 9.688922 3.940270 -0.895044
v 9.675731 3.942994 -0.946641
v 9.639495 3.949194 -0.984409
v 9.589931 3.957211 -0.998227
v 9.598918 4.006608 -0.984409
v 9.605144 4.042838 -0.946640
v 9.606941 4.056188 -0.895044
v 8.615131 15.889540 0.897833
v 8.613364 15.876198 0.948030
v 8.608540 15.839751 0.984776
v 8.601951 15.789965 0.998227
v 10.219166 15.625726 0.897833
v 10.215878 15.612636 0.948030
v 10.206892 15.576874 0.984776
v 10.194614 15.528021 0.998227
v 11.535681 15.175718 0.897833
v 11.528627 15.163914 0.948030
v 11.509360 15.131666 0.984776
v 11.483041 15.087614 0.998227
v 12.543469 14.241116 0.897833
v 12.530252 14.235028 0.948030
v 12.494148 14.218395 0.984776
v 12.444828 14.195675 0.998227
v 12.686831 12.770592 0.897833
v 12.673252 12.773617 0.948030
v 12.636142 12.781883 0.984776
v 12.585449 12.793176 0.998227
v 12.074543 11.160341 0.897833
v 12.062158 11.165713 0.948030
v 12.028325 11.180387 0.984776
v 11.982110 11.200436 0.998227
v 11.009498 9.481212 0.897833
v 10.998317 9.488686 0.948030
v 10.967762 9.509105 0.984776
v 10.926025 9.536998 0.998227
v 9.783329 8.016453 0.897833
v 9.772443 8.024370 0.948030
v 9.742700 8.045998 0.984776
v 9.702069 8.075543 0.998227
v 8.704415 6.881581 0.897833
v 8.692324 6.887704 0.948030
v 8.659286 6.904433 0.984776
v 8.614156 6.927285 0.998227
v 8.282811 5.993612 0.897833
v 8.269231 5.995564 0.948030
v 8.232127 6.000895 0.984776
v 8.181442 6.008176 0.998227
v 8.318930 5.349978 0.897833
v 8.305654 5.346464 0.948030
v 8.269389 5.336864 0.984776
v 8.219849 5.323748 0.998227
v 8.531011 4.923555 0.897833
v 8.519730 4.916032 0.948030
v 8.488911 4.895481 0.984776
v 8.446812 4.867405 0.998227
v 8.816338 4.594761 0.897833
v 8.806712 4.585330 0.948030
v 8.780416 4.559566 0.984776
v 8.744496 4.524369 0.998227
v 9.112171 4.327275 0.897833
v 9.103672 4.316828 0.948030
v 9.080452 4.288283 0.984776
v 9.048734 4.249287 0.998227
v 9.353557 4.151038 0.897833
v 9.346630 4.139441 0.948030
v 9.327708 4.107756 0.984776
v 9.301863 4.064475 0.998227
v 9.509068 4.076682 0.897833
v 9.504717 4.063853 0.948030
v 9.492825 4.028807 0.984776
v 9.476583 3.980932 0.998227
v 9.604244 4.056578 0.897833
v 9.601892 4.043327 0.948030
v 9.595469 4.007127 0.984776
v 9.586690 3.957676 0.998227
v 9.639703 3.950109 0.984776
v 9.676135 3.944908 0.948029
v 9.689467 3.943005 0.897833
v 9.679923 3.998264 0.882531
v 9.648618 4.040643 0.881670
v 9.606941 4.056188 0.895044
v 9.605144 4.042838 0.946640
v 9.598918 4.006608 0.984409
v 9.589931 3.957211 0.998227
v 9.414994 2.672059 0.941211
v 9.379811 2.679700 0.977227
v 9.372701 2.644404 0.941211
v 9.379629 2.679744 -0.977112
v 9.414888 2.672084 -0.941000
v 9.372309 2.644491 -0.940794
v 9.644155 4.031345 -0.932539
v 9.673513 3.989089 -0.931614
v 9.638899 3.994633 -0.974008
v 9.639065 3.995262 0.974299
v 9.673842 3.990323 0.932737
v 9.644261 4.031860 0.933062
v 11.324616 13.768246 0.998227
v 11.279153 13.746042 0.984776
v 11.245871 13.729788 0.948030
v 11.233688 13.723838 0.897833
v 11.233688 13.723838 -0.897833
v 11.245871 13.729788 -0.948030
v 11.279153 13.746042 -0.984776
v 11.324616 13.768246 -0.998227
v 12.063822 14.707830 -0.998227
v 12.103687 14.738745 -0.984776
v 12.132871 14.761375 -0.948030
v 12.143555 14.769659 -0.897833
v 12.143555 14.769659 0.897833
v 12.132871 14.761375 0.948030
v 12.103687 14.738745 0.984776
v 12.063822 14.707830 0.998227
v 11.412447 13.174138 0.998227
v 11.362094 13.184496 0.984776
v 11.325233 13.192078 0.948030
v 11.311741 13.194853 0.897833
v 11.311741 13.194853 -0.897833
v 11.325233 13.192078 -0.948030
v 11.362094 13.184496 -0.984776
v 11.412447 13.174138 -0.998227
v 12.557030 13.476547 -0.998227
v 12.607279 13.479448 -0.984776
v 12.644065 13.481572 -0.948030
v 12.657527 13.482349 -0.897833
v 12.657527 13.482349 0.897833
v 12.644065 13.481572 0.948030
v 12.607279 13.479448 0.984776
v 12.557030 13.476547 0.998227
vt 0.891168 0.321975
vt 0.120518 0.730731
vt 0.743964 0.453087
vt 0.016543 0.453188
vt 0.707818 0.447997
vt 0.671601 0.443440
vt 0.635320 0.439418
vt 0.598984 0.435931
vt 0.562601 0.432979
vt 0.526178 0.430565
vt 0.489724 0.428687
vt 0.453246 0.427347
vt 0.416752 0.426545
vt 0.380250 0.426281
vt 0.343748 0.426555
vt 0.307255 0.427367
vt 0.270777 0.428717
vt 0.234323 0.430605
vt 0.197901 0.433030
vt 0.161518 0.435991
vt 0.125184 0.439488
vt 0.088904 0.443521
vt 0.052688 0.448088
vt 0.061912 0.941770
vt 0.770118 0.908363
vt 0.058999 0.908206
vt 0.734617 0.906167
vt 0.699228 0.903721
vt 0.663902 0.900591
vt 0.628134 0.899897
vt 0.592598 0.898153
vt 0.557068 0.896962
vt 0.521411 0.895168
vt 0.485825 0.893870
vt 0.450248 0.894009
vt 0.414562 0.894687
vt 0.378902 0.893410
vt 0.343256 0.895355
vt 0.307575 0.895668
vt 0.271953 0.896810
vt 0.236463 0.898277
vt 0.200964 0.899675
vt 0.165298 0.900901
vt 0.129831 0.903417
vt 0.094350 0.904826
vt 0.841486 0.757849
vt 0.760477 0.341777
vt 0.000000 0.341882
vt 0.739998 0.627731
vt 0.684825 0.331692
vt 0.662696 0.616880
vt 0.623915 0.611773
vt 0.585262 0.607198
vt 0.546505 0.603624
vt 0.507525 0.600016
vt 0.468567 0.596618
vt 0.429601 0.593461
vt 0.390671 0.590527
vt 0.352688 0.588798
vt 0.314821 0.591295
vt 0.276249 0.595366
vt 0.237478 0.599348
vt 0.189599 0.320808
vt 0.160119 0.610627
vt 0.121284 0.615866
vt 0.082781 0.622778
vt 0.044048 0.627542
vt 0.734459 0.909366
vt 0.770520 0.911646
vt 0.767865 0.938693
vt 0.732967 0.935718
vt 0.699011 0.906866
vt 0.697573 0.933318
vt 0.663754 0.903776
vt 0.661969 0.932645
vt 0.628013 0.903117
vt 0.626784 0.930651
vt 0.592468 0.901264
vt 0.591456 0.928268
vt 0.556937 0.900113
vt 0.556013 0.927933
vt 0.521270 0.898318
vt 0.520742 0.927088
vt 0.485769 0.897160
vt 0.485293 0.926028
vt 0.450285 0.897153
vt 0.449792 0.925875
vt 0.414561 0.897918
vt 0.414517 0.925529
vt 0.378955 0.896643
vt 0.379146 0.925852
vt 0.343348 0.898672
vt 0.343800 0.925986
vt 0.307634 0.898780
vt 0.308527 0.926894
vt 0.272049 0.899925
vt 0.273173 0.928031
vt 0.236579 0.901394
vt 0.237682 0.928447
vt 0.201080 0.902792
vt 0.202297 0.930905
vt 0.165448 0.904034
vt 0.167021 0.932705
vt 0.129994 0.906539
vt 0.131597 0.934085
vt 0.094520 0.908020
vt 0.096166 0.936275
vt 0.058675 0.911485
vt 0.061090 0.938569
vt 0.744558 0.598698
vt 0.783843 0.604315
vt 0.778756 0.632475
vt 0.740652 0.624225
vt 0.705707 0.593044
vt 0.701685 0.619754
vt 0.666705 0.587286
vt 0.663148 0.613735
vt 0.627798 0.582086
vt 0.624310 0.608631
vt 0.588510 0.578424
vt 0.585594 0.604088
vt 0.549436 0.572543
vt 0.546806 0.600522
vt 0.510341 0.568834
vt 0.507817 0.596910
vt 0.471178 0.565426
vt 0.468842 0.593511
vt 0.431984 0.562286
vt 0.429853 0.590353
vt 0.392742 0.559532
vt 0.390847 0.587408
vt 0.352349 0.557781
vt 0.352653 0.585657
vt 0.312118 0.561270
vt 0.314571 0.588182
vt 0.272833 0.566150
vt 0.275925 0.592267
vt 0.233665 0.570346
vt 0.237045 0.595966
vt 0.194672 0.575009
vt 0.198400 0.602389
vt 0.155627 0.580205
vt 0.159704 0.607520
vt 0.116919 0.586366
vt 0.120780 0.612544
vt 0.077843 0.590737
vt 0.082303 0.619717
vt 0.039351 0.599165
vt 0.043406 0.624133
vt 0.000000 0.604497
vt 0.005332 0.632563
vt 0.000000 0.286370
vt 0.034680 0.291647
vt 0.069442 0.296368
vt 0.104276 0.300530
vt 0.139173 0.304133
vt 0.174123 0.307175
vt 0.209117 0.309656
vt 0.244147 0.311575
vt 0.279204 0.312931
vt 0.314278 0.313724
vt 0.349360 0.313953
vt 0.384441 0.313619
vt 0.419510 0.312723
vt 0.454560 0.311264
vt 0.489582 0.309244
vt 0.524567 0.306663
vt 0.559505 0.303521
vt 0.594388 0.299821
vt 0.629208 0.295562
vt 0.663955 0.290747
vt 0.023209 0.141582
vt 0.642664 0.145670
vt 0.610244 0.150163
vt 0.577757 0.154137
vt 0.545210 0.157589
vt 0.512612 0.160520
vt 0.479972 0.162929
vt 0.447297 0.164814
vt 0.414596 0.166176
vt 0.381878 0.167014
vt 0.349150 0.167328
vt 0.316420 0.167116
vt 0.283695 0.166376
vt 0.250990 0.165108
vt 0.218310 0.163316
vt 0.185663 0.161001
vt 0.153057 0.158163
vt 0.120500 0.154803
vt 0.087998 0.150917
vt 0.055566 0.146509
vt 0.178998 0.883549
vt 0.379681 0.843164
vt 0.744764 0.905477
vt 0.135105 0.023676
vt 0.180980 0.013761
vt 0.172069 0.001989
vt 0.188341 0.000614
vt 0.194540 0.012408
vt 0.140417 0.013295
vt 0.133551 0.003469
vt 0.385077 0.848413
vt 0.194409 0.000026
vt 0.167154 0.935818
vt 0.192117 0.888058
vt 0.171677 0.012367
vt 0.077885 0.904521
vt 0.074461 0.901955
vt 0.132019 0.013732
vt 0.129239 0.011236
vt 0.725783 0.013939
vt 0.313726 0.023441
vt 0.718267 0.008485
vt 0.644722 0.000023
vt 0.775800 0.978093
vt 0.749091 0.023549
vt 0.780556 0.014096
vt 0.749229 0.017324
vt 0.690013 0.152885
vt 0.680002 0.121408
vt 0.695694 0.150254
vt 0.677810 0.088477
vt 0.686130 0.120253
vt 0.683559 0.055979
vt 0.684034 0.088823
vt 0.696927 0.025796
vt 0.689520 0.057804
vt 0.702264 0.028998
vt 0.828542 0.752618
vt 0.798605 0.739122
vt 0.850192 0.777527
vt 0.824358 0.757241
vt 0.865255 0.806892
vt 0.845024 0.781014
vt 0.872854 0.839007
vt 0.859402 0.809041
vt 0.872550 0.872008
vt 0.866658 0.839693
vt 0.864359 0.903977
vt 0.866369 0.871192
vt 0.848758 0.933059
vt 0.858553 0.901706
vt 0.826652 0.957563
vt 0.843664 0.929465
vt 0.799305 0.976076
vt 0.822565 0.952855
vt 0.718272 0.882257
vt 0.681631 0.882079
vt 0.685837 0.870031
vt 0.649225 0.871649
vt 0.652830 0.859408
vt 0.616343 0.862836
vt 0.619337 0.850432
vt 0.583065 0.855662
vt 0.585442 0.843126
vt 0.549473 0.850145
vt 0.551226 0.837506
vt 0.515648 0.846297
vt 0.516773 0.833586
vt 0.481675 0.844128
vt 0.482169 0.831378
vt 0.447635 0.843644
vt 0.447499 0.830886
vt 0.413604 0.844827
vt 0.379160 0.928967
vt 0.345571 0.850714
vt 0.344092 0.838014
vt 0.311855 0.855446
vt 0.309762 0.842858
vt 0.278421 0.861852
vt 0.275708 0.849384
vt 0.245343 0.869905
vt 0.242021 0.857590
vt 0.212666 0.879529
vt 0.208802 0.867443
vt 0.143082 0.893455
vt 0.141785 0.880735
vt 0.109295 0.897696
vt 0.749304 0.012707
vt 0.074389 0.015880
vt 0.104720 0.020013
vt 0.699902 0.148343
vt 0.690666 0.119390
vt 0.165556 0.026792
vt 0.688645 0.089072
vt 0.196054 0.029438
vt 0.693937 0.059149
vt 0.226591 0.031602
vt 0.706236 0.031358
vt 0.257158 0.033279
vt 0.287745 0.034474
vt 0.821266 0.760670
vt 0.348947 0.035369
vt 0.841201 0.783603
vt 0.379558 0.035066
vt 0.855071 0.810639
vt 0.410162 0.034280
vt 0.862070 0.840209
vt 0.440751 0.033006
vt 0.861791 0.870595
vt 0.471315 0.031243
vt 0.854250 0.900032
vt 0.501847 0.028991
vt 0.839887 0.926809
vt 0.532340 0.026250
vt 0.819534 0.949372
vt 0.562784 0.023020
vt 0.794367 0.966407
vt 0.593174 0.019304
vt 0.412858 0.832115
vt 0.801538 0.733593
vt 0.318339 0.035204
vt 0.796417 0.743196
vt 0.107397 0.885091
vt 0.781966 0.020194
vt 0.653754 0.010412
vt 0.779529 0.009586
vt 0.623499 0.015101
vt 0.796489 0.970513
vt 0.767000 0.941859
vt 0.713488 0.894108
vt 0.174698 0.891961
vt 0.377243 0.848761
vt 0.736423 0.906029
vt 0.726039 0.010824
vt 0.187647 0.012942
vt 0.140061 0.001348
vt 0.201935 0.000396
vt 0.202224 0.012633
vt 0.160381 0.001663
vt 0.698754 0.172921
vt 0.111065 0.004557
vt 0.099255 0.004595
vt 0.809954 0.009940
vt 0.078397 0.903053
vt 0.174338 0.890939
vt 0.721064 0.019498
vt 0.700806 0.170343
vt 0.190743 0.886892
vt 0.376793 0.847747
vt 0.714831 0.002851
vt 0.776807 0.724156
vt 0.385090 0.847093
vt 0.737204 0.904247
vt 0.777546 0.983996
vt 0.048359 0.000128
vt 0.807128 0.004422
vt 0.143568 0.012832
vt 0.706747 0.168280
vt 0.323294 0.023581
vt 0.775138 0.730100
vt 0.109521 0.899190
vt 0.782633 0.023169
vt 0.782308 0.021682
vt 0.109614 0.900708
vt 0.749059 0.025075
vt 0.143232 0.894960
vt 0.749028 0.026597
vt 0.719853 0.020869
vt 0.173226 0.894117
vt 0.718772 0.022222
vt 0.173891 0.892513
vt 0.687243 0.154159
vt 0.213138 0.880963
vt 0.688628 0.153526
vt 0.678503 0.121692
vt 0.245735 0.871366
vt 0.677007 0.121975
vt 0.676286 0.088394
vt 0.278741 0.863330
vt 0.674766 0.088312
vt 0.682099 0.055534
vt 0.312102 0.856939
vt 0.680642 0.055090
vt 0.695617 0.025012
vt 0.345743 0.852216
vt 0.694310 0.024231
vt 0.714018 0.001412
vt 0.375946 0.850854
vt 0.713218 0.000000
vt 0.376460 0.849311
vt 0.413696 0.846335
vt 0.802985 0.730911
vt 0.802254 0.732246
vt 0.413652 0.847854
vt 0.829564 0.751485
vt 0.447650 0.845156
vt 0.830585 0.750356
vt 0.851456 0.776672
vt 0.481615 0.845639
vt 0.852717 0.775819
vt 0.866686 0.806364
vt 0.515513 0.847803
vt 0.868115 0.805837
vt 0.874371 0.838837
vt 0.549263 0.851642
vt 0.875884 0.838667
vt 0.874063 0.872205
vt 0.582782 0.857148
vt 0.875573 0.872403
vt 0.865781 0.904531
vt 0.615987 0.864306
vt 0.867200 0.905084
vt 0.850006 0.933937
vt 0.648796 0.873099
vt 0.851251 0.934813
vt 0.827654 0.958714
vt 0.681131 0.883506
vt 0.828653 0.959863
vt 0.799998 0.977436
vt 0.712916 0.895507
vt 0.800693 0.978791
vt 0.777745 0.985540
vt 0.734182 0.906012
vt 0.777555 0.987213
vt 0.735684 0.905245
vt 0.780209 0.012588
vt 0.779866 0.011083
vt 0.749261 0.015776
vt 0.749287 0.014232
vt 0.726589 0.011005
vt 0.726602 0.012582
vt 0.697100 0.149607
vt 0.698505 0.148968
vt 0.687647 0.119964
vt 0.689161 0.119676
vt 0.685577 0.088906
vt 0.687115 0.088989
vt 0.690998 0.058254
vt 0.692472 0.058702
vt 0.703592 0.029793
vt 0.704918 0.030582
vt 0.720476 0.010607
vt 0.719218 0.009698
vt 0.797878 0.740488
vt 0.797148 0.741848
vt 0.823324 0.758389
vt 0.822293 0.759533
vt 0.843745 0.781880
vt 0.842470 0.782744
vt 0.857953 0.809576
vt 0.856508 0.810109
vt 0.865123 0.839866
vt 0.863592 0.840039
vt 0.864837 0.870993
vt 0.863310 0.870793
vt 0.857114 0.901146
vt 0.855678 0.900588
vt 0.842400 0.928577
vt 0.841140 0.927691
vt 0.821551 0.951690
vt 0.820539 0.950528
vt 0.795785 0.969134
vt 0.795077 0.967762
vt 0.773992 0.975513
vt 0.775118 0.976729
vt 0.385910 0.848550
vt 0.776838 0.721039
vt 0.386598 0.850006
vt 0.777067 0.722629
vt 0.774558 0.731501
vt 0.773661 0.732797
vt 0.708374 0.167973
vt 0.710202 0.168120
vt 0.192394 0.887881
vt 0.698625 0.172559
vt 0.699570 0.171156
vt 0.079028 0.904484
vt 0.811770 0.012420
vt 0.079651 0.905905
vt 0.810725 0.011273
vt 0.806520 0.003027
vt 0.806095 0.001552
vt 0.467747 0.694655
vt 0.477365 0.731323
vt 0.456893 0.661232
vt 0.477371 0.693133
vt 0.436240 0.632798
vt 0.465574 0.656810
vt 0.407813 0.612138
vt 0.443131 0.625910
vt 0.374392 0.601274
vt 0.412237 0.603458
vt 0.339249 0.601269
vt 0.375917 0.591651
vt 0.305826 0.612125
vt 0.337726 0.591646
vt 0.277393 0.632777
vt 0.301404 0.603443
vt 0.256733 0.661204
vt 0.270505 0.625887
vt 0.245869 0.694625
vt 0.248053 0.656779
vt 0.245863 0.729767
vt 0.236246 0.693099
vt 0.256718 0.763191
vt 0.236240 0.731289
vt 0.277370 0.791624
vt 0.248037 0.767612
vt 0.305798 0.812284
vt 0.270480 0.798512
vt 0.339219 0.823148
vt 0.301374 0.820965
vt 0.374361 0.823153
vt 0.337694 0.832771
vt 0.407785 0.812298
vt 0.375884 0.832776
vt 0.436218 0.791646
vt 0.412206 0.820980
vt 0.456878 0.763218
vt 0.443107 0.798536
vt 0.467742 0.729797
vt 0.465559 0.767642
vt 0.839692 0.040878
vt 0.841578 0.000024
vt 0.826526 0.076995
vt 0.827014 0.035985
vt 0.814852 0.113609
vt 0.813674 0.072607
vt 0.804695 0.150674
vt 0.801832 0.109755
vt 0.796070 0.188124
vt 0.791528 0.147358
vt 0.788993 0.225898
vt 0.782778 0.185353
vt 0.783475 0.263930
vt 0.775598 0.223675
vt 0.779526 0.302158
vt 0.770000 0.262261
vt 0.777152 0.340515
vt 0.765993 0.301043
vt 0.776357 0.378938
vt 0.763585 0.339958
vt 0.777142 0.417360
vt 0.762778 0.378939
vt 0.779507 0.455718
vt 0.763576 0.417920
vt 0.783448 0.493947
vt 0.765975 0.456836
vt 0.788957 0.531981
vt 0.769973 0.495619
vt 0.796025 0.569756
vt 0.775562 0.534206
vt 0.804640 0.607208
vt 0.782733 0.572530
vt 0.814789 0.644275
vt 0.791474 0.610527
vt 0.826453 0.680893
vt 0.801770 0.648132
vt 0.839599 0.717013
vt 0.813604 0.685282
vt 0.854081 0.752824
vt 0.826957 0.721905
vt 0.707725 0.743851
vt 0.702973 0.708663
vt 0.707736 0.707920
vt 0.692331 0.675898
vt 0.696626 0.673710
vt 0.672074 0.648019
vt 0.675474 0.644603
vt 0.644195 0.627766
vt 0.646374 0.623468
vt 0.611419 0.617136
vt 0.612165 0.612373
vt 0.576967 0.617156
vt 0.576194 0.612397
vt 0.544225 0.627824
vt 0.542010 0.623543
vt 0.516398 0.648085
vt 0.512986 0.644682
vt 0.496141 0.675917
vt 0.491852 0.673714
vt 0.485478 0.708662
vt 0.480717 0.707902
vt 0.485463 0.743114
vt 0.480703 0.743874
vt 0.496098 0.775886
vt 0.491806 0.778077
vt 0.516357 0.803762
vt 0.512950 0.807173
vt 0.544239 0.824014
vt 0.542063 0.828316
vt 0.577005 0.834651
vt 0.576277 0.839416
vt 0.611439 0.834637
vt 0.612204 0.839395
vt 0.644203 0.823993
vt 0.646388 0.828290
vt 0.672078 0.803740
vt 0.675491 0.807144
vt 0.692326 0.775863
vt 0.696629 0.778035
vt 0.702966 0.743099
vt 0.854220 0.005112
vt 0.709246 0.744094
vt 0.466216 0.694897
vt 0.455511 0.661935
vt 0.435144 0.633894
vt 0.407108 0.613519
vt 0.374149 0.602805
vt 0.339492 0.602801
vt 0.306530 0.613506
vt 0.278490 0.633874
vt 0.258115 0.661909
vt 0.247400 0.694868
vt 0.247395 0.729525
vt 0.258100 0.762487
vt 0.278467 0.790528
vt 0.306503 0.810903
vt 0.339462 0.821616
vt 0.374119 0.821621
vt 0.407081 0.810916
vt 0.435122 0.790549
vt 0.455497 0.762514
vt 0.478904 0.731567
vt 0.855613 0.005782
vt 0.855474 0.752158
vt 0.478910 0.692890
vt 0.841128 0.041438
vt 0.466963 0.656103
vt 0.827984 0.077495
vt 0.444233 0.624808
vt 0.816330 0.114049
vt 0.412945 0.602069
vt 0.806189 0.151052
vt 0.376161 0.590112
vt 0.797579 0.188441
vt 0.337483 0.590107
vt 0.790514 0.226152
vt 0.300696 0.602055
vt 0.785005 0.264122
vt 0.269404 0.624785
vt 0.781062 0.302287
vt 0.246665 0.656071
vt 0.778692 0.340581
vt 0.234707 0.692854
vt 0.777898 0.378940
vt 0.234701 0.731533
vt 0.778683 0.417299
vt 0.246648 0.768319
vt 0.781044 0.455594
vt 0.269378 0.799614
vt 0.784978 0.493759
vt 0.300666 0.822353
vt 0.790478 0.531730
vt 0.337450 0.834310
vt 0.797535 0.569443
vt 0.376127 0.834315
vt 0.806136 0.606834
vt 0.412913 0.822368
vt 0.816268 0.643839
vt 0.444208 0.799638
vt 0.827913 0.680398
vt 0.841036 0.716457
vt 0.466947 0.768350
vt 0.913769 0.748159
vt 0.914705 0.748215
vt 0.913877 0.757745
vt 0.914853 0.757783
vt 0.915642 0.748268
vt 0.915830 0.757820
vt 0.916582 0.748316
vt 0.916808 0.757854
vt 0.949164 0.747393
vt 0.950091 0.747317
vt 0.949804 0.756875
vt 0.950758 0.756803
vt 0.951017 0.747238
vt 0.951708 0.756730
vt 0.951941 0.747155
vt 0.952657 0.756654
vt 0.888575 0.746092
vt 0.889476 0.746176
vt 0.888287 0.755756
vt 0.889220 0.755829
vt 0.890378 0.746261
vt 0.890154 0.755903
vt 0.891281 0.746347
vt 0.891089 0.755978
vt 0.973914 0.744689
vt 0.974789 0.744579
vt 0.974746 0.754312
vt 0.975622 0.754218
vt 0.857021 0.743606
vt 0.855687 0.753227
vt 0.856565 0.753275
vt 0.857899 0.743656
vt 0.857444 0.753323
vt 0.898011 0.441960
vt 0.899168 0.439171
vt 0.898814 0.442377
vt 0.023715 0.000026
vt 0.897201 0.441558
vt 0.025644 0.001284
vt 0.896386 0.441172
vt 0.026177 0.002367
vt 0.023643 0.000883
vt 0.002315 0.000362
vt 0.002446 0.001213
vt 0.023607 0.001741
vt 0.002537 0.002065
vt 0.023615 0.002602
vt 0.002578 0.002919
vt 0.024470 0.002578
vt 0.023613 0.032709
vt 0.024468 0.032733
vt 0.025324 0.002498
vt 0.025323 0.032815
vt 0.026177 0.032946
vt 0.023631 0.033568
vt 0.002770 0.032653
vt 0.002750 0.033531
vt 0.023700 0.034428
vt 0.002682 0.034395
vt 0.023808 0.035281
vt 0.002578 0.035256
vt 0.001819 0.032447
vt 0.001652 0.003123
vt 0.000936 0.032507
vt 0.000780 0.003065
vt 0.000203 0.032836
vt 0.000045 0.002746
vt 0.889119 0.714868
vt 0.859099 0.712139
vt 0.890171 0.686445
vt 0.860422 0.683958
vt 0.891916 0.663601
vt 0.861310 0.662632
vt 0.892427 0.659345
vt 0.861303 0.658980
vt 0.892210 0.652128
vt 0.861328 0.652799
vt 0.891695 0.647367
vt 0.861325 0.648613
vt 0.891112 0.640405
vt 0.861185 0.642326
vt 0.890222 0.615218
vt 0.860480 0.617917
vt 0.890071 0.584829
vt 0.859910 0.588060
vt 0.889782 0.554446
vt 0.858917 0.558219
vt 0.887778 0.528805
vt 0.857207 0.531365
vt 0.887101 0.509875
vt 0.856559 0.510389
vt 0.887525 0.494229
vt 0.857101 0.492365
vt 0.888692 0.480545
vt 0.858581 0.476520
vt 0.890377 0.468701
vt 0.860556 0.463028
vt 0.891957 0.459498
vt 0.862462 0.452770
vt 0.893298 0.452591
vt 0.864084 0.445236
vt 0.894741 0.446602
vt 0.865591 0.438828
vt 0.866979 0.433132
vt 0.950232 0.718268
vt 0.971690 0.714005
vt 0.948583 0.693601
vt 0.968938 0.686511
vt 0.946799 0.674433
vt 0.964985 0.664132
vt 0.945607 0.665274
vt 0.945291 0.656928
vt 0.963601 0.659352
vt 0.963883 0.651468
vt 0.946243 0.647351
vt 0.946362 0.638089
vt 0.965325 0.646243
vt 0.966580 0.638948
vt 0.947847 0.613516
vt 0.968309 0.614301
vt 0.948184 0.582680
vt 0.968707 0.584292
vt 0.948688 0.550887
vt 0.969133 0.553974
vt 0.950874 0.522973
vt 0.972531 0.528796
vt 0.973827 0.510061
vt 0.952258 0.504410
vt 0.973618 0.495194
vt 0.951981 0.491543
vt 0.972669 0.482364
vt 0.951072 0.482112
vt 0.971102 0.471220
vt 0.950036 0.473864
vt 0.969635 0.462423
vt 0.949171 0.466529
vt 0.968322 0.455788
vt 0.948422 0.461041
vt 0.966627 0.450147
vt 0.947602 0.457806
vt 0.964339 0.445241
vt 0.946762 0.456126
vt 0.947530 0.718599
vt 0.916022 0.719190
vt 0.945965 0.694020
vt 0.915648 0.694183
vt 0.944276 0.674783
vt 0.915763 0.674418
vt 0.943294 0.665379
vt 0.916230 0.664976
vt 0.942926 0.656937
vt 0.916377 0.656560
vt 0.943769 0.647023
vt 0.915598 0.647022
vt 0.943875 0.637805
vt 0.915752 0.637667
vt 0.945242 0.613269
vt 0.915327 0.613519
vt 0.945601 0.582494
vt 0.915746 0.582562
vt 0.946127 0.550740
vt 0.916144 0.550695
vt 0.948133 0.522766
vt 0.915455 0.523074
vt 0.949254 0.504227
vt 0.914856 0.504372
vt 0.948997 0.491691
vt 0.915274 0.491461
vt 0.948267 0.482504
vt 0.915998 0.481964
vt 0.947409 0.474308
vt 0.916747 0.473501
vt 0.946640 0.466999
vt 0.917316 0.465978
vt 0.946020 0.461692
vt 0.917713 0.460527
vt 0.945578 0.458735
vt 0.917991 0.457498
vt 0.945341 0.457097
vt 0.000000 0.002692
vt 0.913315 0.718929
vt 0.891728 0.715208
vt 0.913042 0.693796
vt 0.892673 0.686951
vt 0.913237 0.674094
vt 0.894475 0.663899
vt 0.913900 0.664884
vt 0.895407 0.659218
vt 0.913984 0.656630
vt 0.895222 0.651640
vt 0.913119 0.647379
vt 0.894219 0.646620
vt 0.913289 0.638062
vt 0.893549 0.639529
vt 0.912748 0.613806
vt 0.892737 0.614855
vt 0.913162 0.582765
vt 0.892662 0.584557
vt 0.913540 0.550885
vt 0.892477 0.554065
vt 0.912679 0.523272
vt 0.890411 0.528521
vt 0.889791 0.509703
vt 0.911823 0.504449
vt 0.890243 0.494358
vt 0.912260 0.491180
vt 0.891359 0.480986
vt 0.913183 0.481424
vt 0.892995 0.469361
vt 0.914121 0.472908
vt 0.894501 0.460250
vt 0.914802 0.465327
vt 0.895738 0.453414
vt 0.915343 0.459625
vt 0.897106 0.447567
vt 0.916006 0.456256
vt 0.916752 0.454521
vt 0.914216 0.719020
vt 0.915119 0.719107
vt 0.948432 0.718493
vt 0.949333 0.718382
vt 0.972558 0.713860
vt 0.858222 0.712088
vt 0.890858 0.715092
vt 0.889988 0.714979
vt 0.891840 0.686779
vt 0.891006 0.686611
vt 0.893614 0.663868
vt 0.892760 0.663789
vt 0.894454 0.659346
vt 0.894179 0.651816
vt 0.893458 0.659404
vt 0.893171 0.651979
vt 0.893372 0.646885
vt 0.892741 0.639865
vt 0.892532 0.647136
vt 0.891930 0.640166
vt 0.891900 0.614967
vt 0.891062 0.615086
vt 0.891800 0.584632
vt 0.890937 0.584719
vt 0.891580 0.554169
vt 0.890681 0.554291
vt 0.889538 0.528586
vt 0.888660 0.528675
vt 0.888897 0.509752
vt 0.888001 0.509808
vt 0.889335 0.494315
vt 0.888428 0.494272
vt 0.890469 0.480836
vt 0.889580 0.480689
vt 0.892123 0.469136
vt 0.891250 0.468916
vt 0.893656 0.459995
vt 0.892808 0.459744
vt 0.894926 0.453134
vt 0.894113 0.452859
vt 0.896319 0.447236
vt 0.895530 0.446915
vt 0.969789 0.686317
vt 0.859545 0.683913
vt 0.965867 0.664105
vt 0.860435 0.662551
vt 0.964464 0.659489
vt 0.964853 0.651657
vt 0.965346 0.659561
vt 0.965777 0.651840
vt 0.966172 0.646515
vt 0.967422 0.639241
vt 0.860450 0.648612
vt 0.860306 0.642322
vt 0.969175 0.614389
vt 0.970043 0.614484
vt 0.969573 0.584363
vt 0.970441 0.584447
vt 0.969995 0.554085
vt 0.970856 0.554214
vt 0.973386 0.528896
vt 0.974244 0.529022
vt 0.974697 0.510119
vt 0.975568 0.510184
vt 0.974501 0.495165
vt 0.856225 0.492316
vt 0.973542 0.482242
vt 0.857709 0.476422
vt 0.971963 0.471038
vt 0.859689 0.462892
vt 0.970487 0.462214
vt 0.971341 0.462011
vt 0.969164 0.455534
vt 0.970009 0.455287
vt 0.967439 0.449807
vt 0.864736 0.438630
vt 0.965101 0.444806
vt 0.866124 0.432934
vt 0.963484 0.442242
vt 0.025674 0.034014
vt 0.946838 0.693886
vt 0.947711 0.693747
vt 0.945113 0.674649
vt 0.945954 0.674535
vt 0.944071 0.665308
vt 0.943693 0.656943
vt 0.944843 0.665278
vt 0.944482 0.656938
vt 0.944598 0.647116
vt 0.944698 0.637882
vt 0.945423 0.647226
vt 0.945528 0.637978
vt 0.946112 0.613364
vt 0.946981 0.613444
vt 0.946464 0.582565
vt 0.947325 0.582624
vt 0.946981 0.550817
vt 0.947834 0.550860
vt 0.949054 0.522887
vt 0.949969 0.522947
vt 0.950264 0.504315
vt 0.951267 0.504371
vt 0.949998 0.491651
vt 0.950993 0.491600
vt 0.949205 0.482381
vt 0.950140 0.482250
vt 0.948286 0.474169
vt 0.949161 0.474020
vt 0.947485 0.466851
vt 0.948328 0.466694
vt 0.946819 0.461490
vt 0.947619 0.461272
vt 0.946252 0.458475
vt 0.946925 0.458162
vt 0.945824 0.456865
vt 0.946300 0.456531
vt 0.000712 0.033940
vt 0.946276 0.456478
vt 0.913909 0.693930
vt 0.914778 0.694059
vt 0.914081 0.674188
vt 0.914923 0.674292
vt 0.914668 0.664885
vt 0.914803 0.656614
vt 0.915445 0.664910
vt 0.915601 0.656592
vt 0.913941 0.647243
vt 0.914115 0.637913
vt 0.914767 0.647122
vt 0.914936 0.637781
vt 0.913605 0.613720
vt 0.914464 0.613627
vt 0.914021 0.582704
vt 0.914883 0.582639
vt 0.914408 0.550845
vt 0.915275 0.550787
vt 0.913595 0.523248
vt 0.914520 0.523191
vt 0.912822 0.504442
vt 0.913834 0.504421
vt 0.913262 0.491279
vt 0.914268 0.491374
vt 0.914118 0.481611
vt 0.915057 0.481792
vt 0.914996 0.473114
vt 0.915871 0.473313
vt 0.915639 0.465551
vt 0.916476 0.465768
vt 0.916134 0.459937
vt 0.916923 0.460239
vt 0.916674 0.456709
vt 0.917334 0.457126
vt 0.001272 0.000827
vt 0.000472 0.001636
vt 0.001301 0.000877
vt 0.000505 0.001687
vt 0.024314 0.001878
vt 0.024418 0.001067
vt 0.025096 0.001730
vt 0.024457 0.034237
vt 0.024322 0.033430
vt 0.025115 0.033574
vt 0.001185 0.033416
vt 0.002006 0.033283
vt 0.001882 0.034178
vt 0.001664 0.001439
vt 0.001819 0.002314
vt 0.001004 0.002185
vt 0.856144 0.743561
vt 0.973425 0.713716
vt 0.967014 0.646778
vt 0.968271 0.639496
vt 0.860426 0.658935
vt 0.860437 0.652791
vt 0.965870 0.444378
vt 0.968253 0.449474
vt 0.863226 0.445047
vt 0.861599 0.452603
vt 0.972824 0.470860
vt 0.974413 0.482121
vt 0.975381 0.495135
vt 0.855681 0.510403
vt 0.856332 0.531440
vt 0.858042 0.558308
vt 0.859034 0.588133
vt 0.859602 0.617966
vt 0.966741 0.664032
vt 0.970643 0.686126
vt 0.002309 0.000308
vt 0.900053 0.439684
vt 0.918130 0.455834
vt 0.945297 0.457049
vt 0.917213 0.455024
vt 0.917679 0.455471
vt 0.945800 0.456817
vt 0.001533 0.034748
vt 0.946731 0.456081
vt 0.962754 0.442729
vt 0.024854 0.034794
vt 0.964226 0.441762
vt 0.866862 0.429878
vt 0.867729 0.430076
vt 0.897360 0.438223
vt 0.898274 0.438683
vt 0.024794 0.000501
vt 0.856144 0.743556
vt 0.712040 0.168079
vt 0.135509 0.019217
vt 0.726400 0.009471
vt 0.188477 0.013712
vt 0.317954 0.027713
vt 0.138944 0.000020
vt 0.650874 0.000678
vt 0.100318 0.000030
vt 0.772558 0.734004
vt 0.805833 0.000025
vt 0.621807 0.003574
vt 0.591667 0.007752
vt 0.561463 0.011446
vt 0.531204 0.014655
vt 0.500897 0.017380
vt 0.470550 0.019618
vt 0.440172 0.021371
vt 0.409769 0.022637
vt 0.379348 0.023417
vt 0.348913 0.023719
vt 0.288118 0.022830
vt 0.257707 0.021642
vt 0.227322 0.019975
vt 0.196968 0.017824
vt 0.166647 0.015194
vt 0.106210 0.008458
vt 0.076055 0.004350
vt 0.111126 0.000027
vt 0.044124 0.011266
vt 0.675007 0.140658
vt 0.698620 0.285375
vt 0.171419 0.830630
vt 0.199798 0.810011
vt 0.220417 0.781632
vt 0.231257 0.748270
vt 0.231257 0.713192
vt 0.220417 0.679830
vt 0.199798 0.651451
vt 0.171419 0.630832
vt 0.138057 0.619992
vt 0.102979 0.619992
vt 0.069617 0.630832
vt 0.041238 0.651451
vt 0.020619 0.679830
vt 0.009779 0.713192
vt 0.009779 0.748270
vt 0.020619 0.781632
vt 0.041238 0.810011
vt 0.069617 0.830630
vt 0.102979 0.841470
vt 0.138057 0.841470
vt 0.043622 0.001127
vt 0.142491 0.004065
vt 0.141818 0.002473
vt 0.140787 0.000855
vt 0.772603 0.974399
vt 0.097792 0.004312
vt 0.099036 0.005552
vt 0.100378 0.006250
vt 0.101814 0.006643
vt 0.142141 0.011825
vt 0.142491 0.010299
vt 0.812852 0.012058
vt 0.107976 0.006707
vt 0.203097 0.012530
vt 0.772827 0.732534
vt 0.203866 0.011138
vt 0.204233 0.009649
vt 0.185805 0.010585
vt 0.186214 0.012007
vt 0.187092 0.013122
vt 0.721946 0.011162
vt 0.186508 0.002454
vt 0.186070 0.004094
vt 0.201181 0.013710
vt 0.776135 0.720552
vt 0.204084 0.003398
vt 0.156703 0.012273
vt 0.157964 0.013757
vt 0.158467 0.003138
vt 0.710712 0.168672
vt 0.184685 0.001598
vt 0.183469 0.000019
vt 0.157710 0.004617
vt 0.184892 0.003174
vt 0.156467 0.010812
vt 0.182969 0.012071
vt 0.183616 0.010357
vt 0.724369 0.000019
vt 0.721950 0.168790
vt 0.067589 0.559625
vt 0.033087 0.564494
vt 0.727451 0.564398
vt 0.102159 0.555266
vt 0.136790 0.551417
vt 0.171474 0.548078
vt 0.206203 0.545252
vt 0.240970 0.542937
vt 0.275767 0.541135
vt 0.310587 0.539847
vt 0.345423 0.539071
vt 0.380266 0.538810
vt 0.415109 0.539062
vt 0.449944 0.539827
vt 0.484765 0.541106
vt 0.519563 0.542898
vt 0.554330 0.545203
vt 0.589060 0.548021
vt 0.623745 0.551349
vt 0.658376 0.555189
vt 0.692948 0.559539
vt 0.073344 0.890994
vt 0.131755 0.937234
vt 0.096426 0.939411
vt 0.176224 0.878035
vt 0.202467 0.934011
vt 0.237815 0.931750
vt 0.273243 0.931143
vt 0.308598 0.930013
vt 0.343840 0.929109
vt 0.378475 0.834788
vt 0.414508 0.928653
vt 0.449770 0.928990
vt 0.485233 0.929184
vt 0.520650 0.930204
vt 0.555944 0.931044
vt 0.591329 0.931570
vt 0.626605 0.933763
vt 0.661828 0.935728
vt 0.697381 0.936734
vt 0.732664 0.938899
vt 0.749998 0.895823
vt 0.037787 0.336550
vt 0.006535 0.635510
vt 0.777570 0.635430
vt 0.075649 0.331776
vt 0.113577 0.327560
vt 0.151563 0.323904
vt 0.198829 0.605450
vt 0.227676 0.318273
vt 0.265787 0.316300
vt 0.303922 0.314888
vt 0.342074 0.314039
vt 0.380235 0.313753
vt 0.418395 0.314029
vt 0.456547 0.314867
vt 0.494683 0.316268
vt 0.532794 0.318231
vt 0.570872 0.320755
vt 0.608909 0.323841
vt 0.646896 0.327486
vt 0.701234 0.622809
vt 0.722688 0.336456
vt 0.038817 0.595812
vt 0.783697 0.601111
vt 0.000124 0.601315
vt 0.077294 0.587493
vt 0.116478 0.583212
vt 0.155193 0.577124
vt 0.194260 0.571861
vt 0.233262 0.567067
vt 0.272409 0.562441
vt 0.311750 0.558048
vt 0.351458 0.554562
vt 0.386758 0.538862
vt 0.432235 0.559181
vt 0.471453 0.562321
vt 0.510642 0.565732
vt 0.549789 0.569454
vt 0.667157 0.584092
vt 0.706189 0.589731
vt 0.744963 0.595567
vt 0.392996 0.556440
vt 0.989350 0.371990
vt 1.000000 0.339202
vt 0.969089 0.399882
vt 0.941201 0.420148
vt 0.908416 0.430804
vt 0.873942 0.430807
vt 0.841154 0.420157
vt 0.813262 0.399896
vt 0.792996 0.372008
vt 0.782340 0.339223
vt 0.782337 0.304749
vt 0.792987 0.271961
vt 0.813248 0.244069
vt 0.841136 0.223803
vt 0.873921 0.213147
vt 0.908395 0.213144
vt 0.941183 0.223794
vt 0.969075 0.244054
vt 0.989341 0.271943
vt 0.999997 0.304728
vt 0.466211 0.729554
vt 0.698003 0.778732
vt 0.676580 0.808234
vt 0.647084 0.829664
vt 0.612446 0.840916
vt 0.576041 0.840938
vt 0.541366 0.829690
vt 0.511860 0.808261
vt 0.490433 0.778775
vt 0.479181 0.744114
vt 0.479196 0.707657
vt 0.490484 0.673008
vt 0.511897 0.643593
vt 0.541304 0.622174
vt 0.575949 0.610877
vt 0.612406 0.610852
vt 0.647073 0.622095
vt 0.676563 0.643513
vt 0.698000 0.673013
vt 0.709259 0.707686
vt 0.628202 0.578912
vt 0.588959 0.574598
vn 0.010542 0.999360 -0.034193
vn 0.038485 0.999251 0.003981
vn 0.642165 0.725146 -0.248571
vn 0.696276 0.675268 -0.243338
vn 0.700924 0.669058 -0.247119
vn 0.719730 0.646169 -0.253881
vn 0.038386 0.998095 -0.048300
vn -0.053472 0.998567 -0.002393
vn -0.740662 0.669612 0.055126
vn -0.748680 0.661036 0.050092
vn -0.744674 0.665494 0.050779
vn -0.735025 0.676705 0.042539
vn 0.000000 -1.000000 0.000000
vn 0.000000 -1.000000 0.000000
vn 0.000000 -1.000000 -0.000000
vn 0.000000 -1.000000 0.000000
vn 0.000000 -1.000000 0.000000
vn 0.000000 -1.000000 0.000000
vn 0.000000 -1.000000 -0.000000
vn 0.000000 -1.000000 -0.000000
vn 0.000000 -1.000000 -0.000000
vn 0.000000 -1.000000 -0.000000
vn -0.000000 -1.000000 -0.000000
vn -0.000000 -1.000000 -0.000000
vn -0.000000 -1.000000 -0.000000
vn -0.000000 -1.000000 -0.000000
vn -0.000000 -1.000000 -0.000000
vn -0.000000 -1.000000 0.000000
vn -0.000000 -1.000000 0.000000
vn -0.000000 -1.000000 0.000000
vn -0.000000 -1.000000 0.000000
vn -0.000000 -1.000000 0.000000
vn -0.000000 -1.000000 0.000000
vn 0.000000 1.000000 -0.000000
vn -0.000000 1.000000 -0.000000
vn 0.000000 1.000000 0.000000
vn -0.000000 1.000000 -0.000000
vn -0.000000 1.000000 -0.000000
vn -0.000000 1.000000 0.000000
vn -0.000000 1.000000 0.000000
vn -0.000000 1.000000 0.000000
vn -0.000000 1.000000 0.000000
vn -0.000000 1.000000 0.000000
vn 0.000000 1.000000 0.000000
vn 0.000000 1.000000 0.000000
vn -0.000000 1.000000 0.000000
vn 0.000000 1.000000 0.000000
vn 0.000000 1.000000 -0.000000
vn 0.000000 1.000000 0.000000
vn 0.000000 1.000000 0.000000
vn 0.000000 1.000000 -0.000000
vn -0.000000 1.000000 -0.000000
vn -0.000000 1.000000 -0.000000
vn 0.000000 1.000000 -0.000000
vn -0.000717 0.047116 -0.998889
vn -0.309355 0.047116 -0.949779
vn -0.000746 0.047116 -0.998889
vn -0.309383 0.047116 -0.949770
vn 0.307991 0.047116 -0.950222
vn 0.307963 0.047116 -0.950231
vn 0.586551 0.047116 -0.808540
vn 0.586528 0.047116 -0.808557
vn 0.807697 0.047116 -0.587713
vn 0.807679 0.047116 -0.587736
vn 0.949778 0.047116 -0.309356
vn 0.949769 0.047116 -0.309384
vn 0.998889 0.047116 -0.000718
vn 0.998889 0.047116 -0.000747
vn 0.950222 0.047116 0.307991
vn 0.950231 0.047116 0.307963
vn 0.808540 0.047116 0.586552
vn 0.808557 0.047116 0.586528
vn 0.587713 0.047116 0.807697
vn 0.587736 0.047116 0.807679
vn 0.309356 0.047116 0.949778
vn 0.309384 0.047116 0.949769
vn 0.000718 0.047116 0.998889
vn 0.000747 0.047116 0.998889
vn -0.307991 0.047116 0.950222
vn -0.307963 0.047116 0.950231
vn -0.586551 0.047116 0.808541
vn -0.586528 0.047116 0.808558
vn -0.807696 0.047116 0.587713
vn -0.807679 0.047116 0.587737
vn -0.949778 0.047116 0.309356
vn -0.949769 0.047116 0.309384
vn -0.998889 0.047116 0.000718
vn -0.998889 0.047116 0.000747
vn -0.950222 0.047116 -0.307991
vn -0.950231 0.047116 -0.307964
vn -0.808540 0.047116 -0.586551
vn -0.808557 0.047116 -0.586528
vn -0.587713 0.047116 -0.807697
vn -0.587737 0.047116 -0.807679
vn -0.011073 0.047892 0.998791
vn 0.153216 0.061379 0.986285
vn 0.052146 0.086245 0.994908
vn 0.181363 0.093877 0.978925
vn -0.327031 0.049028 -0.943741
vn -0.443628 0.067081 -0.893697
vn -0.232437 0.087256 -0.968690
vn -0.324108 0.125980 -0.937594
vn -0.000050 0.049914 -0.998754
vn -0.313471 0.049101 -0.948327
vn -0.000859 0.049827 -0.998758
vn -0.308811 0.049913 -0.949813
vn 0.311743 0.050335 -0.948832
vn 0.313105 0.049117 -0.948448
vn 0.588660 0.046495 -0.807042
vn 0.586592 0.046129 -0.808568
vn 0.805867 0.047829 -0.590162
vn 0.807540 0.048222 -0.587839
vn 0.950113 0.049249 -0.307994
vn 0.950090 0.048688 -0.308155
vn 0.998861 0.047622 0.002894
vn 0.998863 0.047663 0.000921
vn 0.949220 0.046073 0.311221
vn 0.949884 0.046387 0.309142
vn 0.808177 0.046118 0.587131
vn 0.808173 0.046093 0.587139
vn 0.589879 0.046094 0.806175
vn 0.587923 0.046517 0.807578
vn 0.307255 0.047093 0.950461
vn 0.308658 0.048235 0.949949
vn 0.000632 0.045289 0.998974
vn 0.000450 0.046560 0.998915
vn -0.305472 0.047616 0.951010
vn -0.308650 0.048775 0.949924
vn -0.588322 0.047116 0.807253
vn -0.587894 0.047448 0.807546
vn -0.807217 0.047545 0.588336
vn -0.807255 0.047116 0.588320
vn -0.949902 0.049258 0.308642
vn -0.949945 0.048325 0.308656
vn -0.998876 0.047320 -0.002752
vn -0.998889 0.047115 -0.000933
vn -0.950486 0.046534 -0.307263
vn -0.950053 0.046329 -0.308631
vn -0.807409 0.047783 -0.588054
vn -0.809822 0.047698 -0.584734
vn -0.588239 0.046476 -0.807351
vn -0.588505 0.047478 -0.807099
vn -0.002094 0.051175 -0.998688
vn -0.306820 0.048737 -0.950519
vn -0.001700 0.049908 -0.998752
vn -0.308827 0.047116 -0.949951
vn 0.308583 0.049528 -0.949907
vn 0.309361 0.049001 -0.949682
vn 0.587273 0.049661 -0.807864
vn 0.585823 0.049544 -0.808923
vn 0.806468 0.049594 -0.589194
vn 0.807309 0.049956 -0.588011
vn 0.950625 0.050246 -0.306248
vn 0.949926 0.051556 -0.308192
vn 0.998884 0.047114 0.003423
vn 0.998849 0.047868 0.003184
vn 0.950155 0.047116 0.308196
vn 0.950157 0.047116 0.308192
vn 0.808413 0.047116 0.586726
vn 0.808417 0.047116 0.586722
vn 0.587538 0.047116 0.807824
vn 0.587542 0.047116 0.807821
vn 0.310183 0.047116 0.949509
vn 0.309828 0.047387 0.949611
vn 0.002293 0.048279 0.998831
vn -0.000000 0.048569 0.998820
vn -0.306788 0.048603 0.950536
vn -0.307210 0.048931 0.950383
vn -0.585944 0.050293 0.808789
vn -0.586270 0.050469 0.808542
vn -0.809521 0.051534 0.584824
vn -0.809256 0.050597 0.585273
vn -0.950902 0.048571 0.305658
vn -0.950167 0.047937 0.308032
vn -0.998827 0.048406 0.001401
vn -0.998848 0.047959 0.001461
vn -0.948460 0.049172 -0.313058
vn -0.950571 0.049902 -0.306472
vn -0.809017 0.044987 -0.586061
vn -0.808990 0.047136 -0.585930
vn -0.591525 0.050657 -0.804694
vn -0.582939 0.051245 -0.810899
vn -0.000690 0.047116 -0.998889
vn -0.309330 0.047116 -0.949787
vn 0.308016 0.047116 -0.950214
vn 0.586573 0.047116 -0.808525
vn 0.807712 0.047116 -0.587691
vn 0.949787 0.047116 -0.309331
vn 0.998889 0.047116 -0.000692
vn 0.950214 0.047116 0.308016
vn 0.808525 0.047116 0.586573
vn 0.587692 0.047116 0.807712
vn 0.309331 0.047116 0.949786
vn 0.000691 0.047116 0.998889
vn -0.308016 0.047116 0.950214
vn -0.586573 0.047116 0.808525
vn -0.807712 0.047116 0.587692
vn -0.949786 0.047116 0.309332
vn -0.998889 0.047116 0.000691
vn -0.950214 0.047116 -0.308016
vn -0.808525 0.047116 -0.586573
vn -0.587692 0.047116 -0.807712
vn -0.004003 -0.972431 -0.233155
vn -0.075343 -0.969766 -0.232116
vn -0.003942 -0.971808 -0.235740
vn -0.066809 -0.973431 -0.219018
vn -0.069955 0.971190 -0.227807
vn -0.000882 0.972472 -0.233020
vn -0.070759 0.970699 -0.229646
vn 0.000747 0.971117 -0.238602
vn 0.023799 -0.991044 -0.131401
vn 0.027720 -0.989236 -0.143680
vn 0.105529 0.925129 -0.364692
vn 0.109912 0.919605 -0.377156
vn -0.116830 -0.973054 0.198788
vn -0.120295 -0.972953 0.197211
vn -0.027702 0.998889 0.038125
vn -0.021491 0.999511 0.022709
vn 0.188453 -0.970899 -0.147788
vn 0.182979 -0.973278 -0.138742
vn -0.038069 0.998889 0.027784
vn -0.026017 0.999399 0.022930
vn 0.048795 -0.998751 -0.010703
vn 0.051890 -0.998560 -0.013609
vn 0.302666 0.949665 -0.080807
vn 0.299913 0.950311 -0.083433
vn 0.140363 -0.990002 -0.013969
vn 0.144897 -0.989366 -0.012670
vn -0.036782 0.999156 -0.018287
vn -0.047121 0.998735 -0.017548
vn -0.149978 -0.986975 -0.058203
vn -0.136057 -0.989127 -0.055831
vn -0.044853 0.998889 -0.014467
vn -0.039429 0.999161 -0.011065
vn -0.264752 -0.946860 -0.182655
vn -0.263189 -0.947123 -0.183545
vn 0.111830 0.989424 0.092377
vn 0.112052 0.989596 0.090246
vn -0.097586 -0.989914 -0.102704
vn -0.107767 -0.987462 -0.115344
vn -0.017167 0.999073 -0.039489
vn -0.020443 0.998849 -0.043401
vn 0.095976 -0.972238 0.213408
vn 0.092859 -0.971822 0.216657
vn -0.014659 0.998889 -0.044793
vn -0.014658 0.998889 -0.044793
vn -0.029178 -0.958775 -0.282666
vn -0.023924 -0.958980 -0.282462
vn -0.000100 0.998889 -0.047125
vn -0.000099 0.998889 -0.047124
vn -0.088132 -0.945835 0.312458
vn -0.089645 -0.949762 0.299859
vn 0.014468 0.998889 -0.044851
vn 0.014470 0.998889 -0.044850
vn -0.027776 -0.998889 0.038063
vn -0.031538 -0.998376 0.047450
vn 0.027620 0.998889 -0.038178
vn 0.027622 0.998889 -0.038176
vn -0.038178 -0.998889 0.027615
vn -0.038177 -0.998889 0.027615
vn 0.038069 0.998889 -0.027784
vn 0.025975 0.999400 -0.022913
vn -0.044843 -0.998889 0.014469
vn -0.044843 -0.998889 0.014470
vn -0.303640 0.949331 0.081076
vn -0.300880 0.949981 0.083708
vn -0.042244 -0.999067 0.008932
vn -0.047117 -0.998852 0.008592
vn 0.036746 0.999156 0.018344
vn 0.047121 0.998734 0.017602
vn 0.134947 -0.990243 0.034764
vn 0.133418 -0.990401 0.036136
vn 0.044853 0.998889 0.014468
vn 0.039612 0.999153 0.011180
vn -0.040187 -0.999136 -0.010569
vn -0.040934 -0.999068 -0.013692
vn -0.107036 0.990305 -0.088542
vn -0.111220 0.989596 -0.091271
vn 0.167763 -0.967110 0.191189
vn 0.167180 -0.966282 0.195832
vn -0.088650 0.988551 -0.122103
vn -0.089872 0.988068 -0.125076
vn 0.009710 -0.985254 -0.170821
vn -0.010434 -0.998741 -0.049069
vn 0.010133 -0.986676 -0.162383
vn -0.015944 -0.998286 -0.056314
vn 0.014560 0.998889 0.044811
vn 0.000000 0.889884 -0.456188
vn 0.004423 0.999924 0.011483
vn 0.000000 0.880106 -0.474778
vn 0.107690 -0.932449 -0.344881
vn 0.108391 -0.933503 -0.341796
vn -0.014560 0.998889 0.044810
vn -0.009358 0.999766 0.019493
vn 0.152750 -0.965808 -0.209483
vn 0.153958 -0.964920 -0.212665
vn 0.115271 0.983117 -0.142104
vn 0.117755 0.982203 -0.146322
vn 0.208904 -0.966087 -0.151777
vn 0.221898 -0.962400 -0.156678
vn 0.141857 0.984392 -0.104160
vn 0.138704 0.984984 -0.102799
vn 0.531716 -0.827423 -0.180688
vn 0.545111 -0.817704 -0.184970
vn 0.062072 0.997747 -0.025462
vn 0.056415 0.998114 -0.024208
vn 0.047114 -0.998890 0.000090
vn 0.069186 -0.997590 -0.005299
vn -0.044551 0.998996 -0.004712
vn -0.047115 0.998879 -0.004515
vn 0.044780 -0.998890 0.014645
vn 0.044780 -0.998890 0.014644
vn -0.044838 0.998889 -0.014473
vn -0.044838 0.998889 -0.014474
vn 0.038063 -0.998890 0.027765
vn 0.038063 -0.998890 0.027765
vn -0.038171 0.998890 -0.027620
vn -0.038171 0.998889 -0.027621
vn 0.027620 -0.998890 0.038169
vn 0.027621 -0.998890 0.038168
vn -0.027768 0.998889 -0.038065
vn -0.027767 0.998889 -0.038066
vn 0.005590 -0.998504 0.054390
vn 0.004105 -0.998829 0.048202
vn -0.014646 0.998889 -0.044782
vn -0.014645 0.998889 -0.044782
vn -0.000815 -0.954037 0.299687
vn -0.002573 -0.956073 0.293119
vn -0.000091 0.998889 -0.047116
vn -0.000090 0.998889 -0.047116
vn -0.094170 -0.952436 0.289825
vn -0.099471 -0.949517 0.297529
vn 0.014473 0.998889 -0.044839
vn 0.014474 0.998889 -0.044839
vn -0.312395 -0.847969 0.428202
vn -0.317597 -0.842365 0.435378
vn 0.027621 0.998889 -0.038171
vn 0.016659 0.999446 -0.028830
vn -0.261339 -0.945028 0.196531
vn -0.268903 -0.941170 0.204671
vn -0.296777 0.930285 0.215622
vn -0.310378 0.923479 0.225504
vn -0.181599 -0.981200 0.065334
vn -0.188409 -0.979705 0.068413
vn 0.044810 0.998890 -0.014560
vn 0.027768 0.999593 -0.006574
vn -0.050419 -0.998709 -0.006195
vn -0.051429 -0.998665 -0.004885
vn -0.106788 0.994260 -0.006563
vn -0.118575 0.992910 -0.008321
vn -0.172556 -0.984497 -0.031454
vn -0.180770 -0.982859 -0.036212
vn -0.336717 0.933876 -0.120405
vn -0.333225 0.935687 -0.115975
vn 0.288897 -0.941958 0.171036
vn 0.288715 -0.940950 0.176799
vn 0.018387 0.999162 0.036568
vn 0.016994 0.999415 0.029697
vn -0.237773 -0.922758 -0.303286
vn -0.226321 -0.927662 -0.297023
vn -0.238880 0.913692 -0.328790
vn -0.249297 0.905602 -0.343127
vn 0.470791 -0.221563 0.853970
vn 0.469764 -0.028660 0.882326
vn 0.202411 0.095270 0.974656
vn 0.308994 -0.050757 0.949709
vn 0.063209 -0.089486 -0.993980
vn -0.149791 -0.036552 -0.988042
vn 0.002190 -0.097373 -0.995246
vn 0.000770 -0.051302 -0.998683
vn 0.132941 -0.028602 0.990711
vn 0.080976 -0.048431 0.995539
vn -0.000799 -0.051204 0.998688
vn 0.307852 -0.051204 0.950055
vn -0.000748 -0.051204 0.998688
vn 0.307900 -0.051204 0.950040
vn -0.309369 -0.051204 0.949562
vn -0.309321 -0.051204 0.949578
vn -0.587659 -0.051204 0.807487
vn -0.587618 -0.051204 0.807517
vn -0.808424 -0.051204 0.586369
vn -0.808395 -0.051204 0.586410
vn -0.950055 -0.051204 0.307854
vn -0.950039 -0.051203 0.307902
vn -0.998688 -0.051204 -0.000797
vn -0.998688 -0.051204 -0.000745
vn -0.949562 -0.051204 -0.309370
vn -0.949578 -0.051204 -0.309322
vn -0.807487 -0.051204 -0.587659
vn -0.807517 -0.051204 -0.587618
vn -0.586370 -0.051204 -0.808424
vn -0.586411 -0.051204 -0.808394
vn -0.307854 -0.051204 -0.950055
vn -0.307902 -0.051204 -0.950039
vn 0.000797 -0.051204 -0.998688
vn 0.000747 -0.051204 -0.998688
vn 0.309370 -0.051204 -0.949562
vn 0.309321 -0.051204 -0.949578
vn 0.587659 -0.051204 -0.807487
vn 0.587618 -0.051204 -0.807517
vn 0.808424 -0.051204 -0.586369
vn 0.808394 -0.051204 -0.586410
vn 0.950055 -0.051204 -0.307853
vn 0.950040 -0.051204 -0.307901
vn 0.998688 -0.051204 0.000797
vn 0.998688 -0.051204 0.000746
vn 0.949562 -0.051204 0.309369
vn 0.949578 -0.051204 0.309321
vn 0.807487 -0.051204 0.587659
vn 0.807517 -0.051204 0.587618
vn 0.586369 -0.051204 0.808424
vn 0.586410 -0.051204 0.808394
vn -0.001864 -0.051203 0.998686
vn -0.309373 -0.051204 0.949561
vn -0.587662 -0.051204 0.807485
vn -0.808426 -0.051204 0.586366
vn -0.950056 -0.051204 0.307850
vn -0.998688 -0.051204 -0.000801
vn -0.949561 -0.051204 -0.309374
vn -0.807485 -0.051204 -0.587662
vn -0.586367 -0.051204 -0.808425
vn -0.308567 -0.051204 -0.949823
vn 0.310069 -0.051204 -0.949334
vn 0.587662 -0.051204 -0.807485
vn 0.808426 -0.051204 -0.586367
vn 0.950056 -0.051204 -0.307850
vn 0.998688 -0.051204 -0.000281
vn 0.949540 -0.051631 0.309368
vn 0.806859 -0.051204 0.588520
vn 0.586691 -0.051204 0.808190
vn 0.152784 -0.033739 -0.987684
vn 0.052629 -0.093933 -0.994187
vn 0.894124 -0.040657 0.445970
vn 0.929629 -0.212930 0.300751
vn 0.957794 -0.213815 0.192129
vn 0.776934 -0.241527 0.581410
vn 0.985178 -0.044905 0.165551
vn 0.086399 0.992633 -0.084941
vn -0.069466 0.987850 0.139021
vn 0.068026 0.698190 -0.712673
vn -0.016927 0.733107 -0.679902
vn -0.038204 0.738729 -0.672919
vn -0.030573 0.739352 -0.672624
vn -0.939670 0.066230 -0.335610
vn -0.982040 0.070089 -0.175174
vn -0.859408 0.460010 -0.223177
vn -0.718063 0.374413 -0.586686
vn -0.995704 0.092556 -0.002709
vn -0.901710 0.067099 -0.427102
vn -0.094117 0.129933 0.987046
vn -0.151219 0.065216 0.986347
vn -0.130410 0.113781 -0.984910
vn -0.160682 0.059330 -0.985221
vn -0.080048 0.503835 0.860083
vn 0.030966 0.582754 0.812059
vn 0.073340 0.600617 0.796166
vn 0.073594 0.600938 0.795900
vn 0.853127 0.511775 -0.101294
vn 0.797239 0.586595 -0.142538
vn 0.854186 0.496914 -0.153112
vn 0.790938 0.588673 -0.166977
vn -0.522521 0.847856 0.090070
vn -0.148317 0.986232 0.073140
vn -0.160409 0.987050 -0.001101
vn -0.443108 0.880794 0.166905
vn -0.034114 0.998352 -0.046141
vn -0.298851 0.864442 -0.404262
vn -0.049788 0.998067 -0.037195
vn -0.404033 0.863859 -0.300841
vn -0.508118 0.518199 -0.687958
vn -0.687338 0.517634 -0.509531
vn -0.591942 0.072998 -0.802668
vn -0.802791 0.073025 -0.591772
vn -0.057634 0.998336 0.001963
vn -0.502027 0.864668 0.017841
vn -0.055977 0.998268 0.018122
vn -0.477967 0.864620 0.154854
vn -0.855318 0.517243 0.029840
vn -0.813119 0.518914 0.263752
vn -0.996864 0.072643 0.031376
vn -0.948424 0.073161 0.308447
vn 0.018692 0.998352 0.054265
vn 0.163691 0.864338 0.475526
vn 0.034532 0.998268 0.047637
vn 0.294971 0.864621 0.406722
vn 0.277705 0.517741 0.809212
vn 0.502107 0.518924 0.691814
vn 0.321947 0.072870 0.943949
vn 0.586430 0.073161 0.806689
vn 0.693383 0.487198 0.530904
vn 0.787536 0.466107 0.403151
vn 0.795691 -0.019513 0.605388
vn 0.388364 0.871888 0.298302
vn 0.451717 0.861465 0.232013
vn 0.035162 0.999015 0.027086
vn 0.026736 0.999550 0.013622
vn 0.315889 0.220548 -0.922807
vn 0.152182 0.232358 -0.960651
vn 0.322426 -0.019454 -0.946395
vn 0.233952 0.693378 -0.681538
vn 0.114696 0.689237 -0.715400
vn 0.233911 0.693381 -0.681549
vn 0.114694 0.689243 -0.715394
vn 0.086187 0.964523 -0.249536
vn 0.014516 0.999010 -0.042063
vn 0.044058 0.959564 -0.278022
vn 0.005774 0.999318 -0.036463
vn -0.024052 0.220495 0.975092
vn 0.152587 0.220261 0.963433
vn -0.022063 -0.019707 0.999562
vn -0.019621 0.693283 0.720398
vn 0.112965 0.690028 0.714912
vn -0.019549 0.693303 0.720381
vn 0.112962 0.690067 0.714876
vn -0.001231 0.999029 0.044039
vn -0.007374 0.964496 0.263993
vn 0.029691 0.963076 0.267589
vn 0.025281 0.999093 0.034275
vn -0.077454 0.996207 -0.039644
vn 0.067812 0.997638 0.010982
vn -0.046352 0.998898 -0.007341
vn 0.043526 0.999052 -0.001301
vn 0.041440 0.999051 -0.013413
vn -0.047636 0.998268 0.034532
vn 0.035267 0.999051 -0.025561
vn -0.034634 0.998268 0.047561
vn 0.025642 0.999051 -0.035206
vn -0.019532 0.998133 0.057873
vn -0.011389 0.997388 0.071330
vn -0.013827 0.999093 -0.040285
vn -0.025562 0.999051 -0.035268
vn 0.047563 0.998268 0.034632
vn -0.035209 0.999051 -0.025643
vn 0.055937 0.998268 0.018242
vn -0.041409 0.999051 -0.013508
vn 0.058836 0.998268 0.000062
vn -0.043557 0.999051 -0.000050
vn 0.055976 0.998268 -0.018121
vn -0.041440 0.999051 0.013412
vn 0.047637 0.998268 -0.034536
vn -0.035268 0.999051 0.025561
vn 0.034634 0.998268 -0.047562
vn -0.025643 0.999051 0.035208
vn 0.018241 0.998268 -0.055937
vn -0.013507 0.999051 0.041409
vn 0.001713 0.998251 -0.059099
vn 0.308356 0.047116 -0.950104
vn 0.014939 0.047110 -0.998778
vn 0.307932 0.073161 -0.948591
vn 0.022312 0.072839 -0.997094
vn 0.586862 0.047115 -0.808315
vn 0.585991 0.073160 -0.807008
vn 0.807922 0.047115 -0.587403
vn 0.806691 0.073161 -0.586427
vn 0.949897 0.047115 -0.308993
vn 0.948424 0.073160 -0.308447
vn 0.998889 0.047115 -0.000335
vn 0.997320 0.073161 -0.000271
vn 0.950104 0.047115 0.308355
vn 0.948592 0.073160 0.307930
vn 0.808316 0.047116 0.586861
vn 0.807009 0.073159 0.585991
vn 0.587402 0.047116 0.807923
vn 0.318505 0.047113 0.946750
vn -0.313428 0.047115 0.948442
vn -0.314705 0.073061 0.946374
vn -0.586862 0.047115 0.808315
vn -0.585991 0.073161 0.807008
vn -0.807921 0.047115 0.587404
vn -0.806690 0.073160 0.586430
vn -0.949897 0.047116 0.308992
vn -0.998691 0.047108 0.019914
vn -0.805168 0.047116 -0.591173
vn -0.591442 0.047114 -0.804970
vn 0.593016 -0.019360 0.804958
vn 0.999569 -0.019782 -0.021701
vn 0.950991 -0.019282 -0.308616
vn 0.809078 -0.019282 -0.587385
vn 0.587968 -0.019281 -0.808655
vn -0.322090 -0.019515 -0.946508
vn -0.587385 -0.019283 -0.809078
vn -0.808655 -0.019281 -0.587968
vn -0.950768 -0.019280 -0.309303
vn -0.999814 -0.019282 -0.000361
vn -0.950991 -0.019280 0.308617
vn -0.809078 -0.019282 0.587385
vn -0.587968 -0.019281 0.808654
vn -0.309302 -0.019282 0.950769
vn -0.008116 0.998667 -0.050968
vn 0.009425 0.998199 0.059240
vn 0.021930 0.998835 0.042978
vn -0.027448 0.998174 -0.053810
vn -0.010123 0.554340 0.832229
vn -0.593292 0.803201 0.053599
vn -0.502421 0.825773 -0.256264
vn -0.795429 0.455337 -0.399951
vn 0.798167 0.599398 -0.060425
vn 0.070769 0.760466 0.645510
vn -0.084905 0.840610 0.534944
vn -0.136517 0.472371 0.870763
vn -0.087503 0.852362 -0.515580
vn 0.340612 0.455049 -0.822748
vn -0.121576 0.442445 -0.888516
vn 0.580182 -0.231535 -0.780884
vn 0.563079 -0.356675 -0.745470
vn 0.587515 -0.074286 -0.805797
vn 0.573938 0.138887 -0.807035
vn 0.168742 0.713572 0.679956
vn -0.610871 -0.063820 -0.789154
vn -0.610871 -0.063820 -0.789154
vn -0.610871 -0.063820 -0.789154
vn -0.436660 0.567444 -0.698094
vn -0.436660 0.567444 -0.698094
vn -0.436660 0.567444 -0.698094
vn 0.645524 0.715368 -0.267483
vn 0.703194 0.119563 0.700873
vn 0.739967 0.310719 0.596576
vn 0.144102 0.468129 0.871832
vn 0.295525 0.661345 0.689411
vn 0.082863 0.850569 0.519295
vn -0.594288 0.786324 0.168868
vn -0.560427 0.817640 -0.131857
vn 0.371894 0.512419 -0.774029
vn 0.371894 0.512419 -0.774029
vn 0.371894 0.512419 -0.774029
vn 0.438033 -0.041664 -0.897993
vn 0.047291 0.754973 -0.654049
vn 0.612183 0.113698 0.782499
vn 0.605434 -0.044979 0.794624
vn -0.676022 -0.309580 0.668696
vn -0.669461 -0.406568 0.621711
vn -0.673114 -0.183016 0.716535
vn -0.650498 -0.011530 0.759420
vn -0.125068 0.816086 -0.564235
vn -0.397450 0.491609 -0.774825
vn -0.345828 0.717234 -0.604961
vn -0.235025 0.855967 -0.460526
vn 0.435756 0.829699 -0.348877
vn 0.568948 0.822343 0.007037
vn -0.059298 0.608402 0.791411
vn 0.325691 0.688912 0.647554
vn 0.312114 0.688070 0.655091
vn -0.116229 0.087641 0.989348
vn -0.522291 0.848650 -0.083699
vn -0.875892 0.461966 -0.139287
vn -0.691819 0.518917 0.502107
vn -0.406718 0.864624 0.294968
vn -0.502803 0.518925 0.691307
vn -0.295663 0.864627 0.406207
vn -0.271612 0.518080 0.811061
vn -0.160456 0.864217 0.476847
vn 0.691313 0.518915 0.502805
vn 0.406214 0.864624 0.295660
vn 0.812854 0.518915 0.264566
vn 0.477699 0.864623 0.155664
vn 0.854823 0.518919 0.000430
vn 0.502419 0.864624 0.000426
vn 0.813119 0.518918 -0.263746
vn 0.477964 0.864623 -0.154847
vn 0.691818 0.518928 -0.502096
vn 0.406716 0.864622 -0.294976
vn 0.502802 0.518913 -0.691317
vn 0.295663 0.864624 -0.406213
vn 0.264563 0.518920 -0.812852
vn 0.155662 0.864623 -0.477699
vn 0.022555 0.517574 -0.855341
vn 0.014219 0.864316 -0.502748
vn 0.579015 0.220543 0.784922
vn 0.442826 0.220435 0.869088
vn 0.156707 0.964523 0.212458
vn 0.122553 0.962964 0.240171
vn 0.427823 0.693406 0.579789
vn 0.427804 0.693408 0.579800
vn 0.975099 0.220492 -0.023754
vn 0.966431 0.206337 0.153091
vn 0.263734 0.964563 -0.007856
vn 0.251607 0.966970 0.040784
vn 0.720391 0.693295 -0.019449
vn 0.720412 0.693276 -0.019375
vn 0.716859 0.687692 0.114867
vn 0.716896 0.687652 0.114869
vn 0.927717 0.220552 -0.301161
vn 0.685452 0.693420 -0.222091
vn 0.685451 0.693420 -0.222093
vn 0.251126 0.964536 -0.081277
vn 0.789245 0.220543 -0.573109
vn 0.583273 0.693426 -0.423029
vn 0.583272 0.693426 -0.423030
vn 0.213724 0.964534 -0.154906
vn 0.573524 0.220550 -0.788941
vn 0.424000 0.693419 -0.582576
vn 0.423998 0.693419 -0.582577
vn 0.155396 0.964536 -0.213358
vn -0.315685 0.220552 -0.922876
vn -0.152572 0.221099 -0.963243
vn -0.085714 0.964509 -0.249751
vn -0.042580 0.962660 -0.267345
vn -0.233910 0.693360 -0.681570
vn -0.233864 0.693370 -0.681576
vn -0.113599 0.689548 -0.715275
vn -0.113594 0.689569 -0.715256
vn -0.573099 0.220552 -0.789249
vn -0.423031 0.693424 -0.583273
vn -0.423033 0.693425 -0.583271
vn -0.154902 0.964533 -0.213730
vn -0.788938 0.220552 -0.573528
vn -0.582565 0.693430 -0.423996
vn -0.582568 0.693430 -0.423992
vn -0.213367 0.964533 -0.155402
vn -0.927552 0.220569 -0.301657
vn -0.685089 0.693413 -0.223231
vn -0.685089 0.693413 -0.223228
vn -0.250943 0.964534 -0.081863
vn -0.975374 0.220559 -0.000260
vn -0.720527 0.693427 -0.000596
vn -0.720527 0.693427 -0.000593
vn -0.263962 0.964533 -0.000304
vn -0.927713 0.220574 0.301158
vn -0.685460 0.693411 0.222093
vn -0.685459 0.693411 0.222096
vn -0.251130 0.964535 0.081279
vn -0.789246 0.220542 0.573107
vn -0.583271 0.693429 0.423027
vn -0.583269 0.693429 0.423028
vn -0.213725 0.964535 0.154902
vn -0.573522 0.220554 0.788941
vn -0.424002 0.693427 0.582564
vn -0.423999 0.693428 0.582565
vn -0.155396 0.964534 0.213368
vn -0.301654 0.220552 0.927557
vn -0.223226 0.693416 0.685087
vn -0.223223 0.693416 0.685088
vn -0.081856 0.964535 0.250943
vn 0.013207 -0.999092 0.040511
vn 0.025079 -0.999092 0.034447
vn -0.020469 -0.997816 -0.062805
vn -0.038876 -0.997816 -0.053406
vn 0.034497 -0.999092 0.025011
vn -0.053476 -0.997816 -0.038779
vn 0.040537 -0.999092 0.013127
vn -0.062842 -0.997816 -0.020356
vn 0.042609 -0.999092 -0.000042
vn -0.066056 -0.997816 0.000060
vn 0.040511 -0.999092 -0.013207
vn -0.062805 -0.997816 0.020469
vn 0.034447 -0.999092 -0.025079
vn -0.053406 -0.997816 0.038875
vn 0.025011 -0.999092 -0.034497
vn -0.038779 -0.997816 0.053476
vn 0.013127 -0.999092 -0.040537
vn -0.020356 -0.997816 0.062842
vn -0.000042 -0.999092 -0.042609
vn 0.000060 -0.997816 0.066056
vn -0.013207 -0.999092 -0.040511
vn 0.020469 -0.997816 0.062805
vn -0.025079 -0.999092 -0.034447
vn 0.038876 -0.997816 0.053406
vn -0.034497 -0.999092 -0.025011
vn 0.053476 -0.997816 0.038779
vn -0.040537 -0.999092 -0.013127
vn 0.062842 -0.997816 0.020356
vn -0.042609 -0.999092 0.000042
vn 0.066057 -0.997816 -0.000060
vn -0.040511 -0.999092 0.013207
vn 0.062805 -0.997816 -0.020470
vn -0.034447 -0.999092 0.025079
vn 0.053406 -0.997816 -0.038876
vn -0.025011 -0.999092 0.034497
vn 0.038779 -0.997816 -0.053476
vn -0.013127 -0.999092 0.040537
vn 0.020356 -0.997816 -0.062842
vn 0.000042 -0.999092 0.042610
vn -0.000060 -0.997816 -0.066056
vn -0.309315 0.007366 -0.950931
vn -0.588031 0.007368 -0.808805
vn -0.308979 0.047116 -0.949901
vn -0.587393 0.047116 -0.807929
vn -0.809185 0.007365 -0.587508
vn -0.808308 0.047115 -0.586872
vn -0.951131 0.007368 -0.308701
vn -0.950100 0.047116 -0.308367
vn -0.999973 0.007367 0.000323
vn -0.998889 0.047115 0.000322
vn -0.950931 0.007368 0.309316
vn -0.949901 0.047117 0.308980
vn -0.808805 0.007369 0.588031
vn -0.807929 0.047117 0.587393
vn -0.587508 0.007369 0.809185
vn -0.586872 0.047117 0.808308
vn -0.308701 0.007368 0.951131
vn -0.308367 0.047117 0.950100
vn 0.000323 0.007366 0.999973
vn 0.000322 0.047114 0.998889
vn 0.309316 0.007367 0.950931
vn 0.308980 0.047117 0.949901
vn 0.588031 0.007368 0.808805
vn 0.587393 0.047117 0.807929
vn 0.809185 0.007367 0.587508
vn 0.808308 0.047116 0.586872
vn 0.951131 0.007368 0.308701
vn 0.950100 0.047117 0.308367
vn 0.999973 0.007369 -0.000323
vn 0.998889 0.047117 -0.000322
vn 0.950931 0.007367 -0.309316
vn 0.949901 0.047116 -0.308980
vn 0.808805 0.007365 -0.588030
vn 0.807930 0.047115 -0.587393
vn 0.587508 0.007367 -0.809185
vn 0.586872 0.047115 -0.808308
vn 0.308701 0.007366 -0.951130
vn 0.308367 0.047115 -0.950100
vn -0.000322 0.007367 -0.999973
vn -0.000321 0.047117 -0.998889
vn 0.585062 -0.097510 0.805105
vn 0.307635 -0.097508 0.946495
vn 0.587786 0.000000 0.809017
vn 0.309016 0.000000 0.951057
vn 0.805218 -0.097510 0.584906
vn 0.809017 0.000000 0.587785
vn 0.946554 -0.097510 0.307452
vn 0.951057 0.000000 0.309017
vn 0.995235 -0.097510 -0.000096
vn 1.000000 0.000000 0.000000
vn 0.946495 -0.097507 -0.307636
vn 0.951057 0.000000 -0.309017
vn 0.805105 -0.097511 -0.585062
vn 0.809017 0.000000 -0.587786
vn 0.584906 -0.097509 -0.805219
vn 0.587785 0.000000 -0.809017
vn 0.307452 -0.097507 -0.946554
vn 0.309017 0.000000 -0.951057
vn -0.000096 -0.097507 -0.995235
vn 0.000000 0.000000 -1.000000
vn -0.307635 -0.097508 -0.946495
vn -0.309017 0.000000 -0.951057
vn -0.585062 -0.097510 -0.805105
vn -0.587786 0.000000 -0.809017
vn -0.805219 -0.097510 -0.584906
vn -0.809017 0.000000 -0.587785
vn -0.946554 -0.097508 -0.307452
vn -0.951057 0.000000 -0.309017
vn -0.995235 -0.097505 0.000096
vn -1.000000 0.000000 0.000000
vn -0.946495 -0.097508 0.307636
vn -0.951057 0.000000 0.309017
vn -0.805105 -0.097509 0.585062
vn -0.809017 0.000000 0.587785
vn -0.584906 -0.097508 0.805219
vn -0.587785 0.000000 0.809017
vn -0.307452 -0.097507 0.946555
vn -0.309016 0.000000 0.951057
vn 0.000095 -0.097507 0.995235
vn -0.000001 0.000000 1.000000
vn 0.117364 -0.925543 0.359994
vn 0.222865 -0.925543 0.306108
vn 0.285333 -0.386741 0.876936
vn 0.542356 -0.386749 0.745839
vn 0.306553 -0.925541 0.222259
vn 0.746287 -0.386748 0.541739
vn 0.360227 -0.925543 0.116649
vn 0.877168 -0.386750 0.284608
vn 0.378645 -0.925542 -0.000376
vn 0.922184 -0.386750 -0.000381
vn 0.360000 -0.925540 -0.117366
vn 0.876937 -0.386738 -0.285334
vn 0.306108 -0.925542 -0.222866
vn 0.745838 -0.386751 -0.542356
vn 0.222256 -0.925543 -0.306549
vn 0.541739 -0.386746 -0.746288
vn 0.116649 -0.925543 -0.360226
vn 0.284609 -0.386739 -0.877172
vn -0.000376 -0.925543 -0.378643
vn -0.000381 -0.386738 -0.922189
vn -0.117364 -0.925543 -0.359994
vn -0.285334 -0.386741 -0.876935
vn -0.222865 -0.925543 -0.306107
vn -0.542356 -0.386748 -0.745839
vn -0.306551 -0.925542 -0.222258
vn -0.746288 -0.386748 -0.541739
vn -0.360226 -0.925543 -0.116649
vn -0.877171 -0.386742 -0.284609
vn -0.378641 -0.925543 0.000376
vn -0.922192 -0.386734 0.000381
vn -0.359995 -0.925542 0.117365
vn -0.876935 -0.386742 0.285334
vn -0.306106 -0.925544 0.222864
vn -0.745841 -0.386745 0.542356
vn -0.222256 -0.925543 0.306549
vn -0.541740 -0.386743 0.746289
vn -0.116649 -0.925543 0.360226
vn -0.284609 -0.386740 0.877172
vn 0.000375 -0.925543 0.378643
vn 0.000380 -0.386738 0.922190
vn -0.120655 -0.921081 -0.370205
vn -0.000350 -0.921082 -0.389369
vn -0.289299 -0.354088 -0.889341
vn -0.000318 -0.354084 -0.935213
vn -0.549965 -0.354073 -0.756420
vn -0.229145 -0.921085 -0.314795
vn -0.756789 -0.354093 -0.549445
vn -0.315211 -0.921082 -0.228581
vn -0.889544 -0.354074 -0.288694
vn -0.370418 -0.921083 -0.119988
vn -0.935218 -0.354073 0.000319
vn -0.389366 -0.921083 0.000350
vn -0.889344 -0.354080 0.289301
vn -0.370204 -0.921082 0.120655
vn -0.756417 -0.354080 0.549964
vn -0.314796 -0.921084 0.229146
vn -0.549449 -0.354074 0.756794
vn -0.228579 -0.921084 0.315208
vn -0.288693 -0.354085 0.889539
vn -0.119988 -0.921082 0.370420
vn 0.000319 -0.354075 0.935217
vn 0.000350 -0.921083 0.389365
vn 0.289300 -0.354084 0.889342
vn 0.120654 -0.921082 0.370203
vn 0.549965 -0.354076 0.756418
vn 0.229146 -0.921084 0.314797
vn 0.756793 -0.354077 0.549448
vn 0.315206 -0.921085 0.228577
vn 0.889542 -0.354078 0.288694
vn 0.370418 -0.921083 0.119988
vn 0.935218 -0.354073 -0.000319
vn 0.389366 -0.921083 -0.000350
vn 0.889344 -0.354080 -0.289301
vn 0.370202 -0.921083 -0.120654
vn 0.756416 -0.354084 -0.549963
vn 0.314794 -0.921085 -0.229144
vn 0.549449 -0.354076 -0.756793
vn 0.228578 -0.921085 -0.315206
vn 0.288693 -0.354084 -0.889540
vn 0.119988 -0.921082 -0.370419
vn 0.001030 0.010233 0.999947
vn 0.050063 0.497536 0.865998
vn 0.001032 0.010235 0.999947
vn 0.050152 0.497502 0.866012
vn 0.086707 0.861708 0.499941
vn 0.070924 0.703566 0.707082
vn 0.100113 0.994949 0.007286
vn 0.096882 0.961065 0.258782
vn 0.100295 0.994931 0.007285
vn 0.100113 0.994949 -0.007285
vn 0.086707 0.861702 -0.499951
vn 0.100296 0.994931 -0.007287
vn 0.096880 0.961049 -0.258841
vn 0.050064 0.497543 -0.865993
vn 0.070921 0.703534 -0.707114
vn 0.050150 0.497487 -0.866020
vn 0.001030 0.010233 -0.999947
vn 0.001032 0.010235 -0.999947
vn -0.100114 -0.994949 0.007288
vn -0.086703 -0.861673 0.500003
vn -0.100297 -0.994931 0.007286
vn -0.086865 -0.861676 0.499969
vn -0.070792 -0.703541 0.707120
vn -0.070926 -0.703580 0.707068
vn -0.025912 -0.257521 0.965925
vn -0.001031 -0.010248 0.999947
vn -0.025959 -0.257510 0.965927
vn -0.001032 -0.010235 0.999947
vn -0.001031 -0.010248 -0.999947
vn -0.025912 -0.257521 -0.965925
vn -0.001032 -0.010235 -0.999947
vn -0.025959 -0.257510 -0.965927
vn -0.070792 -0.703544 -0.707117
vn -0.086703 -0.861669 -0.500009
vn -0.070925 -0.703547 -0.707101
vn -0.086862 -0.861650 -0.500014
vn -0.100114 -0.994949 -0.007286
vn -0.100297 -0.994931 -0.007288
vn -0.077433 -0.246438 0.966060
vn -0.016821 -0.260331 0.965373
vn -0.003447 -0.010969 0.999934
vn 0.056304 -0.021328 0.998186
vn -0.260779 -0.829103 0.494554
vn -0.107463 -0.699211 0.706793
vn -0.211852 -0.673840 0.707855
vn -0.108218 -0.699032 0.706855
vn -0.300303 -0.953817 0.007200
vn -0.158675 -0.987307 0.006845
vn -0.170467 -0.950770 0.258801
vn 0.252403 -0.057094 0.965936
vn 0.241436 -0.039404 0.969616
vn 0.255186 -0.041153 0.966016
vn 0.691899 -0.145555 0.707170
vn 0.691869 -0.145736 0.707162
vn 0.695192 -0.127962 0.707342
vn 0.853565 -0.157558 0.496590
vn 0.946043 -0.194975 0.258820
vn 0.978668 -0.205321 0.007202
vn 0.983143 -0.182698 0.007219
vn 0.895321 -0.445397 0.004612
vn 0.978656 -0.205378 -0.007219
vn 0.894202 -0.447640 -0.004638
vn 0.547287 -0.836927 0.005470
vn 0.547209 -0.836978 0.005407
vn 0.543037 -0.839690 -0.005676
vn 0.542942 -0.839751 -0.005630
vn 0.048859 -0.998795 0.004547
vn 0.046366 -0.998913 -0.004776
vn -0.158668 -0.987308 -0.006853
vn 0.848624 -0.175971 -0.498871
vn 0.983206 -0.182353 -0.007267
vn 0.857946 -0.158264 -0.488754
vn 0.692270 -0.145023 -0.706916
vn 0.704818 -0.129441 -0.697478
vn 0.056297 -0.021414 -0.998185
vn 0.247584 -0.040202 -0.968032
vn 0.252552 -0.057221 -0.965890
vn 0.261935 -0.042431 -0.964152
vn 0.932791 0.360395 -0.004168
vn 0.929291 0.369335 0.003323
vn 0.813117 0.582081 -0.004756
vn 0.804466 0.593987 0.003732
vn 0.344448 0.938774 -0.007695
vn 0.330880 0.943644 0.007389
vn 0.365323 0.930874 -0.003492
vn 0.350389 0.936599 0.003285
vn -0.129726 -0.991523 0.007328
vn -0.129726 -0.991523 -0.007329
vn -0.240057 -0.970730 0.007429
vn -0.240057 -0.970730 -0.007429
vn -0.346984 -0.937840 0.007584
vn -0.346985 -0.937840 -0.007585
vn -0.799561 -0.600535 0.007762
vn -0.799563 -0.600533 -0.007761
vn -0.989258 -0.145923 0.008704
vn -0.989258 -0.145923 -0.008704
vn -0.979782 0.199926 0.007521
vn -0.979781 0.199933 -0.007521
vn -0.929824 0.367933 0.007314
vn -0.929823 0.367935 -0.007314
vn -0.873854 0.486133 0.007393
vn -0.873853 0.486133 -0.007393
vn -0.799590 0.600501 0.007347
vn -0.799590 0.600501 -0.007347
vn -0.747741 0.663951 0.007278
vn -0.747741 0.663951 -0.007278
vn -0.814157 0.580601 0.007068
vn -0.814157 0.580601 -0.007068
vn -0.964780 0.262961 0.007119
vn -0.964783 0.262950 -0.007132
vn -0.993097 -0.117075 0.007175
vn -0.993095 -0.117096 -0.007175
vn -0.901741 -0.432218 0.007190
vn -0.901737 -0.432226 -0.007174
vn -0.771389 -0.636323 0.007193
vn -0.771389 -0.636323 -0.007194
vn -0.663423 -0.748210 0.007207
vn -0.663420 -0.748212 -0.007217
vn -0.558096 -0.829745 0.007207
vn -0.558091 -0.829749 -0.007209
vn -0.425099 -0.905118 0.007216
vn -0.425093 -0.905121 -0.007198
vn -0.300521 -0.953748 -0.007214
vn 0.001384 0.010579 -0.999943
vn -0.001269 -0.009696 -0.999952
vn 0.002728 0.011199 -0.999934
vn -0.002143 -0.008650 -0.999960
vn 0.004952 0.011468 -0.999922
vn -0.002909 -0.007505 -0.999968
vn 0.009444 0.010490 -0.999900
vn 0.014846 0.005857 -0.999873
vn -0.005030 -0.003247 -0.999982
vn -0.006583 -0.001026 -0.999978
vn 0.012739 0.001295 -0.999918
vn 0.014137 -0.003479 -0.999894
vn -0.007973 0.001710 -0.999967
vn -0.007413 0.002978 -0.999968
vn 0.011324 -0.005818 -0.999919
vn -0.007580 0.004202 -0.999963
vn 0.009442 -0.006913 -0.999932
vn -0.007487 0.005593 -0.999956
vn 0.008073 -0.007183 -0.999942
vn -0.007605 0.006737 -0.999948
vn 0.006261 -0.004491 -0.999970
vn -0.010040 0.007344 -0.999923
vn -0.013445 0.003764 -0.999903
vn 0.006634 -0.001570 -0.999977
vn -0.014235 -0.001676 -0.999897
vn 0.006779 0.001598 -0.999976
vn -0.012327 -0.005930 -0.999906
vn 0.006434 0.004241 -0.999970
vn -0.009579 -0.007914 -0.999923
vn 0.006371 0.006211 -0.999960
vn -0.007649 -0.008625 -0.999934
vn 0.005857 0.007096 -0.999958
vn -0.006472 -0.009605 -0.999933
vn 0.004600 0.007301 -0.999963
vn -0.005065 -0.010781 -0.999929
vn 0.002887 0.007699 -0.999966
vn -0.003439 -0.010973 -0.999934
vn 0.001877 0.008976 -0.999958
vn 0.129783 0.991516 -0.007250
vn 0.129783 0.991516 0.007253
vn 0.237415 0.971381 -0.007205
vn 0.237416 0.971381 0.007200
vn 0.406458 0.913641 -0.007188
vn 0.406458 0.913641 0.007188
vn 0.680052 0.733131 -0.007024
vn 0.680052 0.733131 0.007024
vn 0.928673 0.370824 -0.007534
vn 0.928672 0.370825 0.007534
vn 0.995256 0.097027 -0.007199
vn 0.995255 0.097029 0.007199
vn 0.969861 -0.243548 -0.007314
vn 0.969861 -0.243547 0.007314
vn 0.890851 -0.454239 -0.007174
vn 0.890851 -0.454239 0.007174
vn 0.808140 -0.588946 -0.007199
vn 0.808140 -0.588946 0.007199
vn 0.748213 -0.663420 -0.007232
vn 0.748213 -0.663420 0.007232
vn 0.803080 -0.595825 -0.007461
vn 0.803080 -0.595824 0.007461
vn 0.969719 -0.244102 -0.007751
vn 0.969712 -0.244129 0.007727
vn 0.974104 0.225970 -0.007709
vn 0.974109 0.225945 0.007743
vn 0.835107 0.550037 -0.007514
vn 0.835107 0.550036 0.007514
vn 0.716106 0.697952 -0.007383
vn 0.716107 0.697952 0.007371
vn 0.636807 0.770988 -0.007357
vn 0.636809 0.770986 0.007371
vn 0.533864 0.845537 -0.007450
vn 0.533866 0.845536 0.007450
vn 0.352592 0.935746 -0.007576
vn 0.352590 0.935747 0.007576
vn 0.206050 0.978513 -0.007522
vn 0.206046 0.978513 0.007522
vn 0.001384 0.010578 0.999943
vn -0.001269 -0.009696 0.999952
vn 0.002728 0.011199 0.999934
vn -0.002143 -0.008650 0.999960
vn 0.004952 0.011468 0.999922
vn -0.002910 -0.007505 0.999968
vn 0.009444 0.010490 0.999900
vn -0.005029 -0.003247 0.999982
vn 0.014846 0.005857 0.999873
vn -0.006583 -0.001026 0.999978
vn 0.012739 0.001295 0.999918
vn -0.007973 0.001710 0.999967
vn 0.014137 -0.003479 0.999894
vn -0.007413 0.002978 0.999968
vn 0.011324 -0.005818 0.999919
vn -0.007579 0.004202 0.999963
vn 0.009442 -0.006913 0.999932
vn -0.007486 0.005592 0.999956
vn 0.008073 -0.007183 0.999942
vn -0.007605 0.006737 0.999948
vn 0.006262 -0.004491 0.999970
vn -0.010040 0.007344 0.999923
vn -0.013445 0.003764 0.999903
vn 0.006553 -0.001575 0.999977
vn -0.014235 -0.001676 0.999897
vn 0.006893 0.001603 0.999975
vn -0.012327 -0.005930 0.999906
vn 0.006434 0.004241 0.999970
vn -0.009579 -0.007914 0.999923
vn 0.006371 0.006211 0.999960
vn -0.007649 -0.008625 0.999934
vn 0.005857 0.007096 0.999958
vn -0.006472 -0.009605 0.999933
vn 0.004600 0.007301 0.999963
vn -0.005065 -0.010781 0.999929
vn 0.002887 0.007699 0.999966
vn 0.001877 0.008976 0.999958
vn 0.065373 0.499681 0.863739
vn 0.112550 0.859992 0.497741
vn 0.112539 0.859980 -0.497765
vn 0.065372 0.499678 -0.863741
vn -0.064302 -0.491421 -0.868545
vn -0.112154 -0.857225 -0.502580
vn -0.064302 -0.491419 0.868546
vn -0.112155 -0.857217 0.502593
vn -0.116842 -0.472181 0.873724
vn -0.169425 -0.685030 0.708540
vn -0.231780 -0.937421 0.259845
vn -0.165602 -0.439580 0.882805
vn -0.245562 -0.662160 0.707986
vn -0.328308 -0.908431 0.258779
vn -0.369262 -0.267065 0.890125
vn -0.412830 -0.061775 0.908711
vn -0.548437 -0.448845 0.705518
vn -0.629032 -0.232941 0.741658
vn -0.783508 -0.564719 0.259245
vn -0.902005 -0.322453 0.287072
vn -0.470802 0.098562 0.876716
vn -0.463352 0.184242 0.866810
vn -0.684193 0.141321 0.715477
vn -0.657735 0.257774 0.707769
vn -0.944683 0.193153 0.265079
vn -0.897576 0.356641 0.259162
vn -0.427258 0.237528 0.872371
vn -0.617532 0.344586 0.707046
vn -0.844318 0.469228 0.258751
vn -0.394346 0.295696 0.870089
vn -0.690608 0.518957 0.503730
vn -0.373188 0.331296 0.866587
vn -0.647442 0.575317 0.499829
vn -0.423880 0.305018 0.852813
vn -0.579256 0.406905 0.706322
vn -0.784853 0.563390 0.258067
vn -0.503477 0.138799 0.852787
vn -0.841821 0.229485 0.488542
vn -0.514006 -0.060566 0.855646
vn -0.864369 -0.101687 0.492470
vn -0.465096 -0.223534 0.856574
vn -0.784971 -0.376612 0.491918
vn -0.394190 -0.325537 0.859442
vn -0.670541 -0.553468 0.494013
vn -0.337147 -0.380178 0.861276
vn -0.468746 -0.528597 0.707717
vn -0.640768 -0.722640 0.259246
vn -0.284525 -0.422470 0.860561
vn -0.485190 -0.720874 0.494906
vn -0.109711 -0.233541 0.966138
vn -0.300122 -0.638955 0.708283
vn -0.369445 -0.786597 0.494748
vn -0.116842 -0.472183 -0.873723
vn -0.206721 -0.835967 -0.508356
vn -0.165601 -0.439577 -0.882807
vn -0.328307 -0.908429 -0.258787
vn -0.245560 -0.662155 -0.707991
vn -0.369262 -0.267066 -0.890124
vn -0.412829 -0.061776 -0.908711
vn -0.783509 -0.564720 -0.259239
vn -0.902006 -0.322453 -0.287072
vn -0.548436 -0.448845 -0.705518
vn -0.629032 -0.232941 -0.741659
vn -0.470801 0.098562 -0.876717
vn -0.463351 0.184242 -0.866810
vn -0.944683 0.193153 -0.265078
vn -0.897577 0.356640 -0.259161
vn -0.684192 0.141321 -0.715478
vn -0.657735 0.257773 -0.707769
vn -0.427259 0.237527 -0.872371
vn -0.844318 0.469228 -0.258751
vn -0.617533 0.344585 -0.707046
vn -0.394342 0.295694 -0.870091
vn -0.690602 0.518952 -0.503744
vn -0.373186 0.331296 -0.866589
vn -0.647440 0.575316 -0.499832
vn -0.423878 0.305018 -0.852814
vn -0.784852 0.563389 -0.258071
vn -0.579254 0.406905 -0.706324
vn -0.503478 0.138800 -0.852786
vn -0.841991 0.229311 -0.488332
vn -0.514006 -0.060566 -0.855646
vn -0.864316 -0.102078 -0.492481
vn -0.465096 -0.223534 -0.856573
vn -0.784757 -0.376700 -0.492193
vn -0.394189 -0.325537 -0.859442
vn -0.670540 -0.553467 -0.494014
vn -0.337147 -0.380178 -0.861276
vn -0.640694 -0.722705 -0.259244
vn -0.468745 -0.528597 -0.707717
vn -0.284525 -0.422469 -0.860561
vn -0.485076 -0.720971 -0.494875
vn -0.109711 -0.233541 -0.966138
vn -0.369282 -0.786488 -0.495043
vn -0.300122 -0.638955 -0.708283
vn -0.077205 -0.246504 -0.966062
vn -0.260322 -0.829219 -0.494599
vn -0.211390 -0.674197 -0.707653
vn -0.017486 -0.262550 -0.964760
vn -0.143947 -0.856617 -0.495466
vn -0.108336 -0.702788 -0.703102
vn 0.206131 0.844213 -0.494788
vn 0.120782 0.495212 -0.860335
vn 0.353036 0.795242 -0.492906
vn 0.207117 0.472093 -0.856873
vn 0.654243 0.711259 -0.257055
vn 0.767454 0.580626 -0.271824
vn 0.180234 0.187065 -0.965672
vn 0.222899 0.090735 -0.970610
vn 0.477262 0.525893 -0.704030
vn 0.488768 0.513393 -0.705361
vn 0.549235 0.414547 -0.725598
vn 0.548529 0.414130 -0.726369
vn 0.864723 0.084777 -0.495043
vn 0.840329 -0.211897 -0.498946
vn 0.256883 0.025374 -0.966109
vn 0.495009 -0.123611 -0.860051
vn 0.702958 0.070155 -0.707763
vn 0.775399 -0.394860 -0.492791
vn 0.456727 -0.233381 -0.858448
vn 0.702359 -0.511742 -0.494785
vn 0.410849 -0.299915 -0.860961
vn 0.649430 -0.575514 -0.497016
vn 0.194682 -0.171908 -0.965684
vn 0.529564 -0.470857 -0.705589
vn 0.689716 -0.513285 -0.510716
vn 0.385588 -0.283357 -0.878083
vn 0.825280 -0.207291 -0.525303
vn 0.447003 -0.109830 -0.887764
vn 0.829694 0.193855 -0.523477
vn 0.452341 0.106258 -0.885492
vn 0.716525 0.472428 -0.513229
vn 0.399833 0.263674 -0.877843
vn 0.617667 0.602196 -0.505814
vn 0.351024 0.342263 -0.871572
vn 0.615064 0.744679 -0.259133
vn 0.313043 0.379111 -0.870792
vn 0.449966 0.544854 -0.707576
vn 0.515668 0.816458 -0.259776
vn 0.258359 0.409378 -0.875020
vn 0.376899 0.596601 -0.708530
vn 0.340216 0.903569 -0.260416
vn 0.167847 0.446709 -0.878794
vn 0.248234 0.659623 -0.709420
vn 0.183788 0.843198 -0.505213
vn 0.103530 0.480660 -0.870774
vn 0.386219 0.780115 -0.492194
vn 0.291508 0.208130 -0.933652
vn 0.352795 0.644692 -0.678165
vn 0.120783 0.495217 0.860332
vn 0.206145 0.844188 0.494824
vn 0.207116 0.472089 0.856875
vn 0.353037 0.795241 0.492907
vn 0.180235 0.187067 0.965671
vn 0.222899 0.090735 0.970610
vn 0.596794 0.640075 0.483880
vn 0.689373 0.521132 0.503176
vn 0.477263 0.525898 0.704025
vn 0.549237 0.414550 0.725594
vn 0.256882 0.025374 0.966110
vn 0.495009 -0.123611 0.860050
vn 0.864723 0.084776 0.495043
vn 0.840329 -0.211897 0.498946
vn 0.702958 0.070155 0.707763
vn 0.456729 -0.233381 0.858448
vn 0.775400 -0.394860 0.492788
vn 0.410851 -0.299915 0.860960
vn 0.702358 -0.511741 0.494788
vn 0.376963 -0.334564 0.863693
vn 0.649429 -0.575514 0.497017
vn 0.385588 -0.283357 0.878084
vn 0.778106 -0.573051 0.257222
vn 0.566858 -0.427222 0.704381
vn 0.447058 -0.111220 0.887564
vn 0.825321 -0.208816 0.524635
vn 0.452144 0.105068 0.885735
vn 0.829444 0.192542 0.524356
vn 0.399832 0.263674 0.877844
vn 0.716524 0.472428 0.513230
vn 0.351025 0.342264 0.871572
vn 0.617622 0.602081 0.506005
vn 0.313043 0.379111 0.870792
vn 0.615130 0.744626 0.259128
vn 0.449965 0.544855 0.707577
vn 0.258358 0.409376 0.875021
vn 0.515668 0.816458 0.259776
vn 0.376898 0.596599 0.708532
vn 0.167846 0.446708 0.878794
vn 0.340217 0.903568 0.260416
vn 0.248234 0.659622 0.709422
vn 0.103530 0.480661 0.870774
vn 0.183790 0.843196 0.505214
vn 0.282430 0.210438 0.935922
vn 0.372206 0.785911 0.493767
vn 0.339508 0.649388 0.680463
vn 0.881876 -0.411639 0.229888
vn 0.572690 -0.640910 0.511137
vn 0.393194 -0.601297 0.695586
vn 0.175791 -0.268809 0.947016
vn 0.356609 -0.781284 0.512275
vn 0.023421 -0.972930 0.229908
vn 0.174557 -0.272256 -0.946259
vn 0.389979 -0.606385 -0.692975
vn 0.569314 -0.644454 -0.510451
vn 0.880379 -0.415126 -0.229354
vn 0.353007 -0.785626 -0.508113
vn 0.020450 -0.973660 -0.227084
vn 0.608034 0.703218 -0.368482
vn 0.868882 0.348307 -0.351747
vn 0.630355 0.443434 -0.637196
vn 0.298863 0.211195 -0.930633
vn 0.288491 0.214286 0.933196
vn 0.615646 0.452322 0.645278
vn 0.860449 0.359159 0.361432
vn 0.593359 0.712645 0.374248
vn -0.377989 -0.890681 0.252610
vn -0.377989 -0.890681 -0.252609
vn -0.669978 0.104875 0.734936
vn -0.949360 0.139028 0.281756
vn -0.949360 0.139028 -0.281756
vn -0.669978 0.104875 -0.734936
vn 0.861276 0.129720 -0.491300
vn 0.686166 0.103703 -0.720015
vn 0.861276 0.129720 0.491301
vn 0.686168 0.103703 0.720013
s 1
g pCylinder2
usemtl initialShadingGroup
f 4/1086/1 1/1106/2 440/333/3
f 1/1106/2 435/332/4 440/333/3
f 435/332/4 434/1142/5 440/333/3
f 434/1142/5 441/1138/6 440/333/3
s 2
f 6/199/7 3/203/8 420/329/9
f 3/203/8 415/328/10 420/329/9
f 415/328/10 414/1155/11 420/329/9
f 414/1155/11 421/1146/12 420/329/9
s 3
f 445/1271/13 444/1253/14 446/1/15
f 447/1270/16 445/1271/13 446/1/15
f 448/1269/17 447/1270/16 446/1/15
f 449/1268/18 448/1269/17 446/1/15
f 450/1267/19 449/1268/18 446/1/15
f 451/1266/20 450/1267/19 446/1/15
f 452/1265/21 451/1266/20 446/1/15
f 453/1264/22 452/1265/21 446/1/15
f 454/1263/23 453/1264/22 446/1/15
f 455/1262/24 454/1263/23 446/1/15
f 456/1261/25 455/1262/24 446/1/15
f 457/1260/26 456/1261/25 446/1/15
f 458/1259/27 457/1260/26 446/1/15
f 459/1258/28 458/1259/27 446/1/15
f 460/1257/29 459/1258/28 446/1/15
f 461/1256/30 460/1257/29 446/1/15
f 462/1255/31 461/1256/30 446/1/15
f 463/1254/32 462/1255/31 446/1/15
f 464/1252/33 463/1254/32 446/1/15
f 444/1253/14 464/1252/33 446/1/15
s 4
f 187/1110/34 188/1129/35 189/2/36
f 188/1129/35 190/1128/37 189/2/36
f 190/1128/37 191/1127/38 189/2/36
f 191/1127/38 192/1126/39 189/2/36
f 192/1126/39 193/1125/40 189/2/36
f 193/1125/40 194/1124/41 189/2/36
f 194/1124/41 195/1123/42 189/2/36
f 195/1123/42 196/1122/43 189/2/36
f 196/1122/43 197/1121/44 189/2/36
f 197/1121/44 198/1120/45 189/2/36
f 198/1120/45 199/1119/46 189/2/36
f 199/1119/46 200/1118/47 189/2/36
f 200/1118/47 201/1117/48 189/2/36
f 201/1117/48 202/1116/49 189/2/36
f 202/1116/49 203/1115/50 189/2/36
f 203/1115/50 204/1114/51 189/2/36
f 204/1114/51 205/1113/52 189/2/36
f 205/1113/52 206/1112/53 189/2/36
f 206/1112/53 207/1111/54 189/2/36
f 207/1111/54 187/1110/34 189/2/36
s 5
f 8/5/55 7/3/56 48/1189/57
f 48/1189/57 7/3/56 47/1171/58
f 9/6/59 8/5/55 49/1188/60
f 49/1188/60 8/5/55 48/1189/57
f 10/7/61 9/6/59 50/1187/62
f 50/1187/62 9/6/59 49/1188/60
f 11/8/63 10/7/61 51/1186/64
f 51/1186/64 10/7/61 50/1187/62
f 12/9/65 11/8/63 52/1185/66
f 52/1185/66 11/8/63 51/1186/64
f 13/10/67 12/9/65 53/1184/68
f 53/1184/68 12/9/65 52/1185/66
f 14/11/69 13/10/67 54/1183/70
f 54/1183/70 13/10/67 53/1184/68
f 15/12/71 14/11/69 55/1182/72
f 55/1182/72 14/11/69 54/1183/70
f 16/13/73 15/12/71 56/1181/74
f 56/1181/74 15/12/71 55/1182/72
f 17/14/75 16/13/73 57/1180/76
f 57/1180/76 16/13/73 56/1181/74
f 18/15/77 17/14/75 58/1179/78
f 58/1179/78 17/14/75 57/1180/76
f 19/16/79 18/15/77 59/1178/80
f 59/1178/80 18/15/77 58/1179/78
f 20/17/81 19/16/79 60/1177/82
f 60/1177/82 19/16/79 59/1178/80
f 21/18/83 20/17/81 61/1176/84
f 61/1176/84 20/17/81 60/1177/82
f 22/19/85 21/18/83 62/1175/86
f 62/1175/86 21/18/83 61/1176/84
f 23/20/87 22/19/85 63/1174/88
f 63/1174/88 22/19/85 62/1175/86
f 24/21/89 23/20/87 64/1173/90
f 64/1173/90 23/20/87 63/1174/88
f 25/22/91 24/21/89 65/1172/92
f 65/1172/92 24/21/89 64/1173/90
f 26/23/93 25/22/91 66/1169/94
f 66/1169/94 25/22/91 65/1172/92
f 7/4/56 26/23/93 47/1170/58
f 47/1170/58 26/23/93 66/1169/94
s 1
f 38/1199/95 416/343/96 3/193/97
f 3/193/97 416/343/96 415/202/98
f 27/1190/99 436/335/100 1/208/101
f 1/208/101 436/335/100 435/207/102
s 26
f 108/68/103 107/69/104 110/71/105
f 110/71/105 107/69/104 109/70/106
f 111/72/107 108/68/103 112/73/108
f 112/73/108 108/68/103 110/71/105
f 111/72/107 112/73/108 113/74/109
f 113/74/109 112/73/108 114/75/110
f 113/74/109 114/75/110 115/76/111
f 115/76/111 114/75/110 116/77/112
f 117/78/113 115/76/111 118/79/114
f 118/79/114 115/76/111 116/77/112
f 117/78/113 118/79/114 119/80/115
f 119/80/115 118/79/114 120/81/116
f 121/82/117 119/80/115 122/83/118
f 122/83/118 119/80/115 120/81/116
f 123/84/119 121/82/117 124/85/120
f 124/85/120 121/82/117 122/83/118
f 123/84/119 124/85/120 125/86/121
f 125/86/121 124/85/120 126/87/122
f 125/86/121 126/87/122 127/88/123
f 127/88/123 126/87/122 128/89/124
f 129/90/125 127/88/123 130/91/126
f 130/91/126 127/88/123 128/89/124
f 129/90/125 130/91/126 131/92/127
f 131/92/127 130/91/126 132/93/128
f 133/94/129 131/92/127 134/95/130
f 134/95/130 131/92/127 132/93/128
f 135/96/131 133/94/129 136/97/132
f 136/97/132 133/94/129 134/95/130
f 137/98/133 135/96/131 138/99/134
f 138/99/134 135/96/131 136/97/132
f 137/98/133 138/99/134 139/100/135
f 139/100/135 138/99/134 140/101/136
f 141/102/137 139/100/135 142/103/138
f 142/103/138 139/100/135 140/101/136
f 143/104/139 141/102/137 144/105/140
f 144/105/140 141/102/137 142/103/138
f 145/106/141 143/104/139 146/107/142
f 146/107/142 143/104/139 144/105/140
f 145/106/141 146/107/142 107/108/104
f 107/108/104 146/107/142 109/109/106
s 27
f 148/110/143 147/111/144 150/113/145
f 150/113/145 147/111/144 149/112/146
f 148/110/143 150/113/145 151/114/147
f 151/114/147 150/113/145 152/115/148
f 153/116/149 151/114/147 154/117/150
f 154/117/150 151/114/147 152/115/148
f 155/118/151 153/116/149 156/119/152
f 156/119/152 153/116/149 154/117/150
f 155/118/151 156/119/152 157/120/153
f 157/120/153 156/119/152 158/121/154
f 159/122/155 157/120/153 160/123/156
f 160/123/156 157/120/153 158/121/154
f 161/124/157 159/122/155 162/125/158
f 162/125/158 159/122/155 160/123/156
f 163/126/159 161/124/157 164/127/160
f 164/127/160 161/124/157 162/125/158
f 165/128/161 163/126/159 166/129/162
f 166/129/162 163/126/159 164/127/160
f 167/130/163 165/128/161 168/131/164
f 168/131/164 165/128/161 166/129/162
f 167/130/163 168/131/164 169/132/165
f 169/132/165 168/131/164 170/133/166
f 171/134/167 169/132/165 172/135/168
f 172/135/168 169/132/165 170/133/166
f 171/134/167 172/135/168 173/136/169
f 173/136/169 172/135/168 174/137/170
f 175/138/171 173/136/169 176/139/172
f 176/139/172 173/136/169 174/137/170
f 175/138/171 176/139/172 177/140/173
f 177/140/173 176/139/172 178/141/174
f 179/142/175 177/140/173 180/143/176
f 180/143/176 177/140/173 178/141/174
f 181/144/177 179/142/175 182/145/178
f 182/145/178 179/142/175 180/143/176
f 183/146/179 181/144/177 184/147/180
f 184/147/180 181/144/177 182/145/178
f 183/146/179 184/147/180 185/148/181
f 185/148/181 184/147/180 186/149/182
f 185/148/181 186/149/182 147/150/144
f 147/150/144 186/149/182 149/151/146
s 5
f 88/1231/183 87/47/184 8/5/55
f 8/5/55 87/47/184 7/3/56
f 89/50/185 88/1231/183 9/6/59
f 9/6/59 88/1231/183 8/5/55
f 90/1229/186 89/50/185 10/7/61
f 10/7/61 89/50/185 9/6/59
f 91/1228/187 90/1229/186 11/8/63
f 11/8/63 90/1229/186 10/7/61
f 92/1227/188 91/1228/187 12/9/65
f 12/9/65 91/1228/187 11/8/63
f 93/1226/189 92/1227/188 13/10/67
f 13/10/67 92/1227/188 12/9/65
f 94/1225/190 93/1226/189 14/11/69
f 14/11/69 93/1226/189 13/10/67
f 95/1224/191 94/1225/190 15/12/71
f 15/12/71 94/1225/190 14/11/69
f 96/1223/192 95/1224/191 16/13/73
f 16/13/73 95/1224/191 15/12/71
f 97/1222/193 96/1223/192 17/14/75
f 17/14/75 96/1223/192 16/13/73
f 98/1221/194 97/1222/193 18/15/77
f 18/15/77 97/1222/193 17/14/75
f 99/1220/195 98/1221/194 19/16/79
f 19/16/79 98/1221/194 18/15/77
f 100/1219/196 99/1220/195 20/17/81
f 20/17/81 99/1220/195 19/16/79
f 101/1218/197 100/1219/196 21/18/83
f 21/18/83 100/1219/196 20/17/81
f 102/63/198 101/1218/197 22/19/85
f 22/19/85 101/1218/197 21/18/83
f 103/1216/199 102/63/198 23/20/87
f 23/20/87 102/63/198 22/19/85
f 104/1215/200 103/1216/199 24/21/89
f 24/21/89 103/1216/199 23/20/87
f 105/1214/201 104/1215/200 25/22/91
f 25/22/91 104/1215/200 24/21/89
f 106/1211/202 105/1214/201 26/23/93
f 26/23/93 105/1214/201 25/22/91
f 87/48/184 106/1211/202 7/4/56
f 7/4/56 106/1211/202 26/23/93
s 28
f 48/27/203 47/25/204 108/68/205
f 108/68/205 47/25/204 107/69/206
s 29
f 27/320/207 28/1209/208 109/70/209
f 109/70/209 28/1209/208 110/71/210
s 28
f 49/28/211 48/27/203 111/72/212
f 111/72/212 48/27/203 108/68/205
s 29
f 28/1209/208 29/1208/213 110/71/210
f 110/71/210 29/1208/213 112/73/214
s 28
f 50/29/215 49/28/211 113/74/216
f 113/74/216 49/28/211 111/72/212
s 29
f 30/1207/217 114/75/218 29/1208/213
f 29/1208/213 114/75/218 112/73/214
s 28
f 51/30/219 50/29/215 115/76/220
f 115/76/220 50/29/215 113/74/216
s 29
f 30/1207/217 31/1206/221 114/75/218
f 114/75/218 31/1206/221 116/77/222
s 28
f 52/31/223 51/30/219 117/78/224
f 117/78/224 51/30/219 115/76/220
s 29
f 31/1206/221 32/1205/225 116/77/222
f 116/77/222 32/1205/225 118/79/226
s 28
f 53/32/227 52/31/223 119/80/228
f 119/80/228 52/31/223 117/78/224
s 29
f 32/1205/225 33/1204/229 118/79/226
f 118/79/226 33/1204/229 120/81/230
s 28
f 54/33/231 53/32/227 121/82/232
f 121/82/232 53/32/227 119/80/228
s 29
f 33/1204/229 34/1203/233 120/81/230
f 120/81/230 34/1203/233 122/83/234
s 28
f 55/34/235 54/33/231 123/84/236
f 123/84/236 54/33/231 121/82/232
s 29
f 34/1203/233 35/1202/237 122/83/234
f 122/83/234 35/1202/237 124/85/238
s 28
f 56/35/239 55/34/235 125/86/240
f 125/86/240 55/34/235 123/84/236
s 29
f 35/1202/237 36/1201/241 124/85/238
f 124/85/238 36/1201/241 126/87/242
s 28
f 57/36/243 56/35/239 127/88/244
f 127/88/244 56/35/239 125/86/240
s 29
f 36/1201/241 37/1200/245 126/87/242
f 126/87/242 37/1200/245 128/89/246
s 28
f 58/37/247 57/36/243 129/90/248
f 129/90/248 57/36/243 127/88/244
s 29
f 37/1200/245 38/265/249 128/89/246
f 128/89/246 38/265/249 130/91/250
s 28
f 59/38/251 58/37/247 131/92/252
f 131/92/252 58/37/247 129/90/248
s 29
f 38/265/249 39/1198/253 130/91/250
f 130/91/250 39/1198/253 132/93/254
s 28
f 60/39/255 59/38/251 133/94/256
f 133/94/256 59/38/251 131/92/252
s 29
f 39/1198/253 40/1197/257 132/93/254
f 132/93/254 40/1197/257 134/95/258
s 28
f 61/40/259 60/39/255 135/96/260
f 135/96/260 60/39/255 133/94/256
s 29
f 40/1197/257 41/1196/261 134/95/258
f 134/95/258 41/1196/261 136/97/262
s 28
f 62/41/263 61/40/259 137/98/264
f 137/98/264 61/40/259 135/96/260
s 29
f 41/1196/261 42/1195/265 136/97/262
f 136/97/262 42/1195/265 138/99/266
s 28
f 63/42/267 62/41/263 139/100/268
f 139/100/268 62/41/263 137/98/264
s 29
f 42/1195/265 43/1194/269 138/99/266
f 138/99/266 43/1194/269 140/101/270
s 28
f 64/43/271 63/42/267 141/102/272
f 141/102/272 63/42/267 139/100/268
s 29
f 43/1194/269 44/204/273 140/101/270
f 140/101/270 44/204/273 142/103/274
s 28
f 65/44/275 64/43/271 143/104/276
f 143/104/276 64/43/271 141/102/272
s 29
f 44/204/273 45/1191/277 142/103/274
f 142/103/274 45/1191/277 144/105/278
s 28
f 66/45/279 65/44/275 145/106/280
f 145/106/280 65/44/275 143/104/276
s 29
f 45/1191/277 46/1192/281 144/105/278
f 144/105/278 46/1192/281 146/107/282
s 28
f 47/26/204 66/45/279 107/108/206
f 107/108/206 66/45/279 145/106/280
s 29
f 46/1192/281 27/24/207 146/107/282
f 146/107/282 27/24/207 109/109/209
s 31
f 68/1250/283 67/1233/284 148/110/285
f 148/110/285 67/1233/284 147/111/286
s 32
f 87/1213/287 88/49/288 149/112/289
f 149/112/289 88/49/288 150/113/290
s 31
f 69/1249/291 68/1250/283 151/114/292
f 151/114/292 68/1250/283 148/110/285
s 32
f 89/1230/293 152/115/294 88/49/288
f 88/49/288 152/115/294 150/113/290
s 31
f 70/1248/295 69/1249/291 153/116/296
f 153/116/296 69/1249/291 151/114/292
s 32
f 89/1230/293 90/51/297 152/115/294
f 152/115/294 90/51/297 154/117/298
s 31
f 71/1292/299 70/1248/295 155/118/300
f 155/118/300 70/1248/295 153/116/296
s 32
f 90/51/297 91/52/301 154/117/298
f 154/117/298 91/52/301 156/119/302
s 31
f 71/1292/299 155/118/300 72/1293/303
f 72/1293/303 155/118/300 157/120/304
s 32
f 91/52/301 92/53/305 156/119/302
f 156/119/302 92/53/305 158/121/306
s 31
f 73/1247/307 72/1293/303 159/122/308
f 159/122/308 72/1293/303 157/120/304
s 32
f 92/53/305 93/54/309 158/121/306
f 158/121/306 93/54/309 160/123/310
s 31
f 74/1246/311 73/1247/307 161/124/312
f 161/124/312 73/1247/307 159/122/308
s 32
f 93/54/309 94/55/313 160/123/310
f 160/123/310 94/55/313 162/125/314
s 31
f 75/1245/315 74/1246/311 163/126/316
f 163/126/316 74/1246/311 161/124/312
s 32
f 94/55/313 95/56/317 162/125/314
f 162/125/314 95/56/317 164/127/318
s 31
f 76/1244/319 75/1245/315 165/128/320
f 165/128/320 75/1245/315 163/126/316
s 32
f 95/56/317 96/57/321 164/127/318
f 164/127/318 96/57/321 166/129/322
s 31
f 77/1251/323 76/1244/319 167/130/324
f 167/130/324 76/1244/319 165/128/320
s 32
f 96/57/321 97/58/325 166/129/322
f 166/129/322 97/58/325 168/131/326
s 31
f 78/1242/327 77/1243/323 169/132/328
f 169/132/328 77/1251/323 167/130/324
s 32
f 97/58/325 98/59/329 168/131/326
f 168/131/326 98/59/329 170/133/330
s 31
f 79/1241/331 78/1242/327 171/134/332
f 171/134/332 78/1242/327 169/132/328
s 32
f 98/59/329 99/60/333 170/133/330
f 170/133/330 99/60/333 172/135/334
s 31
f 79/1241/331 171/134/332 80/1240/335
f 80/1240/335 171/134/332 173/136/336
s 32
f 99/60/333 100/61/337 172/135/334
f 172/135/334 100/61/337 174/137/338
s 31
f 81/1239/339 80/1240/335 175/138/340
f 175/138/340 80/1240/335 173/136/336
s 32
f 100/61/337 101/62/341 174/137/338
f 174/137/338 101/62/341 176/139/342
s 31
f 82/1238/343 81/1239/339 177/140/344
f 177/140/344 81/1239/339 175/138/340
s 32
f 102/1217/345 178/141/346 101/62/341
f 101/62/341 178/141/346 176/139/342
s 31
f 83/1237/347 82/1238/343 179/142/348
f 179/142/348 82/1238/343 177/140/344
s 32
f 102/1217/345 103/64/349 178/141/346
f 178/141/346 103/64/349 180/143/350
s 31
f 84/1236/351 83/1237/347 181/144/352
f 181/144/352 83/1237/347 179/142/348
s 32
f 103/64/349 104/65/353 180/143/350
f 180/143/350 104/65/353 182/145/354
s 31
f 85/1235/355 84/1236/351 183/146/356
f 183/146/356 84/1236/351 181/144/352
s 32
f 104/65/353 105/66/357 182/145/354
f 182/145/354 105/66/357 184/147/358
s 31
f 86/1232/359 85/1235/355 185/148/360
f 185/148/360 85/1235/355 183/146/356
s 32
f 105/66/357 106/67/361 184/147/358
f 184/147/358 106/67/361 186/149/362
s 31
f 67/1234/284 86/1232/359 147/150/286
f 147/150/286 86/1232/359 185/148/360
s 32
f 87/1212/287 149/151/289 106/67/361
f 106/67/361 149/151/289 186/149/362
s 1
f 440/333/363 439/1135/364 4/1086/365
f 4/1130/365 439/346/364 228/1107/366
f 420/329/367 419/1153/368 6/199/369
f 6/1083/369 419/350/368 239/312/370
f 228/316/366 411/214/371 4/1085/365
f 4/201/365 411/1084/371 410/327/372
f 209/173/373 208/1108/374 207/171/375
f 207/171/375 208/1108/374 187/1109/376
f 210/174/377 209/173/373 206/170/378
f 206/170/378 209/173/373 207/171/375
f 211/175/379 210/174/377 205/169/380
f 205/169/380 210/174/377 206/170/378
f 212/176/381 211/175/379 204/168/382
f 204/168/382 211/175/379 205/169/380
f 213/177/383 212/176/381 203/167/384
f 203/167/384 212/176/381 204/168/382
f 214/178/385 213/177/383 202/166/386
f 202/166/386 213/177/383 203/167/384
f 215/179/387 214/178/385 201/165/388
f 201/165/388 214/178/385 202/166/386
f 216/180/389 215/179/387 200/164/390
f 200/164/390 215/179/387 201/165/388
f 217/181/391 216/180/389 199/163/392
f 199/163/392 216/180/389 200/164/390
f 218/182/393 217/181/391 198/162/394
f 198/162/394 217/181/391 199/163/392
f 219/183/395 218/182/393 197/161/396
f 197/161/396 218/182/393 198/162/394
f 220/184/397 219/183/395 196/160/398
f 196/160/398 219/183/395 197/161/396
f 221/185/399 220/184/397 195/159/400
f 195/159/400 220/184/397 196/160/398
f 222/186/401 221/185/399 194/158/402
f 194/158/402 221/185/399 195/159/400
f 223/187/403 222/186/401 193/157/404
f 193/157/404 222/186/401 194/158/402
f 224/188/405 223/187/403 192/156/406
f 192/156/406 223/187/403 193/157/404
f 225/189/407 224/188/405 191/155/408
f 191/155/408 224/188/405 192/156/406
f 226/190/409 225/189/407 190/154/410
f 190/154/410 225/189/407 191/155/408
f 227/191/411 226/190/409 188/153/412
f 188/153/412 226/190/409 190/154/410
f 208/172/374 227/191/411 187/152/376
f 187/152/376 227/191/411 188/153/412
f 229/318/413 228/316/366 209/173/373
f 209/173/373 228/316/366 208/1108/374
f 230/309/414 229/318/413 210/174/377
f 210/174/377 229/318/413 209/173/373
f 231/307/415 230/309/414 211/175/379
f 211/175/379 230/309/414 210/174/377
f 232/305/416 231/307/415 212/176/381
f 212/176/381 231/307/415 211/175/379
f 233/303/417 232/305/416 213/177/383
f 213/177/383 232/305/416 212/176/381
f 234/301/418 233/303/417 214/178/385
f 214/178/385 233/303/417 213/177/383
f 235/299/419 234/301/418 215/179/387
f 215/179/387 234/301/418 214/178/385
f 236/297/420 235/299/419 216/180/389
f 216/180/389 235/299/419 215/179/387
f 237/295/421 236/297/420 217/181/391
f 217/181/391 236/297/420 216/180/389
f 238/293/422 237/295/421 218/182/393
f 218/182/393 237/295/421 217/181/391
f 239/312/370 238/293/422 219/183/395
f 219/183/395 238/293/422 218/182/393
f 240/291/423 239/312/370 220/184/397
f 220/184/397 239/312/370 219/183/395
f 241/290/424 240/291/423 221/185/399
f 221/185/399 240/291/423 220/184/397
f 242/288/425 241/290/424 222/186/401
f 222/186/401 241/290/424 221/185/399
f 243/286/426 242/288/425 223/187/403
f 223/187/403 242/288/425 222/186/401
f 244/284/427 243/286/426 224/188/405
f 224/188/405 243/286/426 223/187/403
f 245/195/428 244/284/427 225/189/407
f 225/189/407 244/284/427 224/188/405
f 246/281/429 245/195/428 226/190/409
f 226/190/409 245/195/428 225/189/407
f 247/280/430 246/281/429 227/191/411
f 227/191/411 246/281/429 226/190/409
f 228/1107/366 247/280/430 208/172/374
f 208/172/374 247/280/430 227/191/411
f 239/312/370 364/212/431 6/1083/369
f 6/199/369 364/1082/431 368/326/432
f 245/195/428 339/210/433 5/1080/434
f 5/1167/434 339/1081/433 343/325/435
f 428/1159/436 427/1079/437 5/1168/434
f 5/1080/434 427/348/437 245/195/428
s 74
f 5/197/438 2/206/439 428/330/440
f 428/330/440 2/206/439 424/1162/441
f 424/1162/441 2/206/439 432/1164/442
f 2/206/439 433/1157/443 432/1164/442
s 1
f 44/1193/444 429/339/445 2/192/446
f 2/192/446 429/339/445 433/205/447
f 260/322/448 259/336/449 2/192/446
f 2/192/446 259/336/449 44/1193/444
f 285/323/450 284/340/451 3/193/97
f 3/193/97 284/340/451 38/1199/95
f 327/324/452 326/344/453 1/194/101
f 1/194/101 326/344/453 27/1210/99
s 74
f 2/206/439 5/197/438 260/196/454
f 260/196/454 5/197/438 256/1166/455
f 256/1166/455 5/197/438 342/1163/456
f 343/1161/457 342/1163/456 5/197/438
s 2
f 3/203/8 6/199/7 285/198/458
f 6/199/7 368/326/459 285/198/458
f 285/198/458 368/326/459 281/1152/460
f 368/326/459 367/1147/461 281/1152/460
s 1
f 410/327/462 409/1131/463 4/201/1
f 409/1131/463 328/1140/464 4/201/1
f 1/209/2 4/201/1 327/200/465
f 328/1140/464 327/200/465 4/201/1
f 251/315/466 250/354/467 252/216/468
f 252/216/468 250/354/467 253/356/469
f 250/354/467 249/353/470 253/356/469
f 253/356/469 249/353/470 254/358/471
f 249/352/470 248/278/472 254/357/471
f 254/357/471 248/278/472 255/276/473
f 264/219/474 263/365/475 265/220/476
f 265/220/476 263/365/475 266/366/477
f 263/365/475 262/363/478 266/366/477
f 266/366/477 262/363/478 267/368/479
f 262/364/478 261/274/480 267/367/479
f 267/367/479 261/274/480 268/272/481
f 289/311/482 288/384/483 290/229/484
f 290/229/484 288/384/483 291/386/485
f 288/384/483 287/383/486 291/386/485
f 291/386/485 287/383/486 292/388/487
f 287/382/486 286/264/488 292/387/487
f 292/387/487 286/264/488 293/262/489
f 337/420/490 340/421/491 338/279/492
f 338/279/492 340/421/491 339/1081/433
f 336/419/493 341/422/494 337/420/490
f 337/420/490 341/422/494 340/421/491
f 336/419/493 335/218/495 341/422/494
f 341/422/494 335/218/495 342/211/496
f 362/432/497 365/433/498 363/289/499
f 363/289/499 365/433/498 364/1150/431
s 86
f 361/431/500 366/434/501 362/432/502
f 362/432/502 366/434/501 365/433/503
s 1
f 361/431/504 360/228/505 366/434/506
f 366/434/506 360/228/505 367/213/507
f 407/454/508 412/455/509 408/308/510
f 408/308/510 412/455/509 411/1134/371
s 89
f 406/453/511 413/456/512 407/454/513
f 407/454/513 413/456/512 412/455/514
s 1
f 405/319/515 409/215/463 406/453/516
f 406/453/516 409/215/463 413/456/517
f 251/315/466 252/216/468 331/217/518
f 331/217/518 252/216/468 335/218/495
f 256/337/519 342/211/496 252/216/468
f 252/216/468 342/211/496 335/218/495
f 424/349/520 432/338/521 344/221/522
f 344/221/522 432/338/521 264/219/474
f 264/219/474 265/220/476 344/221/522
f 344/221/522 265/220/476 348/223/523
f 265/220/476 269/222/524 348/223/523
f 348/223/523 269/222/524 352/225/525
f 269/222/524 273/224/526 352/225/525
f 352/225/525 273/224/526 356/227/527
f 273/224/526 277/226/528 356/227/527
f 356/227/527 277/226/528 360/228/505
f 281/341/529 367/213/507 277/226/528
f 277/226/528 367/213/507 360/228/505
f 289/311/482 290/229/484 369/230/530
f 369/230/530 290/229/484 373/232/531
f 290/229/484 294/231/532 373/232/531
f 373/232/531 294/231/532 377/234/533
f 294/231/532 298/233/534 377/234/533
f 377/234/533 298/233/534 381/236/535
f 298/233/534 302/235/536 381/236/535
f 381/236/535 302/235/536 385/238/537
f 302/235/536 306/237/538 385/238/537
f 385/238/537 306/237/538 389/240/539
f 306/237/538 310/239/540 389/240/539
f 389/240/539 310/239/540 393/242/541
f 310/239/540 314/241/542 393/242/541
f 393/242/541 314/241/542 397/244/543
f 314/241/542 318/243/544 397/244/543
f 397/244/543 318/243/544 401/246/545
f 318/243/544 322/245/546 401/246/545
f 401/246/545 322/245/546 405/319/515
f 29/249/547 28/247/548 321/248/549
f 321/248/549 28/247/548 325/321/550
f 30/251/551 29/249/547 317/250/552
f 317/250/552 29/249/547 321/248/549
f 31/253/553 30/251/551 313/252/554
f 313/252/554 30/251/551 317/250/552
f 32/255/555 31/253/553 309/254/556
f 309/254/556 31/253/553 313/252/554
f 33/257/557 32/255/555 305/256/558
f 305/256/558 32/255/555 309/254/556
f 34/259/559 33/257/557 301/258/560
f 301/258/560 33/257/557 305/256/558
f 35/261/561 34/259/559 297/260/562
f 297/260/562 34/259/559 301/258/560
f 36/263/563 35/261/561 293/262/489
f 293/262/489 35/261/561 297/260/562
f 37/310/564 36/263/563 286/264/488
f 286/264/488 36/263/563 293/262/489
f 38/1199/95 284/340/451 39/267/565
f 39/267/565 284/340/451 280/266/566
f 40/269/567 39/267/565 276/268/568
f 276/268/568 39/267/565 280/266/566
f 41/271/569 40/269/567 272/270/570
f 272/270/570 40/269/567 276/268/568
f 42/273/571 41/271/569 268/272/481
f 268/272/481 41/271/569 272/270/570
f 43/275/572 42/273/571 261/274/480
f 261/274/480 42/273/571 268/272/481
f 44/1193/444 43/275/572 429/339/445
f 429/339/445 43/275/572 261/274/480
f 44/1193/444 259/336/449 45/277/573
f 45/277/573 259/336/449 255/276/473
f 46/314/574 45/277/573 248/278/472
f 248/278/472 45/277/573 255/276/473
f 334/1105/575 338/1104/492 247/280/430
f 247/280/430 338/1104/492 246/281/429
f 338/1104/492 339/210/433 246/281/429
f 246/281/429 339/210/433 245/195/428
f 245/195/428 427/348/437 244/284/427
f 244/284/427 427/348/437 347/1103/576
f 347/1103/576 351/1102/577 244/284/427
f 244/284/427 351/1102/577 243/286/426
f 351/1102/577 355/1101/578 243/286/426
f 243/286/426 355/1101/578 242/288/425
f 355/1101/578 359/1100/579 242/288/425
f 242/288/425 359/1100/579 241/290/424
f 359/1100/579 363/1099/499 241/290/424
f 241/290/424 363/1099/499 240/291/423
f 363/1099/499 364/212/431 240/291/423
f 240/291/423 364/212/431 239/312/370
f 372/1098/580 376/1097/581 238/293/422
f 238/293/422 376/1097/581 237/295/421
f 376/1097/581 380/1096/582 237/295/421
f 237/295/421 380/1096/582 236/297/420
f 380/1096/582 384/1095/583 236/297/420
f 236/297/420 384/1095/583 235/299/419
f 384/1095/583 388/1094/584 235/299/419
f 235/299/419 388/1094/584 234/301/418
f 388/1094/584 392/1093/585 234/301/418
f 234/301/418 392/1093/585 233/303/417
f 392/1093/585 396/1092/586 233/303/417
f 233/303/417 396/1092/586 232/305/416
f 396/1092/586 400/1091/587 232/305/416
f 232/305/416 400/1091/587 231/307/415
f 400/1091/587 404/1090/588 231/307/415
f 231/307/415 404/1090/588 230/309/414
f 404/1090/588 408/1089/510 230/309/414
f 230/309/414 408/1089/510 229/318/413
f 38/1199/95 37/310/564 416/343/96
f 416/343/96 37/310/564 286/264/488
f 421/351/589 414/342/590 369/230/530
f 369/230/530 414/342/590 289/311/482
f 239/312/370 419/350/368 238/293/422
f 238/293/422 419/350/368 372/1098/580
f 27/1190/99 46/314/574 436/335/100
f 436/335/100 46/314/574 248/278/472
f 441/347/591 434/334/592 331/217/518
f 331/217/518 434/334/592 251/315/466
f 228/1107/366 439/346/364 247/280/430
f 247/280/430 439/346/364 334/1105/575
f 408/1089/510 411/214/371 229/318/413
f 229/318/413 411/214/371 228/316/366
f 322/245/546 328/345/464 405/319/515
f 405/319/515 328/345/464 409/215/463
f 27/1210/99 326/344/453 28/247/548
f 28/247/548 326/344/453 325/321/550
s 74
f 260/196/454 256/1166/455 257/1165/593
s 1
f 260/322/594 257/360/595 258/362/596
f 260/322/448 258/362/596 259/336/449
s 2
f 285/198/458 281/1152/460 282/1151/597
s 1
f 285/323/598 282/379/599 283/381/600
f 285/323/450 283/381/600 284/340/451
f 327/200/465 328/1140/464 329/1139/601
f 327/324/452 329/414/602 330/416/603
f 327/324/452 330/416/603 326/344/453
s 96
f 343/325/604 339/1081/605 340/421/606
f 343/325/604 340/421/606 341/422/607
s 74
f 343/1161/457 341/1160/608 342/1163/456
s off
f 368/326/609 364/1082/610 365/1149/611
f 368/326/612 365/1149/613 366/1148/614
s 2
f 368/326/459 366/1148/615 367/1147/461
s 1
f 410/327/372 411/1084/371 412/1133/616
f 410/327/372 412/1133/616 413/1132/617
f 410/327/462 413/1132/517 409/1131/463
f 415/202/98 416/343/96 417/457/618
f 415/1154/619 417/458/618 418/460/620
s 2
f 415/1154/10 418/460/621 414/342/11
f 420/329/9 421/1146/12 422/1145/622
s off
f 420/329/623 422/1145/624 423/1143/625
s 1
f 420/1144/367 423/462/626 419/1087/368
s 74
f 428/330/440 424/1162/441 425/1158/627
s 1
f 428/1159/436 425/463/628 426/464/629
f 428/1159/436 426/464/629 427/1079/437
s 98
f 433/205/630 429/339/631 430/465/632
f 433/331/630 430/466/632 431/467/633
s 74
f 433/1157/443 431/1156/634 432/1164/442
s 1
f 435/207/102 436/335/100 437/468/635
f 435/1141/636 437/469/635 438/471/637
f 435/1141/4 438/471/638 434/334/5
f 440/333/3 441/1138/6 442/1137/639
f 440/333/640 442/1137/641 443/1136/642
f 440/333/363 443/1136/643 439/1135/364
f 251/315/466 434/334/592 250/354/467
f 250/354/467 434/334/592 438/471/637
f 249/352/470 437/468/635 248/278/472
f 248/278/472 437/468/635 436/335/100
f 250/355/467 438/470/637 249/352/470
f 249/352/470 438/470/637 437/468/635
f 254/357/471 255/276/473 258/362/596
f 258/362/596 255/276/473 259/336/449
f 252/216/468 253/356/469 256/337/519
f 256/337/519 253/356/469 257/359/595
f 253/356/469 254/358/471 257/359/595
f 257/359/595 254/358/471 258/361/596
f 263/365/475 264/219/474 431/467/644
f 431/467/644 264/219/474 432/338/521
f 262/364/478 430/465/645 261/274/480
f 261/274/480 430/465/645 429/339/445
f 263/365/475 431/467/644 262/363/478
f 262/363/478 431/467/644 430/466/645
f 267/367/479 268/272/481 271/370/646
f 271/370/646 268/272/481 272/270/570
f 265/220/476 266/366/477 269/222/524
f 269/222/524 266/366/477 270/369/647
f 266/366/477 267/368/479 270/369/647
f 270/369/647 267/368/479 271/371/646
f 271/370/646 272/270/570 275/373/648
f 275/373/648 272/270/570 276/268/568
f 269/222/524 270/369/647 273/224/526
f 273/224/526 270/369/647 274/372/649
f 270/369/647 271/371/646 274/372/649
f 274/372/649 271/371/646 275/374/648
f 275/373/648 276/268/568 279/376/650
f 279/376/650 276/268/568 280/266/566
f 273/224/526 274/372/649 277/226/528
f 277/226/528 274/372/649 278/375/651
f 274/372/649 275/374/648 278/375/651
f 278/375/651 275/374/648 279/377/650
f 279/376/650 280/266/566 283/381/600
f 283/381/600 280/266/566 284/340/451
f 277/226/528 278/375/651 281/341/529
f 281/341/529 278/375/651 282/378/599
f 278/375/651 279/377/650 282/378/599
f 282/378/599 279/377/650 283/380/600
f 289/311/482 414/342/590 288/384/483
f 288/384/483 414/342/590 418/460/620
f 287/382/486 417/457/618 286/264/488
f 286/264/488 417/457/618 416/343/96
f 288/385/483 418/459/620 287/382/486
f 287/382/486 418/459/620 417/457/618
f 292/387/487 293/262/489 296/390/652
f 296/390/652 293/262/489 297/260/562
f 290/229/484 291/386/485 294/231/532
f 294/231/532 291/386/485 295/389/653
f 291/386/485 292/388/487 295/389/653
f 295/389/653 292/388/487 296/391/652
f 296/390/652 297/260/562 300/393/654
f 300/393/654 297/260/562 301/258/560
f 294/231/532 295/389/653 298/233/534
f 298/233/534 295/389/653 299/392/655
f 295/389/653 296/391/652 299/392/655
f 299/392/655 296/391/652 300/394/654
f 300/393/654 301/258/560 304/396/656
f 304/396/656 301/258/560 305/256/558
f 298/233/534 299/392/655 302/235/536
f 302/235/536 299/392/655 303/395/657
f 299/392/655 300/394/654 303/395/657
f 303/395/657 300/394/654 304/397/656
f 304/396/656 305/256/558 308/399/658
f 308/399/658 305/256/558 309/254/556
f 302/235/536 303/395/657 306/237/538
f 306/237/538 303/395/657 307/398/659
f 303/395/657 304/397/656 307/398/659
f 307/398/659 304/397/656 308/400/658
f 308/399/658 309/254/556 312/402/660
f 312/402/660 309/254/556 313/252/554
f 306/237/538 307/398/659 310/239/540
f 310/239/540 307/398/659 311/401/661
f 307/398/659 308/400/658 311/401/661
f 311/401/661 308/400/658 312/403/660
f 312/402/660 313/252/554 316/405/662
f 316/405/662 313/252/554 317/250/552
f 310/239/540 311/401/661 314/241/542
f 314/241/542 311/401/661 315/404/663
f 311/401/661 312/403/660 315/404/663
f 315/404/663 312/403/660 316/406/662
f 316/405/662 317/250/552 320/408/664
f 320/408/664 317/250/552 321/248/549
f 314/241/542 315/404/663 318/243/544
f 318/243/544 315/404/663 319/407/665
f 315/404/663 316/406/662 319/407/665
f 319/407/665 316/406/662 320/409/664
f 320/408/664 321/248/549 324/411/666
f 324/411/666 321/248/549 325/321/550
f 318/243/544 319/407/665 322/245/546
f 322/245/546 319/407/665 323/410/667
f 319/407/665 320/409/664 323/410/667
f 323/410/667 320/409/664 324/412/666
f 324/411/666 325/321/550 330/416/603
f 330/416/603 325/321/550 326/344/453
f 322/245/546 323/410/667 328/345/464
f 328/345/464 323/410/667 329/413/601
f 323/410/667 324/412/666 329/413/601
f 329/413/601 324/412/666 330/415/603
f 333/418/668 334/317/575 443/473/669
f 443/473/669 334/317/575 439/1088/364
f 331/217/518 332/417/670 441/347/591
f 441/347/591 332/417/670 442/472/671
f 332/417/672 333/418/673 442/472/641
f 442/472/641 333/418/673 443/473/642
f 334/317/575 333/418/668 338/279/492
f 338/279/492 333/418/668 337/420/490
f 333/418/673 332/417/672 337/420/490
f 337/420/490 332/417/672 336/419/493
f 332/417/670 331/217/518 336/419/493
f 336/419/493 331/217/518 335/218/495
f 346/424/674 347/282/576 426/464/675
f 426/464/675 347/282/576 427/1079/437
f 344/221/522 345/423/676 424/349/520
f 424/349/520 345/423/676 425/463/677
s 86
f 345/423/678 346/424/679 425/463/680
f 425/463/680 346/424/679 426/464/681
s 1
f 347/282/576 346/424/674 351/283/577
f 351/283/577 346/424/674 350/426/682
s 86
f 346/424/679 345/423/678 350/426/683
f 350/426/683 345/423/678 349/425/684
s 1
f 345/423/676 344/221/522 349/425/685
f 349/425/685 344/221/522 348/223/523
f 351/283/577 350/426/682 355/285/578
f 355/285/578 350/426/682 354/428/686
s 86
f 350/426/683 349/425/684 354/428/687
f 354/428/687 349/425/684 353/427/688
s 1
f 349/425/685 348/223/523 353/427/689
f 353/427/689 348/223/523 352/225/525
f 355/285/578 354/428/686 359/287/579
f 359/287/579 354/428/686 358/430/690
s 86
f 354/428/687 353/427/688 358/430/691
f 358/430/691 353/427/688 357/429/692
s 1
f 353/427/689 352/225/525 357/429/693
f 357/429/693 352/225/525 356/227/527
f 359/287/579 358/430/690 363/289/499
f 363/289/499 358/430/690 362/432/497
s 86
f 358/430/691 357/429/692 362/432/502
f 362/432/502 357/429/692 361/431/500
s 1
f 357/429/693 356/227/527 361/431/504
f 361/431/504 356/227/527 360/228/505
f 371/436/694 372/313/580 423/462/695
f 423/462/695 372/313/580 419/1087/368
f 369/230/530 370/435/696 421/351/589
f 421/351/589 370/435/696 422/461/697
s 89
f 370/435/698 371/436/699 422/461/700
f 422/461/700 371/436/699 423/462/701
s 1
f 372/313/580 371/436/694 376/292/581
f 376/292/581 371/436/694 375/438/702
s 89
f 371/436/699 370/435/698 375/438/703
f 375/438/703 370/435/698 374/437/704
s 1
f 370/435/696 369/230/530 374/437/705
f 374/437/705 369/230/530 373/232/531
f 376/292/581 375/438/702 380/294/582
f 380/294/582 375/438/702 379/440/706
s 89
f 375/438/703 374/437/704 379/440/707
f 379/440/707 374/437/704 378/439/708
s 1
f 374/437/705 373/232/531 378/439/709
f 378/439/709 373/232/531 377/234/533
f 380/294/582 379/440/706 384/296/583
f 384/296/583 379/440/706 383/442/710
s 89
f 379/440/707 378/439/708 383/442/711
f 383/442/711 378/439/708 382/441/712
s 1
f 378/439/709 377/234/533 382/441/713
f 382/441/713 377/234/533 381/236/535
f 384/296/583 383/442/710 388/298/584
f 388/298/584 383/442/710 387/444/714
s 89
f 383/442/711 382/441/712 387/444/715
f 387/444/715 382/441/712 386/443/716
s 1
f 382/441/713 381/236/535 386/443/717
f 386/443/717 381/236/535 385/238/537
f 388/298/584 387/444/714 392/300/585
f 392/300/585 387/444/714 391/446/718
s 89
f 387/444/715 386/443/716 391/446/719
f 391/446/719 386/443/716 390/445/720
s 1
f 386/443/717 385/238/537 390/445/721
f 390/445/721 385/238/537 389/240/539
f 392/300/585 391/446/718 396/302/586
f 396/302/586 391/446/718 395/448/722
s 89
f 391/446/719 390/445/720 395/448/723
f 395/448/723 390/445/720 394/447/724
s 1
f 390/445/721 389/240/539 394/447/725
f 394/447/725 389/240/539 393/242/541
f 396/302/586 395/448/722 400/304/587
f 400/304/587 395/448/722 399/450/726
s 89
f 395/448/723 394/447/724 399/450/727
f 399/450/727 394/447/724 398/449/728
s 1
f 394/447/725 393/242/541 398/449/729
f 398/449/729 393/242/541 397/244/543
f 400/304/587 399/450/726 404/306/588
f 404/306/588 399/450/726 403/452/730
s 89
f 399/450/727 398/449/728 403/452/731
f 403/452/731 398/449/728 402/451/732
s 1
f 398/449/729 397/244/543 402/451/733
f 402/451/733 397/244/543 401/246/545
f 404/306/588 403/452/730 408/308/510
f 408/308/510 403/452/730 407/454/508
s 89
f 403/452/731 402/451/732 407/454/513
f 407/454/513 402/451/732 406/453/511
s 1
f 402/451/733 401/246/545 406/453/516
f 406/453/516 401/246/545 405/319/515
s 104
f 465/512/734 468/474/735 525/475/736
f 525/475/736 468/474/735 528/477/737
f 468/474/735 471/476/738 528/477/737
f 528/477/737 471/476/738 531/479/739
f 471/476/738 474/478/740 531/479/739
f 531/479/739 474/478/740 534/481/741
f 474/478/740 477/480/742 534/481/741
f 534/481/741 477/480/742 537/483/743
f 477/480/742 480/482/744 537/483/743
f 537/483/743 480/482/744 540/485/745
f 480/482/744 483/484/746 540/485/745
f 540/485/745 483/484/746 543/487/747
f 483/484/746 486/486/748 543/487/747
f 543/487/747 486/486/748 546/489/749
f 486/486/748 489/488/750 546/489/749
f 546/489/749 489/488/750 549/491/751
f 489/488/750 492/490/752 549/491/751
f 549/491/751 492/490/752 552/493/753
f 492/490/752 495/492/754 552/493/753
f 552/493/753 495/492/754 555/495/755
f 495/492/754 498/494/756 555/495/755
f 555/495/755 498/494/756 558/497/757
f 498/494/756 501/496/758 558/497/757
f 558/497/757 501/496/758 561/499/759
f 501/496/758 504/498/760 561/499/759
f 561/499/759 504/498/760 564/501/761
f 504/498/760 507/500/762 564/501/761
f 564/501/761 507/500/762 567/503/763
f 507/500/762 510/502/764 567/503/763
f 567/503/763 510/502/764 570/505/765
f 510/502/764 513/504/766 570/505/765
f 570/505/765 513/504/766 573/507/767
f 513/504/766 516/506/768 573/507/767
f 573/507/767 516/506/768 576/509/769
f 516/506/768 519/508/770 576/509/769
f 576/509/769 519/508/770 579/511/771
f 519/508/770 522/510/772 579/511/771
f 579/511/771 522/510/772 582/513/773
f 522/510/772 465/512/734 582/513/773
f 582/513/773 465/512/734 525/475/736
s 105
f 527/594/774 530/514/775 67/515/776
f 67/515/776 530/514/775 86/517/777
f 530/514/775 533/516/778 86/517/777
f 86/517/777 533/516/778 85/519/779
f 533/516/778 536/518/780 85/519/779
f 85/519/779 536/518/780 84/521/781
f 536/518/780 539/520/782 84/521/781
f 84/521/781 539/520/782 83/523/783
f 539/520/782 542/522/784 83/523/783
f 83/523/783 542/522/784 82/525/785
f 542/522/784 545/524/786 82/525/785
f 82/525/785 545/524/786 81/527/787
f 545/524/786 548/526/788 81/527/787
f 81/527/787 548/526/788 80/529/789
f 548/526/788 551/528/790 80/529/789
f 80/529/789 551/528/790 79/531/791
f 551/528/790 554/530/792 79/531/791
f 79/531/791 554/530/792 78/533/793
f 554/530/792 557/532/794 78/533/793
f 78/533/793 557/532/794 77/535/795
f 557/532/794 560/534/796 77/535/795
f 77/535/795 560/534/796 76/537/797
f 560/534/796 563/536/798 76/537/797
f 76/537/797 563/536/798 75/539/799
f 563/536/798 566/538/800 75/539/799
f 75/539/799 566/538/800 74/541/801
f 566/538/800 569/540/802 74/541/801
f 74/541/801 569/540/802 73/543/803
f 569/540/802 572/542/804 73/543/803
f 73/543/803 572/542/804 72/545/805
f 572/542/804 575/544/806 72/545/805
f 72/545/805 575/544/806 71/547/807
f 575/544/806 578/546/808 71/547/807
f 71/547/807 578/546/808 70/549/809
f 578/546/808 581/548/810 70/549/809
f 70/549/809 581/548/810 69/551/811
f 581/548/810 584/550/812 69/551/811
f 69/551/811 584/550/812 68/553/813
f 584/550/812 527/552/774 68/553/813
f 68/553/813 527/552/774 67/46/776
s 106
f 470/556/814 467/554/815 445/555/816
f 445/555/816 467/554/815 444/593/817
f 473/558/818 470/556/814 447/557/819
f 447/557/819 470/556/814 445/555/816
f 476/560/820 473/558/818 448/559/821
f 448/559/821 473/558/818 447/557/819
f 479/562/822 476/560/820 449/561/823
f 449/561/823 476/560/820 448/559/821
f 482/564/824 479/562/822 450/563/825
f 450/563/825 479/562/822 449/561/823
f 485/566/826 482/564/824 451/565/827
f 451/565/827 482/564/824 450/563/825
f 488/568/828 485/566/826 452/567/829
f 452/567/829 485/566/826 451/565/827
f 491/570/830 488/568/828 453/569/831
f 453/569/831 488/568/828 452/567/829
f 494/572/832 491/570/830 454/571/833
f 454/571/833 491/570/830 453/569/831
f 497/574/834 494/572/832 455/573/835
f 455/573/835 494/572/832 454/571/833
f 500/576/836 497/574/834 456/575/837
f 456/575/837 497/574/834 455/573/835
f 503/578/838 500/576/836 457/577/839
f 457/577/839 500/576/836 456/575/837
f 506/580/840 503/578/838 458/579/841
f 458/579/841 503/578/838 457/577/839
f 509/582/842 506/580/840 459/581/843
f 459/581/843 506/580/840 458/579/841
f 512/584/844 509/582/842 460/583/845
f 460/583/845 509/582/842 459/581/843
f 515/586/846 512/584/844 461/585/847
f 461/585/847 512/584/844 460/583/845
f 518/588/848 515/586/846 462/587/849
f 462/587/849 515/586/846 461/585/847
f 521/590/850 518/588/848 463/589/851
f 463/589/851 518/588/848 462/587/849
f 524/592/852 521/590/850 464/591/853
f 464/591/853 521/590/850 463/589/851
f 467/554/815 524/592/852 444/593/817
f 444/593/817 524/592/852 464/591/853
s 104
f 465/512/734 466/1272/854 468/474/735
f 468/474/735 466/1272/854 469/596/855
s 106
f 466/595/856 467/554/815 469/1291/857
f 469/1291/857 467/554/815 470/556/814
s 104
f 468/474/735 469/596/855 471/476/738
f 471/476/738 469/596/855 472/597/858
s 106
f 469/1291/857 470/556/814 472/1290/859
f 472/1290/859 470/556/814 473/558/818
s 104
f 471/476/738 472/597/858 474/478/740
f 474/478/740 472/597/858 475/598/860
s 106
f 472/1290/859 473/558/818 475/1289/861
f 475/1289/861 473/558/818 476/560/820
s 104
f 474/478/740 475/598/860 477/480/742
f 477/480/742 475/598/860 478/599/862
s 106
f 475/1289/861 476/560/820 478/1288/863
f 478/1288/863 476/560/820 479/562/822
s 104
f 477/480/742 478/599/862 480/482/744
f 480/482/744 478/599/862 481/600/864
s 106
f 478/1288/863 479/562/822 481/1287/865
f 481/1287/865 479/562/822 482/564/824
s 104
f 480/482/744 481/600/864 483/484/746
f 483/484/746 481/600/864 484/601/866
s 106
f 481/1287/865 482/564/824 484/1286/867
f 484/1286/867 482/564/824 485/566/826
s 104
f 483/484/746 484/601/866 486/486/748
f 486/486/748 484/601/866 487/602/868
s 106
f 484/1286/867 485/566/826 487/1285/869
f 487/1285/869 485/566/826 488/568/828
s 104
f 486/486/748 487/602/868 489/488/750
f 489/488/750 487/602/868 490/603/870
s 106
f 487/1285/869 488/568/828 490/1284/871
f 490/1284/871 488/568/828 491/570/830
s 104
f 489/488/750 490/603/870 492/490/752
f 492/490/752 490/603/870 493/604/872
s 106
f 490/1284/871 491/570/830 493/1283/873
f 493/1283/873 491/570/830 494/572/832
s 104
f 492/490/752 493/604/872 495/492/754
f 495/492/754 493/604/872 496/605/874
s 106
f 493/1283/873 494/572/832 496/1282/875
f 496/1282/875 494/572/832 497/574/834
s 104
f 495/492/754 496/605/874 498/494/756
f 498/494/756 496/605/874 499/606/876
s 106
f 496/1282/875 497/574/834 499/1281/877
f 499/1281/877 497/574/834 500/576/836
s 104
f 498/494/756 499/606/876 501/496/758
f 501/496/758 499/606/876 502/607/878
s 106
f 499/1281/877 500/576/836 502/1280/879
f 502/1280/879 500/576/836 503/578/838
s 104
f 501/496/758 502/607/878 504/498/760
f 504/498/760 502/607/878 505/608/880
s 106
f 502/1280/879 503/578/838 505/1279/881
f 505/1279/881 503/578/838 506/580/840
s 104
f 504/498/760 505/608/880 507/500/762
f 507/500/762 505/608/880 508/609/882
s 106
f 505/1279/881 506/580/840 508/1278/883
f 508/1278/883 506/580/840 509/582/842
s 104
f 507/500/762 508/609/882 510/502/764
f 510/502/764 508/609/882 511/610/884
s 106
f 508/1278/883 509/582/842 511/1277/885
f 511/1277/885 509/582/842 512/584/844
s 104
f 510/502/764 511/610/884 513/504/766
f 513/504/766 511/610/884 514/611/886
s 106
f 511/1277/885 512/584/844 514/1276/887
f 514/1276/887 512/584/844 515/586/846
s 104
f 513/504/766 514/611/886 516/506/768
f 516/506/768 514/611/886 517/612/888
s 106
f 514/1276/887 515/586/846 517/1275/889
f 517/1275/889 515/586/846 518/588/848
s 104
f 516/506/768 517/612/888 519/508/770
f 519/508/770 517/612/888 520/613/890
s 106
f 517/1275/889 518/588/848 520/1274/891
f 520/1274/891 518/588/848 521/590/850
s 104
f 519/508/770 520/613/890 522/510/772
f 522/510/772 520/613/890 523/614/892
s 106
f 520/1274/891 521/590/850 523/1273/893
f 523/1273/893 521/590/850 524/592/852
f 467/554/815 466/595/856 524/592/852
f 524/592/852 466/595/856 523/1273/893
s 104
f 466/1272/854 465/512/734 523/614/892
f 523/614/892 465/512/734 522/510/772
f 525/475/736 526/615/894 582/513/773
f 582/513/773 526/615/894 583/655/895
s 105
f 526/617/896 527/552/774 583/654/897
f 583/654/897 527/552/774 584/550/812
f 527/594/774 526/616/896 530/514/775
f 530/514/775 526/616/896 529/619/898
s 104
f 526/615/894 525/475/736 529/618/899
f 529/618/899 525/475/736 528/477/737
s 105
f 530/514/775 529/619/898 533/516/778
f 533/516/778 529/619/898 532/621/900
s 104
f 529/618/899 528/477/737 532/620/901
f 532/620/901 528/477/737 531/479/739
s 105
f 533/516/778 532/621/900 536/518/780
f 536/518/780 532/621/900 535/623/902
s 104
f 532/620/901 531/479/739 535/622/903
f 535/622/903 531/479/739 534/481/741
s 105
f 536/518/780 535/623/902 539/520/782
f 539/520/782 535/623/902 538/625/904
s 104
f 535/622/903 534/481/741 538/624/905
f 538/624/905 534/481/741 537/483/743
s 105
f 539/520/782 538/625/904 542/522/784
f 542/522/784 538/625/904 541/627/906
s 104
f 538/624/905 537/483/743 541/626/907
f 541/626/907 537/483/743 540/485/745
s 105
f 542/522/784 541/627/906 545/524/786
f 545/524/786 541/627/906 544/629/908
s 104
f 541/626/907 540/485/745 544/628/909
f 544/628/909 540/485/745 543/487/747
s 105
f 545/524/786 544/629/908 548/526/788
f 548/526/788 544/629/908 547/631/910
s 104
f 544/628/909 543/487/747 547/630/911
f 547/630/911 543/487/747 546/489/749
s 105
f 548/526/788 547/631/910 551/528/790
f 551/528/790 547/631/910 550/633/912
s 104
f 547/630/911 546/489/749 550/632/913
f 550/632/913 546/489/749 549/491/751
s 105
f 551/528/790 550/633/912 554/530/792
f 554/530/792 550/633/912 553/635/914
s 104
f 550/632/913 549/491/751 553/634/915
f 553/634/915 549/491/751 552/493/753
s 105
f 554/530/792 553/635/914 557/532/794
f 557/532/794 553/635/914 556/637/916
s 104
f 553/634/915 552/493/753 556/636/917
f 556/636/917 552/493/753 555/495/755
s 105
f 557/532/794 556/637/916 560/534/796
f 560/534/796 556/637/916 559/639/918
s 104
f 556/636/917 555/495/755 559/638/919
f 559/638/919 555/495/755 558/497/757
s 105
f 560/534/796 559/639/918 563/536/798
f 563/536/798 559/639/918 562/641/920
s 104
f 559/638/919 558/497/757 562/640/921
f 562/640/921 558/497/757 561/499/759
s 105
f 563/536/798 562/641/920 566/538/800
f 566/538/800 562/641/920 565/643/922
s 104
f 562/640/921 561/499/759 565/642/923
f 565/642/923 561/499/759 564/501/761
s 105
f 566/538/800 565/643/922 569/540/802
f 569/540/802 565/643/922 568/645/924
s 104
f 565/642/923 564/501/761 568/644/925
f 568/644/925 564/501/761 567/503/763
s 105
f 569/540/802 568/645/924 572/542/804
f 572/542/804 568/645/924 571/647/926
s 104
f 568/644/925 567/503/763 571/646/927
f 571/646/927 567/503/763 570/505/765
s 105
f 572/542/804 571/647/926 575/544/806
f 575/544/806 571/647/926 574/649/928
s 104
f 571/646/927 570/505/765 574/648/929
f 574/648/929 570/505/765 573/507/767
s 105
f 575/544/806 574/649/928 578/546/808
f 578/546/808 574/649/928 577/651/930
s 104
f 574/648/929 573/507/767 577/650/931
f 577/650/931 573/507/767 576/509/769
s 105
f 578/546/808 577/651/930 581/548/810
f 581/548/810 577/651/930 580/653/932
s 104
f 577/650/931 576/509/769 580/652/933
f 580/652/933 576/509/769 579/511/771
s 105
f 581/548/810 580/653/932 584/550/812
f 584/550/812 580/653/932 583/654/897
s 104
f 580/652/933 579/511/771 583/655/895
f 583/655/895 579/511/771 582/513/773
s 125
f 588/656/934 587/657/935 589/658/936
f 589/658/936 587/657/935 590/659/937
f 587/657/935 586/660/938 590/659/937
f 590/659/937 586/660/938 591/661/939
f 586/660/938 585/662/940 591/661/941
f 591/661/941 585/662/940 592/663/942
f 596/664/943 595/665/944 598/666/945
f 598/666/945 595/665/944 599/667/946
f 595/665/944 594/668/947 599/667/948
f 599/667/948 594/668/947 600/669/949
f 594/668/947 593/670/950 600/669/949
f 600/669/949 593/670/950 597/671/951
f 604/672/952 603/673/953 608/674/954
f 608/674/954 603/673/953 605/675/955
f 603/673/953 602/676/956 605/675/955
f 605/675/955 602/676/956 606/677/957
f 602/676/958 601/678/959 606/677/960
f 606/677/960 601/678/959 607/679/961
f 612/680/962 611/681/963 616/682/964
f 616/682/964 611/681/963 613/683/965
f 611/1041/966 610/684/967 613/685/968
f 613/685/968 610/684/967 614/686/969
f 610/684/967 609/687/970 614/686/969
f 614/686/969 609/687/970 615/688/971
f 683/689/972 688/690/973 684/691/974
f 684/691/974 688/690/973 687/1062/975
f 682/693/976 689/1076/977 683/689/978
f 683/689/978 689/1076/977 688/690/979
f 681/695/980 690/1075/981 682/693/976
f 682/693/976 690/1075/981 689/1076/982
f 687/692/975 686/697/983 924/698/984
f 924/698/984 686/697/983 916/699/985
f 686/697/986 685/700/987 916/699/988
f 916/699/988 685/700/987 917/701/989
f 685/700/990 693/702/991 917/701/989
f 917/701/989 693/702/991 918/703/992
f 693/702/991 692/704/993 764/705/994
f 764/705/994 692/704/993 765/706/995
f 692/704/996 691/707/997 765/706/998
f 765/706/998 691/707/997 766/708/999
f 691/707/1000 690/696/981 766/708/1001
f 766/708/1001 690/696/981 767/709/1002
f 764/705/994 763/710/1003 841/711/1004
f 841/711/1004 763/710/1003 842/712/1005
f 763/710/1003 762/713/1006 842/712/1005
f 842/712/1005 762/713/1006 843/714/1007
f 770/715/1008 844/716/1009 762/713/1010
f 762/713/1010 844/716/1009 843/714/1011
f 841/711/1004 840/717/1012 918/703/992
f 918/703/992 840/717/1012 919/718/1013
f 839/719/1014 920/720/1015 840/717/1012
f 840/717/1012 920/720/1015 919/718/1013
f 847/721/1016 921/722/1017 839/719/1018
f 839/719/1018 921/722/1017 920/720/1019
f 764/705/994 841/711/1004 693/702/991
f 693/702/991 841/711/1004 918/703/992
f 585/662/940 596/664/943 592/663/942
f 592/663/942 596/664/943 598/666/945
f 604/672/952 608/674/954 609/687/970
f 609/687/970 608/674/954 615/688/971
f 612/680/962 616/682/964 593/670/950
f 593/670/950 616/682/964 597/671/951
f 607/679/961 601/678/959 589/658/936
f 589/658/936 601/678/959 588/656/934
f 604/672/952 609/687/970 617/723/1020
f 617/723/1020 609/687/970 694/724/1021
f 617/723/1020 694/724/1021 621/725/1022
f 621/725/1022 694/724/1021 698/726/1023
f 621/725/1022 698/726/1023 625/727/1024
f 625/727/1024 698/726/1023 702/728/1025
f 940/729/1026 941/730/1027 629/731/1028
f 629/731/1028 941/730/1027 706/732/1029
f 956/733/1030 957/734/1031 633/735/1032
f 633/735/1032 957/734/1031 710/736/1033
f 633/735/1032 710/736/1033 637/737/1034
f 637/737/1034 710/736/1033 714/738/1035
f 637/737/1034 714/738/1035 641/739/1036
f 641/739/1036 714/738/1035 718/740/1037
f 641/739/1036 718/740/1037 645/741/1038
f 645/741/1038 718/740/1037 722/742/1039
f 645/741/1038 722/742/1039 649/743/1040
f 649/743/1040 722/742/1039 726/744/1041
f 649/743/1040 726/744/1041 653/745/1042
f 653/745/1042 726/744/1041 730/746/1043
f 653/745/1042 730/746/1043 657/747/1044
f 657/747/1044 730/746/1043 734/748/1045
f 657/747/1044 734/748/1045 661/749/1046
f 661/749/1046 734/748/1045 738/750/1047
f 661/749/1046 738/750/1047 665/751/1048
f 665/751/1048 738/750/1047 742/752/1049
f 665/751/1048 742/752/1049 669/753/1050
f 669/753/1050 742/752/1049 746/754/1051
f 669/753/1050 746/754/1051 673/755/1052
f 673/755/1052 746/754/1051 750/756/1053
f 673/755/1052 750/756/1053 677/757/1054
f 677/757/1054 750/756/1053 754/758/1055
f 677/757/1054 754/758/1055 681/695/980
f 681/695/980 754/758/1055 758/759/1056
f 758/759/1056 767/1074/1002 681/695/980
f 681/695/980 767/1074/1002 690/1075/981
f 593/670/950 771/760/1057 612/680/962
f 612/680/962 771/760/1057 697/761/1058
f 771/760/1057 775/762/1059 697/761/1058
f 697/761/1058 775/762/1059 701/763/1060
f 775/762/1059 779/764/1061 701/763/1060
f 701/763/1060 779/764/1061 705/765/1062
f 945/766/1063 783/767/1064 944/768/1065
f 944/768/1065 783/767/1064 709/769/1066
f 961/770/1067 787/771/1068 960/772/1069
f 960/772/1069 787/771/1068 713/773/1070
f 787/771/1068 791/774/1071 713/773/1070
f 713/773/1070 791/774/1071 717/775/1072
f 791/774/1071 795/776/1073 717/775/1072
f 717/775/1072 795/776/1073 721/777/1074
f 795/776/1073 799/778/1075 721/777/1074
f 721/777/1074 799/778/1075 725/779/1076
f 799/778/1075 803/780/1077 725/779/1076
f 725/779/1076 803/780/1077 729/781/1078
f 729/781/1078 803/780/1077 733/782/1079
f 733/782/1079 803/780/1077 807/783/1080
f 733/782/1079 807/783/1080 737/784/1081
f 737/784/1081 807/783/1080 811/785/1082
f 737/784/1081 811/785/1082 741/786/1083
f 741/786/1083 811/785/1082 815/787/1084
f 741/786/1083 815/787/1084 745/788/1085
f 745/788/1085 815/787/1084 819/789/1086
f 745/788/1085 819/789/1086 749/790/1087
f 749/790/1087 819/789/1086 823/791/1088
f 749/790/1087 823/791/1088 753/792/1089
f 753/792/1089 823/791/1088 827/793/1090
f 753/792/1089 827/793/1090 757/794/1091
f 757/794/1091 827/793/1090 831/795/1092
f 757/794/1091 831/795/1092 761/796/1093
f 761/796/1093 831/795/1092 835/797/1094
f 844/1069/1009 770/1070/1008 835/797/1094
f 761/796/1093 835/797/1094 770/1070/1008
f 596/664/943 585/662/940 774/798/1095
f 774/798/1095 585/662/940 848/799/1096
f 774/798/1095 848/799/1096 778/800/1097
f 778/800/1097 848/799/1096 852/801/1098
f 778/800/1097 852/801/1098 782/802/1099
f 782/802/1099 852/801/1098 856/803/1100
f 948/804/1101 949/805/1102 786/806/1103
f 786/806/1103 949/805/1102 860/807/1104
f 964/808/1105 965/809/1106 790/810/1107
f 790/810/1107 965/809/1106 864/811/1108
f 790/810/1107 864/811/1108 794/812/1109
f 794/812/1109 864/811/1108 868/813/1110
f 794/812/1109 868/813/1110 798/814/1111
f 798/814/1111 868/813/1110 872/815/1112
f 798/814/1111 872/815/1112 802/816/1113
f 802/816/1113 872/815/1112 876/817/1114
f 802/816/1113 876/817/1114 806/818/1115
f 806/818/1115 876/817/1114 880/819/1116
f 806/818/1115 880/819/1116 810/820/1117
f 810/820/1117 880/819/1116 884/821/1118
f 810/820/1117 884/821/1118 814/822/1119
f 814/822/1119 884/821/1118 888/823/1120
f 814/822/1119 888/823/1120 818/824/1121
f 818/824/1121 888/823/1120 892/825/1122
f 818/824/1121 892/825/1122 822/826/1123
f 822/826/1123 892/825/1122 896/827/1124
f 822/826/1123 896/827/1124 826/828/1125
f 826/828/1125 896/827/1124 900/829/1126
f 826/828/1125 900/829/1126 830/830/1127
f 830/830/1127 900/829/1126 904/831/1128
f 830/830/1127 904/831/1128 834/832/1129
f 834/832/1129 904/831/1128 908/833/1130
f 834/832/1129 908/833/1130 838/834/1131
f 838/834/1131 908/833/1130 912/1063/1132
f 838/834/1131 912/1063/1132 847/1064/1016
f 847/721/1016 912/835/1132 921/722/1017
f 588/656/934 601/678/959 851/836/1133
f 851/836/1133 601/678/959 620/837/1134
f 851/836/1133 620/837/1134 855/838/1135
f 855/838/1135 620/837/1134 624/839/1136
f 855/838/1135 624/839/1136 859/840/1137
f 859/840/1137 624/839/1136 628/841/1138
f 952/842/1139 937/843/1140 863/844/1141
f 863/844/1141 937/843/1140 632/845/1142
f 968/846/1143 953/847/1144 867/848/1145
f 867/848/1145 953/847/1144 636/849/1146
f 867/848/1145 636/849/1146 871/850/1147
f 871/850/1147 636/849/1146 640/851/1148
f 871/850/1147 640/851/1148 875/852/1149
f 875/852/1149 640/851/1148 644/853/1150
f 875/852/1149 644/853/1150 879/854/1151
f 879/854/1151 644/853/1150 648/855/1152
f 879/854/1151 648/855/1152 883/856/1153
f 883/856/1153 648/855/1152 652/857/1154
f 652/857/1154 656/858/1155 883/856/1153
f 883/856/1153 656/858/1155 887/859/1156
f 656/858/1155 660/860/1157 887/859/1156
f 887/859/1156 660/860/1157 891/861/1158
f 660/860/1157 664/862/1159 891/861/1158
f 891/861/1158 664/862/1159 895/863/1160
f 664/862/1159 668/864/1161 895/863/1160
f 895/863/1160 668/864/1161 899/865/1162
f 668/864/1161 672/866/1163 899/865/1162
f 899/865/1162 672/866/1163 903/867/1164
f 672/866/1163 676/868/1165 903/867/1164
f 903/867/1164 676/868/1165 907/869/1166
f 676/868/1165 680/870/1167 907/869/1166
f 907/869/1166 680/870/1167 911/871/1168
f 680/870/1167 684/691/974 911/871/1168
f 911/871/1168 684/691/974 915/872/1169
f 924/698/984 915/1061/1169 687/692/975
f 915/872/1169 684/691/974 687/1062/975
f 588/656/934 851/836/1133 587/657/935
f 587/657/935 851/836/1133 850/873/1170
f 585/662/940 586/660/938 848/799/1096
f 848/799/1096 586/660/938 849/874/1171
f 587/657/935 850/873/1170 586/660/938
f 586/660/938 850/873/1170 849/874/1171
f 595/665/944 596/664/943 773/875/1172
f 773/875/1172 596/664/943 774/798/1095
f 593/670/950 594/668/947 771/760/1057
f 771/760/1057 594/668/947 772/876/1173
f 594/668/947 595/665/944 772/876/1173
f 772/876/1173 595/665/944 773/875/1172
f 611/681/963 612/680/962 696/877/1174
f 696/877/1174 612/680/962 697/761/1058
f 609/687/970 610/684/967 694/724/1021
f 694/724/1021 610/684/967 695/878/1175
f 610/684/967 611/1078/966 695/878/1175
f 695/1042/1175 611/681/966 696/877/1174
f 602/676/958 619/879/1176 601/678/959
f 601/678/959 619/879/1176 620/837/1134
f 603/673/953 618/880/1177 602/676/956
f 602/676/956 618/880/1177 619/879/1176
f 603/673/953 604/672/952 618/880/1177
f 618/880/1177 604/672/952 617/723/1020
f 619/879/1176 623/881/1178 620/837/1134
f 620/837/1134 623/881/1178 624/839/1136
f 618/880/1177 622/882/1179 619/879/1176
f 619/879/1176 622/882/1179 623/881/1178
f 617/723/1020 621/725/1022 618/880/1177
f 618/880/1177 621/725/1022 622/882/1180
f 623/881/1178 627/883/1181 624/839/1136
f 624/839/1136 627/883/1181 628/841/1138
f 622/882/1179 626/884/1182 623/881/1178
f 623/881/1178 626/884/1182 627/883/1181
f 621/725/1022 625/727/1024 622/882/1180
f 622/882/1180 625/727/1024 626/884/1183
f 938/885/1184 631/886/1185 937/843/1140
f 937/843/1140 631/886/1185 632/845/1142
f 939/887/1186 630/888/1187 938/885/1184
f 938/885/1184 630/888/1187 631/886/1185
f 940/729/1026 629/731/1028 939/887/1188
f 939/887/1188 629/731/1028 630/888/1189
f 954/889/1190 635/890/1191 953/847/1144
f 953/847/1144 635/890/1191 636/849/1146
f 955/891/1192 634/892/1193 954/889/1190
f 954/889/1190 634/892/1193 635/890/1191
f 956/733/1030 633/735/1032 955/891/1194
f 955/891/1194 633/735/1032 634/892/1195
f 635/890/1191 639/893/1196 636/849/1146
f 636/849/1146 639/893/1196 640/851/1148
f 634/892/1193 638/894/1197 635/890/1191
f 635/890/1191 638/894/1197 639/893/1196
f 633/735/1032 637/737/1034 634/892/1195
f 634/892/1195 637/737/1034 638/894/1198
f 640/851/1148 639/893/1196 644/853/1150
f 644/853/1150 639/893/1196 643/895/1199
f 639/893/1196 638/894/1197 643/895/1199
f 643/895/1199 638/894/1197 642/896/1200
f 638/894/1198 637/737/1034 642/896/1200
f 642/896/1200 637/737/1034 641/739/1036
f 644/853/1150 643/895/1199 648/855/1152
f 648/855/1152 643/895/1199 647/897/1201
f 643/895/1199 642/896/1200 647/897/1201
f 647/897/1201 642/896/1200 646/898/1202
f 642/896/1200 641/739/1036 646/898/1202
f 646/898/1202 641/739/1036 645/741/1038
f 648/855/1152 647/897/1201 652/857/1154
f 652/857/1154 647/897/1201 651/899/1203
f 647/897/1201 646/898/1202 651/899/1203
f 651/899/1203 646/898/1202 650/900/1204
f 646/898/1202 645/741/1038 650/900/1205
f 650/900/1205 645/741/1038 649/743/1040
f 652/857/1154 651/899/1203 656/858/1155
f 656/858/1155 651/899/1203 655/901/1206
f 651/899/1203 650/900/1204 655/901/1206
f 655/901/1206 650/900/1204 654/902/1207
f 650/900/1205 649/743/1040 654/902/1207
f 654/902/1207 649/743/1040 653/745/1042
f 656/858/1155 655/901/1206 660/860/1157
f 660/860/1157 655/901/1206 659/903/1208
f 655/901/1206 654/902/1207 659/903/1208
f 659/903/1208 654/902/1207 658/904/1209
f 654/902/1207 653/745/1042 658/904/1209
f 658/904/1209 653/745/1042 657/747/1044
f 659/903/1208 663/905/1210 660/860/1157
f 660/860/1157 663/905/1210 664/862/1159
f 658/904/1209 662/906/1211 659/903/1208
f 659/903/1208 662/906/1211 663/905/1210
f 658/904/1209 657/747/1044 662/906/1211
f 662/906/1211 657/747/1044 661/749/1046
f 663/905/1210 667/907/1212 664/862/1159
f 664/862/1159 667/907/1212 668/864/1161
f 662/906/1211 666/908/1213 663/905/1210
f 663/905/1210 666/908/1213 667/907/1212
f 661/749/1046 665/751/1048 662/906/1211
f 662/906/1211 665/751/1048 666/908/1213
f 667/907/1212 671/909/1214 668/864/1161
f 668/864/1161 671/909/1214 672/866/1163
f 666/908/1213 670/910/1215 667/907/1212
f 667/907/1212 670/910/1215 671/909/1214
f 665/751/1048 669/753/1050 666/908/1213
f 666/908/1213 669/753/1050 670/910/1216
f 672/866/1163 671/909/1214 676/868/1165
f 676/868/1165 671/909/1214 675/911/1217
f 671/909/1214 670/910/1215 675/911/1217
f 675/911/1217 670/910/1215 674/912/1218
f 670/910/1216 669/753/1050 674/912/1218
f 674/912/1218 669/753/1050 673/755/1052
f 676/868/1165 675/911/1217 680/870/1167
f 680/870/1167 675/911/1217 679/913/1219
f 675/911/1217 674/912/1218 679/913/1220
f 679/913/1220 674/912/1218 678/914/1221
f 674/912/1218 673/755/1052 678/914/1221
f 678/914/1221 673/755/1052 677/757/1054
f 679/913/1219 683/689/972 680/870/1167
f 680/870/1167 683/689/972 684/691/974
f 678/914/1221 682/693/976 679/913/1220
f 679/913/1220 682/693/976 683/689/978
f 677/757/1054 681/695/980 678/914/1221
f 678/914/1221 681/695/980 682/693/976
f 696/877/1174 697/761/1058 700/915/1222
f 700/915/1222 697/761/1058 701/763/1060
f 694/724/1021 695/878/1175 698/726/1023
f 698/726/1023 695/878/1175 699/916/1223
f 695/1042/1175 696/877/1174 699/1060/1223
f 699/1060/1223 696/877/1174 700/915/1222
f 700/915/1222 701/763/1060 704/917/1224
f 704/917/1224 701/763/1060 705/765/1062
f 698/726/1023 699/916/1223 702/728/1025
f 702/728/1025 699/916/1223 703/918/1225
f 699/1060/1223 700/915/1222 703/1059/1226
f 703/1059/1226 700/915/1222 704/917/1224
f 943/919/1227 944/768/1065 708/920/1228
f 708/920/1228 944/768/1065 709/769/1066
f 941/730/1027 942/1045/1229 706/732/1029
f 706/732/1029 942/1045/1229 707/1046/1230
f 942/921/1231 943/919/1227 707/922/1232
f 707/922/1232 943/919/1227 708/920/1228
f 959/923/1233 960/772/1069 712/924/1234
f 712/924/1234 960/772/1069 713/773/1070
f 957/734/1031 958/925/1235 710/736/1033
f 710/736/1033 958/925/1235 711/926/1236
f 958/1043/1237 959/923/1233 711/1044/1238
f 711/1044/1238 959/923/1233 712/924/1234
f 712/924/1234 713/773/1070 716/927/1239
f 716/927/1239 713/773/1070 717/775/1072
f 710/736/1033 711/926/1236 714/738/1035
f 714/738/1035 711/926/1236 715/1058/1240
f 711/1044/1238 712/924/1234 715/928/1241
f 715/928/1241 712/924/1234 716/927/1239
f 717/775/1072 721/777/1074 716/927/1239
f 716/927/1239 721/777/1074 720/929/1242
f 715/1058/1240 719/1057/1243 714/738/1035
f 714/738/1035 719/1057/1243 718/740/1037
f 716/927/1239 720/929/1242 715/928/1241
f 715/928/1241 720/929/1242 719/930/1243
f 721/777/1074 725/779/1076 720/929/1242
f 720/929/1242 725/779/1076 724/931/1244
f 719/1057/1243 723/1056/1245 718/740/1037
f 718/740/1037 723/1056/1245 722/742/1039
f 720/929/1242 724/931/1244 719/930/1243
f 719/930/1243 724/931/1244 723/932/1245
f 725/779/1076 729/781/1078 724/931/1244
f 724/931/1244 729/781/1078 728/933/1246
f 723/1056/1245 727/1055/1247 722/742/1039
f 722/742/1039 727/1055/1247 726/744/1041
f 724/931/1244 728/933/1246 723/932/1245
f 723/932/1245 728/933/1246 727/934/1248
f 729/781/1078 733/782/1079 728/933/1246
f 728/933/1246 733/782/1079 732/935/1249
f 727/1055/1247 731/1054/1250 726/744/1041
f 726/744/1041 731/1054/1250 730/746/1043
f 728/933/1246 732/935/1249 727/934/1248
f 727/934/1248 732/935/1249 731/936/1250
f 733/782/1079 737/784/1081 732/935/1249
f 732/935/1249 737/784/1081 736/937/1251
f 730/746/1043 731/1054/1250 734/748/1045
f 734/748/1045 731/1054/1250 735/938/1252
f 732/935/1249 736/937/1251 731/936/1250
f 731/936/1250 736/937/1251 735/1053/1252
f 736/937/1251 737/784/1081 740/939/1253
f 740/939/1253 737/784/1081 741/786/1083
f 734/748/1045 735/938/1252 738/750/1047
f 738/750/1047 735/938/1252 739/940/1254
f 735/1053/1252 736/937/1251 739/1052/1254
f 739/1052/1254 736/937/1251 740/939/1253
f 740/939/1253 741/786/1083 744/941/1255
f 744/941/1255 741/786/1083 745/788/1085
f 738/750/1047 739/940/1254 742/752/1049
f 742/752/1049 739/940/1254 743/942/1256
f 739/1052/1254 740/939/1253 743/1051/1256
f 743/1051/1256 740/939/1253 744/941/1255
f 744/941/1255 745/788/1085 748/943/1257
f 748/943/1257 745/788/1085 749/790/1087
f 742/752/1049 743/942/1256 746/754/1051
f 746/754/1051 743/942/1256 747/1050/1258
f 743/1051/1256 744/941/1255 747/944/1259
f 747/944/1259 744/941/1255 748/943/1257
f 749/790/1087 753/792/1089 748/943/1257
f 748/943/1257 753/792/1089 752/945/1260
f 746/754/1051 747/1050/1258 750/756/1053
f 750/756/1053 747/1050/1258 751/1049/1261
f 748/943/1257 752/945/1260 747/944/1259
f 747/944/1259 752/945/1260 751/946/1261
f 753/792/1089 757/794/1091 752/945/1260
f 752/945/1260 757/794/1091 756/947/1262
f 750/756/1053 751/1049/1261 754/758/1055
f 754/758/1055 751/1049/1261 755/948/1263
f 752/945/1260 756/947/1264 751/946/1261
f 751/946/1261 756/947/1264 755/1048/1263
f 756/947/1262 757/794/1091 760/949/1265
f 760/949/1265 757/794/1091 761/796/1093
f 754/758/1055 755/948/1263 758/759/1056
f 758/759/1056 755/948/1263 759/950/1266
f 755/1048/1263 756/947/1264 759/1047/1266
f 759/1047/1266 756/947/1264 760/949/1267
f 760/949/1265 761/796/1093 769/951/1268
f 769/951/1268 761/796/1093 770/1070/1008
f 758/759/1056 759/950/1266 767/1074/1002
f 767/1074/1002 759/950/1266 768/1073/1269
f 759/1047/1266 760/949/1267 768/1072/1269
f 768/1072/1269 760/949/1267 769/951/1270
f 773/875/1172 774/798/1095 777/953/1271
f 777/953/1271 774/798/1095 778/800/1097
f 771/760/1057 772/876/1173 775/762/1059
f 775/762/1059 772/876/1173 776/954/1272
f 772/876/1173 773/875/1172 776/954/1272
f 776/954/1272 773/875/1172 777/953/1271
f 777/953/1271 778/800/1097 781/955/1273
f 781/955/1273 778/800/1097 782/802/1099
f 775/762/1059 776/954/1272 779/764/1061
f 779/764/1061 776/954/1272 780/956/1274
f 776/954/1272 777/953/1271 780/956/1274
f 780/956/1274 777/953/1271 781/955/1273
f 947/957/1275 948/804/1101 785/958/1276
f 785/958/1276 948/804/1101 786/806/1103
f 945/766/1063 946/959/1277 783/767/1064
f 783/767/1064 946/959/1277 784/960/1278
f 946/959/1279 947/957/1280 784/960/1281
f 784/960/1281 947/957/1280 785/958/1282
f 963/961/1283 964/808/1105 789/962/1284
f 789/962/1284 964/808/1105 790/810/1107
f 961/770/1067 962/963/1285 787/771/1068
f 787/771/1068 962/963/1285 788/964/1286
f 962/963/1287 963/961/1283 788/964/1286
f 788/964/1286 963/961/1283 789/962/1284
f 790/810/1107 794/812/1109 789/962/1284
f 789/962/1284 794/812/1109 793/965/1288
f 788/964/1286 792/966/1289 787/771/1068
f 787/771/1068 792/966/1289 791/774/1071
f 789/962/1284 793/965/1288 788/964/1286
f 788/964/1286 793/965/1288 792/966/1289
f 794/812/1109 798/814/1111 793/965/1288
f 793/965/1288 798/814/1111 797/967/1290
f 792/966/1289 796/968/1291 791/774/1071
f 791/774/1071 796/968/1291 795/776/1073
f 793/965/1288 797/967/1290 792/966/1289
f 792/966/1289 797/967/1290 796/968/1291
f 798/814/1111 802/816/1113 797/967/1290
f 797/967/1290 802/816/1113 801/969/1292
f 796/968/1291 800/970/1293 795/776/1073
f 795/776/1073 800/970/1293 799/778/1075
f 797/967/1290 801/969/1292 796/968/1291
f 796/968/1291 801/969/1292 800/970/1294
f 802/816/1113 806/818/1115 801/969/1292
f 801/969/1292 806/818/1115 805/971/1295
f 800/970/1293 804/972/1296 799/778/1075
f 799/778/1075 804/972/1296 803/780/1077
f 801/969/1292 805/971/1295 800/970/1294
f 800/970/1294 805/971/1295 804/972/1296
f 806/818/1115 810/820/1117 805/971/1295
f 805/971/1295 810/820/1117 809/973/1297
f 804/972/1296 808/974/1298 803/780/1077
f 803/780/1077 808/974/1298 807/783/1080
f 805/971/1295 809/973/1297 804/972/1296
f 804/972/1296 809/973/1297 808/974/1298
f 809/973/1297 810/820/1117 813/975/1299
f 813/975/1299 810/820/1117 814/822/1119
f 807/783/1080 808/974/1298 811/785/1082
f 811/785/1082 808/974/1298 812/976/1300
f 808/974/1298 809/973/1297 812/976/1300
f 812/976/1300 809/973/1297 813/975/1299
f 813/975/1299 814/822/1119 817/977/1301
f 817/977/1301 814/822/1119 818/824/1121
f 811/785/1082 812/976/1300 815/787/1084
f 815/787/1084 812/976/1300 816/978/1302
f 812/976/1300 813/975/1299 816/978/1302
f 816/978/1302 813/975/1299 817/977/1301
f 817/977/1301 818/824/1121 821/979/1303
f 821/979/1303 818/824/1121 822/826/1123
f 815/787/1084 816/978/1302 819/789/1086
f 819/789/1086 816/978/1302 820/980/1304
f 816/978/1302 817/977/1301 820/980/1304
f 820/980/1304 817/977/1301 821/979/1303
f 821/979/1303 822/826/1123 825/981/1305
f 825/981/1305 822/826/1123 826/828/1125
f 819/789/1086 820/980/1304 823/791/1088
f 823/791/1088 820/980/1304 824/982/1306
f 820/980/1304 821/979/1303 824/982/1306
f 824/982/1306 821/979/1303 825/981/1307
f 826/828/1125 830/830/1127 825/981/1305
f 825/981/1305 830/830/1127 829/983/1308
f 824/982/1306 828/984/1309 823/791/1088
f 823/791/1088 828/984/1309 827/793/1090
f 825/981/1307 829/983/1310 824/982/1306
f 824/982/1306 829/983/1310 828/984/1309
f 830/830/1127 834/832/1129 829/983/1308
f 829/983/1308 834/832/1129 833/985/1311
f 828/984/1309 832/986/1312 827/793/1090
f 827/793/1090 832/986/1312 831/795/1092
f 829/983/1310 833/985/1313 828/984/1309
f 828/984/1309 833/985/1313 832/986/1312
f 833/985/1311 834/832/1129 837/987/1314
f 837/987/1314 834/832/1129 838/834/1131
f 831/795/1092 832/986/1312 835/797/1094
f 835/797/1094 832/986/1312 836/988/1315
f 832/986/1312 833/985/1313 836/988/1315
f 836/988/1315 833/985/1313 837/987/1314
f 837/987/1314 838/834/1131 846/1067/1316
f 846/1067/1316 838/834/1131 847/1064/1016
f 835/797/1094 836/988/1315 844/1069/1009
f 844/1069/1009 836/988/1315 845/990/1317
f 836/988/1315 837/987/1314 845/990/1318
f 845/990/1318 837/987/1314 846/1067/1316
f 851/836/1133 855/838/1135 850/873/1170
f 850/873/1170 855/838/1135 854/991/1319
f 848/799/1096 849/874/1171 852/801/1098
f 852/801/1098 849/874/1171 853/992/1320
f 850/873/1170 854/991/1319 849/874/1171
f 849/874/1171 854/991/1319 853/992/1320
f 855/838/1135 859/840/1137 854/991/1319
f 854/991/1319 859/840/1137 858/993/1321
f 853/992/1320 857/994/1322 852/801/1098
f 852/801/1098 857/994/1322 856/803/1100
f 854/991/1319 858/993/1321 853/992/1320
f 853/992/1320 858/993/1321 857/994/1322
f 952/842/1139 863/844/1141 951/995/1323
f 951/995/1323 863/844/1141 862/996/1324
f 950/997/1325 861/998/1326 949/805/1102
f 949/805/1102 861/998/1326 860/807/1104
f 951/995/1327 862/996/1328 950/997/1325
f 950/997/1325 862/996/1328 861/998/1326
f 968/846/1143 867/848/1145 967/999/1329
f 967/999/1329 867/848/1145 866/1000/1330
f 966/1001/1331 865/1002/1332 965/809/1106
f 965/809/1106 865/1002/1332 864/811/1108
f 967/999/1333 866/1000/1330 966/1001/1331
f 966/1001/1331 866/1000/1330 865/1002/1332
f 866/1000/1330 867/848/1145 870/1003/1334
f 870/1003/1334 867/848/1145 871/850/1147
f 864/811/1108 865/1002/1332 868/813/1110
f 868/813/1110 865/1002/1332 869/1004/1335
f 865/1002/1332 866/1000/1330 869/1004/1335
f 869/1004/1335 866/1000/1330 870/1003/1334
f 870/1003/1334 871/850/1147 874/1005/1336
f 874/1005/1336 871/850/1147 875/852/1149
f 868/813/1110 869/1004/1335 872/815/1112
f 872/815/1112 869/1004/1335 873/1006/1337
f 869/1004/1335 870/1003/1334 873/1006/1337
f 873/1006/1337 870/1003/1334 874/1005/1336
f 874/1005/1336 875/852/1149 878/1007/1338
f 878/1007/1338 875/852/1149 879/854/1151
f 872/815/1112 873/1006/1337 876/817/1114
f 876/817/1114 873/1006/1337 877/1008/1339
f 873/1006/1337 874/1005/1336 877/1008/1339
f 877/1008/1339 874/1005/1336 878/1007/1338
f 878/1007/1338 879/854/1151 882/1009/1340
f 882/1009/1340 879/854/1151 883/856/1153
f 876/817/1114 877/1008/1339 880/819/1116
f 880/819/1116 877/1008/1339 881/1010/1341
f 877/1008/1339 878/1007/1338 881/1010/1342
f 881/1010/1342 878/1007/1338 882/1009/1340
f 882/1009/1340 883/856/1153 886/1011/1343
f 886/1011/1343 883/856/1153 887/859/1156
f 880/819/1116 881/1010/1341 884/821/1118
f 884/821/1118 881/1010/1341 885/1012/1344
f 881/1010/1342 882/1009/1340 885/1012/1344
f 885/1012/1344 882/1009/1340 886/1011/1343
f 886/1011/1343 887/859/1156 890/1013/1345
f 890/1013/1345 887/859/1156 891/861/1158
f 884/821/1118 885/1012/1344 888/823/1120
f 888/823/1120 885/1012/1344 889/1014/1346
f 885/1012/1344 886/1011/1343 889/1014/1346
f 889/1014/1346 886/1011/1343 890/1013/1345
f 891/861/1158 895/863/1160 890/1013/1345
f 890/1013/1345 895/863/1160 894/1015/1347
f 889/1014/1346 893/1016/1348 888/823/1120
f 888/823/1120 893/1016/1348 892/825/1122
f 890/1013/1345 894/1015/1347 889/1014/1346
f 889/1014/1346 894/1015/1347 893/1016/1348
f 895/863/1160 899/865/1162 894/1015/1347
f 894/1015/1347 899/865/1162 898/1017/1349
f 893/1016/1348 897/1018/1350 892/825/1122
f 892/825/1122 897/1018/1350 896/827/1124
f 894/1015/1347 898/1017/1349 893/1016/1348
f 893/1016/1348 898/1017/1349 897/1018/1350
f 899/865/1162 903/867/1164 898/1017/1349
f 898/1017/1349 903/867/1164 902/1019/1351
f 896/827/1124 897/1018/1350 900/829/1126
f 900/829/1126 897/1018/1350 901/1020/1352
f 898/1017/1349 902/1019/1351 897/1018/1350
f 897/1018/1350 902/1019/1351 901/1020/1353
f 902/1019/1351 903/867/1164 906/1021/1354
f 906/1021/1354 903/867/1164 907/869/1166
f 900/829/1126 901/1020/1352 904/831/1128
f 904/831/1128 901/1020/1352 905/1022/1355
f 901/1020/1353 902/1019/1351 905/1022/1356
f 905/1022/1356 902/1019/1351 906/1021/1354
f 906/1021/1354 907/869/1166 910/1023/1357
f 910/1023/1357 907/869/1166 911/871/1168
f 904/831/1128 905/1022/1355 908/833/1130
f 908/833/1130 905/1022/1355 909/1024/1358
f 905/1022/1356 906/1021/1354 909/1024/1359
f 909/1024/1359 906/1021/1354 910/1023/1357
f 911/871/1168 915/872/1169 910/1023/1357
f 910/1023/1357 915/872/1169 914/1065/1360
f 909/1024/1358 913/1066/1361 908/833/1130
f 908/833/1130 913/1066/1361 912/1063/1132
f 910/1023/1357 914/1065/1360 909/1024/1359
f 909/1024/1359 914/1065/1360 913/1066/1361
f 915/1061/1169 924/698/984 914/1025/1360
f 914/1025/1360 924/698/984 923/1027/1362
f 913/1026/1361 922/1028/1363 912/835/1132
f 912/835/1132 922/1028/1363 921/722/1017
f 914/1025/1360 923/1027/1364 913/1026/1361
f 913/1026/1361 923/1027/1364 922/1028/1363
f 692/704/993 693/702/991 925/1029/1365
f 925/1029/1365 693/702/991 685/700/990
f 925/1029/1366 685/700/987 926/1030/1367
f 926/1030/1367 685/700/987 686/697/986
f 686/697/983 687/692/975 926/1030/1368
f 926/1030/1368 687/692/975 688/1077/973
f 688/1077/979 689/694/977 926/1030/1367
f 926/1030/1367 689/694/977 927/1031/1369
f 689/694/982 690/696/981 927/1031/1370
f 927/1031/1370 690/696/981 691/707/1000
f 927/1031/1369 691/707/997 925/1029/1366
f 925/1029/1366 691/707/997 692/704/996
f 925/1029/1366 926/1030/1367 927/1031/1369
f 769/1071/1268 770/715/1008 928/1032/1371
f 928/1032/1371 770/715/1008 762/713/1010
f 762/713/1006 763/710/1003 928/1032/1372
f 928/1032/1372 763/710/1003 929/1033/1373
f 763/710/1003 764/705/994 929/1033/1374
f 929/1033/1374 764/705/994 765/706/995
f 929/1033/1373 765/706/998 930/1034/1375
f 930/1034/1375 765/706/998 766/708/999
f 766/708/1001 767/709/1002 930/1034/1376
f 930/1034/1376 767/709/1002 768/952/1269
f 930/1034/1375 768/952/1269 928/1032/1372
f 928/1032/1372 768/952/1269 769/1071/1270
f 928/1032/1372 929/1033/1373 930/1034/1375
f 846/989/1316 847/721/1016 931/1035/1377
f 931/1035/1377 847/721/1016 839/719/1018
f 839/719/1014 840/717/1012 931/1035/1377
f 931/1035/1377 840/717/1012 932/1036/1378
f 840/717/1012 841/711/1004 932/1036/1378
f 932/1036/1378 841/711/1004 842/712/1005
f 932/1036/1378 842/712/1005 933/1037/1379
f 933/1037/1379 842/712/1005 843/714/1007
f 843/714/1011 844/716/1009 933/1037/1380
f 933/1037/1380 844/716/1009 845/1068/1317
f 845/1068/1318 846/989/1316 933/1037/1379
f 933/1037/1379 846/989/1316 931/1035/1377
f 931/1035/1377 932/1036/1378 933/1037/1379
f 923/1027/1362 924/698/984 934/1038/1381
f 934/1038/1381 924/698/984 916/699/985
f 916/699/988 917/701/989 934/1038/1382
f 934/1038/1382 917/701/989 935/1039/1383
f 917/701/989 918/703/992 935/1039/1383
f 935/1039/1383 918/703/992 919/718/1013
f 935/1039/1383 919/718/1013 936/1040/1384
f 936/1040/1384 919/718/1013 920/720/1015
f 920/720/1019 921/722/1017 936/1040/1384
f 936/1040/1384 921/722/1017 922/1028/1363
f 936/1040/1384 922/1028/1363 934/1038/1382
f 934/1038/1382 922/1028/1363 923/1027/1364
f 934/1038/1382 935/1039/1383 936/1040/1384
f 627/883/1181 938/885/1184 628/841/1138
f 628/841/1138 938/885/1184 937/843/1140
f 626/884/1182 939/887/1186 627/883/1181
f 627/883/1181 939/887/1186 938/885/1184
f 625/727/1024 940/729/1026 626/884/1385
f 626/884/1385 940/729/1026 939/887/1188
f 625/727/1024 702/728/1025 940/729/1026
f 940/729/1026 702/728/1025 941/730/1027
f 702/728/1025 703/918/1386 941/730/1027
f 941/730/1027 703/918/1386 942/1045/1229
f 703/1059/1226 704/917/1224 942/921/1231
f 942/921/1231 704/917/1224 943/919/1227
f 704/917/1224 705/765/1062 943/919/1227
f 943/919/1227 705/765/1062 944/768/1065
f 779/764/1061 945/766/1063 705/765/1062
f 705/765/1062 945/766/1063 944/768/1065
f 779/764/1061 780/956/1274 945/766/1063
f 945/766/1063 780/956/1274 946/959/1277
f 780/956/1274 781/955/1273 946/959/1279
f 946/959/1279 781/955/1273 947/957/1280
f 781/955/1273 782/802/1099 947/957/1275
f 947/957/1275 782/802/1099 948/804/1101
f 782/802/1099 856/803/1100 948/804/1101
f 948/804/1101 856/803/1100 949/805/1102
f 857/994/1322 950/997/1325 856/803/1100
f 856/803/1100 950/997/1325 949/805/1102
f 858/993/1321 951/995/1327 857/994/1322
f 857/994/1322 951/995/1327 950/997/1325
f 859/840/1137 952/842/1139 858/993/1321
f 858/993/1321 952/842/1139 951/995/1323
f 859/840/1137 628/841/1138 952/842/1139
f 952/842/1139 628/841/1138 937/843/1140
f 632/845/1142 631/886/1185 953/847/1144
f 953/847/1144 631/886/1185 954/889/1190
f 631/886/1185 630/888/1387 954/889/1190
f 954/889/1190 630/888/1387 955/891/1192
f 630/888/1388 629/731/1028 955/891/1194
f 955/891/1194 629/731/1028 956/733/1030
f 629/731/1028 706/732/1029 956/733/1030
f 956/733/1030 706/732/1029 957/734/1031
f 707/1046/1389 958/925/1235 706/732/1029
f 706/732/1029 958/925/1235 957/734/1031
f 708/920/1228 959/923/1233 707/922/1390
f 707/922/1390 959/923/1233 958/1043/1237
f 709/769/1066 960/772/1069 708/920/1228
f 708/920/1228 960/772/1069 959/923/1233
f 783/767/1064 961/770/1067 709/769/1066
f 709/769/1066 961/770/1067 960/772/1069
f 784/960/1278 962/963/1285 783/767/1064
f 783/767/1064 962/963/1285 961/770/1067
f 785/958/1391 963/961/1283 784/960/1392
f 784/960/1392 963/961/1283 962/963/1287
f 786/806/1103 964/808/1105 785/958/1391
f 785/958/1391 964/808/1105 963/961/1283
f 786/806/1103 860/807/1104 964/808/1105
f 964/808/1105 860/807/1104 965/809/1106
f 860/807/1104 861/998/1393 965/809/1106
f 965/809/1106 861/998/1393 966/1001/1331
f 861/998/1393 862/996/1394 966/1001/1331
f 966/1001/1331 862/996/1394 967/999/1333
f 862/996/1324 863/844/1141 967/999/1329
f 967/999/1329 863/844/1141 968/846/1143
f 863/844/1141 632/845/1142 968/846/1143
f 968/846/1143 632/845/1142 953/847/1144
