# This file uses meters as units for non-parametric coordinates.

mtllib Pot.mtl
g default
v 9.971247 0.000000 -3.239852
v 8.482050 0.000000 -6.162565
v 6.162571 0.000000 -8.482048
v 3.239853 0.000000 -9.971247
v 0.000001 0.000000 -10.484379
v -3.239852 0.000000 -9.971245
v -6.162563 0.000000 -8.482048
v -8.482048 0.000000 -6.162563
v -9.971243 0.000000 -3.239852
v -10.484375 0.000000 0.000001
v -9.971243 0.000000 3.239852
v -8.482046 0.000000 6.162563
v -6.162563 0.000000 8.482046
v -3.239852 0.000000 9.971243
v 0.000000 0.000000 10.484379
v 3.239852 0.000000 9.971243
v 6.162563 0.000000 8.482046
v 8.482046 0.000000 6.162563
v 9.971243 0.000000 3.239852
v 10.484375 0.000000 0.000001
v 11.602734 0.000000 -3.769957
v 9.869865 0.000000 -7.170883
v 7.170883 0.000000 -9.869864
v 3.769956 0.000000 -11.602730
v 0.000000 0.000000 -12.199833
v -3.769956 0.000000 -11.602730
v -7.170881 0.000000 -9.869864
v -9.869862 0.000000 -7.170879
v -11.602726 0.000000 -3.769955
v -12.199829 0.000000 0.000000
v -11.602726 0.000000 3.769955
v -9.869862 0.000000 7.170879
v -7.170879 0.000000 9.869860
v -3.769955 0.000000 11.602726
v -0.000000 0.000000 12.199829
v 3.769954 0.000000 11.602726
v 7.170879 0.000000 9.869860
v 9.869860 0.000000 7.170879
v 11.602726 0.000000 3.769954
v 12.199825 0.000000 0.000000
v 21.131401 7.487446 -6.866003
v 17.975445 7.487446 -13.059921
v 13.059925 7.487446 -17.975441
v 6.866005 7.487446 -21.131393
v 0.000002 7.487446 -22.218849
v -6.866001 7.487446 -21.131393
v -13.059917 7.487446 -17.975437
v -17.975433 7.487446 -13.059914
v -21.131386 7.487446 -6.865999
v -22.218842 7.487446 0.000002
v -21.131386 7.487446 6.866003
v -17.975430 7.487446 13.059921
v -13.059914 7.487446 17.975433
v -6.865999 7.487446 21.131393
v 0.000001 7.487446 22.218849
v 6.866001 7.487446 21.131393
v 13.059914 7.487446 17.975433
v 17.975433 7.487446 13.059917
v 21.131386 7.487446 6.866003
v 22.218834 7.487446 0.000002
v 23.804527 12.358273 -7.734560
v 20.249352 12.358273 -14.712002
v 14.712006 12.358273 -20.249344
v 7.734564 12.358273 -23.804520
v 0.000002 12.358273 -25.029549
v -7.734560 12.358273 -23.804520
v -14.711998 12.358273 -20.249340
v -20.249340 12.358273 -14.711994
v -23.804512 12.358273 -7.734558
v -25.029541 12.358273 0.000002
v -23.804512 12.358273 7.734562
v -20.249336 12.358273 14.712002
v -14.711994 12.358273 20.249340
v -7.734558 12.358273 23.804512
v 0.000001 12.358273 25.029549
v 7.734560 12.358273 23.804512
v 14.711998 12.358273 20.249336
v 20.249340 12.358273 14.711998
v 23.804504 12.358273 7.734562
v 25.029541 12.358273 0.000002
v 24.176208 17.229099 -7.855324
v 20.565495 17.229099 -14.941715
v 14.941719 17.229099 -20.565491
v 7.855326 17.229099 -24.176201
v 0.000002 17.229099 -25.420364
v -7.855324 17.229099 -24.176201
v -14.941704 17.229099 -20.565487
v -20.565487 17.229099 -14.941700
v -24.176193 17.229099 -7.855320
v -25.420349 17.229099 0.000002
v -24.176193 17.229099 7.855326
v -20.565483 17.229099 14.941715
v -14.941700 17.229099 20.565483
v -7.855320 17.229099 24.176201
v 0.000001 17.229099 25.420357
v 7.855324 17.229099 24.176201
v 14.941700 17.229099 20.565483
v 20.565483 17.229099 14.941704
v 24.176193 17.229099 7.855324
v 25.420349 17.229099 0.000002
v 23.136940 22.099930 -7.517641
v 19.681458 22.099930 -14.299412
v 14.299416 22.099930 -19.681454
v 7.517643 22.099930 -23.136932
v 0.000002 22.099930 -24.327614
v -7.517639 22.099930 -23.136932
v -14.299408 22.099930 -19.681450
v -19.681446 22.099930 -14.299404
v -23.136925 22.099930 -7.517637
v -24.327606 22.099930 0.000002
v -23.136925 22.099930 7.517643
v -19.681442 22.099930 14.299412
v -14.299404 22.099930 19.681446
v -7.517637 22.099930 23.136932
v 0.000001 22.099930 24.327606
v 7.517641 22.099930 23.136932
v 14.299408 22.099930 19.681446
v 19.681446 22.099930 14.299408
v 23.136925 22.099930 7.517641
v 24.327599 22.099930 0.000002
v 20.934441 26.970757 -6.802004
v 17.807899 26.970757 -12.938183
v 12.938183 26.970757 -17.807892
v 6.802008 26.970757 -20.934433
v 0.000001 26.970757 -22.011749
v -6.802004 26.970757 -20.934433
v -12.938179 26.970757 -17.807888
v -17.807888 26.970757 -12.938175
v -20.934425 26.970757 -6.802002
v -22.011742 26.970757 0.000001
v -20.934425 26.970757 6.802006
v -17.807884 26.970757 12.938179
v -12.938175 26.970757 17.807888
v -6.802002 26.970757 20.934425
v 0.000001 26.970757 22.011749
v 6.802004 26.970757 20.934425
v 12.938179 26.970757 17.807884
v 17.807888 26.970757 12.938179
v 20.934418 26.970757 6.802006
v 22.011734 26.970757 0.000001
v 17.535530 31.841583 -5.697639
v 14.916618 31.841583 -10.837555
v 10.837555 31.841583 -14.916615
v 5.697639 31.841583 -17.535526
v 0.000001 31.841583 -18.437943
v -5.697638 31.841583 -17.535522
v -10.837551 31.841583 -14.916611
v -14.916611 31.841583 -10.837547
v -17.535519 31.841583 -5.697636
v -18.437939 31.841583 0.000001
v -17.535519 31.841583 5.697638
v -14.916607 31.841583 10.837551
v -10.837547 31.841583 14.916611
v -5.697636 31.841583 17.535519
v 0.000000 31.841583 18.437939
v 5.697638 31.841583 17.535519
v 10.837547 31.841583 14.916607
v 14.916607 31.841583 10.837551
v 17.535519 31.841583 5.697638
v 18.437935 31.841583 0.000001
v 13.281376 36.712410 -4.315376
v 11.297813 36.712410 -8.208342
v 8.208342 36.712410 -11.297813
v 4.315376 36.712410 -13.281376
v 0.000000 36.712410 -13.964863
v -4.315376 36.712410 -13.281372
v -8.208340 36.712410 -11.297810
v -11.297810 36.712410 -8.208338
v -13.281372 36.712410 -4.315375
v -13.964859 36.712410 0.000000
v -13.281372 36.712410 4.315375
v -11.297806 36.712410 8.208338
v -8.208338 36.712410 11.297806
v -4.315375 36.712410 13.281368
v -0.000000 36.712410 13.964859
v 4.315374 36.712410 13.281368
v 8.208338 36.712410 11.297806
v 11.297806 36.712410 8.208338
v 13.281368 36.712410 4.315374
v 13.964855 36.712410 0.000000
v 11.602734 45.775696 -3.769957
v 9.869865 45.775696 -7.170883
v 7.170883 45.775696 -9.869864
v 3.769956 45.775696 -11.602730
v 0.000000 45.775696 -12.199833
v -3.769956 45.775696 -11.602730
v -7.170881 45.775696 -9.869864
v -9.869862 45.775696 -7.170879
v -11.602726 45.775696 -3.769955
v -12.199829 45.775696 0.000000
v -11.602726 45.775696 3.769955
v -9.869862 45.775696 7.170879
v -7.170879 45.775696 9.869860
v -3.769955 45.775696 11.602726
v -0.000000 45.775696 12.199829
v 3.769954 45.775696 11.602726
v 7.170879 45.775696 9.869860
v 9.869860 45.775696 7.170879
v 11.602726 45.775696 3.769954
v 12.199825 45.775696 0.000000
v 10.684086 41.020889 -3.471471
v 11.233906 41.020889 -0.000000
v 10.684078 41.020889 3.471468
v 9.088419 41.020889 6.603128
v 6.603128 41.020889 9.088419
v 3.471468 41.020889 10.684082
v -0.000000 41.020889 11.233906
v -3.471469 41.020889 10.684082
v -6.603130 41.020889 9.088421
v -9.088421 41.020889 6.603130
v -10.684082 41.020889 3.471469
v -11.233910 41.020889 -0.000000
v -10.684082 41.020889 -3.471469
v -9.088423 41.020889 -6.603130
v -6.603132 41.020889 -9.088423
v -3.471470 41.020889 -10.684086
v -0.000000 41.020889 -11.233910
v 3.471470 41.020889 -10.684086
v 6.603132 41.020889 -9.088425
v 9.088425 41.020889 -6.603132
v 17.587650 3.743724 -5.714567
v 18.492718 3.743724 0.000001
v 17.587635 3.743724 5.714567
v 14.960930 3.743724 10.869759
v 10.869755 3.743724 14.960930
v 5.714565 3.743724 17.587639
v 0.000000 3.743724 18.492725
v -5.714565 3.743724 17.587639
v -10.869759 3.743724 14.960930
v -14.960930 3.743724 10.869759
v -17.587639 3.743724 5.714567
v -18.492722 3.743724 0.000001
v -17.587639 3.743724 -5.714565
v -14.960934 3.743724 -10.869759
v -10.869759 3.743724 -14.960934
v -5.714567 3.743724 -17.587643
v 0.000001 3.743724 -18.492729
v 5.714569 3.743724 -17.587643
v 10.869762 3.743724 -14.960938
v 14.960938 3.743724 -10.869762
v 9.971247 1.363831 -3.239852
v 8.482050 1.363831 -6.162565
v 0.000000 1.363831 0.000000
v 6.162571 1.363831 -8.482048
v 3.239853 1.363831 -9.971247
v 0.000001 1.363831 -10.484379
v -3.239852 1.363831 -9.971245
v -6.162563 1.363831 -8.482048
v -8.482048 1.363831 -6.162563
v -9.971243 1.363831 -3.239852
v -10.484375 1.363831 0.000001
v -9.971243 1.363831 3.239852
v -8.482046 1.363831 6.162563
v -6.162563 1.363831 8.482046
v -3.239852 1.363831 9.971243
v 0.000000 1.363831 10.484379
v 3.239852 1.363831 9.971243
v 6.162563 1.363831 8.482046
v 8.482046 1.363831 6.162563
v 9.971243 1.363831 3.239852
v 10.484375 1.363831 0.000001
v 11.534653 1.123116 -3.747837
v 12.128246 1.123116 -0.000000
v 11.534645 1.123116 3.747834
v 9.811960 1.123116 7.128809
v 7.128807 1.123116 9.811960
v 3.747834 1.123116 11.534645
v -0.000000 1.123116 12.128246
v -3.747835 1.123116 11.534649
v -7.128809 1.123116 9.811962
v -9.811962 1.123116 7.128809
v -11.534649 1.123116 3.747835
v -12.128246 1.123116 -0.000000
v -11.534649 1.123116 -3.747835
v -9.811964 1.123116 -7.128809
v -7.128811 1.123116 -9.811966
v -3.747836 1.123116 -11.534653
v 0.000000 1.123116 -12.128250
v 3.747836 1.123116 -11.534653
v 7.128811 1.123116 -9.811966
v 9.811966 1.123116 -7.128813
v 9.971247 41.171013 -3.239844
v 9.971247 37.188766 -3.239835
v 14.357368 31.429016 -4.664951
v 17.483898 25.669258 -5.680794
v 20.175182 19.909508 -6.555214
v 20.175182 14.149754 -6.555193
v 17.483898 8.389999 -5.680742
v 12.649361 2.630247 -4.109926
v 8.482050 41.171013 -6.162579
v 8.482050 37.188766 -6.162588
v 12.213116 31.429016 -8.873379
v 14.872692 25.669258 -10.805710
v 17.162025 19.909508 -12.469040
v 17.162025 14.149754 -12.469070
v 14.872692 8.389999 -10.805763
v 10.760189 2.630247 -7.817833
v 0.000000 2.630247 0.000000
v 6.162571 41.171013 -8.482048
v 6.162571 37.188766 -8.482048
v 8.873343 31.429016 -12.213112
v 10.805641 25.669258 -14.872692
v 12.468948 19.909508 -17.162025
v 12.468948 14.149754 -17.162025
v 10.805641 8.389999 -14.872692
v 7.817738 2.630247 -10.760189
v 3.239853 41.171013 -9.971247
v 3.239853 37.188766 -9.971247
v 4.664990 31.429016 -14.357365
v 5.680862 25.669258 -17.483894
v 6.555315 19.909508 -20.175179
v 6.555315 14.149754 -20.175179
v 5.680862 8.389999 -17.483894
v 4.110026 2.630247 -12.649361
v 0.000001 41.171013 -10.484375
v 0.000001 37.188766 -10.484371
v 0.000001 31.429016 -15.096214
v 0.000002 25.669258 -18.383629
v 0.000002 19.909508 -21.213402
v 0.000002 14.149754 -21.213394
v 0.000002 8.389999 -18.383606
v 0.000001 2.630247 -13.300289
v -3.239852 41.171013 -9.971251
v -3.239852 37.188766 -9.971254
v -4.664989 31.429016 -14.357388
v -5.680859 25.669258 -17.483932
v -6.555311 19.909508 -20.175228
v -6.555311 14.149754 -20.175240
v -5.680859 8.389999 -17.483955
v -4.110024 2.630247 -12.649410
v -6.162563 41.171013 -8.482037
v -6.162563 37.188766 -8.482027
v -8.873333 31.429016 -12.213062
v -10.805630 25.669258 -14.872616
v -12.468937 19.909508 -17.161919
v -12.468937 14.149754 -17.161900
v -10.805630 8.389999 -14.872562
v -7.817730 2.630247 -10.760086
v -8.482048 41.171013 -6.162577
v -8.482048 37.188766 -6.162586
v -12.213108 31.429016 -8.873375
v -14.872688 25.669258 -10.805706
v -17.162022 19.909508 -12.469040
v -17.162022 14.149754 -12.469055
v -14.872688 8.389999 -10.805759
v -10.760185 2.630247 -7.817829
v -9.971243 41.171013 -3.239852
v -9.971243 37.188766 -3.239852
v -14.357361 31.429016 -4.664989
v -17.483891 25.669258 -5.680861
v -20.175179 19.909508 -6.555313
v -20.175179 14.149754 -6.555313
v -17.483891 8.389999 -5.680861
v -12.649357 2.630247 -4.110024
v -10.484375 41.171013 0.000001
v -10.484375 37.188766 0.000001
v -15.096222 31.429016 0.000000
v -18.383640 25.669258 -0.000000
v -21.213425 19.909508 -0.000001
v -21.213425 14.149754 -0.000001
v -18.383640 8.389999 -0.000000
v -13.300316 2.630247 0.000000
v -9.971243 41.171013 3.239852
v -9.971243 37.188766 3.239852
v -14.357361 31.429016 4.664989
v -17.483891 25.669258 5.680861
v -20.175179 19.909508 6.555309
v -20.175179 14.149754 6.555309
v -17.483891 8.389999 5.680861
v -12.649357 2.630247 4.110025
v -8.482046 41.171013 6.162563
v -8.482046 37.188766 6.162563
v -12.213108 31.429016 8.873333
v -14.872688 25.669258 10.805630
v -17.162018 19.909508 12.468933
v -17.162018 14.149754 12.468933
v -14.872688 8.389999 10.805630
v -10.760185 2.630247 7.817730
v -6.162563 41.171013 8.482046
v -6.162563 37.188766 8.482046
v -8.873333 31.429016 12.213108
v -10.805630 25.669258 14.872688
v -12.468933 19.909508 17.162018
v -12.468933 14.149754 17.162018
v -10.805630 8.389999 14.872688
v -7.817730 2.630247 10.760185
v -3.239852 41.171013 9.971243
v -3.239852 37.188766 9.971243
v -4.664988 31.429016 14.357361
v -5.680859 25.669258 17.483891
v -6.555309 19.909508 20.175179
v -6.555309 14.149754 20.175179
v -5.680859 8.389999 17.483891
v -4.110024 2.630247 12.649357
v 0.000000 41.171013 10.484375
v 0.000000 37.188766 10.484375
v 0.000001 31.429016 15.096218
v 0.000001 25.669258 18.383633
v 0.000001 19.909508 21.213409
v 0.000001 14.149754 21.213409
v 0.000001 8.389999 18.383625
v 0.000000 2.630247 13.300297
v 3.239852 41.171013 9.971249
v 3.239852 37.188766 9.971252
v 4.664988 31.429016 14.357384
v 5.680859 25.669258 17.483925
v 6.555309 19.909508 20.175224
v 6.555309 14.149754 20.175232
v 5.680859 8.389999 17.483948
v 4.110023 2.630247 12.649403
v 6.162563 41.171013 8.482046
v 6.162563 37.188766 8.482046
v 8.873331 31.429016 12.213104
v 10.805630 25.669258 14.872684
v 12.468933 19.909508 17.162014
v 12.468933 14.149754 17.162014
v 10.805630 8.389999 14.872684
v 7.817728 2.630247 10.760185
v 8.482046 41.171013 6.162563
v 8.482046 37.188766 6.162563
v 12.213108 31.429016 8.873333
v 14.872688 25.669258 10.805626
v 17.162018 19.909508 12.468933
v 17.162018 14.149754 12.468933
v 14.872688 8.389999 10.805626
v 10.760185 2.630247 7.817730
v 9.971243 41.171013 3.239843
v 9.971243 37.188766 3.239834
v 14.357361 31.429016 4.664948
v 17.483891 25.669258 5.680790
v 20.175175 19.909508 6.555208
v 20.175175 14.149754 6.555185
v 17.483891 8.389999 5.680735
v 12.649353 2.630247 4.109924
v 10.484375 41.171013 0.000001
v 10.484375 37.188766 0.000001
v 15.096222 31.429016 0.000000
v 18.383640 25.669258 -0.000000
v 21.213417 19.909508 -0.000001
v 21.213417 14.149754 -0.000001
v 18.383640 8.389999 -0.000000
v 13.300312 2.630247 0.000000
v 10.548077 45.775696 -3.427276
v 10.259665 45.711533 -3.333566
v 10.048529 45.536240 -3.264963
v 9.971247 45.296783 -3.239852
v 8.972734 45.775696 -6.519068
v 8.727386 45.711533 -6.340816
v 8.547791 45.536240 -6.210327
v 8.482050 45.296783 -6.162565
v 6.519072 45.775696 -8.972733
v 6.340820 45.711533 -8.727385
v 6.210331 45.536240 -8.547789
v 6.162571 45.296783 -8.482048
v 3.427277 45.775696 -10.548073
v 3.333567 45.711533 -10.259663
v 3.264964 45.536240 -10.048527
v 3.239853 45.296783 -9.971247
v 0.000000 45.775696 -11.090897
v 0.000000 45.711533 -10.787640
v 0.000000 45.536240 -10.565636
v 0.000001 45.296783 -10.484379
v -3.427277 45.775696 -10.548073
v -3.333566 45.711533 -10.259663
v -3.264963 45.536240 -10.048527
v -3.239852 45.296783 -9.971247
v -6.519066 45.775696 -8.972731
v -6.340815 45.711533 -8.727383
v -6.210325 45.536240 -8.547787
v -6.162563 45.296783 -8.482046
v -8.972731 45.775696 -6.519066
v -8.727383 45.711533 -6.340815
v -8.547787 45.536240 -6.210325
v -8.482048 45.296783 -6.162563
v -10.548073 45.775696 -3.427275
v -10.259661 45.711533 -3.333565
v -10.048525 45.536240 -3.264962
v -9.971243 45.296783 -3.239852
v -11.090893 45.775696 0.000001
v -10.787636 45.711533 0.000001
v -10.565636 45.536240 0.000001
v -10.484375 45.296783 0.000001
v -10.548073 45.775696 3.427277
v -10.259661 45.711533 3.333566
v -10.048525 45.536240 3.264964
v -9.971243 45.296783 3.239852
v -8.972731 45.775696 6.519068
v -8.727383 45.711533 6.340815
v -8.547787 45.536240 6.210325
v -8.482046 45.296783 6.162563
v -6.519066 45.775696 8.972731
v -6.340815 45.711533 8.727383
v -6.210325 45.536240 8.547787
v -6.162563 45.296783 8.482046
v -3.427276 45.775696 10.548073
v -3.333565 45.711533 10.259661
v -3.264963 45.536240 10.048525
v -3.239852 45.296783 9.971243
v 0.000000 45.775696 11.090897
v 0.000000 45.711533 10.787636
v 0.000000 45.536240 10.565636
v 0.000000 45.296783 10.484379
v 3.427276 45.775696 10.548073
v 3.333565 45.711533 10.259661
v 3.264962 45.536240 10.048525
v 3.239852 45.296783 9.971245
v 6.519066 45.775696 8.972729
v 6.340815 45.711533 8.727381
v 6.210325 45.536240 8.547785
v 6.162563 45.296783 8.482046
v 8.972729 45.775696 6.519066
v 8.727381 45.711533 6.340815
v 8.547785 45.536240 6.210325
v 8.482046 45.296783 6.162563
v 10.548069 45.775696 3.427276
v 10.259659 45.711533 3.333565
v 10.048523 45.536240 3.264963
v 9.971243 45.296783 3.239852
v 11.090893 45.775696 0.000001
v 10.787632 45.711533 0.000001
v 10.565632 45.536240 0.000001
v 10.484375 45.296783 0.000001
v 11.987381 44.054123 -3.894938
v 12.275795 44.118286 -3.988649
v 12.486931 44.293594 -4.057251
v 12.564217 44.533051 -4.082361
v 10.687763 44.533051 -7.765110
v 10.622025 44.293594 -7.717346
v 10.442421 44.118286 -7.586859
v 10.197073 44.054123 -7.408609
v 10.197073 45.775696 -7.408609
v 10.442421 45.711533 -7.586859
v 10.622025 45.536240 -7.717346
v 10.687763 45.296783 -7.765110
v 12.564217 45.296783 -4.082361
v 12.486931 45.536240 -4.057251
v 12.275795 45.711533 -3.988649
v 11.987381 45.775696 -3.894938
v 7.765110 44.533051 -10.687759
v 7.717346 44.293594 -10.622021
v 7.586859 44.118286 -10.442421
v 7.408609 44.054123 -10.197073
v 7.408609 45.775696 -10.197073
v 7.586859 45.711533 -10.442421
v 7.717346 45.536240 -10.622021
v 7.765110 45.296783 -10.687759
v 4.082361 44.533051 -12.564217
v 4.057251 44.293594 -12.486931
v 3.988648 44.118286 -12.275795
v 3.894937 44.054123 -11.987377
v 3.894937 45.775696 -11.987377
v 3.988648 45.711533 -12.275795
v 4.057251 45.536240 -12.486931
v 4.082361 45.296783 -12.564217
v -0.000000 44.533051 -13.210800
v -0.000000 44.293594 -13.129539
v -0.000000 44.118286 -12.907539
v -0.000000 44.054123 -12.604279
v -0.000000 45.775696 -12.604279
v -0.000000 45.711533 -12.907539
v -0.000000 45.536240 -13.129539
v -0.000000 45.296783 -13.210800
v -4.082362 44.533051 -12.564217
v -4.057252 44.293594 -12.486931
v -3.988649 44.118286 -12.275795
v -3.894938 44.054123 -11.987377
v -3.894938 45.775696 -11.987377
v -3.988649 45.711533 -12.275795
v -4.057252 45.536240 -12.486931
v -4.082362 45.296783 -12.564217
v -7.765108 44.533051 -10.687759
v -7.717344 44.293594 -10.622021
v -7.586857 44.118286 -10.442417
v -7.408607 44.054123 -10.197071
v -7.408607 45.775696 -10.197071
v -7.586857 45.711533 -10.442417
v -7.717344 45.536240 -10.622021
v -7.765108 45.296783 -10.687759
v -10.687759 44.533051 -7.765108
v -10.622021 44.293594 -7.717344
v -10.442417 44.118286 -7.586857
v -10.197071 44.054123 -7.408607
v -10.197071 45.775696 -7.408607
v -10.442417 45.711533 -7.586857
v -10.622021 45.536240 -7.717344
v -10.687759 45.296783 -7.765108
v -12.564213 44.533051 -4.082360
v -12.486927 44.293594 -4.057250
v -12.275791 44.118286 -3.988648
v -11.987377 44.054123 -3.894936
v -11.987377 45.775696 -3.894936
v -12.275791 45.711533 -3.988648
v -12.486927 45.536240 -4.057250
v -12.564213 45.296783 -4.082360
v -13.210796 44.533051 0.000000
v -13.129539 44.293594 0.000000
v -12.907536 44.118286 0.000000
v -12.604279 44.054123 0.000000
v -12.604279 45.775696 0.000000
v -12.907536 45.711533 0.000000
v -13.129539 45.536240 0.000000
v -13.210796 45.296783 0.000000
v -12.564213 44.533051 4.082360
v -12.486927 44.293594 4.057250
v -12.275791 44.118286 3.988648
v -11.987377 44.054123 3.894936
v -11.987377 45.775696 3.894936
v -12.275791 45.711533 3.988648
v -12.486927 45.536240 4.057250
v -12.564213 45.296783 4.082360
v -10.687759 44.533051 7.765106
v -10.622021 44.293594 7.717344
v -10.442417 44.118286 7.586855
v -10.197069 44.054123 7.408606
v -10.197069 45.775696 7.408606
v -10.442417 45.711533 7.586855
v -10.622021 45.536240 7.717344
v -10.687759 45.296783 7.765106
v -7.765106 44.533051 10.687759
v -7.717344 44.293594 10.622017
v -7.586855 44.118286 10.442417
v -7.408607 44.054123 10.197069
v -7.408607 45.775696 10.197069
v -7.586855 45.711533 10.442417
v -7.717344 45.536240 10.622017
v -7.765106 45.296783 10.687759
v -4.082360 44.533051 12.564213
v -4.057250 44.293594 12.486927
v -3.988648 44.118286 12.275791
v -3.894936 44.054123 11.987373
v -3.894936 45.775696 11.987373
v -3.988648 45.711533 12.275791
v -4.057250 45.536240 12.486927
v -4.082360 45.296783 12.564213
v -0.000000 44.533051 13.210796
v -0.000000 44.293594 13.129536
v -0.000000 44.118286 12.907536
v -0.000000 44.054123 12.604275
v -0.000000 45.775696 12.604275
v -0.000000 45.711533 12.907536
v -0.000000 45.536240 13.129536
v -0.000000 45.296783 13.210796
v 4.082359 44.533051 12.564213
v 4.057249 44.293594 12.486927
v 3.988647 44.118286 12.275791
v 3.894935 44.054123 11.987373
v 3.894935 45.775696 11.987373
v 3.988647 45.711533 12.275791
v 4.057249 45.536240 12.486927
v 4.082359 45.296783 12.564213
v 7.765104 44.533051 10.687756
v 7.717342 44.293594 10.622017
v 7.586853 44.118286 10.442413
v 7.408602 44.054123 10.197067
v 7.408602 45.775696 10.197067
v 7.586853 45.711533 10.442413
v 7.717342 45.536240 10.622017
v 7.765104 45.296783 10.687756
v 10.687756 44.533051 7.765106
v 10.622017 44.293594 7.717344
v 10.442413 44.118286 7.586855
v 10.197067 44.054123 7.408606
v 10.197067 45.775696 7.408606
v 10.442413 45.711533 7.586855
v 10.622017 45.536240 7.717344
v 10.687756 45.296783 7.765106
v 12.564209 44.533051 4.082359
v 12.486923 44.293594 4.057249
v 12.275787 44.118286 3.988647
v 11.987373 44.054123 3.894935
v 11.987373 45.775696 3.894935
v 12.275787 45.711533 3.988647
v 12.486923 45.536240 4.057249
v 12.564209 45.296783 4.082359
v 13.210793 44.533051 0.000001
v 13.129536 44.293594 0.000001
v 12.907532 44.118286 0.000001
v 12.604275 44.054123 0.000000
v 12.604275 45.775696 0.000000
v 12.907532 45.711533 0.000001
v 13.129536 45.536240 0.000001
v 13.210793 45.296783 0.000001
v 11.518318 43.775421 -3.742529
v 11.675861 43.976257 -3.793717
v 11.948883 44.054123 -3.882426
v 9.798061 43.775421 -7.118711
v 9.932074 43.976257 -7.216078
v 10.164322 44.054123 -7.384815
v 7.118711 43.775421 -9.798059
v 7.216078 43.976257 -9.932074
v 7.384815 44.054123 -10.164322
v 3.742529 43.775421 -11.518318
v 3.793717 43.976257 -11.675861
v 3.882426 44.054123 -11.948883
v -0.000000 43.775421 -12.111076
v -0.000000 43.976257 -12.276722
v -0.000000 44.054123 -12.563797
v -3.742529 43.775421 -11.518314
v -3.793717 43.976257 -11.675861
v -3.882426 44.054123 -11.948879
v -7.118711 43.775421 -9.798058
v -7.216076 43.976257 -9.932072
v -7.384813 44.054123 -10.164318
v -9.798058 43.775421 -7.118710
v -9.932070 43.976257 -7.216076
v -10.164318 44.054123 -7.384813
v -11.518314 43.775421 -3.742528
v -11.675858 43.976257 -3.793716
v -11.948879 44.054123 -3.882425
v -12.111073 43.775421 -0.000000
v -12.276718 43.976257 -0.000000
v -12.563793 44.054123 0.000000
v -11.518314 43.775421 3.742528
v -11.675858 43.976257 3.793716
v -11.948879 44.054123 3.882425
v -9.798056 43.775421 7.118710
v -9.932070 43.976257 7.216076
v -10.164318 44.054123 7.384813
v -7.118710 43.775421 9.798056
v -7.216076 43.976257 9.932068
v -7.384813 44.054123 10.164316
v -3.742528 43.775421 11.518311
v -3.793716 43.976257 11.675858
v -3.882425 44.054123 11.948879
v -0.000000 43.775421 12.111073
v -0.000000 43.976257 12.276718
v -0.000000 44.054123 12.563793
v 3.742527 43.775421 11.518311
v 3.793715 43.976257 11.675858
v 3.882424 44.054123 11.948875
v 7.118708 43.775421 9.798054
v 7.216074 43.976257 9.932068
v 7.384811 44.054123 10.164316
v 9.798054 43.775421 7.118708
v 9.932068 43.976257 7.216074
v 10.164316 44.054123 7.384811
v 11.518311 43.775421 3.742527
v 11.675858 43.976257 3.793715
v 11.948875 44.054123 3.882424
v 12.111073 43.775421 -0.000000
v 12.276718 43.976257 0.000000
v 12.563789 44.054123 0.000000
v 11.148476 38.299194 -3.622358
v 10.527531 39.093208 -3.420602
v 10.381153 40.104744 -3.373042
v 9.483463 38.299194 -6.890139
v 8.955256 39.093208 -6.506374
v 8.830740 40.104744 -6.415911
v 6.890139 38.299194 -9.483461
v 6.506372 39.093208 -8.955256
v 6.415909 40.104744 -8.830740
v 3.622357 38.299194 -11.148476
v 3.420601 39.093208 -10.527527
v 3.373041 40.104744 -10.381153
v -0.000000 38.299194 -11.722202
v -0.000000 39.093208 -11.069302
v -0.000000 40.104744 -10.915394
v -3.622357 38.299194 -11.148472
v -3.420602 39.093208 -10.527527
v -3.373041 40.104744 -10.381153
v -6.890137 38.299194 -9.483459
v -6.506372 39.093208 -8.955254
v -6.415909 40.104744 -8.830738
v -9.483458 38.299194 -6.890137
v -8.955252 39.093208 -6.506371
v -8.830736 40.104744 -6.415907
v -11.148472 38.299194 -3.622356
v -10.527523 39.093208 -3.420601
v -10.381149 40.104744 -3.373041
v -11.722202 38.299194 -0.000000
v -11.069302 39.093208 -0.000000
v -10.915394 40.104744 -0.000000
v -11.148472 38.299194 3.622356
v -10.527523 39.093208 3.420600
v -10.381149 40.104744 3.373040
v -9.483458 38.299194 6.890135
v -8.955252 39.093208 6.506371
v -8.830736 40.104744 6.415907
v -6.890135 38.299194 9.483456
v -6.506371 39.093208 8.955250
v -6.415907 40.104744 8.830734
v -3.622356 38.299194 11.148468
v -3.420601 39.093208 10.527523
v -3.373041 40.104744 10.381149
v -0.000000 38.299194 11.722198
v -0.000000 39.093208 11.069298
v -0.000000 40.104744 10.915390
v 3.622356 38.299194 11.148468
v 3.420600 39.093208 10.527523
v 3.373040 40.104744 10.381149
v 6.890135 38.299194 9.483456
v 6.506369 39.093208 8.955250
v 6.415905 40.104744 8.830734
v 9.483456 38.299194 6.890135
v 8.955250 39.093208 6.506371
v 8.830734 40.104744 6.415907
v 11.148468 38.299194 3.622356
v 10.527523 39.093208 3.420600
v 10.381149 40.104744 3.373040
v 11.722198 38.299194 -0.000000
v 11.069298 39.093208 -0.000000
v 10.915390 40.104744 -0.000000
vt 0.989899 0.926517
vt 0.998028 0.901543
vt 0.998029 0.875231
vt 0.989884 0.850200
vt 0.974410 0.828936
vt 0.953116 0.813495
vt 0.928079 0.805401
vt 0.901785 0.805458
vt 0.876869 0.813613
vt 0.855626 0.829003
vt 0.840150 0.850263
vt 0.832010 0.875286
vt 0.832011 0.901580
vt 0.840145 0.926597
vt 0.855632 0.947881
vt 0.876936 0.963317
vt 0.901911 0.971393
vt 0.928183 0.971395
vt 0.953207 0.963257
vt 0.974482 0.947774
vt 0.168222 0.508502
vt 0.152188 0.486510
vt 0.130144 0.470549
vt 0.104245 0.462181
vt 0.077029 0.462225
vt 0.051158 0.470678
vt 0.029166 0.486712
vt 0.013205 0.508757
vt 0.004837 0.534655
vt 0.004882 0.561871
vt 0.013335 0.587742
vt 0.029368 0.609734
vt 0.051413 0.625695
vt 0.077311 0.634063
vt 0.104528 0.634018
vt 0.130398 0.625565
vt 0.152390 0.609532
vt 0.168352 0.587487
vt 0.176719 0.561589
vt 0.176675 0.534372
vt 0.114143 0.000000
vt 0.137941 0.016075
vt 0.165803 0.027662
vt 0.196763 0.035781
vt 0.229700 0.041399
vt 0.263872 0.045221
vt 0.298834 0.047730
vt 0.334326 0.049249
vt 0.370205 0.049987
vt 0.406388 0.050083
vt 0.442830 0.049627
vt 0.479501 0.048673
vt 0.516377 0.047244
vt 0.553415 0.045334
vt 0.590540 0.042899
vt 0.627605 0.039829
vt 0.664332 0.035917
vt 0.700218 0.030788
vt 0.734387 0.023799
vt 0.765406 0.013938
vt 0.791453 0.000048
vt 0.038412 0.079250
vt 0.080418 0.102575
vt 0.123007 0.117591
vt 0.164967 0.127701
vt 0.206112 0.134650
vt 0.246529 0.139419
vt 0.286372 0.142602
vt 0.325811 0.144579
vt 0.364997 0.145603
vt 0.404065 0.145841
vt 0.443134 0.145405
vt 0.482315 0.144361
vt 0.521718 0.142746
vt 0.561462 0.140562
vt 0.601682 0.137780
vt 0.642544 0.134326
vt 0.684254 0.130051
vt 0.727061 0.124668
vt 0.771247 0.117592
vt 0.817027 0.107558
vt 0.864186 0.091842
vt 0.014353 0.123597
vt 0.064148 0.143846
vt 0.111219 0.157547
vt 0.156156 0.167215
vt 0.199453 0.174136
vt 0.241527 0.179043
vt 0.282717 0.182407
vt 0.323294 0.184550
vt 0.363473 0.185701
vt 0.403428 0.186018
vt 0.443306 0.185610
vt 0.483240 0.184550
vt 0.523362 0.182876
vt 0.563818 0.180600
vt 0.604785 0.177708
vt 0.646492 0.174160
vt 0.689251 0.169883
vt 0.733496 0.164756
vt 0.779835 0.158569
vt 0.829113 0.150932
vt 0.882575 0.141052
vt 0.002659 0.167139
vt 0.055774 0.181728
vt 0.104844 0.193154
vt 0.151162 0.201947
vt 0.195515 0.208604
vt 0.238466 0.213507
vt 0.280428 0.216965
vt 0.321704 0.219223
vt 0.362526 0.220473
vt 0.403075 0.220861
vt 0.443499 0.220491
vt 0.483933 0.219435
vt 0.524508 0.217736
vt 0.565374 0.215415
vt 0.606710 0.212475
vt 0.648760 0.208911
vt 0.691861 0.204725
vt 0.736495 0.199962
vt 0.783355 0.194790
vt 0.833432 0.189693
vt 0.888208 0.186082
vt 0.000000 0.214044
vt 0.053029 0.221839
vt 0.102194 0.230233
vt 0.148674 0.237729
vt 0.193265 0.243880
vt 0.236527 0.248639
vt 0.278858 0.252111
vt 0.320542 0.254442
vt 0.361786 0.255776
vt 0.402750 0.256237
vt 0.443565 0.255918
vt 0.484346 0.254890
vt 0.525208 0.253200
vt 0.566280 0.250880
vt 0.607722 0.247954
vt 0.649750 0.244458
vt 0.692667 0.240474
vt 0.736910 0.236220
vt 0.783094 0.232230
vt 0.832051 0.229787
vt 0.884775 0.231965
vt 0.007198 0.265121
vt 0.056765 0.266073
vt 0.103886 0.270992
vt 0.149105 0.276787
vt 0.192960 0.282137
vt 0.235859 0.286552
vt 0.278084 0.289913
vt 0.319831 0.292248
vt 0.361238 0.293636
vt 0.402411 0.294164
vt 0.443435 0.293911
vt 0.484387 0.292942
vt 0.525342 0.291309
vt 0.566386 0.289057
vt 0.607626 0.286237
vt 0.649207 0.282930
vt 0.691335 0.279302
vt 0.734303 0.275721
vt 0.778510 0.273015
vt 0.824406 0.273010
vt 0.872194 0.279600
vt 0.026381 0.320032
vt 0.068912 0.315764
vt 0.111385 0.317404
vt 0.153503 0.321210
vt 0.195336 0.325386
vt 0.236962 0.329146
vt 0.278425 0.332177
vt 0.319750 0.334378
vt 0.360949 0.335747
vt 0.402030 0.336319
vt 0.443001 0.336145
vt 0.483868 0.335280
vt 0.524640 0.333779
vt 0.565329 0.331705
vt 0.605951 0.329142
vt 0.646531 0.326217
vt 0.687105 0.323163
vt 0.727727 0.320433
vt 0.768450 0.318947
vt 0.809240 0.320569
vt 0.849605 0.328919
vt 0.056594 0.374339
vt 0.073838 0.855049
vt 0.906331 0.424357
vt 0.837722 0.050483
vt 0.067644 0.043613
vt 0.799205 0.068839
vt 0.758790 0.079898
vt 0.718053 0.087349
vt 0.677553 0.092783
vt 0.637476 0.096964
vt 0.597856 0.100277
vt 0.558659 0.102920
vt 0.519828 0.104990
vt 0.481296 0.106529
vt 0.442996 0.107539
vt 0.404861 0.107989
vt 0.366822 0.107815
vt 0.328812 0.106912
vt 0.290765 0.105115
vt 0.252625 0.102169
vt 0.214377 0.097676
vt 0.176102 0.091010
vt 0.138112 0.081156
vt 0.101250 0.066398
vt 0.147675 0.866744
vt 0.981299 0.922166
vt 0.147675 0.843354
vt 0.140448 0.821110
vt 0.126700 0.802187
vt 0.107777 0.788439
vt 0.085532 0.781212
vt 0.062143 0.781212
vt 0.039898 0.788439
vt 0.020976 0.802187
vt 0.007228 0.821110
vt 0.000000 0.843355
vt 0.000000 0.866744
vt 0.007228 0.888989
vt 0.020976 0.907911
vt 0.039898 0.921659
vt 0.062143 0.928887
vt 0.085532 0.928887
vt 0.107777 0.921659
vt 0.126699 0.907911
vt 0.795834 0.007171
vt 0.109320 0.006835
vt 0.769488 0.021319
vt 0.737693 0.031481
vt 0.702855 0.038680
vt 0.666444 0.043944
vt 0.629302 0.047944
vt 0.591899 0.051074
vt 0.554485 0.053553
vt 0.517188 0.055492
vt 0.480070 0.056942
vt 0.443158 0.057911
vt 0.406468 0.058373
vt 0.370014 0.058274
vt 0.333827 0.057521
vt 0.297967 0.055971
vt 0.262554 0.053400
vt 0.227812 0.049468
vt 0.194149 0.043656
vt 0.162289 0.035218
vt 0.133430 0.023214
vt 0.821708 0.550409
vt 0.853654 0.604943
vt 0.875031 0.660969
vt 0.884177 0.718629
vt 0.877833 0.769237
vt 0.856832 0.819441
vt 0.949386 0.508856
vt 0.216204 0.559411
vt 0.195902 0.612257
vt 0.180092 0.661908
vt 0.171673 0.710840
vt 0.172147 0.754793
vt 0.181627 0.802821
vt 0.202134 0.857884
vt 0.243749 0.557520
vt 0.229711 0.611959
vt 0.219160 0.660898
vt 0.214106 0.707897
vt 0.214819 0.749731
vt 0.221152 0.795853
vt 0.235069 0.850803
vt 0.273142 0.554911
vt 0.263663 0.609566
vt 0.256891 0.657960
vt 0.254026 0.704157
vt 0.254987 0.745341
vt 0.259527 0.790954
vt 0.269210 0.845912
vt 0.303985 0.552110
vt 0.297739 0.606447
vt 0.293586 0.654472
vt 0.292163 0.700398
vt 0.293310 0.741487
vt 0.296753 0.787122
vt 0.303642 0.842220
vt 0.335941 0.549397
vt 0.331945 0.603281
vt 0.329554 0.651067
vt 0.329050 0.696945
vt 0.330286 0.738131
vt 0.332983 0.783956
vt 0.337924 0.839251
vt 0.368734 0.546930
vt 0.366280 0.600394
vt 0.365034 0.648026
vt 0.365071 0.693938
vt 0.366288 0.735265
vt 0.368399 0.781306
vt 0.371879 0.836794
vt 0.402145 0.544809
vt 0.400731 0.597940
vt 0.400195 0.645473
vt 0.400496 0.691436
vt 0.401591 0.732892
vt 0.403178 0.779118
vt 0.405470 0.834768
vt 0.435997 0.543099
vt 0.435282 0.595990
vt 0.435158 0.643457
vt 0.435526 0.689463
vt 0.436410 0.731017
vt 0.437482 0.777380
vt 0.438736 0.833149
vt 0.470145 0.541844
vt 0.469915 0.594583
vt 0.470012 0.642003
vt 0.470310 0.688031
vt 0.470913 0.729646
vt 0.471454 0.776096
vt 0.471741 0.831938
vt 0.504464 0.541076
vt 0.504614 0.593743
vt 0.504827 0.641128
vt 0.504972 0.687153
vt 0.505240 0.728788
vt 0.505221 0.775275
vt 0.504562 0.831143
vt 0.538839 0.540816
vt 0.539364 0.593493
vt 0.539670 0.640853
vt 0.539625 0.686844
vt 0.539520 0.728459
vt 0.538902 0.774930
vt 0.537275 0.830778
vt 0.573152 0.541074
vt 0.574152 0.593855
vt 0.574609 0.641204
vt 0.574385 0.687133
vt 0.573884 0.728684
vt 0.572615 0.775085
vt 0.569949 0.830861
vt 0.607276 0.541847
vt 0.608972 0.594854
vt 0.609726 0.642219
vt 0.609384 0.688062
vt 0.608474 0.729505
vt 0.606480 0.775776
vt 0.602639 0.831420
vt 0.641060 0.543111
vt 0.643816 0.596504
vt 0.645128 0.643944
vt 0.644786 0.689693
vt 0.643463 0.730989
vt 0.640629 0.777069
vt 0.635375 0.832510
vt 0.674321 0.544810
vt 0.678684 0.598792
vt 0.680957 0.646418
vt 0.680805 0.692114
vt 0.679062 0.733249
vt 0.675206 0.779088
vt 0.668149 0.834233
vt 0.706821 0.546832
vt 0.713583 0.601626
vt 0.717405 0.649642
vt 0.717722 0.695431
vt 0.715540 0.736465
vt 0.710366 0.782057
vt 0.700882 0.836788
vt 0.738256 0.548967
vt 0.748532 0.604742
vt 0.754725 0.653502
vt 0.755907 0.699766
vt 0.753232 0.740936
vt 0.746253 0.786395
vt 0.733363 0.840553
vt 0.768236 0.550836
vt 0.783564 0.607503
vt 0.793240 0.657597
vt 0.795854 0.705212
vt 0.792543 0.747160
vt 0.782923 0.792879
vt 0.765148 0.846228
vt 0.796269 0.551739
vt 0.818679 0.608518
vt 0.833289 0.660880
vt 0.838240 0.711722
vt 0.833931 0.756018
vt 0.820145 0.802964
vt 0.795351 0.855050
vt 0.077457 0.447204
vt 0.078426 0.459250
vt 0.108084 0.447154
vt 0.077506 0.452970
vt 0.139968 0.447009
vt 0.108292 0.452760
vt 0.173718 0.447478
vt 0.140224 0.452693
vt 0.209251 0.448550
vt 0.173982 0.453158
vt 0.246260 0.449965
vt 0.209486 0.454207
vt 0.284403 0.451430
vt 0.246455 0.455601
vt 0.323360 0.452700
vt 0.284564 0.457049
vt 0.362851 0.453606
vt 0.323496 0.458309
vt 0.402626 0.454047
vt 0.362970 0.459209
vt 0.442467 0.453989
vt 0.402734 0.459647
vt 0.482177 0.453446
vt 0.442565 0.459589
vt 0.521566 0.452481
vt 0.482262 0.459050
vt 0.560442 0.451197
vt 0.521631 0.458090
vt 0.598603 0.449747
vt 0.560479 0.456814
vt 0.635833 0.448329
vt 0.598601 0.455375
vt 0.671897 0.447180
vt 0.635782 0.453973
vt 0.706564 0.446537
vt 0.671794 0.452843
vt 0.739647 0.446515
vt 0.706424 0.452215
vt 0.771166 0.446872
vt 0.739520 0.452184
vt 0.801947 0.446548
vt 0.771146 0.452441
vt 0.822538 0.485268
vt 0.818944 0.492360
vt 0.209433 0.489267
vt 0.212240 0.496893
vt 0.238439 0.483946
vt 0.240349 0.491805
vt 0.268654 0.480424
vt 0.270063 0.488365
vt 0.299890 0.477649
vt 0.301004 0.485622
vt 0.332039 0.475244
vt 0.332958 0.483234
vt 0.364972 0.473114
vt 0.365748 0.481113
vt 0.398547 0.471265
vt 0.399204 0.479271
vt 0.432619 0.469739
vt 0.433167 0.477751
vt 0.467042 0.468580
vt 0.467484 0.476599
vt 0.501674 0.467825
vt 0.502008 0.475849
vt 0.536368 0.467495
vt 0.536590 0.475523
vt 0.570974 0.467593
vt 0.571079 0.475625
vt 0.605329 0.468100
vt 0.605309 0.476135
vt 0.639255 0.468979
vt 0.639096 0.477015
vt 0.672554 0.470173
vt 0.672236 0.478207
vt 0.705019 0.471618
vt 0.704504 0.479647
vt 0.736446 0.473296
vt 0.735662 0.481310
vt 0.766662 0.475365
vt 0.765453 0.483332
vt 0.795515 0.478526
vt 0.793529 0.486333
vt 0.078986 0.462217
vt 0.108498 0.458908
vt 0.108570 0.461852
vt 0.140449 0.458910
vt 0.140518 0.461857
vt 0.174226 0.459375
vt 0.174306 0.462321
vt 0.209710 0.460408
vt 0.209786 0.463350
vt 0.246649 0.461785
vt 0.246716 0.464724
vt 0.284730 0.463222
vt 0.284788 0.466157
vt 0.323643 0.464474
vt 0.323696 0.467407
vt 0.363106 0.465368
vt 0.363157 0.468301
vt 0.402862 0.465805
vt 0.402913 0.468737
vt 0.442687 0.465747
vt 0.442737 0.468679
vt 0.482374 0.465210
vt 0.482422 0.468143
vt 0.521727 0.464254
vt 0.521770 0.467188
vt 0.560550 0.462985
vt 0.560583 0.465921
vt 0.598636 0.461556
vt 0.598655 0.464494
vt 0.635770 0.460165
vt 0.635770 0.463106
vt 0.671734 0.459048
vt 0.671715 0.461993
vt 0.706333 0.458431
vt 0.706302 0.461377
vt 0.739447 0.458389
vt 0.739423 0.461332
vt 0.771086 0.458575
vt 0.800646 0.461511
vt 0.771063 0.461499
vt 0.801147 0.458564
vt 0.214231 0.502684
vt 0.815533 0.524585
vt 0.241720 0.497843
vt 0.218857 0.531265
vt 0.271079 0.494481
vt 0.245441 0.527928
vt 0.301814 0.491760
vt 0.274054 0.525003
vt 0.333639 0.489376
vt 0.304303 0.522315
vt 0.366335 0.487255
vt 0.335819 0.519837
vt 0.399715 0.485413
vt 0.368299 0.517604
vt 0.433607 0.483894
vt 0.401498 0.515670
vt 0.467854 0.482744
vt 0.435217 0.514089
vt 0.502308 0.481998
vt 0.469285 0.512908
vt 0.536818 0.481678
vt 0.503550 0.512163
vt 0.571231 0.481785
vt 0.537868 0.511872
vt 0.605380 0.482304
vt 0.572092 0.512043
vt 0.639081 0.483195
vt 0.606059 0.512662
vt 0.672122 0.484400
vt 0.639584 0.513693
vt 0.704268 0.485853
vt 0.672444 0.515075
vt 0.735250 0.487524
vt 0.704365 0.516720
vt 0.764743 0.489533
vt 0.735005 0.518522
vt 0.792258 0.492414
vt 0.763954 0.520393
vt 0.189759 0.510947
vt 0.790802 0.522340
vt 0.801127 0.440352
vt 0.801923 0.452269
vt 0.188159 0.507791
vt 0.189092 0.509435
vt 0.212993 0.499007
vt 0.213659 0.500945
vt 0.240868 0.494003
vt 0.241327 0.496022
vt 0.270450 0.490590
vt 0.270789 0.492635
vt 0.301313 0.487855
vt 0.301584 0.489908
vt 0.333218 0.485470
vt 0.333445 0.487524
vt 0.365972 0.483350
vt 0.366168 0.485404
vt 0.399398 0.481509
vt 0.399569 0.483563
vt 0.433334 0.479990
vt 0.433481 0.482044
vt 0.467624 0.478839
vt 0.467748 0.480894
vt 0.502120 0.478091
vt 0.502221 0.480147
vt 0.536675 0.477767
vt 0.536751 0.479825
vt 0.571134 0.477870
vt 0.571185 0.479930
vt 0.605333 0.478383
vt 0.605357 0.480446
vt 0.639086 0.479266
vt 0.639081 0.481333
vt 0.672187 0.480462
vt 0.672150 0.482533
vt 0.704408 0.481905
vt 0.704329 0.483980
vt 0.735497 0.483570
vt 0.735360 0.485648
vt 0.765174 0.485586
vt 0.764938 0.487660
vt 0.793037 0.488548
vt 0.792612 0.490583
vt 0.801523 0.442593
vt 0.077792 0.443199
vt 0.801821 0.444667
vt 0.077540 0.445304
vt 0.108031 0.445294
vt 0.107969 0.443222
vt 0.108422 0.456666
vt 0.108351 0.454611
vt 0.801812 0.454166
vt 0.077662 0.454871
vt 0.801530 0.456273
vt 0.077993 0.456973
vt 0.139868 0.445124
vt 0.139749 0.443030
vt 0.140372 0.456647
vt 0.140295 0.454568
vt 0.173618 0.445597
vt 0.173499 0.443508
vt 0.174141 0.457111
vt 0.174058 0.455032
vt 0.209165 0.446678
vt 0.209062 0.444601
vt 0.209631 0.458149
vt 0.209555 0.456075
vt 0.246189 0.448103
vt 0.246106 0.446036
vt 0.246579 0.459532
vt 0.246514 0.457464
vt 0.284346 0.449574
vt 0.284279 0.447514
vt 0.284669 0.460971
vt 0.284613 0.458908
vt 0.323313 0.450848
vt 0.323259 0.448794
vt 0.323588 0.462226
vt 0.323539 0.460166
vt 0.362811 0.451756
vt 0.362765 0.449705
vt 0.363054 0.463122
vt 0.363009 0.461063
vt 0.402591 0.452198
vt 0.402551 0.450148
vt 0.402813 0.463560
vt 0.402770 0.461501
vt 0.442437 0.452140
vt 0.442402 0.450089
vt 0.442640 0.463502
vt 0.442599 0.461443
vt 0.482152 0.451597
vt 0.482123 0.449545
vt 0.482330 0.462964
vt 0.482292 0.460905
vt 0.521548 0.450629
vt 0.521528 0.448575
vt 0.521688 0.462006
vt 0.521657 0.459946
vt 0.560435 0.449342
vt 0.560427 0.447284
vt 0.560519 0.460736
vt 0.560496 0.458672
vt 0.598611 0.447887
vt 0.598620 0.445824
vt 0.598618 0.459303
vt 0.598607 0.457237
vt 0.635858 0.446463
vt 0.635888 0.444392
vt 0.635768 0.457909
vt 0.635773 0.455838
vt 0.671942 0.445307
vt 0.671994 0.443228
vt 0.671749 0.456788
vt 0.671770 0.454713
vt 0.706622 0.444657
vt 0.706691 0.442569
vt 0.706358 0.456167
vt 0.706389 0.454089
vt 0.739702 0.444638
vt 0.739767 0.442552
vt 0.739466 0.456129
vt 0.739491 0.454054
vt 0.771177 0.445030
vt 0.771186 0.442983
vt 0.771105 0.456333
vt 0.771126 0.454284
vt 0.800548 0.415805
vt 0.771250 0.436386
vt 0.740054 0.435848
vt 0.706983 0.435864
vt 0.672220 0.436558
vt 0.636029 0.437760
vt 0.598683 0.439222
vt 0.560428 0.440705
vt 0.521482 0.442012
vt 0.482044 0.442992
vt 0.442295 0.443541
vt 0.402420 0.443601
vt 0.362608 0.443153
vt 0.323068 0.442231
vt 0.284037 0.440930
vt 0.245797 0.439420
vt 0.208675 0.437940
vt 0.173040 0.436797
vt 0.139277 0.436289
vt 0.107701 0.436522
vt 0.078682 0.436554
vt 0.107883 0.440656
vt 0.078141 0.440916
vt 0.139586 0.440443
vt 0.107892 0.440952
vt 0.173338 0.440930
vt 0.139605 0.440742
vt 0.208925 0.442039
vt 0.173357 0.441228
vt 0.245996 0.443489
vt 0.208941 0.442335
vt 0.284192 0.444978
vt 0.246008 0.443783
vt 0.323189 0.446265
vt 0.284201 0.445271
vt 0.362706 0.447179
vt 0.323196 0.446557
vt 0.402500 0.447624
vt 0.362712 0.447471
vt 0.442359 0.447566
vt 0.402505 0.447915
vt 0.482089 0.447019
vt 0.442363 0.447857
vt 0.521505 0.446046
vt 0.482092 0.447311
vt 0.560420 0.444750
vt 0.521507 0.446338
vt 0.598635 0.443282
vt 0.560420 0.445043
vt 0.635932 0.441841
vt 0.598633 0.443576
vt 0.672067 0.440663
vt 0.635925 0.442135
vt 0.706787 0.439993
vt 0.672057 0.440959
vt 0.739860 0.439978
vt 0.706774 0.440291
vt 0.771199 0.440451
vt 0.739848 0.440275
vt 0.801075 0.440060
vt 0.771197 0.440745
vt 0.800515 0.436072
vt 0.078187 0.440621
vt 0.078512 0.438451
vt 0.800714 0.437933
vt 0.107795 0.438464
vt 0.139430 0.438240
vt 0.173186 0.438737
vt 0.208797 0.439863
vt 0.245893 0.441327
vt 0.284111 0.442827
vt 0.323125 0.444120
vt 0.362653 0.445038
vt 0.402457 0.445485
vt 0.442323 0.445426
vt 0.482062 0.444878
vt 0.521490 0.443901
vt 0.560420 0.442600
vt 0.598656 0.441125
vt 0.635978 0.439673
vt 0.672141 0.438484
vt 0.706883 0.437802
vt 0.739954 0.437787
vt 0.771218 0.438295
vt 0.089637 0.369222
vt 0.069666 0.394613
vt 0.125143 0.369071
vt 0.098352 0.391036
vt 0.162427 0.370983
vt 0.131155 0.390621
vt 0.200958 0.373637
vt 0.166586 0.391868
vt 0.240343 0.376336
vt 0.203791 0.393887
vt 0.280295 0.378701
vt 0.242217 0.396097
vt 0.320603 0.380532
vt 0.281477 0.398131
vt 0.361108 0.381737
vt 0.321284 0.399762
vt 0.401685 0.382285
vt 0.361419 0.400865
vt 0.442234 0.382184
vt 0.401708 0.401382
vt 0.482665 0.381470
vt 0.442006 0.401303
vt 0.522892 0.380203
vt 0.482184 0.400658
vt 0.562826 0.378464
vt 0.522119 0.399504
vt 0.602362 0.376370
vt 0.561681 0.397934
vt 0.641369 0.374086
vt 0.600724 0.396076
vt 0.679677 0.371859
vt 0.639067 0.394111
vt 0.717049 0.370079
vt 0.676474 0.392283
vt 0.753160 0.369399
vt 0.712625 0.390932
vt 0.787570 0.370999
vt 0.747060 0.390520
vt 0.819648 0.377256
vt 0.779104 0.391688
vt 0.103646 0.407160
vt 0.077411 0.415888
vt 0.135228 0.406717
vt 0.105320 0.414678
vt 0.169629 0.407567
vt 0.136673 0.414256
vt 0.206015 0.409167
vt 0.170768 0.414966
vt 0.243810 0.411041
vt 0.206872 0.416407
vt 0.282593 0.412838
vt 0.244435 0.418151
vt 0.322042 0.414322
vt 0.283036 0.419855
vt 0.361905 0.415347
vt 0.322347 0.421279
vt 0.401976 0.415836
vt 0.362103 0.422271
vt 0.442082 0.415770
vt 0.402088 0.422748
vt 0.482067 0.415171
vt 0.442118 0.422686
vt 0.521783 0.414098
vt 0.482026 0.422103
vt 0.561075 0.412650
vt 0.521654 0.421062
vt 0.599772 0.410966
vt 0.560837 0.419661
vt 0.637669 0.409232
vt 0.599396 0.418043
vt 0.674510 0.407694
vt 0.637119 0.416399
vt 0.709956 0.406653
vt 0.673747 0.414971
vt 0.743537 0.406444
vt 0.708947 0.414046
vt 0.774544 0.407351
vt 0.742277 0.413907
vt 0.801640 0.409234
vt 0.773103 0.414706
vt 0.807916 0.395579
vt 0.076041 0.409057
vt 0.073469 0.401834
vt 0.804189 0.402414
vt 0.101253 0.399116
vt 0.133330 0.398685
vt 0.168190 0.399720
vt 0.204955 0.401518
vt 0.243048 0.403553
vt 0.282058 0.405464
vt 0.321679 0.407020
vt 0.361673 0.408082
vt 0.401849 0.408586
vt 0.442048 0.408514
vt 0.482127 0.407893
vt 0.521949 0.406781
vt 0.561371 0.405275
vt 0.600234 0.403508
vt 0.638343 0.401663
vt 0.675449 0.399987
vt 0.711218 0.398800
vt 0.745171 0.398500
vt 0.776581 0.399541
vt 0.967621 0.940997
vt 0.140448 0.888989
vt 0.948792 0.954679
vt 0.926653 0.961869
vt 0.903373 0.961865
vt 0.881244 0.954690
vt 0.862412 0.941018
vt 0.848725 0.922185
vt 0.841529 0.900040
vt 0.841542 0.876762
vt 0.848750 0.854635
vt 0.862444 0.835830
vt 0.881278 0.822185
vt 0.903381 0.814967
vt 0.926641 0.814940
vt 0.948781 0.822114
vt 0.967625 0.835787
vt 0.981311 0.854622
vt 0.988505 0.876764
vt 0.988498 0.900039
vt 0.164597 0.536306
vt 0.157332 0.514073
vt 0.164635 0.559695
vt 0.157444 0.581952
vt 0.143727 0.600897
vt 0.124827 0.614676
vt 0.102594 0.621940
vt 0.079205 0.621979
vt 0.056948 0.614787
vt 0.038003 0.601071
vt 0.024224 0.582171
vt 0.016960 0.559938
vt 0.016922 0.536548
vt 0.024113 0.514292
vt 0.037830 0.495347
vt 0.056730 0.481568
vt 0.078962 0.474304
vt 0.102352 0.474265
vt 0.124608 0.481456
vt 0.143553 0.495173
vt 0.194477 0.535552
vt 0.816671 0.497603
vt 0.182536 0.499306
vt 0.187024 0.505996
vt 0.817991 0.494283
vt 0.817210 0.496027
vt 0.141455 0.814326
vt 0.126106 0.761011
vt 0.125769 0.711016
vt 0.139764 0.657982
vt 0.162384 0.607904
vt 0.190958 0.559469
vt 0.973391 0.491416
vt 0.172132 0.869085
vt 0.822314 0.869041
vt 0.990830 0.467412
vt 1.000000 0.439192
vt 1.000000 0.409521
vt 0.990831 0.381301
vt 0.973390 0.357297
vt 0.949386 0.339856
vt 0.921166 0.330687
vt 0.891495 0.330687
vt 0.863276 0.339856
vt 0.839271 0.357297
vt 0.821831 0.381302
vt 0.812661 0.409521
vt 0.812662 0.439192
vt 0.821830 0.467412
vt 0.839271 0.491416
vt 0.863276 0.508857
vt 0.891495 0.518026
vt 0.921166 0.518026
vn -0.535531 -0.826396 0.174003
vn -0.455551 -0.826395 0.330977
vn 0.592247 -0.782380 -0.192682
vn 0.503715 -0.782383 -0.366263
vn -0.330978 -0.826394 0.455552
vn 0.365881 -0.782381 -0.503994
vn -0.174004 -0.826395 0.535532
vn 0.192231 -0.782381 -0.592391
vn 0.000000 -0.826396 0.563090
vn -0.000237 -0.782382 -0.622799
vn 0.174004 -0.826396 0.535531
vn -0.192682 -0.782380 -0.592246
vn 0.330977 -0.826395 0.455550
vn -0.366263 -0.782383 -0.503715
vn 0.455552 -0.826393 0.330978
vn -0.503994 -0.782382 -0.365881
vn 0.535532 -0.826395 0.174004
vn -0.592391 -0.782381 -0.192230
vn 0.563090 -0.826396 0.000000
vn -0.622799 -0.782382 0.000237
vn 0.535531 -0.826395 -0.174004
vn -0.592246 -0.782380 0.192682
vn 0.455551 -0.826394 -0.330977
vn -0.503716 -0.782382 0.366263
vn 0.330978 -0.826393 -0.455552
vn -0.365881 -0.782382 0.503994
vn 0.174004 -0.826395 -0.535532
vn -0.192231 -0.782381 0.592392
vn -0.000000 -0.826395 -0.563091
vn 0.000237 -0.782381 0.622800
vn -0.174004 -0.826395 -0.535531
vn 0.192682 -0.782379 0.592247
vn -0.330977 -0.826394 -0.455551
vn 0.366263 -0.782382 0.503716
vn -0.455552 -0.826393 -0.330978
vn 0.503994 -0.782382 0.365882
vn -0.535532 -0.826395 -0.174004
vn 0.592393 -0.782380 0.192231
vn -0.563091 -0.826395 -0.000000
vn 0.622798 -0.782383 -0.000236
vn 0.468412 -0.871366 -0.145982
vn 0.400375 -0.871367 -0.283584
vn 0.293146 -0.871367 -0.393428
vn 0.157223 -0.871366 -0.464759
vn 0.005909 -0.871366 -0.490598
vn -0.145982 -0.871367 -0.468412
vn -0.283584 -0.871367 -0.400375
vn -0.393428 -0.871367 -0.293146
vn -0.464760 -0.871367 -0.157223
vn -0.490598 -0.871366 -0.005909
vn -0.468412 -0.871367 0.145982
vn -0.400375 -0.871367 0.283584
vn -0.293147 -0.871366 0.393428
vn -0.157223 -0.871366 0.464760
vn -0.005909 -0.871366 0.490598
vn 0.145982 -0.871367 0.468412
vn 0.283584 -0.871367 0.400375
vn 0.393428 -0.871367 0.293147
vn 0.464760 -0.871366 0.157223
vn 0.490598 -0.871366 0.005910
vn 0.766767 -0.593867 -0.243702
vn 0.653929 -0.593868 -0.468720
vn 0.907527 -0.301904 -0.291975
vn 0.772883 -0.301903 -0.558128
vn 0.477081 -0.593867 -0.647854
vn 0.562584 -0.301903 -0.769645
vn 0.253532 -0.593867 -0.763573
vn 0.297216 -0.301904 -0.905824
vn 0.005168 -0.593867 -0.804547
vn 0.002755 -0.301905 -0.953334
vn -0.243704 -0.593867 -0.766766
vn -0.291976 -0.301904 -0.907526
vn -0.468720 -0.593867 -0.653929
vn -0.558128 -0.301903 -0.772883
vn -0.647855 -0.593867 -0.477081
vn -0.769645 -0.301903 -0.562584
vn -0.763573 -0.593867 -0.253532
vn -0.905824 -0.301904 -0.297216
vn -0.804547 -0.593867 -0.005168
vn -0.953334 -0.301904 -0.002755
vn -0.766766 -0.593867 0.243703
vn -0.907526 -0.301904 0.291976
vn -0.653929 -0.593867 0.468720
vn -0.772883 -0.301903 0.558127
vn -0.477081 -0.593867 0.647854
vn -0.562584 -0.301902 0.769645
vn -0.253532 -0.593867 0.763573
vn -0.297217 -0.301904 0.905824
vn -0.005168 -0.593867 0.804546
vn -0.002755 -0.301904 0.953334
vn 0.243704 -0.593867 0.766766
vn 0.291976 -0.301904 0.907526
vn 0.468720 -0.593867 0.653929
vn 0.558128 -0.301903 0.772883
vn 0.647854 -0.593868 0.477081
vn 0.769645 -0.301902 0.562585
vn 0.763573 -0.593867 0.253532
vn 0.905824 -0.301904 0.297216
vn 0.804546 -0.593867 0.005169
vn 0.953334 -0.301905 0.002756
vn 0.948505 0.070155 -0.308895
vn 0.806628 0.070155 -0.586882
vn 0.585793 0.070155 -0.807419
vn 0.307616 0.070154 -0.948921
vn -0.000673 0.070154 -0.997536
vn -0.308896 0.070155 -0.948505
vn -0.586882 0.070155 -0.806627
vn -0.807419 0.070155 -0.585793
vn -0.948921 0.070154 -0.307616
vn -0.997536 0.070154 0.000673
vn -0.948505 0.070155 0.308896
vn -0.806628 0.070155 0.586882
vn -0.585793 0.070155 0.807419
vn -0.307617 0.070154 0.948921
vn 0.000673 0.070154 0.997536
vn 0.308896 0.070154 0.948505
vn 0.586882 0.070155 0.806627
vn 0.807418 0.070155 0.585793
vn 0.948921 0.070154 0.307616
vn 0.997536 0.070154 -0.000672
vn 0.898595 0.324579 -0.295253
vn 0.763377 0.324578 -0.558485
vn 0.553433 0.324579 -0.767047
vn 0.289315 0.324579 -0.900525
vn -0.003123 0.324580 -0.945853
vn -0.295254 0.324579 -0.898595
vn -0.558485 0.324578 -0.763376
vn -0.767047 0.324579 -0.553433
vn -0.900525 0.324579 -0.289315
vn -0.945853 0.324580 0.003122
vn -0.898595 0.324579 0.295254
vn -0.763376 0.324579 0.558485
vn -0.553433 0.324578 0.767047
vn -0.289315 0.324580 0.900525
vn 0.003122 0.324580 0.945853
vn 0.295255 0.324580 0.898595
vn 0.558485 0.324578 0.763376
vn 0.767047 0.324578 0.553433
vn 0.900525 0.324580 0.289315
vn 0.945853 0.324580 -0.003122
vn 0.816407 0.510275 -0.270369
vn 0.692899 0.510275 -0.509422
vn 0.501566 0.510275 -0.698606
vn 0.261136 0.510275 -0.819407
vn -0.004855 0.510276 -0.859997
vn -0.270371 0.510275 -0.816406
vn -0.509422 0.510275 -0.692899
vn -0.698607 0.510275 -0.501566
vn -0.819407 0.510275 -0.261136
vn -0.859997 0.510276 0.004855
vn -0.816406 0.510275 0.270371
vn -0.692899 0.510275 0.509422
vn -0.501566 0.510275 0.698606
vn -0.261136 0.510276 0.819406
vn 0.004855 0.510275 0.859997
vn 0.270371 0.510275 0.816406
vn 0.509422 0.510275 0.692899
vn 0.698606 0.510275 0.501566
vn 0.819407 0.510275 0.261135
vn 0.859998 0.510275 -0.004854
vn 0.735107 0.632065 -0.245175
vn 0.623365 0.632065 -0.460337
vn 0.450603 0.632065 -0.630437
vn 0.233733 0.632065 -0.738825
vn -0.006016 0.632065 -0.774893
vn -0.245176 0.632065 -0.735107
vn -0.460337 0.632065 -0.623365
vn -0.630437 0.632065 -0.450603
vn -0.738825 0.632065 -0.233733
vn -0.774893 0.632064 0.006015
vn -0.735107 0.632065 0.245176
vn -0.623365 0.632065 0.460337
vn -0.450603 0.632065 0.630437
vn -0.233733 0.632065 0.738825
vn 0.006015 0.632065 0.774892
vn 0.245176 0.632065 0.735107
vn 0.460337 0.632065 0.623365
vn 0.630437 0.632065 0.450603
vn 0.738826 0.632065 0.233733
vn 0.774893 0.632064 -0.006014
vn 0.664583 0.713026 -0.223434
vn 0.563011 0.713026 -0.417867
vn 0.406327 0.713026 -0.571395
vn 0.209869 0.713026 -0.668991
vn -0.007132 0.713026 -0.701101
vn -0.223435 0.713026 -0.664583
vn -0.417867 0.713026 -0.563011
vn -0.571395 0.713026 -0.406327
vn -0.668991 0.713026 -0.209869
vn -0.701102 0.713026 0.007132
vn -0.664583 0.713026 0.223435
vn -0.563011 0.713026 0.417867
vn -0.406327 0.713026 0.571395
vn -0.209870 0.713026 0.668991
vn 0.007132 0.713026 0.701102
vn 0.223435 0.713026 0.664583
vn 0.417867 0.713026 0.563011
vn 0.571395 0.713026 0.406327
vn 0.668991 0.713026 0.209869
vn 0.701102 0.713026 -0.007131
vn -0.115729 -0.989716 0.084082
vn -0.136048 -0.989716 0.044204
vn 0.000000 -1.000000 -0.000000
vn -0.084082 -0.989716 0.115729
vn -0.044205 -0.989716 0.136048
vn 0.000000 -0.989716 0.143049
vn 0.044205 -0.989716 0.136048
vn 0.084082 -0.989716 0.115729
vn 0.115729 -0.989716 0.084082
vn 0.136048 -0.989716 0.044204
vn 0.143049 -0.989716 0.000000
vn 0.136048 -0.989716 -0.044205
vn 0.115729 -0.989716 -0.084082
vn 0.084082 -0.989716 -0.115729
vn 0.044205 -0.989716 -0.136048
vn 0.000000 -0.989716 -0.143049
vn -0.044205 -0.989716 -0.136048
vn -0.084082 -0.989716 -0.115729
vn -0.115729 -0.989716 -0.084082
vn -0.136048 -0.989716 -0.044205
vn -0.143049 -0.989716 -0.000000
vn -0.329961 0.937401 0.111380
vn -0.279397 0.937399 0.207895
vn 0.000000 1.000000 -0.000000
vn -0.201472 0.937401 0.284058
vn -0.103835 0.937400 0.332415
vn 0.003965 0.937401 0.348229
vn 0.111387 0.937398 0.329966
vn 0.207890 0.937402 0.279390
vn 0.284059 0.937399 0.201480
vn 0.332413 0.937401 0.103835
vn 0.348232 0.937400 -0.003967
vn 0.329962 0.937400 -0.111383
vn 0.279393 0.937400 -0.207895
vn 0.201476 0.937400 -0.284057
vn 0.103836 0.937400 -0.332415
vn -0.003965 0.937401 -0.348230
vn -0.111383 0.937399 -0.329964
vn -0.207896 0.937400 -0.279392
vn -0.284060 0.937400 -0.201475
vn -0.332413 0.937401 -0.103836
vn -0.348232 0.937400 0.003967
vn 0.557017 -0.830485 0.005064
vn 0.531320 -0.830485 -0.167311
vn 0.528190 -0.830485 0.176943
vn 0.447660 -0.830486 0.331503
vn 0.323310 -0.830486 0.453613
vn 0.167312 -0.830486 0.531320
vn -0.005064 -0.830486 0.557017
vn -0.176944 -0.830486 0.528190
vn -0.331503 -0.830486 0.447660
vn -0.453613 -0.830485 0.323310
vn -0.531320 -0.830485 0.167312
vn -0.557017 -0.830485 -0.005064
vn -0.528191 -0.830485 -0.176943
vn -0.447660 -0.830485 -0.331503
vn -0.323310 -0.830486 -0.453613
vn -0.167312 -0.830485 -0.531320
vn 0.005064 -0.830486 -0.557017
vn 0.176943 -0.830486 -0.528190
vn 0.331503 -0.830486 -0.447660
vn 0.453613 -0.830486 -0.323310
vn -0.951057 0.000000 0.309015
vn -0.809018 -0.000001 0.587784
vn -0.852832 -0.446769 0.270323
vn -0.727557 -0.446771 0.520631
vn -0.790447 -0.558940 0.250559
vn -0.674332 -0.558942 0.482556
vn -0.842736 -0.466693 0.268317
vn -0.718575 -0.466695 0.515603
vn -0.926309 -0.229926 0.298473
vn -0.788740 -0.229928 0.570108
vn -0.924839 0.229927 0.302995
vn -0.785945 0.229925 0.573956
vn -0.789172 0.555392 0.262197
vn -0.669525 0.555392 0.493231
vn -0.587784 -0.000000 0.809018
vn -0.531060 -0.446770 0.719981
vn -0.492205 -0.558941 0.667322
vn -0.524068 -0.466694 0.712425
vn -0.573955 -0.229927 0.785945
vn -0.570106 0.229926 0.788741
vn -0.484330 0.555392 0.675992
vn -0.309015 0.000000 0.951057
vn -0.282582 -0.446769 0.848849
vn -0.261903 -0.558941 0.786760
vn -0.278270 -0.466694 0.839501
vn -0.302997 -0.229927 0.924839
vn -0.298473 0.229927 0.926309
vn -0.251735 0.555392 0.792571
vn -0.000000 0.000001 1.000000
vn -0.006446 -0.446769 0.894626
vn -0.005965 -0.558941 0.829186
vn -0.005234 -0.466693 0.884404
vn -0.002381 -0.229926 0.973205
vn 0.002374 0.229927 0.973205
vn 0.005496 0.555392 0.831571
vn 0.309016 -0.000000 0.951057
vn 0.270325 -0.446771 0.852831
vn 0.250562 -0.558941 0.790445
vn 0.268322 -0.466695 0.842733
vn 0.298479 -0.229927 0.926306
vn 0.303004 0.229926 0.924837
vn 0.262206 0.555392 0.789169
vn 0.587786 0.000001 0.809017
vn 0.520634 -0.446768 0.727557
vn 0.482559 -0.558939 0.674332
vn 0.515607 -0.466692 0.718574
vn 0.570111 -0.229925 0.788738
vn 0.573958 0.229928 0.785943
vn 0.493232 0.555391 0.669524
vn 0.809016 -0.000001 0.587787
vn 0.719977 -0.446770 0.531064
vn 0.667318 -0.558941 0.492210
vn 0.712419 -0.466695 0.524075
vn 0.785938 -0.229927 0.573964
vn 0.788733 0.229925 0.570117
vn 0.675984 0.555392 0.484340
vn 0.951057 -0.000000 0.309015
vn 0.848849 -0.446769 0.282582
vn 0.786761 -0.558941 0.261903
vn 0.839501 -0.466694 0.278269
vn 0.924839 -0.229927 0.302996
vn 0.926309 0.229927 0.298473
vn 0.792571 0.555392 0.251735
vn 1.000000 0.000000 0.000000
vn 0.894626 -0.446770 0.006446
vn 0.829186 -0.558941 0.005964
vn 0.884403 -0.466694 0.005232
vn 0.973205 -0.229927 0.002378
vn 0.973205 0.229927 -0.002378
vn 0.831571 0.555392 -0.005500
vn 0.951057 0.000000 -0.309016
vn 0.852832 -0.446770 -0.270324
vn 0.790446 -0.558941 -0.250560
vn 0.842734 -0.466694 -0.268319
vn 0.926308 -0.229927 -0.298475
vn 0.924838 0.229927 -0.302999
vn 0.789171 0.555392 -0.262200
vn 0.809017 0.000000 -0.587785
vn 0.727556 -0.446769 -0.520634
vn 0.674331 -0.558941 -0.482559
vn 0.718573 -0.466693 -0.515607
vn 0.788737 -0.229926 -0.570113
vn 0.785941 0.229926 -0.573960
vn 0.669522 0.555391 -0.493235
vn 0.587786 0.000000 -0.809017
vn 0.531062 -0.446770 -0.719979
vn 0.492208 -0.558941 -0.667321
vn 0.524072 -0.466693 -0.712422
vn 0.573960 -0.229926 -0.785941
vn 0.570113 0.229926 -0.788737
vn 0.484336 0.555392 -0.675988
vn 0.309016 0.000000 -0.951057
vn 0.282583 -0.446769 -0.848849
vn 0.261903 -0.558941 -0.786760
vn 0.278271 -0.466694 -0.839501
vn 0.302998 -0.229927 -0.924838
vn 0.298474 0.229926 -0.926308
vn 0.251737 0.555392 -0.792571
vn 0.000001 0.000000 -1.000000
vn 0.006447 -0.446769 -0.894626
vn 0.005965 -0.558941 -0.829186
vn 0.005234 -0.466694 -0.884404
vn 0.002381 -0.229927 -0.973205
vn -0.002374 0.229927 -0.973205
vn -0.005496 0.555392 -0.831570
vn -0.309016 -0.000001 -0.951057
vn -0.270323 -0.446771 -0.852831
vn -0.250560 -0.558941 -0.790446
vn -0.268318 -0.466695 -0.842734
vn -0.298474 -0.229928 -0.926308
vn -0.302998 0.229926 -0.924838
vn -0.262199 0.555392 -0.789171
vn -0.587786 -0.000000 -0.809016
vn -0.520635 -0.446769 -0.727555
vn -0.482560 -0.558941 -0.674330
vn -0.515609 -0.466693 -0.718571
vn -0.570115 -0.229926 -0.788735
vn -0.573963 0.229926 -0.785939
vn -0.493238 0.555392 -0.669520
vn -0.809017 0.000000 -0.587785
vn -0.719980 -0.446770 -0.531062
vn -0.667322 -0.558940 -0.492207
vn -0.712424 -0.466693 -0.524070
vn -0.785944 -0.229926 -0.573957
vn -0.788740 0.229926 -0.570109
vn -0.675991 0.555391 -0.484332
vn -0.951057 0.000000 -0.309016
vn -0.848849 -0.446769 -0.282583
vn -0.786761 -0.558940 -0.261904
vn -0.839502 -0.466693 -0.278271
vn -0.924839 -0.229926 -0.302998
vn -0.926308 0.229927 -0.298475
vn -0.792571 0.555392 -0.251738
vn -1.000000 0.000000 -0.000001
vn -0.894626 -0.446769 -0.006446
vn -0.829186 -0.558941 -0.005964
vn -0.884404 -0.466693 -0.005232
vn -0.973205 -0.229927 -0.002378
vn -0.973205 0.229926 0.002377
vn -0.831571 0.555392 0.005499
vn 0.948082 -0.078592 -0.308163
vn 0.777696 -0.575321 -0.253368
vn 0.806450 -0.078588 -0.586057
vn 0.661341 -0.575313 -0.481294
vn 0.414247 -0.900061 -0.135241
vn 0.352177 -0.900062 -0.256632
vn 0.178281 -0.982252 -0.058280
vn 0.151541 -0.982253 -0.110520
vn 0.806578 0.078588 -0.585881
vn 0.662094 0.575327 -0.480240
vn 0.948149 0.078591 -0.307957
vn 0.778087 0.575332 -0.252137
vn 0.352880 0.900075 -0.255619
vn 0.414603 0.900072 -0.134066
vn 0.082573 0.994791 -0.059767
vn 0.097002 0.994791 -0.031325
vn 0.585879 -0.078588 -0.806579
vn 0.586056 0.078588 -0.806451
vn 0.307958 -0.078592 -0.948148
vn 0.308164 0.078591 -0.948082
vn -0.000109 -0.078590 -0.996907
vn 0.000109 0.078590 -0.996907
vn -0.308164 -0.078591 -0.948081
vn -0.307958 0.078592 -0.948148
vn -0.586057 -0.078588 -0.806450
vn -0.585880 0.078588 -0.806578
vn -0.806578 -0.078588 -0.585880
vn -0.806450 0.078589 -0.586056
vn -0.948148 -0.078590 -0.307959
vn -0.948081 0.078590 -0.308164
vn -0.996907 -0.078586 0.000109
vn -0.996907 0.078586 -0.000108
vn -0.948081 -0.078591 0.308164
vn -0.948149 0.078591 0.307957
vn -0.806450 -0.078587 0.586057
vn -0.806580 0.078587 0.585878
vn -0.585877 -0.078590 0.806581
vn -0.586053 0.078590 0.806452
vn -0.307959 -0.078592 0.948148
vn -0.308164 0.078591 0.948081
vn 0.000109 -0.078590 0.996907
vn -0.000109 0.078590 0.996907
vn 0.308165 -0.078591 0.948081
vn 0.307960 0.078592 0.948148
vn 0.586054 -0.078587 0.806452
vn 0.585878 0.078586 0.806580
vn 0.806580 -0.078587 0.585878
vn 0.806451 0.078587 0.586056
vn 0.948148 -0.078592 0.307959
vn 0.948081 0.078592 0.308164
vn 0.996907 -0.078586 -0.000108
vn 0.996907 0.078586 0.000110
vn 0.000000 1.000000 -0.000000
vn 0.000000 1.000000 -0.000002
vn -0.035277 0.999313 0.011383
vn -0.030033 0.999313 0.021725
vn 0.000000 1.000000 0.000000
vn -0.021850 0.999313 0.029944
vn 0.000000 1.000000 0.000001
vn -0.011527 0.999313 0.035231
vn 0.000000 1.000000 0.000002
vn -0.000076 0.999313 0.037069
vn 0.000000 1.000000 -0.000000
vn 0.011382 0.999313 0.035276
vn 0.000000 1.000000 -0.000004
vn 0.021726 0.999313 0.030031
vn 0.000000 1.000000 -0.000000
vn 0.029944 0.999313 0.021849
vn 0.000000 1.000000 0.000000
vn 0.035230 0.999313 0.011528
vn 0.000000 1.000000 0.000000
vn 0.037068 0.999313 0.000076
vn 0.000000 1.000000 -0.000000
vn 0.035277 0.999313 -0.011383
vn 0.000000 1.000000 0.000000
vn 0.030033 0.999313 -0.021725
vn 0.000000 1.000000 0.000001
vn 0.021850 0.999313 -0.029944
vn 0.000000 1.000000 -0.000002
vn 0.011527 0.999313 -0.035225
vn 0.000000 1.000000 0.000003
vn 0.000076 0.999313 -0.037070
vn 0.000000 1.000000 -0.000002
vn -0.011382 0.999313 -0.035280
vn 0.000000 1.000000 0.000001
vn -0.021726 0.999313 -0.030030
vn 0.000000 1.000000 -0.000002
vn -0.029944 0.999313 -0.021849
vn 0.000000 1.000000 -0.000001
vn -0.035230 0.999313 -0.011527
vn 0.000000 1.000000 0.000000
vn -0.037068 0.999313 -0.000076
vn 0.060063 0.994791 -0.082358
vn 0.031674 0.994791 -0.096888
vn 0.000183 0.994792 -0.101929
vn -0.031325 0.994791 -0.097001
vn -0.059766 0.994792 -0.082568
vn -0.082357 0.994791 -0.060061
vn -0.096888 0.994791 -0.031676
vn -0.101934 0.994791 -0.000183
vn -0.097002 0.994791 0.031324
vn -0.082573 0.994791 0.059769
vn -0.060063 0.994791 0.082364
vn -0.031674 0.994792 0.096878
vn -0.000183 0.994791 0.101938
vn 0.031325 0.994791 0.097007
vn 0.059766 0.994791 0.082574
vn 0.082358 0.994792 0.060058
vn 0.096889 0.994791 0.031674
vn 0.101934 0.994791 0.000184
vn -0.950891 0.019241 0.308926
vn -0.808887 0.019239 0.587649
vn -0.587703 0.019240 0.808848
vn -0.308990 0.019240 0.950871
vn -0.000033 0.019241 0.999815
vn 0.308927 0.019240 0.950891
vn 0.587651 0.019242 0.808886
vn 0.808847 0.019240 0.587704
vn 0.950871 0.019240 0.308989
vn 0.999815 0.019241 0.000033
vn 0.950891 0.019241 -0.308927
vn 0.808886 0.019241 -0.587650
vn 0.587703 0.019241 -0.808848
vn 0.308990 0.019241 -0.950871
vn 0.000033 0.019241 -0.999815
vn -0.308927 0.019240 -0.950891
vn -0.587650 0.019240 -0.808886
vn -0.808848 0.019240 -0.587703
vn -0.950871 0.019241 -0.308990
vn -0.999815 0.019240 -0.000034
vn -0.757843 0.604536 0.245375
vn -0.796579 0.604534 -0.000818
vn -0.374780 0.919175 0.121069
vn -0.393846 0.919176 -0.000676
vn -0.644928 0.604530 0.467559
vn -0.319024 0.919178 0.230945
vn -0.468878 0.604527 0.643972
vn -0.232042 0.919175 0.318236
vn -0.246933 0.604538 0.757336
vn -0.122348 0.919175 0.374364
vn -0.000818 0.604543 0.796572
vn -0.000676 0.919176 0.393847
vn 0.245378 0.604537 0.757842
vn 0.121064 0.919176 0.374779
vn 0.467558 0.604530 0.644929
vn 0.230951 0.919175 0.319028
vn 0.643969 0.604528 0.468882
vn 0.318230 0.919178 0.232039
vn 0.757337 0.604537 0.246932
vn 0.374363 0.919176 0.122347
vn 0.796575 0.604540 0.000818
vn 0.393847 0.919176 0.000675
vn 0.757842 0.604538 -0.245375
vn 0.374781 0.919175 -0.121066
vn 0.644927 0.604531 -0.467559
vn 0.319023 0.919179 -0.230944
vn 0.468880 0.604529 -0.643969
vn 0.232043 0.919177 -0.318231
vn 0.246929 0.604531 -0.757343
vn 0.122347 0.919174 -0.374367
vn 0.000818 0.604537 -0.796577
vn 0.000675 0.919176 -0.393847
vn -0.245377 0.604535 -0.757844
vn -0.121063 0.919176 -0.374778
vn -0.467557 0.604526 -0.644933
vn -0.230951 0.919175 -0.319028
vn -0.643971 0.604531 -0.468876
vn -0.318229 0.919178 -0.232039
vn -0.757338 0.604535 -0.246936
vn -0.374365 0.919175 -0.122349
vn 0.255639 -0.900063 -0.352897
vn 0.109973 -0.982253 -0.151940
vn 0.480248 -0.575312 -0.662101
vn 0.481289 0.575325 -0.661334
vn 0.256617 0.900072 -0.352162
vn 0.134074 -0.900061 -0.414625
vn 0.057640 -0.982252 -0.178489
vn 0.252140 -0.575320 -0.778095
vn 0.253366 0.575333 -0.777687
vn 0.135234 0.900074 -0.414220
vn -0.000613 -0.900061 -0.435764
vn -0.000338 -0.982250 -0.187574
vn -0.000646 -0.575316 -0.817931
vn 0.000646 0.575329 -0.817922
vn 0.000613 0.900073 -0.435739
vn -0.135241 -0.900060 -0.414249
vn -0.058282 -0.982253 -0.178279
vn -0.253368 -0.575317 -0.777699
vn -0.252137 0.575334 -0.778086
vn -0.134067 0.900073 -0.414601
vn -0.256631 -0.900063 -0.352175
vn -0.110519 -0.982254 -0.151534
vn -0.481295 -0.575319 -0.661334
vn -0.480240 0.575326 -0.662095
vn -0.255624 0.900074 -0.352877
vn -0.352899 -0.900061 -0.255642
vn -0.151939 -0.982252 -0.109981
vn -0.662101 -0.575313 -0.480248
vn -0.661331 0.575325 -0.481292
vn -0.352159 0.900073 -0.256619
vn -0.414626 -0.900061 -0.134073
vn -0.178489 -0.982252 -0.057638
vn -0.778097 -0.575319 -0.252138
vn -0.777690 0.575332 -0.253362
vn -0.414224 0.900072 -0.135235
vn -0.435762 -0.900062 0.000614
vn -0.187564 -0.982252 0.000337
vn -0.817931 -0.575316 0.000648
vn -0.817922 0.575328 -0.000646
vn -0.435739 0.900073 -0.000614
vn -0.414246 -0.900061 0.135242
vn -0.178280 -0.982252 0.058279
vn -0.777697 -0.575319 0.253369
vn -0.778088 0.575333 0.252134
vn -0.414604 0.900073 0.134064
vn -0.352177 -0.900064 0.256625
vn -0.151542 -0.982253 0.110520
vn -0.661342 -0.575315 0.481289
vn -0.662097 0.575328 0.480235
vn -0.352879 0.900074 0.255623
vn -0.255638 -0.900061 0.352903
vn -0.109973 -0.982251 0.151950
vn -0.480246 -0.575314 0.662101
vn -0.481286 0.575325 0.661336
vn -0.256616 0.900070 0.352167
vn -0.134074 -0.900064 0.414619
vn -0.057640 -0.982253 0.178486
vn -0.252141 -0.575321 0.778094
vn -0.253365 0.575330 0.777690
vn -0.135234 0.900074 0.414221
vn 0.000613 -0.900064 0.435758
vn 0.000338 -0.982253 0.187562
vn 0.000646 -0.575312 0.817933
vn -0.000646 0.575328 0.817922
vn -0.000613 0.900075 0.435735
vn 0.135241 -0.900059 0.414250
vn 0.058281 -0.982252 0.178284
vn 0.253368 -0.575318 0.777698
vn 0.252140 0.575339 0.778082
vn 0.134068 0.900074 0.414600
vn 0.256629 -0.900062 0.352178
vn 0.110520 -0.982252 0.151544
vn 0.481291 -0.575313 0.661343
vn 0.480235 0.575321 0.662102
vn 0.255623 0.900071 0.352887
vn 0.352899 -0.900062 0.255639
vn 0.151940 -0.982252 0.109976
vn 0.662102 -0.575316 0.480242
vn 0.661334 0.575326 0.481288
vn 0.352159 0.900075 0.256611
vn 0.414626 -0.900061 0.134072
vn 0.178489 -0.982252 0.057638
vn 0.778096 -0.575320 0.252138
vn 0.777689 0.575332 0.253362
vn 0.414225 0.900072 0.135235
vn 0.435762 -0.900062 -0.000614
vn 0.187562 -0.982253 -0.000336
vn 0.817932 -0.575314 -0.000646
vn 0.817922 0.575329 0.000649
vn 0.435738 0.900073 0.000615
vn 0.950969 -0.309273 0.003002
vn 0.905352 -0.309274 -0.291011
vn 0.941816 -0.336117 0.002785
vn 0.896580 -0.336118 -0.288390
vn 0.903498 -0.309272 0.296720
vn 0.894859 -0.336119 0.293685
vn 0.767586 -0.309271 0.561394
vn 0.760309 -0.336116 0.555838
vn 0.556538 -0.309271 0.771114
vn 0.551334 -0.336116 0.763581
vn 0.291011 -0.309273 0.905352
vn 0.288390 -0.336118 0.896580
vn -0.003002 -0.309273 0.950969
vn -0.002784 -0.336117 0.941816
vn -0.296720 -0.309273 0.903497
vn -0.293685 -0.336119 0.894859
vn -0.561393 -0.309271 0.767586
vn -0.555838 -0.336116 0.760309
vn -0.771114 -0.309272 0.556537
vn -0.763582 -0.336116 0.551334
vn -0.905352 -0.309274 0.291011
vn -0.896580 -0.336118 0.288390
vn -0.950969 -0.309272 -0.003001
vn -0.941816 -0.336117 -0.002784
vn -0.903497 -0.309273 -0.296720
vn -0.894860 -0.336118 -0.293685
vn -0.767586 -0.309271 -0.561394
vn -0.760310 -0.336116 -0.555838
vn -0.556538 -0.309271 -0.771114
vn -0.551334 -0.336116 -0.763582
vn -0.291011 -0.309273 -0.905352
vn -0.288391 -0.336118 -0.896580
vn 0.003001 -0.309273 -0.950968
vn 0.002784 -0.336117 -0.941816
vn 0.296720 -0.309274 -0.903497
vn 0.293686 -0.336119 -0.894859
vn 0.561393 -0.309271 -0.767586
vn 0.555838 -0.336117 -0.760309
vn 0.771114 -0.309271 -0.556538
vn 0.763582 -0.336116 -0.551334
vn 0.214002 -0.974326 -0.069945
vn 0.181911 -0.974328 -0.132639
vn 0.132017 -0.974325 -0.182379
vn 0.069203 -0.974326 -0.214244
vn -0.000390 -0.974324 -0.225148
vn -0.069944 -0.974329 -0.213990
vn -0.132648 -0.974329 -0.181901
vn -0.182369 -0.974328 -0.132014
vn -0.214242 -0.974326 -0.069199
vn -0.225135 -0.974327 0.000388
vn -0.214001 -0.974326 0.069944
vn -0.181912 -0.974328 0.132640
vn -0.132016 -0.974325 0.182378
vn -0.069203 -0.974326 0.214244
vn 0.000390 -0.974326 0.225142
vn 0.069944 -0.974328 0.213993
vn 0.132649 -0.974326 0.181916
vn 0.182369 -0.974327 0.132014
vn 0.214245 -0.974326 0.069200
vn 0.225136 -0.974327 -0.000387
vn 0.475929 -0.865663 -0.155302
vn 0.500630 -0.865662 -0.000629
vn 0.404645 -0.865665 -0.294766
vn 0.293750 -0.865662 -0.405389
vn 0.154105 -0.865666 -0.476313
vn -0.000628 -0.865663 -0.500627
vn -0.155300 -0.865666 -0.475925
vn -0.294768 -0.865661 -0.404652
vn -0.405384 -0.865665 -0.293749
vn -0.476318 -0.865664 -0.154103
vn -0.500627 -0.865663 0.000627
vn -0.475928 -0.865664 0.155302
vn -0.404644 -0.865665 0.294769
vn -0.293752 -0.865663 0.405385
vn -0.154104 -0.865667 0.476311
vn 0.000628 -0.865663 0.500627
vn 0.155300 -0.865666 0.475925
vn 0.294767 -0.865665 0.404644
vn 0.405383 -0.865665 0.293748
vn 0.476317 -0.865664 0.154102
vn 0.594541 0.779597 -0.196851
vn 0.504612 0.779597 -0.370940
vn 0.365287 0.779597 -0.508718
vn 0.190206 0.779597 -0.596700
vn -0.003494 0.779597 -0.626271
vn -0.196852 0.779597 -0.594541
vn -0.370940 0.779596 -0.504612
vn -0.508719 0.779597 -0.365287
vn -0.596700 0.779597 -0.190206
vn -0.626273 0.779596 0.003494
vn -0.594540 0.779597 0.196852
vn -0.504612 0.779596 0.370940
vn -0.365287 0.779597 0.508719
vn -0.190206 0.779597 0.596700
vn 0.003494 0.779597 0.626272
vn 0.196852 0.779597 0.594540
vn 0.370940 0.779597 0.504612
vn 0.508719 0.779596 0.365287
vn 0.596700 0.779597 0.190206
vn 0.626273 0.779596 -0.003493
vn 0.947793 -0.087999 -0.306503
vn 0.806689 -0.087997 -0.584388
vn 0.586621 -0.087997 -0.805067
vn 0.309130 -0.088000 -0.946939
vn 0.001380 -0.087997 -0.996120
vn -0.306505 -0.088000 -0.947792
vn -0.584387 -0.087998 -0.806689
vn -0.805067 -0.087998 -0.586621
vn -0.946939 -0.088000 -0.309131
vn -0.996120 -0.087997 -0.001380
vn -0.947793 -0.088000 0.306505
vn -0.806689 -0.087998 0.584388
vn -0.586621 -0.087998 0.805067
vn -0.309131 -0.088000 0.946939
vn -0.001380 -0.087997 0.996120
vn 0.306505 -0.088000 0.947792
vn 0.584387 -0.087998 0.806690
vn 0.805067 -0.087997 0.586621
vn 0.946940 -0.087998 0.309130
vn 0.996120 -0.087997 0.001381
vn 0.863168 0.421287 -0.278313
vn 0.906925 0.421287 0.002042
vn 0.734917 0.421286 -0.531427
vn 0.534728 0.421286 -0.732519
vn 0.282196 0.421287 -0.861907
vn 0.002041 0.421287 -0.906925
vn -0.278314 0.421286 -0.863168
vn -0.531426 0.421286 -0.734918
vn -0.732519 0.421287 -0.534727
vn -0.861906 0.421287 -0.282197
vn -0.906925 0.421287 -0.002040
vn -0.863168 0.421287 0.278314
vn -0.734918 0.421286 0.531426
vn -0.534728 0.421286 0.732519
vn -0.282197 0.421286 0.861907
vn -0.002041 0.421286 0.906926
vn 0.278315 0.421286 0.863168
vn 0.531426 0.421287 0.734918
vn 0.732519 0.421286 0.534728
vn 0.861907 0.421286 0.282197
s 1
g pCylinder1
usemtl initialShadingGroup
f 1/890/1 2/908/2 21/21/3
f 21/21/3 2/908/2 22/22/4
f 2/908/2 3/907/5 22/22/4
f 22/22/4 3/907/5 23/23/6
f 3/907/5 4/906/7 23/23/6
f 23/23/6 4/906/7 24/24/8
f 4/906/7 5/905/9 24/24/8
f 24/24/8 5/905/9 25/25/10
f 5/905/9 6/904/11 25/25/10
f 25/25/10 6/904/11 26/26/12
f 6/904/11 7/903/13 26/26/12
f 26/26/12 7/903/13 27/27/14
f 7/903/13 8/902/15 27/27/14
f 27/27/14 8/902/15 28/28/16
f 8/902/15 9/901/17 28/28/16
f 28/28/16 9/901/17 29/29/18
f 9/901/17 10/900/19 29/29/18
f 29/29/18 10/900/19 30/30/20
f 10/900/19 11/899/21 30/30/20
f 30/30/20 11/899/21 31/31/22
f 11/899/21 12/898/23 31/31/22
f 31/31/22 12/898/23 32/32/24
f 12/898/23 13/897/25 32/32/24
f 32/32/24 13/897/25 33/33/26
f 13/897/25 14/896/27 33/33/26
f 33/33/26 14/896/27 34/34/28
f 14/896/27 15/895/29 34/34/28
f 34/34/28 15/895/29 35/35/30
f 15/895/29 16/894/31 35/35/30
f 35/35/30 16/894/31 36/36/32
f 16/894/31 17/893/33 36/36/32
f 36/36/32 17/893/33 37/37/34
f 17/893/33 18/892/35 37/37/34
f 37/37/34 18/892/35 38/38/36
f 18/892/35 19/891/37 38/38/36
f 38/38/36 19/891/37 39/39/38
f 19/891/37 20/889/39 39/39/38
f 39/39/38 20/889/39 40/40/40
f 20/889/39 1/890/1 40/40/40
f 40/40/40 1/890/1 21/21/3
f 21/41/3 22/42/4 262/233/41
f 262/233/41 22/42/4 281/252/42
f 22/42/4 23/43/6 281/252/42
f 281/252/42 23/43/6 280/251/43
f 23/43/6 24/44/8 280/251/43
f 280/251/43 24/44/8 279/250/44
f 24/44/8 25/45/10 279/250/44
f 279/250/44 25/45/10 278/249/45
f 25/45/10 26/46/12 278/249/45
f 278/249/45 26/46/12 277/248/46
f 26/46/12 27/47/14 277/248/46
f 277/248/46 27/47/14 276/247/47
f 27/47/14 28/48/16 276/247/47
f 276/247/47 28/48/16 275/246/48
f 28/48/16 29/49/18 275/246/48
f 275/246/48 29/49/18 274/245/49
f 29/49/18 30/50/20 274/245/49
f 274/245/49 30/50/20 273/244/50
f 30/50/20 31/51/22 273/244/50
f 273/244/50 31/51/22 272/243/51
f 31/51/22 32/52/24 272/243/51
f 272/243/51 32/52/24 271/242/52
f 32/52/24 33/53/26 271/242/52
f 271/242/52 33/53/26 270/241/53
f 33/53/26 34/54/28 270/241/53
f 270/241/53 34/54/28 269/240/54
f 34/54/28 35/55/30 269/240/54
f 269/240/54 35/55/30 268/239/55
f 35/55/30 36/56/32 268/239/55
f 268/239/55 36/56/32 267/238/56
f 36/56/32 37/57/34 267/238/56
f 267/238/56 37/57/34 266/237/57
f 37/57/34 38/58/36 266/237/57
f 266/237/57 38/58/36 265/236/58
f 38/58/36 39/59/38 265/236/58
f 265/236/58 39/59/38 264/235/59
f 39/59/38 40/60/40 264/235/59
f 264/235/59 40/60/40 263/234/60
f 40/60/40 21/61/3 263/234/60
f 263/234/60 21/61/3 262/232/41
f 41/62/61 42/63/62 61/83/63
f 61/83/63 42/63/62 62/84/64
f 42/63/62 43/64/65 62/84/64
f 62/84/64 43/64/65 63/85/66
f 43/64/65 44/65/67 63/85/66
f 63/85/66 44/65/67 64/86/68
f 44/65/67 45/66/69 64/86/68
f 64/86/68 45/66/69 65/87/70
f 45/66/69 46/67/71 65/87/70
f 65/87/70 46/67/71 66/88/72
f 46/67/71 47/68/73 66/88/72
f 66/88/72 47/68/73 67/89/74
f 47/68/73 48/69/75 67/89/74
f 67/89/74 48/69/75 68/90/76
f 48/69/75 49/70/77 68/90/76
f 68/90/76 49/70/77 69/91/78
f 49/70/77 50/71/79 69/91/78
f 69/91/78 50/71/79 70/92/80
f 50/71/79 51/72/81 70/92/80
f 70/92/80 51/72/81 71/93/82
f 51/72/81 52/73/83 71/93/82
f 71/93/82 52/73/83 72/94/84
f 52/73/83 53/74/85 72/94/84
f 72/94/84 53/74/85 73/95/86
f 53/74/85 54/75/87 73/95/86
f 73/95/86 54/75/87 74/96/88
f 54/75/87 55/76/89 74/96/88
f 74/96/88 55/76/89 75/97/90
f 55/76/89 56/77/91 75/97/90
f 75/97/90 56/77/91 76/98/92
f 56/77/91 57/78/93 76/98/92
f 76/98/92 57/78/93 77/99/94
f 57/78/93 58/79/95 77/99/94
f 77/99/94 58/79/95 78/100/96
f 58/79/95 59/80/97 78/100/96
f 78/100/96 59/80/97 79/101/98
f 59/80/97 60/81/99 79/101/98
f 79/101/98 60/81/99 80/102/100
f 60/81/99 41/82/61 80/102/100
f 80/102/100 41/82/61 61/103/63
f 61/83/63 62/84/64 81/104/101
f 81/104/101 62/84/64 82/105/102
f 62/84/64 63/85/66 82/105/102
f 82/105/102 63/85/66 83/106/103
f 63/85/66 64/86/68 83/106/103
f 83/106/103 64/86/68 84/107/104
f 64/86/68 65/87/70 84/107/104
f 84/107/104 65/87/70 85/108/105
f 65/87/70 66/88/72 85/108/105
f 85/108/105 66/88/72 86/109/106
f 66/88/72 67/89/74 86/109/106
f 86/109/106 67/89/74 87/110/107
f 67/89/74 68/90/76 87/110/107
f 87/110/107 68/90/76 88/111/108
f 68/90/76 69/91/78 88/111/108
f 88/111/108 69/91/78 89/112/109
f 69/91/78 70/92/80 89/112/109
f 89/112/109 70/92/80 90/113/110
f 70/92/80 71/93/82 90/113/110
f 90/113/110 71/93/82 91/114/111
f 71/93/82 72/94/84 91/114/111
f 91/114/111 72/94/84 92/115/112
f 72/94/84 73/95/86 92/115/112
f 92/115/112 73/95/86 93/116/113
f 73/95/86 74/96/88 93/116/113
f 93/116/113 74/96/88 94/117/114
f 74/96/88 75/97/90 94/117/114
f 94/117/114 75/97/90 95/118/115
f 75/97/90 76/98/92 95/118/115
f 95/118/115 76/98/92 96/119/116
f 76/98/92 77/99/94 96/119/116
f 96/119/116 77/99/94 97/120/117
f 77/99/94 78/100/96 97/120/117
f 97/120/117 78/100/96 98/121/118
f 78/100/96 79/101/98 98/121/118
f 98/121/118 79/101/98 99/122/119
f 79/101/98 80/102/100 99/122/119
f 99/122/119 80/102/100 100/123/120
f 80/102/100 61/103/63 100/123/120
f 100/123/120 61/103/63 81/124/101
f 81/104/101 82/105/102 101/125/121
f 101/125/121 82/105/102 102/126/122
f 82/105/102 83/106/103 102/126/122
f 102/126/122 83/106/103 103/127/123
f 83/106/103 84/107/104 103/127/123
f 103/127/123 84/107/104 104/128/124
f 84/107/104 85/108/105 104/128/124
f 104/128/124 85/108/105 105/129/125
f 85/108/105 86/109/106 105/129/125
f 105/129/125 86/109/106 106/130/126
f 86/109/106 87/110/107 106/130/126
f 106/130/126 87/110/107 107/131/127
f 87/110/107 88/111/108 107/131/127
f 107/131/127 88/111/108 108/132/128
f 88/111/108 89/112/109 108/132/128
f 108/132/128 89/112/109 109/133/129
f 89/112/109 90/113/110 109/133/129
f 109/133/129 90/113/110 110/134/130
f 90/113/110 91/114/111 110/134/130
f 110/134/130 91/114/111 111/135/131
f 91/114/111 92/115/112 111/135/131
f 111/135/131 92/115/112 112/136/132
f 92/115/112 93/116/113 112/136/132
f 112/136/132 93/116/113 113/137/133
f 93/116/113 94/117/114 113/137/133
f 113/137/133 94/117/114 114/138/134
f 94/117/114 95/118/115 114/138/134
f 114/138/134 95/118/115 115/139/135
f 95/118/115 96/119/116 115/139/135
f 115/139/135 96/119/116 116/140/136
f 96/119/116 97/120/117 116/140/136
f 116/140/136 97/120/117 117/141/137
f 97/120/117 98/121/118 117/141/137
f 117/141/137 98/121/118 118/142/138
f 98/121/118 99/122/119 118/142/138
f 118/142/138 99/122/119 119/143/139
f 99/122/119 100/123/120 119/143/139
f 119/143/139 100/123/120 120/144/140
f 100/123/120 81/124/101 120/144/140
f 120/144/140 81/124/101 101/145/121
f 101/125/121 102/126/122 121/146/141
f 121/146/141 102/126/122 122/147/142
f 102/126/122 103/127/123 122/147/142
f 122/147/142 103/127/123 123/148/143
f 103/127/123 104/128/124 123/148/143
f 123/148/143 104/128/124 124/149/144
f 104/128/124 105/129/125 124/149/144
f 124/149/144 105/129/125 125/150/145
f 105/129/125 106/130/126 125/150/145
f 125/150/145 106/130/126 126/151/146
f 106/130/126 107/131/127 126/151/146
f 126/151/146 107/131/127 127/152/147
f 107/131/127 108/132/128 127/152/147
f 127/152/147 108/132/128 128/153/148
f 108/132/128 109/133/129 128/153/148
f 128/153/148 109/133/129 129/154/149
f 109/133/129 110/134/130 129/154/149
f 129/154/149 110/134/130 130/155/150
f 110/134/130 111/135/131 130/155/150
f 130/155/150 111/135/131 131/156/151
f 111/135/131 112/136/132 131/156/151
f 131/156/151 112/136/132 132/157/152
f 112/136/132 113/137/133 132/157/152
f 132/157/152 113/137/133 133/158/153
f 113/137/133 114/138/134 133/158/153
f 133/158/153 114/138/134 134/159/154
f 114/138/134 115/139/135 134/159/154
f 134/159/154 115/139/135 135/160/155
f 115/139/135 116/140/136 135/160/155
f 135/160/155 116/140/136 136/161/156
f 116/140/136 117/141/137 136/161/156
f 136/161/156 117/141/137 137/162/157
f 117/141/137 118/142/138 137/162/157
f 137/162/157 118/142/138 138/163/158
f 118/142/138 119/143/139 138/163/158
f 138/163/158 119/143/139 139/164/159
f 119/143/139 120/144/140 139/164/159
f 139/164/159 120/144/140 140/165/160
f 120/144/140 101/145/121 140/165/160
f 140/165/160 101/145/121 121/166/141
f 121/146/141 122/147/142 141/167/161
f 141/167/161 122/147/142 142/168/162
f 122/147/142 123/148/143 142/168/162
f 142/168/162 123/148/143 143/169/163
f 123/148/143 124/149/144 143/169/163
f 143/169/163 124/149/144 144/170/164
f 124/149/144 125/150/145 144/170/164
f 144/170/164 125/150/145 145/171/165
f 125/150/145 126/151/146 145/171/165
f 145/171/165 126/151/146 146/172/166
f 126/151/146 127/152/147 146/172/166
f 146/172/166 127/152/147 147/173/167
f 127/152/147 128/153/148 147/173/167
f 147/173/167 128/153/148 148/174/168
f 128/153/148 129/154/149 148/174/168
f 148/174/168 129/154/149 149/175/169
f 129/154/149 130/155/150 149/175/169
f 149/175/169 130/155/150 150/176/170
f 130/155/150 131/156/151 150/176/170
f 150/176/170 131/156/151 151/177/171
f 131/156/151 132/157/152 151/177/171
f 151/177/171 132/157/152 152/178/172
f 132/157/152 133/158/153 152/178/172
f 152/178/172 133/158/153 153/179/173
f 133/158/153 134/159/154 153/179/173
f 153/179/173 134/159/154 154/180/174
f 134/159/154 135/160/155 154/180/174
f 154/180/174 135/160/155 155/181/175
f 135/160/155 136/161/156 155/181/175
f 155/181/175 136/161/156 156/182/176
f 136/161/156 137/162/157 156/182/176
f 156/182/176 137/162/157 157/183/177
f 137/162/157 138/163/158 157/183/177
f 157/183/177 138/163/158 158/184/178
f 138/163/158 139/164/159 158/184/178
f 158/184/178 139/164/159 159/185/179
f 139/164/159 140/165/160 159/185/179
f 159/185/179 140/165/160 160/186/180
f 140/165/160 121/166/141 160/186/180
f 160/186/180 121/166/141 141/187/161
f 141/167/161 142/168/162 161/188/181
f 161/188/181 142/168/162 162/766/182
f 142/168/162 143/169/163 162/766/182
f 162/766/182 143/169/163 163/768/183
f 143/169/163 144/170/164 163/768/183
f 163/768/183 144/170/164 164/770/184
f 144/170/164 145/171/165 164/770/184
f 164/770/184 145/171/165 165/772/185
f 145/171/165 146/172/166 165/772/185
f 165/772/185 146/172/166 166/774/186
f 146/172/166 147/173/167 166/774/186
f 166/774/186 147/173/167 167/776/187
f 147/173/167 148/174/168 167/776/187
f 167/776/187 148/174/168 168/778/188
f 148/174/168 149/175/169 168/778/188
f 168/778/188 149/175/169 169/780/189
f 149/175/169 150/176/170 169/780/189
f 169/780/189 150/176/170 170/782/190
f 150/176/170 151/177/171 170/782/190
f 170/782/190 151/177/171 171/784/191
f 151/177/171 152/178/172 171/784/191
f 171/784/191 152/178/172 172/786/192
f 152/178/172 153/179/173 172/786/192
f 172/786/192 153/179/173 173/788/193
f 153/179/173 154/180/174 173/788/193
f 173/788/193 154/180/174 174/790/194
f 154/180/174 155/181/175 174/790/194
f 174/790/194 155/181/175 175/792/195
f 155/181/175 156/182/176 175/792/195
f 175/792/195 156/182/176 176/794/196
f 156/182/176 157/183/177 176/794/196
f 176/794/196 157/183/177 177/796/197
f 157/183/177 158/184/178 177/796/197
f 177/796/197 158/184/178 178/798/198
f 158/184/178 159/185/179 178/798/198
f 178/798/198 159/185/179 179/800/199
f 159/185/179 160/186/180 179/800/199
f 179/800/199 160/186/180 180/802/200
f 160/186/180 141/187/161 180/802/200
f 180/802/200 141/187/161 161/804/181
f 242/212/201 241/870/202 243/189/203
f 244/214/204 242/212/201 243/189/203
f 245/215/205 244/214/204 243/189/203
f 246/216/206 245/215/205 243/189/203
f 247/217/207 246/216/206 243/189/203
f 248/218/208 247/217/207 243/189/203
f 249/219/209 248/218/208 243/189/203
f 250/220/210 249/219/209 243/189/203
f 251/221/211 250/220/210 243/189/203
f 252/222/212 251/221/211 243/189/203
f 253/223/213 252/222/212 243/189/203
f 254/224/214 253/223/213 243/189/203
f 255/225/215 254/224/214 243/189/203
f 256/226/216 255/225/215 243/189/203
f 257/227/217 256/226/216 243/189/203
f 258/228/218 257/227/217 243/189/203
f 259/229/219 258/228/218 243/189/203
f 260/230/220 259/229/219 243/189/203
f 261/231/221 260/230/220 243/189/203
f 241/870/202 261/231/221 243/189/203
f 289/259/222 297/941/223 298/190/224
f 297/941/223 306/940/225 298/190/224
f 306/940/225 314/939/226 298/190/224
f 314/939/226 322/938/227 298/190/224
f 322/938/227 330/937/228 298/190/224
f 330/937/228 338/936/229 298/190/224
f 338/936/229 346/935/230 298/190/224
f 346/935/230 354/934/231 298/190/224
f 354/934/231 362/933/232 298/190/224
f 362/933/232 370/932/233 298/190/224
f 370/932/233 378/931/234 298/190/224
f 378/931/234 386/930/235 298/190/224
f 386/930/235 394/929/236 298/190/224
f 394/929/236 402/928/237 298/190/224
f 402/928/237 410/927/238 298/190/224
f 410/927/238 418/926/239 298/190/224
f 418/926/239 426/925/240 298/190/224
f 426/925/240 434/924/241 298/190/224
f 434/924/241 442/921/242 298/190/224
f 442/921/242 289/259/222 298/190/224
f 222/193/243 221/191/244 60/81/99
f 60/81/99 221/191/244 41/82/61
f 223/194/245 222/193/243 59/80/97
f 59/80/97 222/193/243 60/81/99
f 224/195/246 223/194/245 58/79/95
f 58/79/95 223/194/245 59/80/97
f 225/196/247 224/195/246 57/78/93
f 57/78/93 224/195/246 58/79/95
f 226/197/248 225/196/247 56/77/91
f 56/77/91 225/196/247 57/78/93
f 227/198/249 226/197/248 55/76/89
f 55/76/89 226/197/248 56/77/91
f 228/199/250 227/198/249 54/75/87
f 54/75/87 227/198/249 55/76/89
f 229/200/251 228/199/250 53/74/85
f 53/74/85 228/199/250 54/75/87
f 230/201/252 229/200/251 52/73/83
f 52/73/83 229/200/251 53/74/85
f 231/202/253 230/201/252 51/72/81
f 51/72/81 230/201/252 52/73/83
f 232/203/254 231/202/253 50/71/79
f 50/71/79 231/202/253 51/72/81
f 233/204/255 232/203/254 49/70/77
f 49/70/77 232/203/254 50/71/79
f 234/205/256 233/204/255 48/69/75
f 48/69/75 233/204/255 49/70/77
f 235/206/257 234/205/256 47/68/73
f 47/68/73 234/205/256 48/69/75
f 236/207/258 235/206/257 46/67/71
f 46/67/71 235/206/257 47/68/73
f 237/208/259 236/207/258 45/66/69
f 45/66/69 236/207/258 46/67/71
f 238/209/260 237/208/259 44/65/67
f 44/65/67 237/208/259 45/66/69
f 239/210/261 238/209/260 43/64/65
f 43/64/65 238/209/260 44/65/67
f 240/211/262 239/210/261 42/63/62
f 42/63/62 239/210/261 43/64/65
f 221/192/244 240/211/262 41/62/61
f 41/62/61 240/211/262 42/63/62
f 2/2/2 1/1/1 242/888/201
f 242/888/201 1/1/1 241/213/202
f 3/3/5 2/2/2 244/887/204
f 244/887/204 2/2/2 242/888/201
f 4/4/7 3/3/5 245/886/205
f 245/886/205 3/3/5 244/887/204
f 5/5/9 4/4/7 246/885/206
f 246/885/206 4/4/7 245/886/205
f 6/6/11 5/5/9 247/884/207
f 247/884/207 5/5/9 246/885/206
f 7/7/13 6/6/11 248/883/208
f 248/883/208 6/6/11 247/884/207
f 8/8/15 7/7/13 249/882/209
f 249/882/209 7/7/13 248/883/208
f 9/9/17 8/8/15 250/881/210
f 250/881/210 8/8/15 249/882/209
f 10/10/19 9/9/17 251/880/211
f 251/880/211 9/9/17 250/881/210
f 11/11/21 10/10/19 252/879/212
f 252/879/212 10/10/19 251/880/211
f 12/12/23 11/11/21 253/878/213
f 253/878/213 11/11/21 252/879/212
f 13/13/25 12/12/23 254/877/214
f 254/877/214 12/12/23 253/878/213
f 14/14/27 13/13/25 255/876/215
f 255/876/215 13/13/25 254/877/214
f 15/15/29 14/14/27 256/875/216
f 256/875/216 14/14/27 255/876/215
f 16/16/31 15/15/29 257/874/217
f 257/874/217 15/15/29 256/875/216
f 17/17/33 16/16/31 258/873/218
f 258/873/218 16/16/31 257/874/217
f 18/18/35 17/17/33 259/872/219
f 259/872/219 17/17/33 258/873/218
f 19/19/37 18/18/35 260/871/220
f 260/871/220 18/18/35 259/872/219
f 20/20/39 19/19/37 261/869/221
f 261/869/221 19/19/37 260/871/220
f 1/1/1 20/20/39 241/213/202
f 241/213/202 20/20/39 261/869/221
f 263/234/60 262/232/41 222/193/243
f 222/193/243 262/232/41 221/191/244
f 264/235/59 263/234/60 223/194/245
f 223/194/245 263/234/60 222/193/243
f 265/236/58 264/235/59 224/195/246
f 224/195/246 264/235/59 223/194/245
f 266/237/57 265/236/58 225/196/247
f 225/196/247 265/236/58 224/195/246
f 267/238/56 266/237/57 226/197/248
f 226/197/248 266/237/57 225/196/247
f 268/239/55 267/238/56 227/198/249
f 227/198/249 267/238/56 226/197/248
f 269/240/54 268/239/55 228/199/250
f 228/199/250 268/239/55 227/198/249
f 270/241/53 269/240/54 229/200/251
f 229/200/251 269/240/54 228/199/250
f 271/242/52 270/241/53 230/201/252
f 230/201/252 270/241/53 229/200/251
f 272/243/51 271/242/52 231/202/253
f 231/202/253 271/242/52 230/201/252
f 273/244/50 272/243/51 232/203/254
f 232/203/254 272/243/51 231/202/253
f 274/245/49 273/244/50 233/204/255
f 233/204/255 273/244/50 232/203/254
f 275/246/48 274/245/49 234/205/256
f 234/205/256 274/245/49 233/204/255
f 276/247/47 275/246/48 235/206/257
f 235/206/257 275/246/48 234/205/256
f 277/248/46 276/247/47 236/207/258
f 236/207/258 276/247/47 235/206/257
f 278/249/45 277/248/46 237/208/259
f 237/208/259 277/248/46 236/207/258
f 279/250/44 278/249/45 238/209/260
f 238/209/260 278/249/45 237/208/259
f 280/251/43 279/250/44 239/210/261
f 239/210/261 279/250/44 238/209/260
f 281/252/42 280/251/43 240/211/262
f 240/211/262 280/251/43 239/210/261
f 262/233/41 281/252/42 221/192/244
f 221/192/244 281/252/42 240/211/262
f 282/909/263 290/519/264 283/920/265
f 283/920/265 290/519/264 291/260/266
f 283/920/265 291/260/266 284/919/267
f 284/919/267 291/260/266 292/261/268
f 284/919/267 292/261/268 285/918/269
f 285/918/269 292/261/268 293/262/270
f 285/918/269 293/262/270 286/917/271
f 286/917/271 293/262/270 294/263/272
f 286/917/271 294/263/272 287/916/273
f 287/916/273 294/263/272 295/264/274
f 287/916/273 295/264/274 288/915/275
f 288/915/275 295/264/274 296/265/276
f 288/915/275 296/265/276 289/922/222
f 289/922/222 296/265/276 297/266/223
f 290/519/264 299/521/277 291/260/266
f 291/260/266 299/521/277 300/267/278
f 291/260/266 300/267/278 292/261/268
f 292/261/268 300/267/278 301/268/279
f 292/261/268 301/268/279 293/262/270
f 293/262/270 301/268/279 302/269/280
f 293/262/270 302/269/280 294/263/272
f 294/263/272 302/269/280 303/270/281
f 294/263/272 303/270/281 295/264/274
f 295/264/274 303/270/281 304/271/282
f 295/264/274 304/271/282 296/265/276
f 296/265/276 304/271/282 305/272/283
f 296/265/276 305/272/283 297/266/223
f 297/266/223 305/272/283 306/273/225
f 299/521/277 307/523/284 300/267/278
f 300/267/278 307/523/284 308/274/285
f 300/267/278 308/274/285 301/268/279
f 301/268/279 308/274/285 309/275/286
f 301/268/279 309/275/286 302/269/280
f 302/269/280 309/275/286 310/276/287
f 302/269/280 310/276/287 303/270/281
f 303/270/281 310/276/287 311/277/288
f 303/270/281 311/277/288 304/271/282
f 304/271/282 311/277/288 312/278/289
f 304/271/282 312/278/289 305/272/283
f 305/272/283 312/278/289 313/279/290
f 305/272/283 313/279/290 306/273/225
f 306/273/225 313/279/290 314/280/226
f 307/523/284 315/525/291 308/274/285
f 308/274/285 315/525/291 316/281/292
f 308/274/285 316/281/292 309/275/286
f 309/275/286 316/281/292 317/282/293
f 309/275/286 317/282/293 310/276/287
f 310/276/287 317/282/293 318/283/294
f 310/276/287 318/283/294 311/277/288
f 311/277/288 318/283/294 319/284/295
f 311/277/288 319/284/295 312/278/289
f 312/278/289 319/284/295 320/285/296
f 312/278/289 320/285/296 313/279/290
f 313/279/290 320/285/296 321/286/297
f 313/279/290 321/286/297 314/280/226
f 314/280/226 321/286/297 322/287/227
f 315/525/291 323/527/298 316/281/292
f 316/281/292 323/527/298 324/288/299
f 316/281/292 324/288/299 317/282/293
f 317/282/293 324/288/299 325/289/300
f 317/282/293 325/289/300 318/283/294
f 318/283/294 325/289/300 326/290/301
f 318/283/294 326/290/301 319/284/295
f 319/284/295 326/290/301 327/291/302
f 319/284/295 327/291/302 320/285/296
f 320/285/296 327/291/302 328/292/303
f 320/285/296 328/292/303 321/286/297
f 321/286/297 328/292/303 329/293/304
f 321/286/297 329/293/304 322/287/227
f 322/287/227 329/293/304 330/294/228
f 323/527/298 331/529/305 324/288/299
f 324/288/299 331/529/305 332/295/306
f 324/288/299 332/295/306 325/289/300
f 325/289/300 332/295/306 333/296/307
f 325/289/300 333/296/307 326/290/301
f 326/290/301 333/296/307 334/297/308
f 326/290/301 334/297/308 327/291/302
f 327/291/302 334/297/308 335/298/309
f 327/291/302 335/298/309 328/292/303
f 328/292/303 335/298/309 336/299/310
f 328/292/303 336/299/310 329/293/304
f 329/293/304 336/299/310 337/300/311
f 329/293/304 337/300/311 330/294/228
f 330/294/228 337/300/311 338/301/229
f 331/529/305 339/531/312 332/295/306
f 332/295/306 339/531/312 340/302/313
f 332/295/306 340/302/313 333/296/307
f 333/296/307 340/302/313 341/303/314
f 333/296/307 341/303/314 334/297/308
f 334/297/308 341/303/314 342/304/315
f 334/297/308 342/304/315 335/298/309
f 335/298/309 342/304/315 343/305/316
f 335/298/309 343/305/316 336/299/310
f 336/299/310 343/305/316 344/306/317
f 336/299/310 344/306/317 337/300/311
f 337/300/311 344/306/317 345/307/318
f 337/300/311 345/307/318 338/301/229
f 338/301/229 345/307/318 346/308/230
f 339/531/312 347/533/319 340/302/313
f 340/302/313 347/533/319 348/309/320
f 340/302/313 348/309/320 341/303/314
f 341/303/314 348/309/320 349/310/321
f 341/303/314 349/310/321 342/304/315
f 342/304/315 349/310/321 350/311/322
f 342/304/315 350/311/322 343/305/316
f 343/305/316 350/311/322 351/312/323
f 343/305/316 351/312/323 344/306/317
f 344/306/317 351/312/323 352/313/324
f 344/306/317 352/313/324 345/307/318
f 345/307/318 352/313/324 353/314/325
f 345/307/318 353/314/325 346/308/230
f 346/308/230 353/314/325 354/315/231
f 347/533/319 355/535/326 348/309/320
f 348/309/320 355/535/326 356/316/327
f 348/309/320 356/316/327 349/310/321
f 349/310/321 356/316/327 357/317/328
f 349/310/321 357/317/328 350/311/322
f 350/311/322 357/317/328 358/318/329
f 350/311/322 358/318/329 351/312/323
f 351/312/323 358/318/329 359/319/330
f 351/312/323 359/319/330 352/313/324
f 352/313/324 359/319/330 360/320/331
f 352/313/324 360/320/331 353/314/325
f 353/314/325 360/320/331 361/321/332
f 353/314/325 361/321/332 354/315/231
f 354/315/231 361/321/332 362/322/232
f 355/535/326 363/537/333 356/316/327
f 356/316/327 363/537/333 364/323/334
f 356/316/327 364/323/334 357/317/328
f 357/317/328 364/323/334 365/324/335
f 357/317/328 365/324/335 358/318/329
f 358/318/329 365/324/335 366/325/336
f 358/318/329 366/325/336 359/319/330
f 359/319/330 366/325/336 367/326/337
f 359/319/330 367/326/337 360/320/331
f 360/320/331 367/326/337 368/327/338
f 360/320/331 368/327/338 361/321/332
f 361/321/332 368/327/338 369/328/339
f 361/321/332 369/328/339 362/322/232
f 362/322/232 369/328/339 370/329/233
f 363/537/333 371/539/340 364/323/334
f 364/323/334 371/539/340 372/330/341
f 364/323/334 372/330/341 365/324/335
f 365/324/335 372/330/341 373/331/342
f 365/324/335 373/331/342 366/325/336
f 366/325/336 373/331/342 374/332/343
f 366/325/336 374/332/343 367/326/337
f 367/326/337 374/332/343 375/333/344
f 367/326/337 375/333/344 368/327/338
f 368/327/338 375/333/344 376/334/345
f 368/327/338 376/334/345 369/328/339
f 369/328/339 376/334/345 377/335/346
f 369/328/339 377/335/346 370/329/233
f 370/329/233 377/335/346 378/336/234
f 371/539/340 379/541/347 372/330/341
f 372/330/341 379/541/347 380/337/348
f 372/330/341 380/337/348 373/331/342
f 373/331/342 380/337/348 381/338/349
f 373/331/342 381/338/349 374/332/343
f 374/332/343 381/338/349 382/339/350
f 374/332/343 382/339/350 375/333/344
f 375/333/344 382/339/350 383/340/351
f 375/333/344 383/340/351 376/334/345
f 376/334/345 383/340/351 384/341/352
f 376/334/345 384/341/352 377/335/346
f 377/335/346 384/341/352 385/342/353
f 377/335/346 385/342/353 378/336/234
f 378/336/234 385/342/353 386/343/235
f 379/541/347 387/543/354 380/337/348
f 380/337/348 387/543/354 388/344/355
f 380/337/348 388/344/355 381/338/349
f 381/338/349 388/344/355 389/345/356
f 381/338/349 389/345/356 382/339/350
f 382/339/350 389/345/356 390/346/357
f 382/339/350 390/346/357 383/340/351
f 383/340/351 390/346/357 391/347/358
f 383/340/351 391/347/358 384/341/352
f 384/341/352 391/347/358 392/348/359
f 384/341/352 392/348/359 385/342/353
f 385/342/353 392/348/359 393/349/360
f 385/342/353 393/349/360 386/343/235
f 386/343/235 393/349/360 394/350/236
f 387/543/354 395/545/361 388/344/355
f 388/344/355 395/545/361 396/351/362
f 388/344/355 396/351/362 389/345/356
f 389/345/356 396/351/362 397/352/363
f 389/345/356 397/352/363 390/346/357
f 390/346/357 397/352/363 398/353/364
f 390/346/357 398/353/364 391/347/358
f 391/347/358 398/353/364 399/354/365
f 391/347/358 399/354/365 392/348/359
f 392/348/359 399/354/365 400/355/366
f 392/348/359 400/355/366 393/349/360
f 393/349/360 400/355/366 401/356/367
f 393/349/360 401/356/367 394/350/236
f 394/350/236 401/356/367 402/357/237
f 395/545/361 403/547/368 396/351/362
f 396/351/362 403/547/368 404/358/369
f 396/351/362 404/358/369 397/352/363
f 397/352/363 404/358/369 405/359/370
f 397/352/363 405/359/370 398/353/364
f 398/353/364 405/359/370 406/360/371
f 398/353/364 406/360/371 399/354/365
f 399/354/365 406/360/371 407/361/372
f 399/354/365 407/361/372 400/355/366
f 400/355/366 407/361/372 408/362/373
f 400/355/366 408/362/373 401/356/367
f 401/356/367 408/362/373 409/363/374
f 401/356/367 409/363/374 402/357/237
f 402/357/237 409/363/374 410/364/238
f 403/547/368 411/549/375 404/358/369
f 404/358/369 411/549/375 412/365/376
f 404/358/369 412/365/376 405/359/370
f 405/359/370 412/365/376 413/366/377
f 405/359/370 413/366/377 406/360/371
f 406/360/371 413/366/377 414/367/378
f 406/360/371 414/367/378 407/361/372
f 407/361/372 414/367/378 415/368/379
f 407/361/372 415/368/379 408/362/373
f 408/362/373 415/368/379 416/369/380
f 408/362/373 416/369/380 409/363/374
f 409/363/374 416/369/380 417/370/381
f 409/363/374 417/370/381 410/364/238
f 410/364/238 417/370/381 418/371/239
f 411/549/375 419/551/382 412/365/376
f 412/365/376 419/551/382 420/372/383
f 412/365/376 420/372/383 413/366/377
f 413/366/377 420/372/383 421/373/384
f 413/366/377 421/373/384 414/367/378
f 414/367/378 421/373/384 422/374/385
f 414/367/378 422/374/385 415/368/379
f 415/368/379 422/374/385 423/375/386
f 415/368/379 423/375/386 416/369/380
f 416/369/380 423/375/386 424/376/387
f 416/369/380 424/376/387 417/370/381
f 417/370/381 424/376/387 425/377/388
f 417/370/381 425/377/388 418/371/239
f 418/371/239 425/377/388 426/378/240
f 419/551/382 427/553/389 420/372/383
f 420/372/383 427/553/389 428/379/390
f 420/372/383 428/379/390 421/373/384
f 421/373/384 428/379/390 429/380/391
f 421/373/384 429/380/391 422/374/385
f 422/374/385 429/380/391 430/381/392
f 422/374/385 430/381/392 423/375/386
f 423/375/386 430/381/392 431/382/393
f 423/375/386 431/382/393 424/376/387
f 424/376/387 431/382/393 432/383/394
f 424/376/387 432/383/394 425/377/388
f 425/377/388 432/383/394 433/384/395
f 425/377/388 433/384/395 426/378/240
f 426/378/240 433/384/395 434/385/241
f 427/553/389 435/555/396 428/379/390
f 428/379/390 435/555/396 436/386/397
f 428/379/390 436/386/397 429/380/391
f 429/380/391 436/386/397 437/387/398
f 429/380/391 437/387/398 430/381/392
f 430/381/392 437/387/398 438/388/399
f 430/381/392 438/388/399 431/382/393
f 431/382/393 438/388/399 439/389/400
f 431/382/393 439/389/400 432/383/394
f 432/383/394 439/389/400 440/390/401
f 432/383/394 440/390/401 433/384/395
f 433/384/395 440/390/401 441/391/402
f 433/384/395 441/391/402 434/385/241
f 434/385/241 441/391/402 442/392/242
f 435/555/396 282/517/263 436/386/397
f 436/386/397 282/517/263 283/253/265
f 436/386/397 283/253/265 437/387/398
f 437/387/398 283/253/265 284/254/267
f 437/387/398 284/254/267 438/388/399
f 438/388/399 284/254/267 285/255/269
f 438/388/399 285/255/269 439/389/400
f 439/389/400 285/255/269 286/256/271
f 439/389/400 286/256/271 440/390/401
f 440/390/401 286/256/271 287/257/273
f 440/390/401 287/257/273 441/391/402
f 441/391/402 287/257/273 288/258/275
f 441/391/402 288/258/275 442/392/242
f 442/392/242 288/258/275 289/923/222
f 526/393/403 525/601/404 527/395/405
f 527/395/405 525/601/404 528/602/406
f 525/601/404 524/599/407 528/602/406
f 528/602/406 524/599/407 529/603/408
f 524/599/407 523/704/409 529/603/408
f 529/603/408 523/704/409 530/706/410
f 534/398/411 533/605/412 535/396/413
f 535/396/413 533/605/412 536/607/414
f 533/605/412 532/604/415 536/607/414
f 536/607/414 532/604/415 537/609/416
f 532/604/415 531/476/417 537/609/416
f 537/609/416 531/476/417 538/394/418
f 526/393/403 527/395/405 535/396/413
f 535/396/413 527/395/405 534/398/411
f 527/395/405 539/397/419 534/398/411
f 534/398/411 539/397/419 546/400/420
f 539/397/419 547/399/421 546/400/420
f 546/400/420 547/399/421 554/402/422
f 547/399/421 555/401/423 554/402/422
f 554/402/422 555/401/423 562/404/424
f 555/401/423 563/403/425 562/404/424
f 562/404/424 563/403/425 570/406/426
f 563/403/425 571/405/427 570/406/426
f 570/406/426 571/405/427 578/408/428
f 571/405/427 579/407/429 578/408/428
f 578/408/428 579/407/429 586/410/430
f 579/407/429 587/409/431 586/410/430
f 586/410/430 587/409/431 594/412/432
f 587/409/431 595/411/433 594/412/432
f 594/412/432 595/411/433 602/414/434
f 595/411/433 603/413/435 602/414/434
f 602/414/434 603/413/435 610/416/436
f 603/413/435 611/415/437 610/416/436
f 610/416/436 611/415/437 618/418/438
f 611/415/437 619/417/439 618/418/438
f 618/418/438 619/417/439 626/420/440
f 619/417/439 627/419/441 626/420/440
f 626/420/440 627/419/441 634/422/442
f 627/419/441 635/421/443 634/422/442
f 634/422/442 635/421/443 642/424/444
f 635/421/443 643/423/445 642/424/444
f 642/424/444 643/423/445 650/426/446
f 643/423/445 651/425/447 650/426/446
f 650/426/446 651/425/447 658/428/448
f 651/425/447 659/427/449 658/428/448
f 658/428/448 659/427/449 666/430/450
f 659/427/449 667/429/451 666/430/450
f 666/430/450 667/429/451 674/432/452
f 667/429/451 675/431/453 674/432/452
f 674/432/452 675/431/453 682/434/454
f 675/431/453 526/433/403 682/434/454
f 682/434/454 526/433/403 535/557/413
f 181/911/455 182/437/456 443/912/457
f 443/912/457 182/437/456 447/438/458
f 182/437/456 183/439/459 447/438/458
f 447/438/458 183/439/459 451/440/460
f 183/439/459 184/441/461 451/440/460
f 451/440/460 184/441/461 455/442/462
f 184/441/461 185/443/463 455/442/462
f 455/442/462 185/443/463 459/444/464
f 185/443/463 186/445/465 459/444/464
f 459/444/464 186/445/465 463/446/466
f 186/445/465 187/447/467 463/446/466
f 463/446/466 187/447/467 467/448/468
f 187/447/467 188/449/469 467/448/468
f 467/448/468 188/449/469 471/450/470
f 188/449/469 189/451/471 471/450/470
f 471/450/470 189/451/471 475/452/472
f 189/451/471 190/453/473 475/452/472
f 475/452/472 190/453/473 479/454/474
f 190/453/473 191/455/475 479/454/474
f 479/454/474 191/455/475 483/456/476
f 191/455/475 192/457/477 483/456/476
f 483/456/476 192/457/477 487/458/478
f 192/457/477 193/459/479 487/458/478
f 487/458/478 193/459/479 491/460/480
f 193/459/479 194/461/481 491/460/480
f 491/460/480 194/461/481 495/462/482
f 194/461/481 195/463/483 495/462/482
f 495/462/482 195/463/483 499/464/484
f 195/463/483 196/465/485 499/464/484
f 499/464/484 196/465/485 503/466/486
f 196/465/485 197/467/487 503/466/486
f 503/466/486 197/467/487 507/468/488
f 197/467/487 198/469/489 507/468/488
f 507/468/488 198/469/489 511/470/490
f 198/469/489 199/471/491 511/470/490
f 511/470/490 199/471/491 515/472/492
f 199/471/491 200/473/493 515/472/492
f 515/472/492 200/473/493 519/474/494
f 200/473/493 181/435/455 519/474/494
f 519/474/494 181/435/455 443/436/457
f 182/477/456 181/475/455 531/476/417
f 531/476/417 181/475/455 538/394/418
f 183/479/459 182/477/456 543/478/495
f 543/478/495 182/477/456 531/476/417
f 184/481/461 183/479/459 551/480/496
f 551/480/496 183/479/459 543/478/495
f 185/483/463 184/481/461 559/482/497
f 559/482/497 184/481/461 551/480/496
f 186/485/465 185/483/463 567/484/498
f 567/484/498 185/483/463 559/482/497
f 187/487/467 186/485/465 575/486/499
f 575/486/499 186/485/465 567/484/498
f 188/489/469 187/487/467 583/488/500
f 583/488/500 187/487/467 575/486/499
f 189/491/471 188/489/469 591/490/501
f 591/490/501 188/489/469 583/488/500
f 190/493/473 189/491/471 599/492/502
f 599/492/502 189/491/471 591/490/501
f 191/495/475 190/493/473 607/494/503
f 607/494/503 190/493/473 599/492/502
f 192/497/477 191/495/475 615/496/504
f 615/496/504 191/495/475 607/494/503
f 193/499/479 192/497/477 623/498/505
f 623/498/505 192/497/477 615/496/504
f 194/501/481 193/499/479 631/500/506
f 631/500/506 193/499/479 623/498/505
f 195/503/483 194/501/481 639/502/507
f 639/502/507 194/501/481 631/500/506
f 196/505/485 195/503/483 647/504/508
f 647/504/508 195/503/483 639/502/507
f 197/507/487 196/505/485 655/506/509
f 655/506/509 196/505/485 647/504/508
f 198/509/489 197/507/487 663/508/510
f 663/508/510 197/507/487 655/506/509
f 199/511/491 198/509/489 671/510/511
f 671/510/511 198/509/489 663/508/510
f 200/514/493 199/511/491 679/512/512
f 679/512/512 199/511/491 671/510/511
f 181/513/455 200/514/493 538/515/418
f 538/515/418 200/514/493 679/512/512
f 446/554/513 450/516/514 282/909/263
f 282/909/263 450/516/514 290/519/264
f 450/516/514 454/518/515 290/519/264
f 290/519/264 454/518/515 299/521/277
f 454/518/515 458/520/516 299/521/277
f 299/521/277 458/520/516 307/523/284
f 458/520/516 462/522/517 307/523/284
f 307/523/284 462/522/517 315/525/291
f 462/522/517 466/524/518 315/525/291
f 315/525/291 466/524/518 323/527/298
f 466/524/518 470/526/519 323/527/298
f 323/527/298 470/526/519 331/529/305
f 470/526/519 474/528/520 331/529/305
f 331/529/305 474/528/520 339/531/312
f 474/528/520 478/530/521 339/531/312
f 339/531/312 478/530/521 347/533/319
f 478/530/521 482/532/522 347/533/319
f 347/533/319 482/532/522 355/535/326
f 482/532/522 486/534/523 355/535/326
f 355/535/326 486/534/523 363/537/333
f 486/534/523 490/536/524 363/537/333
f 363/537/333 490/536/524 371/539/340
f 490/536/524 494/538/525 371/539/340
f 371/539/340 494/538/525 379/541/347
f 494/538/525 498/540/526 379/541/347
f 379/541/347 498/540/526 387/543/354
f 498/540/526 502/542/527 387/543/354
f 387/543/354 502/542/527 395/545/361
f 502/542/527 506/544/528 395/545/361
f 395/545/361 506/544/528 403/547/368
f 506/544/528 510/546/529 403/547/368
f 403/547/368 510/546/529 411/549/375
f 510/546/529 514/548/530 411/549/375
f 411/549/375 514/548/530 419/551/382
f 514/548/530 518/550/531 419/551/382
f 419/551/382 518/550/531 427/553/389
f 518/550/531 522/552/532 427/553/389
f 427/553/389 522/552/532 435/555/396
f 522/552/532 446/910/513 435/555/396
f 435/555/396 446/910/513 282/517/263
f 445/914/533 446/910/513 521/597/534
f 521/597/534 446/910/513 522/552/532
f 443/436/457 444/913/535 519/474/494
f 519/474/494 444/913/535 520/596/536
f 444/913/535 445/914/533 520/596/536
f 520/596/536 445/914/533 521/597/534
f 446/554/513 445/559/533 450/516/514
f 450/516/514 445/559/533 449/561/537
f 445/559/533 444/558/535 449/561/537
f 449/561/537 444/558/535 448/560/538
f 444/558/535 443/912/457 448/560/538
f 448/560/538 443/912/457 447/438/458
f 450/516/514 449/561/537 454/518/515
f 454/518/515 449/561/537 453/563/539
f 449/561/537 448/560/538 453/563/539
f 453/563/539 448/560/538 452/562/540
f 448/560/538 447/438/458 452/562/540
f 452/562/540 447/438/458 451/440/460
f 454/518/515 453/563/539 458/520/516
f 458/520/516 453/563/539 457/565/541
f 453/563/539 452/562/540 457/565/541
f 457/565/541 452/562/540 456/564/542
f 452/562/540 451/440/460 456/564/542
f 456/564/542 451/440/460 455/442/462
f 458/520/516 457/565/541 462/522/517
f 462/522/517 457/565/541 461/567/543
f 457/565/541 456/564/542 461/567/543
f 461/567/543 456/564/542 460/566/544
f 456/564/542 455/442/462 460/566/544
f 460/566/544 455/442/462 459/444/464
f 462/522/517 461/567/543 466/524/518
f 466/524/518 461/567/543 465/569/545
f 461/567/543 460/566/544 465/569/545
f 465/569/545 460/566/544 464/568/546
f 460/566/544 459/444/464 464/568/546
f 464/568/546 459/444/464 463/446/466
f 466/524/518 465/569/545 470/526/519
f 470/526/519 465/569/545 469/571/547
f 465/569/545 464/568/546 469/571/547
f 469/571/547 464/568/546 468/570/548
f 464/568/546 463/446/466 468/570/548
f 468/570/548 463/446/466 467/448/468
f 470/526/519 469/571/547 474/528/520
f 474/528/520 469/571/547 473/573/549
f 469/571/547 468/570/548 473/573/549
f 473/573/549 468/570/548 472/572/550
f 468/570/548 467/448/468 472/572/550
f 472/572/550 467/448/468 471/450/470
f 474/528/520 473/573/549 478/530/521
f 478/530/521 473/573/549 477/575/551
f 473/573/549 472/572/550 477/575/551
f 477/575/551 472/572/550 476/574/552
f 472/572/550 471/450/470 476/574/552
f 476/574/552 471/450/470 475/452/472
f 478/530/521 477/575/551 482/532/522
f 482/532/522 477/575/551 481/577/553
f 477/575/551 476/574/552 481/577/553
f 481/577/553 476/574/552 480/576/554
f 476/574/552 475/452/472 480/576/554
f 480/576/554 475/452/472 479/454/474
f 482/532/522 481/577/553 486/534/523
f 486/534/523 481/577/553 485/579/555
f 481/577/553 480/576/554 485/579/555
f 485/579/555 480/576/554 484/578/556
f 480/576/554 479/454/474 484/578/556
f 484/578/556 479/454/474 483/456/476
f 486/534/523 485/579/555 490/536/524
f 490/536/524 485/579/555 489/581/557
f 485/579/555 484/578/556 489/581/557
f 489/581/557 484/578/556 488/580/558
f 484/578/556 483/456/476 488/580/558
f 488/580/558 483/456/476 487/458/478
f 490/536/524 489/581/557 494/538/525
f 494/538/525 489/581/557 493/583/559
f 489/581/557 488/580/558 493/583/559
f 493/583/559 488/580/558 492/582/560
f 488/580/558 487/458/478 492/582/560
f 492/582/560 487/458/478 491/460/480
f 494/538/525 493/583/559 498/540/526
f 498/540/526 493/583/559 497/585/561
f 493/583/559 492/582/560 497/585/561
f 497/585/561 492/582/560 496/584/562
f 492/582/560 491/460/480 496/584/562
f 496/584/562 491/460/480 495/462/482
f 498/540/526 497/585/561 502/542/527
f 502/542/527 497/585/561 501/587/563
f 497/585/561 496/584/562 501/587/563
f 501/587/563 496/584/562 500/586/564
f 496/584/562 495/462/482 500/586/564
f 500/586/564 495/462/482 499/464/484
f 502/542/527 501/587/563 506/544/528
f 506/544/528 501/587/563 505/589/565
f 501/587/563 500/586/564 505/589/565
f 505/589/565 500/586/564 504/588/566
f 500/586/564 499/464/484 504/588/566
f 504/588/566 499/464/484 503/466/486
f 506/544/528 505/589/565 510/546/529
f 510/546/529 505/589/565 509/591/567
f 505/589/565 504/588/566 509/591/567
f 509/591/567 504/588/566 508/590/568
f 504/588/566 503/466/486 508/590/568
f 508/590/568 503/466/486 507/468/488
f 510/546/529 509/591/567 514/548/530
f 514/548/530 509/591/567 513/593/569
f 509/591/567 508/590/568 513/593/569
f 513/593/569 508/590/568 512/592/570
f 508/590/568 507/468/488 512/592/570
f 512/592/570 507/468/488 511/470/490
f 514/548/530 513/593/569 518/550/531
f 518/550/531 513/593/569 517/595/571
f 513/593/569 512/592/570 517/595/571
f 517/595/571 512/592/570 516/594/572
f 512/592/570 511/470/490 516/594/572
f 516/594/572 511/470/490 515/472/492
f 518/550/531 517/595/571 522/552/532
f 522/552/532 517/595/571 521/597/534
f 517/595/571 516/594/572 521/597/534
f 521/597/534 516/594/572 520/596/536
f 516/594/572 515/472/492 520/596/536
f 520/596/536 515/472/492 519/474/494
f 529/603/408 530/706/410 541/611/573
f 541/611/573 530/706/410 542/708/574
f 527/395/405 528/602/406 539/397/419
f 539/397/419 528/602/406 540/610/575
f 528/602/406 529/603/408 540/610/575
f 540/610/575 529/603/408 541/611/573
f 533/605/412 534/398/411 545/613/576
f 545/613/576 534/398/411 546/400/420
f 531/476/417 532/604/415 543/478/495
f 543/478/495 532/604/415 544/612/577
f 532/604/415 533/605/412 544/612/577
f 544/612/577 533/605/412 545/613/576
f 541/611/573 542/708/574 549/615/578
f 549/615/578 542/708/574 550/710/579
f 539/397/419 540/610/575 547/399/421
f 547/399/421 540/610/575 548/614/580
f 540/610/575 541/611/573 548/614/580
f 548/614/580 541/611/573 549/615/578
f 545/613/576 546/400/420 553/617/581
f 553/617/581 546/400/420 554/402/422
f 543/478/495 544/612/577 551/480/496
f 551/480/496 544/612/577 552/616/582
f 544/612/577 545/613/576 552/616/582
f 552/616/582 545/613/576 553/617/581
f 549/615/578 550/710/579 557/619/583
f 557/619/583 550/710/579 558/712/584
f 547/399/421 548/614/580 555/401/423
f 555/401/423 548/614/580 556/618/585
f 548/614/580 549/615/578 556/618/585
f 556/618/585 549/615/578 557/619/583
f 553/617/581 554/402/422 561/621/586
f 561/621/586 554/402/422 562/404/424
f 551/480/496 552/616/582 559/482/497
f 559/482/497 552/616/582 560/620/587
f 552/616/582 553/617/581 560/620/587
f 560/620/587 553/617/581 561/621/586
f 557/619/583 558/712/584 565/623/588
f 565/623/588 558/712/584 566/714/589
f 555/401/423 556/618/585 563/403/425
f 563/403/425 556/618/585 564/622/590
f 556/618/585 557/619/583 564/622/590
f 564/622/590 557/619/583 565/623/588
f 561/621/586 562/404/424 569/625/591
f 569/625/591 562/404/424 570/406/426
f 559/482/497 560/620/587 567/484/498
f 567/484/498 560/620/587 568/624/592
f 560/620/587 561/621/586 568/624/592
f 568/624/592 561/621/586 569/625/591
f 565/623/588 566/714/589 573/627/593
f 573/627/593 566/714/589 574/716/594
f 563/403/425 564/622/590 571/405/427
f 571/405/427 564/622/590 572/626/595
f 564/622/590 565/623/588 572/626/595
f 572/626/595 565/623/588 573/627/593
f 569/625/591 570/406/426 577/629/596
f 577/629/596 570/406/426 578/408/428
f 567/484/498 568/624/592 575/486/499
f 575/486/499 568/624/592 576/628/597
f 568/624/592 569/625/591 576/628/597
f 576/628/597 569/625/591 577/629/596
f 573/627/593 574/716/594 581/631/598
f 581/631/598 574/716/594 582/718/599
f 571/405/427 572/626/595 579/407/429
f 579/407/429 572/626/595 580/630/600
f 572/626/595 573/627/593 580/630/600
f 580/630/600 573/627/593 581/631/598
f 577/629/596 578/408/428 585/633/601
f 585/633/601 578/408/428 586/410/430
f 575/486/499 576/628/597 583/488/500
f 583/488/500 576/628/597 584/632/602
f 576/628/597 577/629/596 584/632/602
f 584/632/602 577/629/596 585/633/601
f 581/631/598 582/718/599 589/635/603
f 589/635/603 582/718/599 590/720/604
f 579/407/429 580/630/600 587/409/431
f 587/409/431 580/630/600 588/634/605
f 580/630/600 581/631/598 588/634/605
f 588/634/605 581/631/598 589/635/603
f 585/633/601 586/410/430 593/637/606
f 593/637/606 586/410/430 594/412/432
f 583/488/500 584/632/602 591/490/501
f 591/490/501 584/632/602 592/636/607
f 584/632/602 585/633/601 592/636/607
f 592/636/607 585/633/601 593/637/606
f 589/635/603 590/720/604 597/639/608
f 597/639/608 590/720/604 598/722/609
f 587/409/431 588/634/605 595/411/433
f 595/411/433 588/634/605 596/638/610
f 588/634/605 589/635/603 596/638/610
f 596/638/610 589/635/603 597/639/608
f 593/637/606 594/412/432 601/641/611
f 601/641/611 594/412/432 602/414/434
f 591/490/501 592/636/607 599/492/502
f 599/492/502 592/636/607 600/640/612
f 592/636/607 593/637/606 600/640/612
f 600/640/612 593/637/606 601/641/611
f 597/639/608 598/722/609 605/643/613
f 605/643/613 598/722/609 606/724/614
f 595/411/433 596/638/610 603/413/435
f 603/413/435 596/638/610 604/642/615
f 596/638/610 597/639/608 604/642/615
f 604/642/615 597/639/608 605/643/613
f 601/641/611 602/414/434 609/645/616
f 609/645/616 602/414/434 610/416/436
f 599/492/502 600/640/612 607/494/503
f 607/494/503 600/640/612 608/644/617
f 600/640/612 601/641/611 608/644/617
f 608/644/617 601/641/611 609/645/616
f 605/643/613 606/724/614 613/647/618
f 613/647/618 606/724/614 614/726/619
f 603/413/435 604/642/615 611/415/437
f 611/415/437 604/642/615 612/646/620
f 604/642/615 605/643/613 612/646/620
f 612/646/620 605/643/613 613/647/618
f 609/645/616 610/416/436 617/649/621
f 617/649/621 610/416/436 618/418/438
f 607/494/503 608/644/617 615/496/504
f 615/496/504 608/644/617 616/648/622
f 608/644/617 609/645/616 616/648/622
f 616/648/622 609/645/616 617/649/621
f 613/647/618 614/726/619 621/651/623
f 621/651/623 614/726/619 622/728/624
f 611/415/437 612/646/620 619/417/439
f 619/417/439 612/646/620 620/650/625
f 612/646/620 613/647/618 620/650/625
f 620/650/625 613/647/618 621/651/623
f 617/649/621 618/418/438 625/653/626
f 625/653/626 618/418/438 626/420/440
f 615/496/504 616/648/622 623/498/505
f 623/498/505 616/648/622 624/652/627
f 616/648/622 617/649/621 624/652/627
f 624/652/627 617/649/621 625/653/626
f 621/651/623 622/728/624 629/655/628
f 629/655/628 622/728/624 630/730/629
f 619/417/439 620/650/625 627/419/441
f 627/419/441 620/650/625 628/654/630
f 620/650/625 621/651/623 628/654/630
f 628/654/630 621/651/623 629/655/628
f 625/653/626 626/420/440 633/657/631
f 633/657/631 626/420/440 634/422/442
f 623/498/505 624/652/627 631/500/506
f 631/500/506 624/652/627 632/656/632
f 624/652/627 625/653/626 632/656/632
f 632/656/632 625/653/626 633/657/631
f 629/655/628 630/730/629 637/659/633
f 637/659/633 630/730/629 638/732/634
f 627/419/441 628/654/630 635/421/443
f 635/421/443 628/654/630 636/658/635
f 628/654/630 629/655/628 636/658/635
f 636/658/635 629/655/628 637/659/633
f 633/657/631 634/422/442 641/661/636
f 641/661/636 634/422/442 642/424/444
f 631/500/506 632/656/632 639/502/507
f 639/502/507 632/656/632 640/660/637
f 632/656/632 633/657/631 640/660/637
f 640/660/637 633/657/631 641/661/636
f 637/659/633 638/732/634 645/663/638
f 645/663/638 638/732/634 646/734/639
f 635/421/443 636/658/635 643/423/445
f 643/423/445 636/658/635 644/662/640
f 636/658/635 637/659/633 644/662/640
f 644/662/640 637/659/633 645/663/638
f 641/661/636 642/424/444 649/665/641
f 649/665/641 642/424/444 650/426/446
f 639/502/507 640/660/637 647/504/508
f 647/504/508 640/660/637 648/664/642
f 640/660/637 641/661/636 648/664/642
f 648/664/642 641/661/636 649/665/641
f 645/663/638 646/734/639 653/667/643
f 653/667/643 646/734/639 654/736/644
f 643/423/445 644/662/640 651/425/447
f 651/425/447 644/662/640 652/666/645
f 644/662/640 645/663/638 652/666/645
f 652/666/645 645/663/638 653/667/643
f 649/665/641 650/426/446 657/669/646
f 657/669/646 650/426/446 658/428/448
f 647/504/508 648/664/642 655/506/509
f 655/506/509 648/664/642 656/668/647
f 648/664/642 649/665/641 656/668/647
f 656/668/647 649/665/641 657/669/646
f 653/667/643 654/736/644 661/671/648
f 661/671/648 654/736/644 662/738/649
f 651/425/447 652/666/645 659/427/449
f 659/427/449 652/666/645 660/670/650
f 652/666/645 653/667/643 660/670/650
f 660/670/650 653/667/643 661/671/648
f 657/669/646 658/428/448 665/673/651
f 665/673/651 658/428/448 666/430/450
f 655/506/509 656/668/647 663/508/510
f 663/508/510 656/668/647 664/672/652
f 656/668/647 657/669/646 664/672/652
f 664/672/652 657/669/646 665/673/651
f 661/671/648 662/738/649 669/675/653
f 669/675/653 662/738/649 670/740/654
f 659/427/449 660/670/650 667/429/451
f 667/429/451 660/670/650 668/674/655
f 660/670/650 661/671/648 668/674/655
f 668/674/655 661/671/648 669/675/653
f 665/673/651 666/430/450 673/677/656
f 673/677/656 666/430/450 674/432/452
f 663/508/510 664/672/652 671/510/511
f 671/510/511 664/672/652 672/676/657
f 664/672/652 665/673/651 672/676/657
f 672/676/657 665/673/651 673/677/656
f 669/675/653 670/740/654 677/679/658
f 677/679/658 670/740/654 678/742/659
f 667/429/451 668/674/655 675/431/453
f 675/431/453 668/674/655 676/678/660
f 668/674/655 669/675/653 676/678/660
f 676/678/660 669/675/653 677/679/658
f 673/677/656 674/432/452 681/681/661
f 681/681/661 674/432/452 682/434/454
f 671/510/511 672/676/657 679/512/512
f 679/512/512 672/676/657 680/680/662
f 672/676/657 673/677/656 680/680/662
f 680/680/662 673/677/656 681/681/661
f 523/556/409 524/598/407 678/742/659
f 678/742/659 524/598/407 677/679/658
f 524/598/407 525/600/404 677/679/658
f 677/679/658 525/600/404 676/678/660
f 525/600/404 526/433/403 676/678/660
f 676/678/660 526/433/403 675/431/453
f 535/557/413 536/606/414 682/434/454
f 682/434/454 536/606/414 681/681/661
f 536/606/414 537/608/416 681/681/661
f 681/681/661 537/608/416 680/680/662
f 537/608/416 538/515/418 680/680/662
f 680/680/662 538/515/418 679/512/512
f 202/845/663 201/682/664 740/683/665
f 740/683/665 201/682/664 683/743/666
f 203/843/667 202/845/663 737/684/668
f 737/684/668 202/845/663 740/683/665
f 204/841/669 203/843/667 734/685/670
f 734/685/670 203/843/667 737/684/668
f 205/839/671 204/841/669 731/686/672
f 731/686/672 204/841/669 734/685/670
f 206/837/673 205/839/671 728/687/674
f 728/687/674 205/839/671 731/686/672
f 207/835/675 206/837/673 725/688/676
f 725/688/676 206/837/673 728/687/674
f 208/833/677 207/835/675 722/689/678
f 722/689/678 207/835/675 725/688/676
f 209/831/679 208/833/677 719/690/680
f 719/690/680 208/833/677 722/689/678
f 210/829/681 209/831/679 716/691/682
f 716/691/682 209/831/679 719/690/680
f 211/827/683 210/829/681 713/692/684
f 713/692/684 210/829/681 716/691/682
f 212/825/685 211/827/683 710/693/686
f 710/693/686 211/827/683 713/692/684
f 213/823/687 212/825/685 707/694/688
f 707/694/688 212/825/685 710/693/686
f 214/821/689 213/823/687 704/695/690
f 704/695/690 213/823/687 707/694/688
f 215/819/691 214/821/689 701/696/692
f 701/696/692 214/821/689 704/695/690
f 216/817/693 215/819/691 698/697/694
f 698/697/694 215/819/691 701/696/692
f 217/815/695 216/817/693 695/698/696
f 695/698/696 216/817/693 698/697/694
f 218/813/697 217/815/695 692/699/698
f 692/699/698 217/815/695 695/698/696
f 219/811/699 218/813/697 689/700/700
f 689/700/700 218/813/697 692/699/698
f 220/809/701 219/811/699 686/701/702
f 686/701/702 219/811/699 689/700/700
f 201/807/664 220/809/701 683/702/666
f 683/702/666 220/809/701 686/701/702
f 685/744/703 688/703/704 523/704/409
f 523/704/409 688/703/704 530/706/410
f 688/703/704 691/705/705 530/706/410
f 530/706/410 691/705/705 542/708/574
f 691/705/705 694/707/706 542/708/574
f 542/708/574 694/707/706 550/710/579
f 694/707/706 697/709/707 550/710/579
f 550/710/579 697/709/707 558/712/584
f 697/709/707 700/711/708 558/712/584
f 558/712/584 700/711/708 566/714/589
f 700/711/708 703/713/709 566/714/589
f 566/714/589 703/713/709 574/716/594
f 703/713/709 706/715/710 574/716/594
f 574/716/594 706/715/710 582/718/599
f 706/715/710 709/717/711 582/718/599
f 582/718/599 709/717/711 590/720/604
f 709/717/711 712/719/712 590/720/604
f 590/720/604 712/719/712 598/722/609
f 712/719/712 715/721/713 598/722/609
f 598/722/609 715/721/713 606/724/614
f 715/721/713 718/723/714 606/724/614
f 606/724/614 718/723/714 614/726/619
f 718/723/714 721/725/715 614/726/619
f 614/726/619 721/725/715 622/728/624
f 721/725/715 724/727/716 622/728/624
f 622/728/624 724/727/716 630/730/629
f 724/727/716 727/729/717 630/730/629
f 630/730/629 727/729/717 638/732/634
f 727/729/717 730/731/718 638/732/634
f 638/732/634 730/731/718 646/734/639
f 730/731/718 733/733/719 646/734/639
f 646/734/639 733/733/719 654/736/644
f 733/733/719 736/735/720 654/736/644
f 654/736/644 736/735/720 662/738/649
f 736/735/720 739/737/721 662/738/649
f 662/738/649 739/737/721 670/740/654
f 739/737/721 742/739/722 670/740/654
f 670/740/654 742/739/722 678/742/659
f 742/739/722 685/741/703 678/742/659
f 678/742/659 685/741/703 523/556/409
f 683/743/666 684/746/723 740/683/665
f 740/683/665 684/746/723 741/765/724
f 684/746/723 685/741/703 741/765/724
f 741/765/724 685/741/703 742/739/722
f 685/744/703 684/745/723 688/703/704
f 688/703/704 684/745/723 687/747/725
f 684/745/723 683/702/666 687/747/725
f 687/747/725 683/702/666 686/701/702
f 688/703/704 687/747/725 691/705/705
f 691/705/705 687/747/725 690/748/726
f 687/747/725 686/701/702 690/748/726
f 690/748/726 686/701/702 689/700/700
f 691/705/705 690/748/726 694/707/706
f 694/707/706 690/748/726 693/749/727
f 690/748/726 689/700/700 693/749/727
f 693/749/727 689/700/700 692/699/698
f 694/707/706 693/749/727 697/709/707
f 697/709/707 693/749/727 696/750/728
f 693/749/727 692/699/698 696/750/728
f 696/750/728 692/699/698 695/698/696
f 697/709/707 696/750/728 700/711/708
f 700/711/708 696/750/728 699/751/729
f 696/750/728 695/698/696 699/751/729
f 699/751/729 695/698/696 698/697/694
f 700/711/708 699/751/729 703/713/709
f 703/713/709 699/751/729 702/752/730
f 699/751/729 698/697/694 702/752/730
f 702/752/730 698/697/694 701/696/692
f 703/713/709 702/752/730 706/715/710
f 706/715/710 702/752/730 705/753/731
f 702/752/730 701/696/692 705/753/731
f 705/753/731 701/696/692 704/695/690
f 706/715/710 705/753/731 709/717/711
f 709/717/711 705/753/731 708/754/732
f 705/753/731 704/695/690 708/754/732
f 708/754/732 704/695/690 707/694/688
f 709/717/711 708/754/732 712/719/712
f 712/719/712 708/754/732 711/755/733
f 708/754/732 707/694/688 711/755/733
f 711/755/733 707/694/688 710/693/686
f 712/719/712 711/755/733 715/721/713
f 715/721/713 711/755/733 714/756/734
f 711/755/733 710/693/686 714/756/734
f 714/756/734 710/693/686 713/692/684
f 715/721/713 714/756/734 718/723/714
f 718/723/714 714/756/734 717/757/735
f 714/756/734 713/692/684 717/757/735
f 717/757/735 713/692/684 716/691/682
f 718/723/714 717/757/735 721/725/715
f 721/725/715 717/757/735 720/758/736
f 717/757/735 716/691/682 720/758/736
f 720/758/736 716/691/682 719/690/680
f 721/725/715 720/758/736 724/727/716
f 724/727/716 720/758/736 723/759/737
f 720/758/736 719/690/680 723/759/737
f 723/759/737 719/690/680 722/689/678
f 724/727/716 723/759/737 727/729/717
f 727/729/717 723/759/737 726/760/738
f 723/759/737 722/689/678 726/760/738
f 726/760/738 722/689/678 725/688/676
f 727/729/717 726/760/738 730/731/718
f 730/731/718 726/760/738 729/761/739
f 726/760/738 725/688/676 729/761/739
f 729/761/739 725/688/676 728/687/674
f 730/731/718 729/761/739 733/733/719
f 733/733/719 729/761/739 732/762/740
f 729/761/739 728/687/674 732/762/740
f 732/762/740 728/687/674 731/686/672
f 733/733/719 732/762/740 736/735/720
f 736/735/720 732/762/740 735/763/741
f 732/762/740 731/686/672 735/763/741
f 735/763/741 731/686/672 734/685/670
f 736/735/720 735/763/741 739/737/721
f 739/737/721 735/763/741 738/764/742
f 735/763/741 734/685/670 738/764/742
f 738/764/742 734/685/670 737/684/668
f 739/737/721 738/764/742 742/739/722
f 742/739/722 738/764/742 741/765/724
f 738/764/742 737/684/668 741/765/724
f 741/765/724 737/684/668 740/683/665
f 161/188/181 162/766/182 743/767/743
f 743/767/743 162/766/182 746/769/744
f 162/766/182 163/768/183 746/769/744
f 746/769/744 163/768/183 749/771/745
f 163/768/183 164/770/184 749/771/745
f 749/771/745 164/770/184 752/773/746
f 164/770/184 165/772/185 752/773/746
f 752/773/746 165/772/185 755/775/747
f 165/772/185 166/774/186 755/775/747
f 755/775/747 166/774/186 758/777/748
f 166/774/186 167/776/187 758/777/748
f 758/777/748 167/776/187 761/779/749
f 167/776/187 168/778/188 761/779/749
f 761/779/749 168/778/188 764/781/750
f 168/778/188 169/780/189 764/781/750
f 764/781/750 169/780/189 767/783/751
f 169/780/189 170/782/190 767/783/751
f 767/783/751 170/782/190 770/785/752
f 170/782/190 171/784/191 770/785/752
f 770/785/752 171/784/191 773/787/753
f 171/784/191 172/786/192 773/787/753
f 773/787/753 172/786/192 776/789/754
f 172/786/192 173/788/193 776/789/754
f 776/789/754 173/788/193 779/791/755
f 173/788/193 174/790/194 779/791/755
f 779/791/755 174/790/194 782/793/756
f 174/790/194 175/792/195 782/793/756
f 782/793/756 175/792/195 785/795/757
f 175/792/195 176/794/196 785/795/757
f 785/795/757 176/794/196 788/797/758
f 176/794/196 177/796/197 788/797/758
f 788/797/758 177/796/197 791/799/759
f 177/796/197 178/798/198 791/799/759
f 791/799/759 178/798/198 794/801/760
f 178/798/198 179/800/199 794/801/760
f 794/801/760 179/800/199 797/803/761
f 179/800/199 180/802/200 797/803/761
f 797/803/761 180/802/200 800/805/762
f 180/802/200 161/804/181 800/805/762
f 800/805/762 161/804/181 743/846/743
f 745/847/763 748/806/764 201/807/664
f 201/807/664 748/806/764 220/809/701
f 748/806/764 751/808/765 220/809/701
f 220/809/701 751/808/765 219/811/699
f 751/808/765 754/810/766 219/811/699
f 219/811/699 754/810/766 218/813/697
f 754/810/766 757/812/767 218/813/697
f 218/813/697 757/812/767 217/815/695
f 757/812/767 760/814/768 217/815/695
f 217/815/695 760/814/768 216/817/693
f 760/814/768 763/816/769 216/817/693
f 216/817/693 763/816/769 215/819/691
f 763/816/769 766/818/770 215/819/691
f 215/819/691 766/818/770 214/821/689
f 766/818/770 769/820/771 214/821/689
f 214/821/689 769/820/771 213/823/687
f 769/820/771 772/822/772 213/823/687
f 213/823/687 772/822/772 212/825/685
f 772/822/772 775/824/773 212/825/685
f 212/825/685 775/824/773 211/827/683
f 775/824/773 778/826/774 211/827/683
f 211/827/683 778/826/774 210/829/681
f 778/826/774 781/828/775 210/829/681
f 210/829/681 781/828/775 209/831/679
f 781/828/775 784/830/776 209/831/679
f 209/831/679 784/830/776 208/833/677
f 784/830/776 787/832/777 208/833/677
f 208/833/677 787/832/777 207/835/675
f 787/832/777 790/834/778 207/835/675
f 207/835/675 790/834/778 206/837/673
f 790/834/778 793/836/779 206/837/673
f 206/837/673 793/836/779 205/839/671
f 793/836/779 796/838/780 205/839/671
f 205/839/671 796/838/780 204/841/669
f 796/838/780 799/840/781 204/841/669
f 204/841/669 799/840/781 203/843/667
f 799/840/781 802/842/782 203/843/667
f 203/843/667 802/842/782 202/845/663
f 802/842/782 745/844/763 202/845/663
f 202/845/663 745/844/763 201/682/664
f 743/846/743 744/849/783 800/805/762
f 800/805/762 744/849/783 801/868/784
f 744/849/783 745/844/763 801/868/784
f 801/868/784 745/844/763 802/842/782
f 745/847/763 744/848/783 748/806/764
f 748/806/764 744/848/783 747/850/785
f 744/848/783 743/767/743 747/850/785
f 747/850/785 743/767/743 746/769/744
f 748/806/764 747/850/785 751/808/765
f 751/808/765 747/850/785 750/851/786
f 747/850/785 746/769/744 750/851/786
f 750/851/786 746/769/744 749/771/745
f 751/808/765 750/851/786 754/810/766
f 754/810/766 750/851/786 753/852/787
f 750/851/786 749/771/745 753/852/787
f 753/852/787 749/771/745 752/773/746
f 754/810/766 753/852/787 757/812/767
f 757/812/767 753/852/787 756/853/788
f 753/852/787 752/773/746 756/853/788
f 756/853/788 752/773/746 755/775/747
f 757/812/767 756/853/788 760/814/768
f 760/814/768 756/853/788 759/854/789
f 756/853/788 755/775/747 759/854/789
f 759/854/789 755/775/747 758/777/748
f 760/814/768 759/854/789 763/816/769
f 763/816/769 759/854/789 762/855/790
f 759/854/789 758/777/748 762/855/790
f 762/855/790 758/777/748 761/779/749
f 763/816/769 762/855/790 766/818/770
f 766/818/770 762/855/790 765/856/791
f 762/855/790 761/779/749 765/856/791
f 765/856/791 761/779/749 764/781/750
f 766/818/770 765/856/791 769/820/771
f 769/820/771 765/856/791 768/857/792
f 765/856/791 764/781/750 768/857/792
f 768/857/792 764/781/750 767/783/751
f 769/820/771 768/857/792 772/822/772
f 772/822/772 768/857/792 771/858/793
f 768/857/792 767/783/751 771/858/793
f 771/858/793 767/783/751 770/785/752
f 772/822/772 771/858/793 775/824/773
f 775/824/773 771/858/793 774/859/794
f 771/858/793 770/785/752 774/859/794
f 774/859/794 770/785/752 773/787/753
f 775/824/773 774/859/794 778/826/774
f 778/826/774 774/859/794 777/860/795
f 774/859/794 773/787/753 777/860/795
f 777/860/795 773/787/753 776/789/754
f 778/826/774 777/860/795 781/828/775
f 781/828/775 777/860/795 780/861/796
f 777/860/795 776/789/754 780/861/796
f 780/861/796 776/789/754 779/791/755
f 781/828/775 780/861/796 784/830/776
f 784/830/776 780/861/796 783/862/797
f 780/861/796 779/791/755 783/862/797
f 783/862/797 779/791/755 782/793/756
f 784/830/776 783/862/797 787/832/777
f 787/832/777 783/862/797 786/863/798
f 783/862/797 782/793/756 786/863/798
f 786/863/798 782/793/756 785/795/757
f 787/832/777 786/863/798 790/834/778
f 790/834/778 786/863/798 789/864/799
f 786/863/798 785/795/757 789/864/799
f 789/864/799 785/795/757 788/797/758
f 790/834/778 789/864/799 793/836/779
f 793/836/779 789/864/799 792/865/800
f 789/864/799 788/797/758 792/865/800
f 792/865/800 788/797/758 791/799/759
f 793/836/779 792/865/800 796/838/780
f 796/838/780 792/865/800 795/866/801
f 792/865/800 791/799/759 795/866/801
f 795/866/801 791/799/759 794/801/760
f 796/838/780 795/866/801 799/840/781
f 799/840/781 795/866/801 798/867/802
f 795/866/801 794/801/760 798/867/802
f 798/867/802 794/801/760 797/803/761
f 799/840/781 798/867/802 802/842/782
f 802/842/782 798/867/802 801/868/784
f 798/867/802 797/803/761 801/868/784
f 801/868/784 797/803/761 800/805/762
