# This file uses meters as units for non-parametric coordinates.

mtllib Rake.mtl
g default
v -20.732307 0.367902 -1.770125
v -21.298868 0.367902 -1.443019
v -21.719389 0.367902 -0.941864
v -21.943144 0.367902 -0.327106
v -21.943144 0.367902 0.327105
v -21.719389 0.367902 0.941864
v -21.298874 0.367902 1.443019
v -20.732313 0.367902 1.770125
v 19.771551 0.367902 1.770125
v 20.338116 0.367902 1.443019
v 20.758635 0.367902 0.941864
v 20.982388 0.367902 0.327106
v 20.982391 0.367902 -0.327106
v 20.758636 0.367902 -0.941864
v 20.338116 0.367902 -1.443019
v 19.771561 0.367902 -1.770125
v -0.644272 168.051498 -1.770125
v -1.210836 168.051498 -1.443019
v -1.631356 168.051498 -0.941864
v -1.855110 168.051498 -0.327106
v -1.855110 168.051498 0.327105
v -1.631356 168.051498 0.941864
v -1.210837 168.051498 1.443019
v -0.644273 168.051498 1.770125
v -0.000000 168.051498 1.883728
v 0.644272 168.051498 1.770125
v 1.210837 168.051498 1.443019
v 1.631356 168.051498 0.941864
v 1.855110 168.051498 0.327106
v 1.855110 168.051498 -0.327106
v 1.631356 168.051498 -0.941864
v 1.210837 168.051498 -1.443019
v 0.644273 168.051498 -1.770125
v 0.000000 168.051498 -1.883728
v 0.000000 168.051498 0.000000
v -0.644272 84.209694 -1.770125
v 0.000000 84.209694 -1.883728
v 0.644273 84.209694 -1.770125
v 1.210837 84.209694 -1.443019
v 1.631356 84.209694 -0.941864
v 1.855110 84.209694 -0.327106
v 1.855110 84.209694 0.327106
v 1.631356 84.209694 0.941864
v 1.210837 84.209694 1.443019
v 0.644272 84.209694 1.770125
v -0.000000 84.209694 1.883728
v -0.644273 84.209694 1.770125
v -1.210837 84.209694 1.443019
v -1.631356 84.209694 0.941864
v -1.855110 84.209694 0.327105
v -1.855110 84.209694 -0.327106
v -1.631356 84.209694 -0.941864
v -1.210836 84.209694 -1.443019
v -0.189586 67.441338 -1.770125
v -0.000000 67.441338 -1.883728
v 0.189586 67.441338 -1.770125
v 1.333925 67.441338 -1.443019
v 1.797193 67.441338 -0.941864
v 2.043693 67.441338 -0.327106
v 2.043692 67.441338 0.327106
v 1.797193 67.441338 0.941864
v 1.333925 67.441338 1.443019
v 0.189586 67.441338 1.770125
v -0.000001 67.441338 1.883728
v -0.189586 67.441338 1.770125
v -1.333925 67.441338 1.443019
v -1.797193 67.441338 0.941864
v -2.043692 67.441338 0.327105
v -2.043692 67.441338 -0.327106
v -1.797192 67.441338 -0.941864
v -1.333924 67.441338 -1.443019
v -7.079585 33.904621 -1.770125
v -7.079590 33.904621 1.770125
v -7.882236 33.904621 1.443019
v -8.302757 33.904621 0.941864
v -8.526512 33.904621 0.327105
v -8.526512 33.904621 -0.327106
v -8.302757 33.904621 -0.941864
v -7.882236 33.904621 -1.443019
v 6.991534 33.904621 1.770125
v 6.991539 33.904621 -1.770125
v 7.794188 33.904621 -1.443019
v 8.214707 33.904621 -0.941864
v 8.438461 33.904621 -0.327106
v 8.438460 33.904621 0.327106
v 8.214707 33.904621 0.941864
v 7.794188 33.904621 1.443019
v -13.218287 17.136261 -1.770125
v -13.218288 17.136261 1.770125
v -13.902892 17.136261 1.443019
v -14.323409 17.136261 0.941864
v -14.547161 17.136261 0.327105
v -14.547161 17.136261 -0.327106
v -14.323409 17.136261 -0.941864
v -13.902892 17.136261 -1.443019
v 12.763948 17.136261 1.770125
v 12.763954 17.136261 -1.770125
v 13.448557 17.136261 -1.443019
v 13.869078 17.136261 -0.941864
v 14.092832 17.136261 -0.327106
v 14.092827 17.136261 0.327106
v 13.869078 17.136261 0.941864
v 13.448557 17.136261 1.443019
v 3.137306 50.672977 1.770125
v 3.137308 50.672977 -1.770125
v 4.058004 50.672977 -1.443019
v 4.478524 50.672977 -0.941864
v 4.702279 50.672977 -0.327106
v 4.702278 50.672977 0.327106
v 4.478524 50.672977 0.941864
v 4.058004 50.672977 1.443019
v -2.986897 50.672977 -1.770125
v -2.986899 50.672977 1.770125
v -3.907596 50.672977 1.443019
v -4.328115 50.672977 0.941864
v -4.551867 50.672977 0.327105
v -4.551867 50.672977 -0.327106
v -4.328115 50.672977 -0.941864
v -3.907595 50.672977 -1.443019
v 1.549588 59.057159 1.770125
v 1.549589 59.057159 -1.770125
v 2.529311 59.057159 -1.443019
v 2.949832 59.057159 -0.941864
v 3.173584 59.057159 -0.327106
v 3.173584 59.057159 0.327106
v 2.949832 59.057159 0.941864
v 2.529311 59.057159 1.443019
v -1.558896 59.057159 -1.770125
v -1.558897 59.057159 1.770125
v -2.538616 59.057159 1.443019
v -2.959135 59.057159 0.941864
v -3.182889 59.057159 0.327105
v -3.182889 59.057159 -0.327106
v -2.959134 59.057159 -0.941864
v -2.538616 59.057159 -1.443019
v -4.813390 42.288799 -1.770125
v -4.813392 42.288799 1.770125
v -5.675070 42.288799 1.443019
v -6.095588 42.288799 0.941864
v -6.319342 42.288799 0.327105
v -6.319342 42.288799 -0.327106
v -6.095588 42.288799 -0.941864
v -5.675069 42.288799 -1.443019
v 4.884420 42.288799 1.770125
v 4.884426 42.288799 -1.770125
v 5.746099 42.288799 -1.443019
v 6.166617 42.288799 -0.941864
v 6.390370 42.288799 -0.327106
v 6.390370 42.288799 0.327106
v 6.166617 42.288799 0.941864
v 5.746099 42.288799 1.443019
v -9.884423 25.520439 -1.770125
v -9.884424 25.520439 1.770125
v -10.628055 25.520439 1.443019
v -11.048573 25.520439 0.941864
v -11.272326 25.520439 0.327105
v -11.272326 25.520439 -0.327106
v -11.048573 25.520439 -0.941864
v -10.628055 25.520439 -1.443019
v 9.618044 25.520439 1.770125
v 9.618050 25.520439 -1.770125
v 10.361675 25.520439 -1.443019
v 10.782193 25.520439 -0.941864
v 11.005949 25.520439 -0.327106
v 11.005947 25.520439 0.327106
v 10.782193 25.520439 0.941864
v 10.361675 25.520439 1.443019
v 16.001886 8.752081 1.770125
v 16.001902 8.752081 -1.770125
v 16.627476 8.752081 -1.443019
v 17.047997 8.752081 -0.941864
v 17.271751 8.752081 -0.327106
v 17.271742 8.752081 0.327106
v 17.047997 8.752081 0.941864
v 16.627476 8.752081 1.443019
v -16.574102 8.752081 -1.770125
v -16.574108 8.752081 1.770125
v -17.199686 8.752081 1.443019
v -17.620203 8.752081 0.941864
v -17.843958 8.752081 0.327105
v -17.843958 8.752081 -0.327106
v -17.620203 8.752081 -0.941864
v -17.199682 8.752081 -1.443019
v -0.644272 126.130600 -1.770125
v 0.000000 126.130600 -1.883728
v 0.644273 126.130600 -1.770125
v 1.210837 126.130600 -1.443019
v 1.631356 126.130600 -0.941864
v 1.855110 126.130600 -0.327106
v 1.855110 126.130600 0.327106
v 1.631356 126.130600 0.941864
v 1.210837 126.130600 1.443019
v 0.644272 126.130600 1.770125
v -0.000000 126.130600 1.883728
v -0.644273 126.130600 1.770125
v -1.210837 126.130600 1.443019
v -1.631356 126.130600 0.941864
v -1.855110 126.130600 0.327105
v -1.855110 126.130600 -0.327106
v -1.631356 126.130600 -0.941864
v -1.210836 126.130600 -1.443019
v -0.644272 147.091049 -1.770125
v 0.000000 147.091049 -1.883728
v 0.644273 147.091049 -1.770125
v 1.210837 147.091049 -1.443019
v 1.631356 147.091049 -0.941864
v 1.855110 147.091049 -0.327106
v 1.855110 147.091049 0.327106
v 1.631356 147.091049 0.941864
v 1.210837 147.091049 1.443019
v 0.644272 147.091049 1.770125
v -0.000000 147.091049 1.883728
v -0.644273 147.091049 1.770125
v -1.210837 147.091049 1.443019
v -1.631356 147.091049 0.941864
v -1.855110 147.091049 0.327105
v -1.855110 147.091049 -0.327106
v -1.631356 147.091049 -0.941864
v -1.210836 147.091049 -1.443019
v -0.644272 105.170143 -1.770125
v 0.000000 105.170143 -1.883728
v 0.644273 105.170143 -1.770125
v 1.210837 105.170143 -1.443019
v 1.631356 105.170143 -0.941864
v 1.855110 105.170143 -0.327106
v 1.855110 105.170143 0.327106
v 1.631356 105.170143 0.941864
v 1.210837 105.170143 1.443019
v 0.644272 105.170143 1.770125
v -0.000000 105.170143 1.883728
v -0.644273 105.170143 1.770125
v -1.210837 105.170143 1.443019
v -1.631356 105.170143 0.941864
v -1.855110 105.170143 0.327105
v -1.855110 105.170143 -0.327106
v -1.631356 105.170143 -0.941864
v -1.210836 105.170143 -1.443019
v -0.644272 94.689919 -1.770125
v 0.000000 94.689919 -1.883728
v 0.644273 94.689919 -1.770125
v 1.210837 94.689919 -1.443019
v 1.631356 94.689919 -0.941864
v 1.855110 94.689919 -0.327106
v 1.855110 94.689919 0.327106
v 1.631356 94.689919 0.941864
v 1.210837 94.689919 1.443019
v 0.644272 94.689919 1.770125
v -0.000000 94.689919 1.883728
v -0.644273 94.689919 1.770125
v -1.210837 94.689919 1.443019
v -1.631356 94.689919 0.941864
v -1.855110 94.689919 0.327105
v -1.855110 94.689919 -0.327106
v -1.631356 94.689919 -0.941864
v -1.210836 94.689919 -1.443019
v -0.644272 136.610825 -1.770125
v 0.000000 136.610825 -1.883728
v 0.644273 136.610825 -1.770125
v 1.210837 136.610825 -1.443019
v 1.631356 136.610825 -0.941864
v 1.855110 136.610825 -0.327106
v 1.855110 136.610825 0.327106
v 1.631356 136.610825 0.941864
v 1.210837 136.610825 1.443019
v 0.644272 136.610825 1.770125
v -0.000000 136.610825 1.883728
v -0.644273 136.610825 1.770125
v -1.210837 136.610825 1.443019
v -1.631356 136.610825 0.941864
v -1.855110 136.610825 0.327105
v -1.855110 136.610825 -0.327106
v -1.631356 136.610825 -0.941864
v -1.210836 136.610825 -1.443019
v -0.702508 94.689919 -1.930128
v 0.000000 94.689919 -2.053998
v -0.702508 105.170143 -1.930128
v 0.000000 105.170143 -2.053998
v 0.702509 94.689919 -1.930127
v 0.702509 105.170143 -1.930127
v 1.320284 94.689919 -1.573454
v 1.320284 105.170143 -1.573454
v 1.778815 94.689919 -1.026999
v 1.778815 105.170143 -1.026999
v 2.022793 94.689919 -0.356673
v 2.022793 105.170143 -0.356673
v 2.022793 94.689919 0.356673
v 2.022793 105.170143 0.356673
v 1.778815 94.689919 1.026999
v 1.778815 105.170143 1.026999
v 1.320284 94.689919 1.573454
v 1.320284 105.170143 1.573454
v 0.702508 94.689919 1.930127
v 0.702508 105.170143 1.930127
v -0.000000 94.689919 2.053998
v -0.000000 105.170143 2.053998
v -0.702509 94.689919 1.930127
v -0.702509 105.170143 1.930127
v -1.320285 94.689919 1.573453
v -1.320285 105.170143 1.573453
v -1.778815 94.689919 1.026999
v -1.778815 105.170143 1.026999
v -2.022793 94.689919 0.356672
v -2.022793 105.170143 0.356672
v -2.022793 94.689919 -0.356674
v -2.022793 105.170143 -0.356674
v -1.778814 94.689919 -1.027000
v -1.778814 105.170143 -1.027000
v -1.320284 94.689919 -1.573454
v -1.320284 105.170143 -1.573454
v -0.702508 136.610825 -1.930128
v 0.000000 136.610825 -2.053998
v -0.702508 147.091049 -1.930128
v 0.000000 147.091049 -2.053998
v 0.702509 136.610825 -1.930127
v 0.702509 147.091049 -1.930127
v 1.320284 136.610825 -1.573454
v 1.320284 147.091049 -1.573454
v 1.778815 136.610825 -1.026999
v 1.778815 147.091049 -1.026999
v 2.022793 136.610825 -0.356673
v 2.022793 147.091049 -0.356673
v 2.022793 136.610825 0.356673
v 2.022793 147.091049 0.356673
v 1.778814 136.610825 1.026999
v 1.778814 147.091049 1.026999
v 1.320284 136.610825 1.573454
v 1.320284 147.091049 1.573454
v 0.702508 136.610825 1.930127
v 0.702508 147.091049 1.930127
v -0.000000 136.610825 2.053998
v -0.000000 147.091049 2.053998
v -0.702509 136.610825 1.930127
v -0.702509 147.091049 1.930127
v -1.320285 136.610825 1.573453
v -1.320285 147.091049 1.573453
v -1.778815 136.610825 1.026999
v -1.778815 147.091049 1.026999
v -2.022793 136.610825 0.356672
v -2.022793 147.091049 0.356672
v -2.022793 136.610825 -0.356674
v -2.022793 147.091049 -0.356674
v -1.778814 136.610825 -1.027000
v -1.778814 147.091049 -1.027000
v -1.320284 136.610825 -1.573454
v -1.320284 147.091049 -1.573454
v -35.025646 1.350885 -16.288481
v -35.119076 1.296943 -16.288481
v -35.188423 1.214301 -16.288481
v -35.225319 1.112924 -16.288481
v -35.225319 1.005041 -16.288481
v -35.188423 0.903665 -16.288481
v -35.119076 0.821022 -16.288481
v -35.025646 0.767080 -16.288481
v -34.919403 0.748347 -16.288481
v -34.813156 0.767080 -16.288481
v -34.719727 0.821022 -16.288481
v -34.650383 0.903664 -16.288481
v -34.613487 1.005041 -16.288481
v -34.613487 1.112924 -16.288481
v -34.650383 1.214300 -16.288481
v -34.719727 1.296943 -16.288481
v -34.813156 1.350885 -16.288481
v -34.919403 1.369618 -16.288481
v -35.136246 1.654759 -1.271098
v -35.326939 1.544664 -1.271098
v -35.468472 1.375988 -1.271098
v -35.543781 1.169078 -1.271098
v -35.543781 0.948887 -1.271098
v -35.468472 0.741977 -1.271098
v -35.326939 0.573301 -1.271098
v -35.136246 0.463206 -1.271098
v -34.919403 0.424971 -1.271098
v -34.702557 0.463206 -1.271098
v -34.511868 0.573301 -1.271098
v -34.370331 0.741977 -1.271098
v -34.295021 0.948887 -1.271098
v -34.295021 1.169078 -1.271098
v -34.370331 1.375988 -1.271098
v -34.511868 1.544664 -1.271098
v -34.702557 1.654759 -1.271098
v -34.919403 1.692994 -1.271098
v -34.919403 1.058982 -16.288481
v 17.401104 1.441880 -17.470657
v 17.278551 1.371123 -17.470657
v 17.187588 1.262718 -17.470657
v 17.139187 1.129739 -17.470657
v 17.139187 0.988226 -17.470657
v 17.187588 0.855247 -17.470657
v 17.278551 0.746842 -17.470657
v 17.401104 0.676085 -17.470657
v 17.540468 0.651511 -17.470657
v 17.679831 0.676085 -17.470657
v 17.802385 0.746842 -17.470657
v 17.893349 0.855247 -17.470657
v 17.941750 0.988226 -17.470657
v 17.941750 1.129739 -17.470657
v 17.893349 1.262718 -17.470657
v 17.802385 1.371123 -17.470657
v 17.679831 1.441880 -17.470657
v 17.540468 1.466454 -17.470657
v 17.256025 1.840482 -0.088923
v 17.005892 1.696066 -0.088923
v 16.820236 1.474809 -0.088923
v 16.721449 1.203398 -0.088923
v 16.721449 0.914567 -0.088923
v 16.820236 0.643156 -0.088923
v 17.005892 0.421899 -0.088923
v 17.256025 0.277483 -0.088923
v 17.540468 0.227330 -0.088923
v 17.824909 0.277483 -0.088923
v 18.075045 0.421899 -0.088923
v 18.260700 0.643156 -0.088923
v 18.359486 0.914567 -0.088923
v 18.359486 1.203398 -0.088923
v 18.260700 1.474809 -0.088923
v 18.075045 1.696066 -0.088923
v 17.824909 1.840482 -0.088923
v 17.540468 1.890635 -0.088923
v 17.540468 1.058982 -17.470657
v 8.637526 1.410528 -16.840307
v 8.525006 1.345565 -16.840307
v 8.441491 1.246036 -16.840307
v 8.397055 1.123945 -16.840307
v 8.397054 0.994020 -16.840307
v 8.441491 0.871929 -16.840307
v 8.525006 0.772400 -16.840307
v 8.637525 0.707437 -16.840307
v 8.765477 0.684875 -16.840307
v 8.893430 0.707437 -16.840307
v 9.005949 0.772400 -16.840307
v 9.089463 0.871929 -16.840307
v 9.133901 0.994019 -16.840307
v 9.133901 1.123945 -16.840307
v 9.089464 1.246036 -16.840307
v 9.005949 1.345565 -16.840307
v 8.893430 1.410528 -16.840307
v 8.765477 1.433089 -16.840307
v 8.504326 1.776492 -0.719273
v 8.274673 1.643901 -0.719273
v 8.104218 1.440761 -0.719273
v 8.013521 1.191574 -0.719273
v 8.013521 0.926392 -0.719273
v 8.104218 0.677204 -0.719273
v 8.274673 0.474064 -0.719273
v 8.504326 0.341473 -0.719273
v 8.765477 0.295426 -0.719273
v 9.026628 0.341473 -0.719273
v 9.256282 0.474064 -0.719273
v 9.426737 0.677204 -0.719273
v 9.517434 0.926391 -0.719273
v 9.517434 1.191573 -0.719273
v 9.426737 1.440761 -0.719273
v 9.256282 1.643901 -0.719273
v 9.026628 1.776492 -0.719273
v 8.765477 1.822539 -0.719273
v 8.765477 1.058982 -16.840307
v -11.653720 22.365223 -0.727243
v -11.653720 22.597992 -0.592854
v -11.653720 22.770760 -0.386958
v -11.653720 22.862688 -0.134389
v -11.653720 22.862688 0.134389
v -11.653720 22.770760 0.386958
v -11.653720 22.597992 0.592854
v -11.653720 22.365223 0.727243
v -11.653720 22.100529 0.773916
v -11.653720 21.835833 0.727243
v -11.653720 21.603064 0.592854
v -11.653720 21.430296 0.386958
v -11.653720 21.338369 0.134389
v -11.653720 21.338369 -0.134389
v -11.653720 21.430296 -0.386958
v -11.653720 21.603064 -0.592854
v -11.653720 21.835833 -0.727243
v -11.653720 22.100529 -0.773916
v 11.653720 22.365223 -0.727243
v 11.653720 22.597992 -0.592854
v 11.653720 22.770760 -0.386958
v 11.653720 22.862688 -0.134389
v 11.653720 22.862688 0.134389
v 11.653720 22.770760 0.386958
v 11.653720 22.597992 0.592854
v 11.653720 22.365223 0.727243
v 11.653720 22.100529 0.773916
v 11.653720 21.835833 0.727243
v 11.653720 21.603064 0.592854
v 11.653720 21.430296 0.386958
v 11.653720 21.338369 0.134389
v 11.653720 21.338369 -0.134389
v 11.653720 21.430296 -0.386958
v 11.653720 21.603064 -0.592854
v 11.653720 21.835833 -0.727243
v 11.653720 22.100529 -0.773916
v -26.283775 1.441880 -16.873289
v -26.406330 1.371123 -16.873289
v -26.497293 1.262718 -16.873289
v -26.545694 1.129739 -16.873289
v -26.545694 0.988226 -16.873289
v -26.497293 0.855247 -16.873289
v -26.406330 0.746842 -16.873289
v -26.283775 0.676085 -16.873289
v -26.144413 0.651511 -16.873289
v -26.005051 0.676085 -16.873289
v -25.882496 0.746842 -16.873289
v -25.791533 0.855247 -16.873289
v -25.743132 0.988226 -16.873289
v -25.743132 1.129739 -16.873289
v -25.791533 1.262718 -16.873289
v -25.882496 1.371123 -16.873289
v -26.005051 1.441880 -16.873289
v -26.144413 1.466454 -16.873289
v -26.428854 1.840482 -0.686290
v -26.678989 1.696066 -0.686290
v -26.864645 1.474809 -0.686290
v -26.963432 1.203398 -0.686290
v -26.963432 0.914567 -0.686290
v -26.864645 0.643156 -0.686290
v -26.678989 0.421899 -0.686290
v -26.428854 0.277483 -0.686290
v -26.144413 0.227330 -0.686290
v -25.859972 0.277483 -0.686290
v -25.609837 0.421899 -0.686290
v -25.424181 0.643156 -0.686290
v -25.325394 0.914567 -0.686290
v -25.325394 1.203398 -0.686290
v -25.424181 1.474809 -0.686290
v -25.609837 1.696066 -0.686290
v -25.859972 1.840482 -0.686290
v -26.144413 1.890635 -0.686290
v -26.144413 1.058982 -16.873289
v 41.920898 0.000000 2.416130
v 41.920898 0.000000 -2.416130
v 41.920898 2.096045 2.416130
v 41.920898 2.096045 -2.416130
v -41.920898 2.096045 2.416130
v -41.920898 2.096045 -2.416130
v -41.920898 0.000000 2.416130
v -41.920898 0.000000 -2.416130
v -0.139363 1.441880 -16.288481
v -0.261917 1.371123 -16.288481
v -0.352880 1.262718 -16.288481
v -0.401281 1.129739 -16.288481
v -0.401281 0.988226 -16.288481
v -0.352880 0.855247 -16.288481
v -0.261917 0.746842 -16.288481
v -0.139363 0.676085 -16.288481
v -0.000000 0.651511 -16.288481
v 0.139363 0.676085 -16.288481
v 0.261917 0.746842 -16.288481
v 0.352880 0.855247 -16.288481
v 0.401281 0.988226 -16.288481
v 0.401281 1.129739 -16.288481
v 0.352880 1.262718 -16.288481
v 0.261917 1.371123 -16.288481
v 0.139363 1.441880 -16.288481
v 0.000000 1.466454 -16.288481
v -0.284442 1.840482 -1.271098
v -0.534576 1.696066 -1.271098
v -0.720233 1.474809 -1.271098
v -0.819018 1.203398 -1.271098
v -0.819019 0.914567 -1.271098
v -0.720233 0.643156 -1.271098
v -0.534577 0.421899 -1.271098
v -0.284442 0.277483 -1.271098
v -0.000000 0.227330 -1.271098
v 0.284442 0.277483 -1.271098
v 0.534576 0.421899 -1.271098
v 0.720233 0.643156 -1.271098
v 0.819019 0.914567 -1.271098
v 0.819019 1.203398 -1.271098
v 0.720233 1.474809 -1.271098
v 0.534576 1.696066 -1.271098
v 0.284442 1.840482 -1.271098
v 0.000000 1.890635 -1.271098
v 0.000000 1.058982 -16.288481
v -17.513706 1.441880 -16.288481
v -17.621080 1.371123 -16.288481
v -17.700777 1.262718 -16.288481
v -17.743181 1.129739 -16.288481
v -17.743181 0.988226 -16.288481
v -17.700777 0.855247 -16.288481
v -17.621080 0.746842 -16.288481
v -17.513706 0.676085 -16.288481
v -17.391605 0.651511 -16.288481
v -17.269505 0.676085 -16.288481
v -17.162132 0.746842 -16.288481
v -17.082434 0.855247 -16.288481
v -17.040030 0.988226 -16.288481
v -17.040030 1.129739 -16.288481
v -17.082434 1.262718 -16.288481
v -17.162132 1.371123 -16.288481
v -17.269505 1.441880 -16.288481
v -17.391605 1.466454 -16.288481
v -17.640816 1.840482 -1.271098
v -17.859966 1.696066 -1.271098
v -18.022627 1.474809 -1.271098
v -18.109175 1.203398 -1.271098
v -18.109175 0.914567 -1.271098
v -18.022627 0.643156 -1.271098
v -17.859966 0.421899 -1.271098
v -17.640816 0.277483 -1.271098
v -17.391605 0.227330 -1.271098
v -17.142397 0.277483 -1.271098
v -16.923244 0.421899 -1.271098
v -16.760586 0.643156 -1.271098
v -16.674036 0.914567 -1.271098
v -16.674036 1.203398 -1.271098
v -16.760586 1.474809 -1.271098
v -16.923244 1.696066 -1.271098
v -17.142397 1.840482 -1.271098
v -17.391605 1.890635 -1.271098
v -17.391605 1.058982 -16.288481
v 26.140810 1.441880 -16.670168
v 26.006735 1.371123 -16.670168
v 25.907221 1.262718 -16.670168
v 25.854271 1.129739 -16.670168
v 25.854271 0.988226 -16.670168
v 25.907221 0.855247 -16.670168
v 26.006735 0.746842 -16.670168
v 26.140810 0.676085 -16.670168
v 26.293274 0.651511 -16.670168
v 26.445738 0.676085 -16.670168
v 26.579811 0.746842 -16.670168
v 26.679325 0.855247 -16.670168
v 26.732275 0.988226 -16.670168
v 26.732275 1.129739 -16.670168
v 26.679325 1.262718 -16.670168
v 26.579811 1.371123 -16.670168
v 26.445738 1.441880 -16.670168
v 26.293274 1.466454 -16.670168
v 25.982094 1.840482 -0.889411
v 25.708447 1.696066 -0.889411
v 25.505337 1.474809 -0.889411
v 25.397264 1.203398 -0.889411
v 25.397264 0.914567 -0.889411
v 25.505337 0.643156 -0.889411
v 25.708445 0.421899 -0.889411
v 25.982092 0.277483 -0.889411
v 26.293274 0.227330 -0.889411
v 26.604454 0.277483 -0.889411
v 26.878101 0.421899 -0.889411
v 27.081209 0.643156 -0.889411
v 27.189283 0.914567 -0.889411
v 27.189283 1.203398 -0.889411
v 27.081209 1.474809 -0.889411
v 26.878101 1.696066 -0.889411
v 26.604454 1.840482 -0.889411
v 26.293274 1.890635 -0.889411
v 26.293274 1.058982 -16.670168
v -8.672674 1.400737 -16.288481
v -8.795228 1.337583 -16.288481
v -8.886191 1.240826 -16.288481
v -8.934592 1.122136 -16.288481
v -8.934592 0.995829 -16.288481
v -8.886191 0.877139 -16.288481
v -8.795229 0.780382 -16.288481
v -8.672674 0.717228 -16.288481
v -8.533311 0.695295 -16.288481
v -8.393948 0.717228 -16.288481
v -8.271394 0.780382 -16.288481
v -8.180431 0.877139 -16.288481
v -8.132030 0.995829 -16.288481
v -8.132030 1.122136 -16.288481
v -8.180431 1.240826 -16.288481
v -8.271394 1.337583 -16.288481
v -8.393948 1.400737 -16.288481
v -8.533311 1.422670 -16.288481
v -8.817753 1.756508 -1.271098
v -9.067887 1.627610 -1.271098
v -9.253544 1.430128 -1.271098
v -9.352329 1.187881 -1.271098
v -9.352329 0.930085 -1.271098
v -9.253544 0.687838 -1.271098
v -9.067888 0.490355 -1.271098
v -8.817754 0.361457 -1.271098
v -8.533311 0.316692 -1.271098
v -8.248869 0.361457 -1.271098
v -7.998735 0.490355 -1.271098
v -7.813078 0.687837 -1.271098
v -7.714293 0.930084 -1.271098
v -7.714293 1.187880 -1.271098
v -7.813078 1.430128 -1.271098
v -7.998735 1.627610 -1.271098
v -8.248869 1.756508 -1.271098
v -8.533311 1.801273 -1.271098
v -8.533311 1.058982 -16.288481
v -4.900736 46.020836 -0.727243
v -4.900736 46.253601 -0.592854
v -4.900736 46.426369 -0.386958
v -4.900736 46.518295 -0.134389
v -4.900736 46.518295 0.134389
v -4.900736 46.426369 0.386958
v -4.900736 46.253605 0.592854
v -4.900736 46.020836 0.727243
v -4.900736 45.756138 0.773916
v -4.900736 45.491444 0.727243
v -4.900736 45.258678 0.592854
v -4.900736 45.085907 0.386958
v -4.900736 44.993980 0.134389
v -4.900736 44.993980 -0.134389
v -4.900736 45.085907 -0.386958
v -4.900736 45.258675 -0.592854
v -4.900736 45.491444 -0.727243
v -4.900736 45.756138 -0.773916
v 4.900736 46.020836 -0.727243
v 4.900736 46.253601 -0.592854
v 4.900736 46.426369 -0.386958
v 4.900736 46.518295 -0.134389
v 4.900736 46.518295 0.134389
v 4.900736 46.426369 0.386958
v 4.900736 46.253605 0.592854
v 4.900736 46.020836 0.727243
v 4.900736 45.756138 0.773916
v 4.900736 45.491444 0.727243
v 4.900736 45.258678 0.592854
v 4.900736 45.085907 0.386958
v 4.900736 44.993980 0.134389
v 4.900736 44.993980 -0.134389
v 4.900736 45.085907 -0.386958
v 4.900736 45.258675 -0.592854
v 4.900736 45.491444 -0.727243
v 4.900736 45.756138 -0.773916
v 35.038475 1.369706 -17.132103
v 34.939022 1.312286 -17.132103
v 34.865208 1.224315 -17.132103
v 34.825928 1.116402 -17.132103
v 34.825928 1.001563 -17.132103
v 34.865208 0.893650 -17.132103
v 34.939022 0.805679 -17.132103
v 35.038475 0.748259 -17.132103
v 35.151569 0.728317 -17.132103
v 35.264668 0.748259 -17.132103
v 35.364117 0.805679 -17.132103
v 35.437935 0.893650 -17.132103
v 35.477215 1.001563 -17.132103
v 35.477215 1.116402 -17.132103
v 35.437935 1.224315 -17.132103
v 35.364117 1.312286 -17.132103
v 35.264668 1.369706 -17.132103
v 35.151569 1.389647 -17.132103
v 34.920746 1.693174 -0.427476
v 34.717758 1.575980 -0.427476
v 34.567097 1.396428 -0.427476
v 34.486935 1.176177 -0.427476
v 34.486935 0.941789 -0.427476
v 34.567097 0.721537 -0.427476
v 34.717758 0.541986 -0.427476
v 34.920746 0.424791 -0.427476
v 35.151569 0.384092 -0.427476
v 35.382397 0.424791 -0.427476
v 35.585384 0.541985 -0.427476
v 35.736042 0.721537 -0.427476
v 35.816208 0.941788 -0.427476
v 35.816208 1.176177 -0.427476
v 35.736042 1.396428 -0.427476
v 35.585384 1.575979 -0.427476
v 35.382397 1.693173 -0.427476
v 35.151569 1.733873 -0.427476
v 35.151569 1.058982 -17.132103
vt 0.021747 0.259858
vt 0.936699 0.117530
vt 0.944099 0.115358
vt 0.951721 0.114200
vt 0.959430 0.114200
vt 0.967052 0.115354
vt 0.974453 0.117523
vt 0.981597 0.120443
vt 0.026096 0.301690
vt 0.867142 0.117272
vt 0.874595 0.115269
vt 0.882237 0.114202
vt 0.889952 0.114202
vt 0.897594 0.115268
vt 0.905048 0.117271
vt 0.912284 0.119967
vt 0.608907 0.343544
vt 0.608908 0.351274
vt 0.608909 0.359005
vt 0.608910 0.366735
vt 0.608911 0.374465
vt 0.608912 0.382196
vt 0.608913 0.389926
vt 0.608914 0.397656
vt 0.608915 0.405387
vt 0.608916 0.413117
vt 0.608917 0.420847
vt 0.608918 0.428578
vt 0.608919 0.436308
vt 0.608920 0.444038
vt 0.608921 0.451769
vt 0.608922 0.459499
vt 0.608923 0.467229
vt 0.608924 0.474960
vt 0.608925 0.482690
vt 0.091018 0.128528
vt 0.087152 0.121833
vt 0.081231 0.116864
vt 0.073966 0.114221
vt 0.066236 0.114221
vt 0.058972 0.116864
vt 0.053050 0.121833
vt 0.049185 0.128528
vt 0.047843 0.136141
vt 0.049185 0.143754
vt 0.053050 0.150449
vt 0.058972 0.155417
vt 0.066236 0.158061
vt 0.073967 0.158061
vt 0.081231 0.155417
vt 0.087152 0.150449
vt 0.091018 0.143754
vt 0.092360 0.136141
vt 0.070101 0.136141
vt 0.280222 0.259841
vt 0.281823 0.120613
vt 0.280380 0.252112
vt 0.280530 0.244381
vt 0.280684 0.236649
vt 0.280831 0.228915
vt 0.280965 0.221180
vt 0.281082 0.213444
vt 0.281182 0.205707
vt 0.281269 0.197969
vt 0.281349 0.190232
vt 0.281434 0.182495
vt 0.281511 0.174758
vt 0.281593 0.167021
vt 0.281668 0.159284
vt 0.281729 0.151548
vt 0.281774 0.143813
vt 0.281801 0.136078
vt 0.281816 0.128344
vt 0.478273 0.259843
vt 0.000000 0.000000
vt 0.855094 0.343513
vt 0.905765 0.944063
vt 0.897745 0.943314
vt 0.889944 0.942917
vt 0.882231 0.942915
vt 0.874430 0.943311
vt 0.866411 0.944059
vt 0.479597 0.187036
vt 0.000000 0.000000
vt 0.855020 0.301664
vt 0.975382 0.948438
vt 0.967358 0.947688
vt 0.959550 0.947293
vt 0.951830 0.947292
vt 0.944023 0.947689
vt 0.935999 0.948440
vt 0.926603 0.547079
vt 0.450124 0.301676
vt 0.974817 0.544394
vt 0.967214 0.542985
vt 0.959518 0.542234
vt 0.951784 0.542235
vt 0.944088 0.542988
vt 0.936486 0.544400
vt 0.856989 0.542850
vt 0.450551 0.343518
vt 0.905293 0.540340
vt 0.897674 0.539018
vt 0.889972 0.538313
vt 0.882238 0.538313
vt 0.874536 0.539018
vt 0.866917 0.540340
vt 0.928147 0.336997
vt 0.239043 0.301683
vt 0.974626 0.334044
vt 0.967124 0.332229
vt 0.959472 0.331262
vt 0.951763 0.331261
vt 0.944111 0.332231
vt 0.936610 0.334049
vt 0.858555 0.334229
vt 0.240920 0.343520
vt 0.905146 0.331404
vt 0.897623 0.329664
vt 0.889961 0.328736
vt 0.882244 0.328735
vt 0.874582 0.329663
vt 0.867059 0.331403
vt 0.855505 0.745356
vt 0.653899 0.343515
vt 0.905334 0.743315
vt 0.897667 0.742377
vt 0.889960 0.741877
vt 0.882238 0.741876
vt 0.874532 0.742376
vt 0.866864 0.743312
vt 0.925038 0.749964
vt 0.654142 0.301670
vt 0.974940 0.747963
vt 0.967261 0.747047
vt 0.959542 0.746558
vt 0.951808 0.746559
vt 0.944089 0.747049
vt 0.936410 0.747967
vt 0.854717 0.845790
vt 0.917471 0.845792
vt 0.905398 0.843963
vt 0.897698 0.843179
vt 0.889966 0.842764
vt 0.882222 0.842764
vt 0.874490 0.843179
vt 0.866790 0.843961
vt 0.924314 0.850070
vt 0.987054 0.850065
vt 0.974968 0.848332
vt 0.967271 0.847590
vt 0.959550 0.847196
vt 0.951818 0.847196
vt 0.944096 0.847591
vt 0.936400 0.848335
vt 0.925816 0.649116
vt 0.985514 0.649109
vt 0.974879 0.646769
vt 0.967235 0.645621
vt 0.959529 0.645009
vt 0.951799 0.645010
vt 0.944094 0.645623
vt 0.936450 0.646773
vt 0.856207 0.644480
vt 0.916000 0.644482
vt 0.905335 0.642269
vt 0.897679 0.641183
vt 0.889969 0.640604
vt 0.882238 0.640604
vt 0.874528 0.641183
vt 0.866872 0.642268
vt 0.927401 0.443219
vt 0.983870 0.443209
vt 0.974742 0.440253
vt 0.967191 0.438577
vt 0.959505 0.437685
vt 0.951765 0.437687
vt 0.944079 0.438582
vt 0.936529 0.440260
vt 0.857796 0.439631
vt 0.914413 0.439630
vt 0.905234 0.436833
vt 0.897664 0.435247
vt 0.889974 0.434403
vt 0.882235 0.434403
vt 0.874544 0.435248
vt 0.866975 0.436834
vt 0.859186 0.228262
vt 0.913014 0.228259
vt 0.905157 0.225453
vt 0.897651 0.223564
vt 0.889972 0.222558
vt 0.882227 0.222560
vt 0.874548 0.223566
vt 0.867042 0.225456
vt 0.928770 0.230548
vt 0.982429 0.230536
vt 0.974636 0.227557
vt 0.967155 0.225551
vt 0.959476 0.224484
vt 0.951721 0.224487
vt 0.944042 0.225557
vt 0.936562 0.227566
vt 0.606622 0.253364
vt 0.606613 0.114218
vt 0.606622 0.245633
vt 0.606621 0.237903
vt 0.606621 0.230173
vt 0.606620 0.222442
vt 0.606620 0.214712
vt 0.606619 0.206982
vt 0.606619 0.199251
vt 0.606618 0.191521
vt 0.606618 0.183791
vt 0.606617 0.176060
vt 0.606617 0.168330
vt 0.606616 0.160600
vt 0.606616 0.152869
vt 0.606615 0.145139
vt 0.606615 0.137409
vt 0.606614 0.129678
vt 0.606614 0.121948
vt 0.000045 0.494334
vt 0.000000 0.344172
vt 0.000712 0.486433
vt 0.000887 0.478165
vt 0.000930 0.469794
vt 0.000934 0.461391
vt 0.000926 0.452978
vt 0.000917 0.444562
vt 0.000909 0.436145
vt 0.000902 0.427728
vt 0.000897 0.419310
vt 0.000893 0.410892
vt 0.000891 0.402473
vt 0.000891 0.394055
vt 0.000891 0.385636
vt 0.000890 0.377220
vt 0.000879 0.368812
vt 0.000830 0.360432
vt 0.000654 0.352144
vt 0.478427 0.494346
vt 0.478433 0.344184
vt 0.479098 0.486446
vt 0.479275 0.478178
vt 0.479321 0.469807
vt 0.479327 0.461404
vt 0.479323 0.452991
vt 0.479317 0.444575
vt 0.479311 0.436158
vt 0.479307 0.427741
vt 0.479305 0.419323
vt 0.479304 0.410905
vt 0.479305 0.402486
vt 0.479307 0.394067
vt 0.479310 0.385649
vt 0.479312 0.377233
vt 0.479304 0.368825
vt 0.479258 0.360445
vt 0.479085 0.352156
vt 0.607865 0.494489
vt 0.607872 0.344327
vt 0.607214 0.486517
vt 0.607040 0.478228
vt 0.606995 0.469848
vt 0.606987 0.461440
vt 0.606988 0.453024
vt 0.606992 0.444606
vt 0.606994 0.436187
vt 0.606995 0.427768
vt 0.606994 0.419350
vt 0.606992 0.410932
vt 0.606988 0.402515
vt 0.606982 0.394098
vt 0.606976 0.385682
vt 0.606971 0.377269
vt 0.606978 0.368866
vt 0.607023 0.360495
vt 0.607201 0.352227
vt 0.129483 0.494432
vt 0.129438 0.344270
vt 0.128828 0.486461
vt 0.128652 0.478172
vt 0.128604 0.469792
vt 0.128593 0.461384
vt 0.128592 0.452968
vt 0.128592 0.444550
vt 0.128592 0.436131
vt 0.128590 0.427713
vt 0.128586 0.419294
vt 0.128581 0.410876
vt 0.128574 0.402459
vt 0.128566 0.394042
vt 0.128557 0.385626
vt 0.128549 0.377213
vt 0.128552 0.368810
vt 0.128596 0.360439
vt 0.128770 0.352171
vt 0.605247 0.486709
vt 0.605872 0.495156
vt 0.480388 0.495018
vt 0.481043 0.486658
vt 0.605067 0.478276
vt 0.481243 0.478253
vt 0.605020 0.469851
vt 0.481295 0.469840
vt 0.605011 0.461429
vt 0.481302 0.461425
vt 0.605013 0.453009
vt 0.481298 0.453008
vt 0.605016 0.444590
vt 0.481292 0.444591
vt 0.605019 0.436171
vt 0.481286 0.436174
vt 0.605020 0.427752
vt 0.481282 0.427757
vt 0.605019 0.419334
vt 0.481280 0.419339
vt 0.605017 0.410916
vt 0.481279 0.410920
vt 0.605013 0.402499
vt 0.481280 0.402502
vt 0.605007 0.394082
vt 0.481282 0.394083
vt 0.605001 0.385665
vt 0.481286 0.385664
vt 0.604997 0.377248
vt 0.481287 0.377244
vt 0.605004 0.368833
vt 0.481279 0.368822
vt 0.605056 0.360420
vt 0.481232 0.360397
vt 0.605255 0.352015
vt 0.481052 0.351964
vt 0.605910 0.343655
vt 0.480426 0.343517
vt 0.126862 0.486654
vt 0.127490 0.495100
vt 0.002006 0.495005
vt 0.002658 0.486644
vt 0.126679 0.478220
vt 0.002855 0.478240
vt 0.126629 0.469795
vt 0.002904 0.469827
vt 0.126618 0.461374
vt 0.002908 0.461411
vt 0.126617 0.452954
vt 0.002901 0.452995
vt 0.126617 0.444535
vt 0.002892 0.444578
vt 0.126616 0.436116
vt 0.002884 0.436161
vt 0.126615 0.427697
vt 0.002877 0.427743
vt 0.126611 0.419279
vt 0.002872 0.419325
vt 0.126606 0.410861
vt 0.002868 0.410907
vt 0.126599 0.402444
vt 0.002866 0.402488
vt 0.126591 0.394026
vt 0.002866 0.394069
vt 0.126582 0.385609
vt 0.002866 0.385650
vt 0.126575 0.377193
vt 0.002865 0.377230
vt 0.126579 0.368778
vt 0.002854 0.368809
vt 0.126628 0.360364
vt 0.002804 0.360384
vt 0.126825 0.351960
vt 0.002621 0.351950
vt 0.127477 0.343599
vt 0.001993 0.343504
vt 0.664307 0.482684
vt 0.665579 0.482765
vt 0.652401 0.659774
vt 0.654997 0.659939
vt 0.666852 0.482836
vt 0.657595 0.660085
vt 0.668125 0.482898
vt 0.660194 0.660211
vt 0.669399 0.482950
vt 0.662794 0.660317
vt 0.670673 0.482993
vt 0.665394 0.660404
vt 0.671947 0.483026
vt 0.667995 0.660472
vt 0.673222 0.483049
vt 0.670596 0.660520
vt 0.674496 0.483063
vt 0.673198 0.660549
vt 0.675771 0.483068
vt 0.675800 0.660558
vt 0.677046 0.483063
vt 0.678401 0.660548
vt 0.678321 0.483049
vt 0.681003 0.660519
vt 0.679595 0.483025
vt 0.683604 0.660469
vt 0.680869 0.482991
vt 0.686205 0.660401
vt 0.682143 0.482948
vt 0.688806 0.660313
vt 0.683417 0.482895
vt 0.691405 0.660206
vt 0.684690 0.482833
vt 0.694004 0.660079
vt 0.685963 0.482761
vt 0.696602 0.659933
vt 0.687235 0.482680
vt 0.699198 0.659767
vt 0.998131 0.008951
vt 0.998769 0.010055
vt 0.995320 0.011311
vt 0.997155 0.008132
vt 0.995957 0.007696
vt 0.994682 0.007696
vt 0.993484 0.008132
vt 0.992508 0.008951
vt 0.991870 0.010055
vt 0.991649 0.011311
vt 0.991870 0.012566
vt 0.992508 0.013670
vt 0.993484 0.014489
vt 0.994682 0.014925
vt 0.995957 0.014925
vt 0.997155 0.014489
vt 0.998131 0.013670
vt 0.998769 0.012566
vt 0.998990 0.011311
vt 0.433219 0.343514
vt 0.434887 0.343635
vt 0.417536 0.548363
vt 0.420940 0.548609
vt 0.436556 0.343741
vt 0.424346 0.548826
vt 0.438225 0.343834
vt 0.427754 0.549015
vt 0.439895 0.343912
vt 0.431163 0.549174
vt 0.441566 0.343976
vt 0.434574 0.549305
vt 0.443238 0.344026
vt 0.437985 0.549406
vt 0.444910 0.344061
vt 0.441397 0.549479
vt 0.446582 0.344083
vt 0.444810 0.549523
vt 0.448254 0.344090
vt 0.448223 0.549538
vt 0.449926 0.344083
vt 0.451635 0.549524
vt 0.451598 0.344062
vt 0.455048 0.549481
vt 0.453270 0.344027
vt 0.458460 0.549410
vt 0.454941 0.343978
vt 0.461872 0.549309
vt 0.456612 0.343914
vt 0.465282 0.549179
vt 0.458282 0.343837
vt 0.468691 0.549021
vt 0.459952 0.343745
vt 0.472099 0.548833
vt 0.461621 0.343639
vt 0.475505 0.548617
vt 0.463289 0.343519
vt 0.478909 0.548372
vt 0.921864 0.115848
vt 0.922700 0.117296
vt 0.918176 0.118942
vt 0.920583 0.114773
vt 0.919012 0.114201
vt 0.917340 0.114201
vt 0.915768 0.114773
vt 0.914487 0.115848
vt 0.913651 0.117296
vt 0.913361 0.118942
vt 0.913651 0.120589
vt 0.914487 0.122037
vt 0.915768 0.123112
vt 0.917340 0.123684
vt 0.919012 0.123684
vt 0.920583 0.123112
vt 0.921864 0.122037
vt 0.922700 0.120589
vt 0.922991 0.118942
vt 0.179615 0.343521
vt 0.181146 0.343630
vt 0.165275 0.533526
vt 0.168400 0.533749
vt 0.182678 0.343727
vt 0.171528 0.533946
vt 0.184211 0.343810
vt 0.174656 0.534116
vt 0.185745 0.343881
vt 0.177787 0.534260
vt 0.187279 0.343938
vt 0.180918 0.534378
vt 0.188814 0.343983
vt 0.184050 0.534469
vt 0.190349 0.344015
vt 0.187183 0.534534
vt 0.191884 0.344034
vt 0.190316 0.534573
vt 0.193419 0.344040
vt 0.193449 0.534586
vt 0.194954 0.344034
vt 0.196583 0.534572
vt 0.196489 0.344014
vt 0.199716 0.534532
vt 0.198024 0.343982
vt 0.202849 0.534466
vt 0.199559 0.343936
vt 0.205981 0.534374
vt 0.201093 0.343878
vt 0.209112 0.534255
vt 0.202626 0.343807
vt 0.212242 0.534110
vt 0.204159 0.343723
vt 0.215371 0.533939
vt 0.205692 0.343626
vt 0.218498 0.533741
vt 0.207223 0.343517
vt 0.221623 0.533517
vt 0.016506 0.130612
vt 0.017273 0.131941
vt 0.013119 0.133453
vt 0.015329 0.129625
vt 0.013887 0.129100
vt 0.012352 0.129100
vt 0.010909 0.129625
vt 0.009733 0.130612
vt 0.008965 0.131941
vt 0.008699 0.133453
vt 0.008965 0.134965
vt 0.009733 0.136295
vt 0.010909 0.137281
vt 0.012352 0.137807
vt 0.013887 0.137807
vt 0.015329 0.137281
vt 0.016506 0.136295
vt 0.017273 0.134965
vt 0.017540 0.133453
vt 0.626330 0.482688
vt 0.629506 0.482688
vt 0.626305 0.758094
vt 0.629481 0.758094
vt 0.632682 0.482688
vt 0.632657 0.758095
vt 0.635858 0.482689
vt 0.635832 0.758095
vt 0.639034 0.482689
vt 0.639008 0.758095
vt 0.642210 0.482689
vt 0.642184 0.758096
vt 0.645386 0.482689
vt 0.645360 0.758096
vt 0.648562 0.482690
vt 0.700243 0.758085
vt 0.703445 0.482679
vt 0.703419 0.758085
vt 0.706621 0.482679
vt 0.706595 0.758086
vt 0.709797 0.482679
vt 0.709771 0.758086
vt 0.712973 0.482680
vt 0.712947 0.758086
vt 0.716149 0.482680
vt 0.716123 0.758086
vt 0.719325 0.482680
vt 0.719299 0.758087
vt 0.722501 0.482681
vt 0.722475 0.758087
vt 0.725677 0.482681
vt 0.725651 0.758087
vt 0.728853 0.482681
vt 0.728827 0.758088
vt 0.732029 0.482682
vt 0.732003 0.758088
vt 0.735205 0.482682
vt 0.735179 0.758088
vt 0.302696 0.343520
vt 0.304363 0.343650
vt 0.287056 0.534216
vt 0.290459 0.534479
vt 0.306031 0.343763
vt 0.293864 0.534711
vt 0.307700 0.343862
vt 0.297271 0.534913
vt 0.309370 0.343946
vt 0.300680 0.535084
vt 0.311041 0.344014
vt 0.304090 0.535223
vt 0.312712 0.344067
vt 0.307501 0.535332
vt 0.314384 0.344105
vt 0.310913 0.535409
vt 0.316056 0.344128
vt 0.314325 0.535455
vt 0.317728 0.344135
vt 0.317738 0.535471
vt 0.319400 0.344128
vt 0.321151 0.535455
vt 0.321072 0.344105
vt 0.324564 0.535408
vt 0.322744 0.344067
vt 0.327976 0.535330
vt 0.324415 0.344013
vt 0.331387 0.535222
vt 0.326086 0.343945
vt 0.334797 0.535082
vt 0.327756 0.343861
vt 0.338205 0.534911
vt 0.329425 0.343762
vt 0.341612 0.534709
vt 0.331094 0.343648
vt 0.345017 0.534476
vt 0.332761 0.343519
vt 0.348420 0.534212
vt 0.008503 0.123308
vt 0.009339 0.124756
vt 0.004815 0.126402
vt 0.007222 0.122233
vt 0.005651 0.121661
vt 0.003979 0.121661
vt 0.002407 0.122233
vt 0.001126 0.123308
vt 0.000290 0.124756
vt 0.000000 0.126402
vt 0.000290 0.128049
vt 0.001126 0.129497
vt 0.002407 0.130572
vt 0.003979 0.131144
vt 0.005651 0.131144
vt 0.007222 0.130572
vt 0.008503 0.129497
vt 0.009339 0.128049
vt 0.009630 0.126402
vt 0.990697 0.975076
vt 0.046514 0.171324
vt 0.021755 0.114222
vt 0.000004 0.975232
vt 0.034795 0.171326
vt 0.091894 0.171318
vt 0.034799 0.196094
vt 0.091898 0.196085
vt 0.000000 0.057123
vt 0.000001 0.114222
vt 0.990696 0.950308
vt 0.990700 0.975075
vt 0.000000 0.975233
vt 0.000004 1.000000
vt 0.237465 0.343519
vt 0.239131 0.343658
vt 0.221816 0.520348
vt 0.225217 0.520632
vt 0.240799 0.343781
vt 0.228621 0.520883
vt 0.242468 0.343888
vt 0.232027 0.521100
vt 0.244137 0.343978
vt 0.235435 0.521284
vt 0.245808 0.344051
vt 0.238844 0.521435
vt 0.247479 0.344109
vt 0.242255 0.521552
vt 0.249151 0.344150
vt 0.245667 0.521636
vt 0.250823 0.344174
vt 0.249080 0.521686
vt 0.252495 0.344183
vt 0.252492 0.521703
vt 0.254167 0.344175
vt 0.255905 0.521686
vt 0.255839 0.344150
vt 0.259318 0.521636
vt 0.257510 0.344109
vt 0.262730 0.521552
vt 0.259182 0.344052
vt 0.266141 0.521435
vt 0.260852 0.343978
vt 0.269550 0.521285
vt 0.262522 0.343888
vt 0.272958 0.521101
vt 0.264191 0.343781
vt 0.276364 0.520883
vt 0.265858 0.343658
vt 0.279768 0.520633
vt 0.267525 0.343519
vt 0.283169 0.520348
vt 0.017202 0.115869
vt 0.018038 0.117317
vt 0.013514 0.118963
vt 0.015921 0.114794
vt 0.014350 0.114222
vt 0.012677 0.114222
vt 0.011106 0.114794
vt 0.009825 0.115869
vt 0.008989 0.117317
vt 0.008699 0.118963
vt 0.008989 0.120610
vt 0.009825 0.122058
vt 0.011106 0.123133
vt 0.012677 0.123705
vt 0.014350 0.123705
vt 0.015921 0.123133
vt 0.017202 0.122058
vt 0.018038 0.120610
vt 0.018328 0.118963
vt 0.806301 0.482661
vt 0.807816 0.482776
vt 0.791579 0.659568
vt 0.794672 0.659801
vt 0.809402 0.482881
vt 0.797910 0.660016
vt 0.811049 0.482976
vt 0.801270 0.660210
vt 0.812719 0.483060
vt 0.804679 0.660382
vt 0.814367 0.483130
vt 0.808042 0.660525
vt 0.815956 0.483185
vt 0.811285 0.660636
vt 0.817475 0.483223
vt 0.814385 0.660714
vt 0.818946 0.483244
vt 0.817389 0.660757
vt 0.820418 0.483248
vt 0.820392 0.660766
vt 0.821937 0.483237
vt 0.823494 0.660743
vt 0.823527 0.483211
vt 0.826738 0.660689
vt 0.825176 0.483169
vt 0.830103 0.660605
vt 0.826847 0.483115
vt 0.833514 0.660493
vt 0.828495 0.483048
vt 0.836878 0.660358
vt 0.830083 0.482971
vt 0.840119 0.660200
vt 0.831600 0.482883
vt 0.843215 0.660021
vt 0.833068 0.482782
vt 0.846212 0.659815
vt 0.834535 0.482665
vt 0.849206 0.659576
vt 0.991822 0.126763
vt 0.992391 0.128172
vt 0.987671 0.128693
vt 0.990752 0.125587
vt 0.989310 0.124786
vt 0.987671 0.124456
vt 0.986032 0.124637
vt 0.984590 0.125307
vt 0.983520 0.126386
vt 0.982951 0.127743
vt 0.982950 0.129215
vt 0.983520 0.130624
vt 0.984590 0.131800
vt 0.986031 0.132601
vt 0.987670 0.132931
vt 0.989310 0.132750
vt 0.990751 0.132080
vt 0.991821 0.131001
vt 0.992391 0.129644
vt 0.368653 0.343521
vt 0.370438 0.343673
vt 0.352296 0.529341
vt 0.355939 0.529651
vt 0.372172 0.343804
vt 0.359478 0.529918
vt 0.373860 0.343914
vt 0.362923 0.530142
vt 0.375530 0.344004
vt 0.366331 0.530326
vt 0.377219 0.344077
vt 0.369780 0.530475
vt 0.378957 0.344133
vt 0.373327 0.530590
vt 0.380748 0.344175
vt 0.376982 0.530675
vt 0.382573 0.344201
vt 0.380706 0.530728
vt 0.384398 0.344211
vt 0.384430 0.530749
vt 0.386189 0.344206
vt 0.388086 0.530738
vt 0.387927 0.344184
vt 0.391635 0.530693
vt 0.389618 0.344145
vt 0.395086 0.530614
vt 0.391290 0.344088
vt 0.398497 0.530498
vt 0.392979 0.344012
vt 0.401946 0.530343
vt 0.394715 0.343916
vt 0.405489 0.530146
vt 0.396503 0.343800
vt 0.409137 0.529909
vt 0.398323 0.343665
vt 0.412852 0.529635
vt 0.400141 0.343515
vt 0.416564 0.529329
vt 0.996849 0.117547
vt 0.997039 0.119328
vt 0.992170 0.119328
vt 0.996094 0.115981
vt 0.994866 0.114818
vt 0.993313 0.114199
vt 0.991621 0.114199
vt 0.989996 0.114817
vt 0.988633 0.115980
vt 0.987697 0.117546
vt 0.987300 0.119327
vt 0.987490 0.121108
vt 0.988245 0.122675
vt 0.989473 0.123837
vt 0.991027 0.124456
vt 0.992718 0.124457
vt 0.994343 0.123838
vt 0.995706 0.122676
vt 0.996643 0.121110
vt 0.132261 0.479159
vt 0.133885 0.479292
vt 0.117432 0.656046
vt 0.120746 0.656316
vt 0.135450 0.479405
vt 0.123941 0.656548
vt 0.136962 0.479500
vt 0.127026 0.656741
vt 0.138452 0.479577
vt 0.130068 0.656898
vt 0.139966 0.479639
vt 0.133157 0.657024
vt 0.141534 0.479687
vt 0.136358 0.657123
vt 0.143163 0.479722
vt 0.139682 0.657196
vt 0.144830 0.479745
vt 0.143084 0.657242
vt 0.146497 0.479755
vt 0.146487 0.657262
vt 0.148126 0.479752
vt 0.149812 0.657255
vt 0.149695 0.479734
vt 0.153014 0.657219
vt 0.151209 0.479702
vt 0.156105 0.657154
vt 0.152701 0.479654
vt 0.159149 0.657057
vt 0.154214 0.479590
vt 0.162238 0.656924
vt 0.155781 0.479507
vt 0.165436 0.656756
vt 0.157407 0.479406
vt 0.168755 0.656551
vt 0.159070 0.479290
vt 0.172149 0.656313
vt 0.160732 0.479161
vt 0.175541 0.656049
vt 0.922143 0.129920
vt 0.921084 0.131158
vt 0.918033 0.128041
vt 0.922706 0.128456
vt 0.922706 0.126941
vt 0.922142 0.125559
vt 0.921083 0.124477
vt 0.919656 0.123824
vt 0.918033 0.123680
vt 0.916410 0.124062
vt 0.914983 0.124924
vt 0.913924 0.126162
vt 0.913361 0.127627
vt 0.913361 0.129141
vt 0.913925 0.130523
vt 0.914984 0.131606
vt 0.916411 0.132258
vt 0.918034 0.132402
vt 0.919657 0.132020
vt 0.095700 0.114220
vt 0.098876 0.114220
vt 0.095685 0.230036
vt 0.098861 0.230037
vt 0.102052 0.114221
vt 0.102037 0.230037
vt 0.105228 0.114221
vt 0.105213 0.230038
vt 0.108404 0.114221
vt 0.108389 0.230038
vt 0.111579 0.114222
vt 0.111565 0.230038
vt 0.114755 0.114222
vt 0.114741 0.230039
vt 0.117931 0.114223
vt 0.117917 0.230039
vt 0.121107 0.114223
vt 0.121787 0.230037
vt 0.124957 0.114220
vt 0.124963 0.230037
vt 0.128133 0.114220
vt 0.128139 0.230036
vt 0.131309 0.114220
vt 0.131315 0.230036
vt 0.134485 0.114219
vt 0.134491 0.230036
vt 0.137661 0.114219
vt 0.137667 0.230036
vt 0.140837 0.114219
vt 0.140843 0.230036
vt 0.144013 0.114219
vt 0.144019 0.230036
vt 0.147189 0.114219
vt 0.147195 0.230035
vt 0.150365 0.114219
vt 0.150371 0.230035
vt 0.153541 0.114219
vt 0.153547 0.230035
vt 0.752106 0.482671
vt 0.753461 0.482754
vt 0.739387 0.679689
vt 0.742152 0.679858
vt 0.754816 0.482827
vt 0.744918 0.680006
vt 0.756171 0.482890
vt 0.747684 0.680135
vt 0.757527 0.482943
vt 0.750452 0.680244
vt 0.758883 0.482987
vt 0.753220 0.680334
vt 0.760240 0.483021
vt 0.755988 0.680403
vt 0.761597 0.483046
vt 0.758757 0.680453
vt 0.762954 0.483060
vt 0.761527 0.680483
vt 0.764310 0.483065
vt 0.764296 0.680493
vt 0.765667 0.483060
vt 0.767066 0.680483
vt 0.767024 0.483046
vt 0.769835 0.680454
vt 0.768381 0.483022
vt 0.772605 0.680404
vt 0.769738 0.482988
vt 0.775373 0.680335
vt 0.771094 0.482944
vt 0.778141 0.680246
vt 0.772450 0.482891
vt 0.780909 0.680138
vt 0.773805 0.482828
vt 0.783675 0.680009
vt 0.775160 0.482755
vt 0.786441 0.679861
vt 0.776515 0.482673
vt 0.789205 0.679693
vt 0.998549 0.001336
vt 0.999228 0.002512
vt 0.995556 0.003848
vt 0.997510 0.000464
vt 0.996235 0.000000
vt 0.994878 0.000000
vt 0.993603 0.000464
vt 0.992563 0.001336
vt 0.991885 0.002512
vt 0.991649 0.003848
vt 0.991885 0.005184
vt 0.992563 0.006359
vt 0.993603 0.007232
vt 0.994878 0.007696
vt 0.996235 0.007696
vt 0.997510 0.007232
vt 0.998549 0.006359
vt 0.999228 0.005184
vt 0.999463 0.003848
vt 0.000000 0.950465
vt 0.021747 0.171321
vt 0.990697 0.057099
vt 0.046523 0.114225
vt 0.990701 0.999843
vt 0.990695 0.000000
vt 0.990695 0.057100
vt 0.990697 0.114199
vt 0.000000 0.000024
vt 0.000001 0.057123
vt 0.700269 0.482679
vt 0.648536 0.758096
vt 0.121781 0.114220
vt 0.121093 0.230040
vt 0.479778 0.114210
vt 0.000000 0.000000
vt 0.000000 0.000000
vt 0.000000 0.000000
vt 0.000000 0.000000
vt 0.479623 0.184427
vt 0.478340 0.257233
vt 0.132333 0.301687
vt 0.983089 0.336990
vt 0.132331 0.259854
vt 0.239042 0.259851
vt 0.134719 0.343521
vt 0.913650 0.334229
vt 0.134719 0.301689
vt 0.240920 0.301688
vt 0.346734 0.343519
vt 0.915221 0.542851
vt 0.346733 0.301686
vt 0.450550 0.301685
vt 0.345658 0.301680
vt 0.984700 0.547071
vt 0.345656 0.259847
vt 0.450123 0.259844
vt 0.552701 0.343517
vt 0.916693 0.745359
vt 0.552701 0.301684
vt 0.653898 0.301683
vt 0.552749 0.301673
vt 0.986313 0.749958
vt 0.552747 0.259841
vt 0.654140 0.259837
vt 0.754638 0.301667
vt 0.989322 0.950310
vt 0.754637 0.259834
vt 0.855019 0.259831
vt 0.754729 0.343514
vt 0.919705 0.945928
vt 0.754729 0.301682
vt 0.855093 0.301681
vt 0.026096 0.343522
vt 0.859906 0.119969
vt 0.021748 0.301690
vt 0.929556 0.120453
vt 0.158112 0.127025
vt 0.158191 0.119298
vt 0.156576 0.258307
vt 0.158035 0.134751
vt 0.157957 0.142475
vt 0.157877 0.150197
vt 0.157796 0.157918
vt 0.157714 0.165639
vt 0.157629 0.173360
vt 0.157543 0.181080
vt 0.157454 0.188800
vt 0.157364 0.196519
vt 0.157271 0.204239
vt 0.157176 0.211959
vt 0.157078 0.219679
vt 0.156979 0.227401
vt 0.156879 0.235125
vt 0.156778 0.242850
vt 0.156676 0.250578
vt 0.922060 0.950314
vt 0.479922 0.144157
vt 0.479906 0.151884
vt 0.479858 0.159705
vt 0.479785 0.167764
vt 0.479649 0.181817
vt 0.479458 0.201089
vt 0.852470 0.945922
vt 0.479373 0.209147
vt 0.479268 0.216967
vt 0.479132 0.224690
vt 0.478962 0.232510
vt 0.478764 0.240567
vt 0.478407 0.254622
vt 0.854288 0.121933
vt 0.854296 0.253348
vt 0.854287 0.114202
vt 0.854288 0.129663
vt 0.854289 0.137393
vt 0.854289 0.145124
vt 0.854290 0.152854
vt 0.854290 0.160584
vt 0.854291 0.168314
vt 0.854291 0.176045
vt 0.854292 0.183775
vt 0.854292 0.191505
vt 0.854293 0.199236
vt 0.854293 0.206966
vt 0.854294 0.214696
vt 0.854294 0.222427
vt 0.854295 0.230157
vt 0.854295 0.237887
vt 0.854296 0.245618
vt 0.856582 0.351244
vt 0.856598 0.482659
vt 0.856581 0.343513
vt 0.856583 0.358974
vt 0.856584 0.366704
vt 0.856585 0.374435
vt 0.856586 0.382165
vt 0.856587 0.389895
vt 0.856588 0.397626
vt 0.856589 0.405356
vt 0.856590 0.413086
vt 0.856591 0.420817
vt 0.856592 0.428547
vt 0.856593 0.436277
vt 0.856594 0.444008
vt 0.856595 0.451738
vt 0.856596 0.459468
vt 0.856597 0.467198
vt 0.856597 0.474929
vt 0.482777 0.121956
vt 0.482777 0.114226
vt 0.482785 0.253372
vt 0.482778 0.129686
vt 0.482778 0.137417
vt 0.482778 0.145147
vt 0.482779 0.152877
vt 0.482779 0.160608
vt 0.482780 0.168338
vt 0.482780 0.176068
vt 0.482781 0.183799
vt 0.482781 0.191529
vt 0.482782 0.199259
vt 0.482782 0.206990
vt 0.482783 0.214720
vt 0.482783 0.222450
vt 0.482784 0.230181
vt 0.482784 0.237911
vt 0.482785 0.245641
vt 0.479905 0.136335
vt 0.479863 0.128273
vn -0.638724 0.312284 -0.703214
vn -0.596389 0.263794 -0.758111
vn -0.484389 0.236950 -0.842153
vn -0.453480 0.196083 -0.869430
vn -0.807233 0.394672 -0.438871
vn -0.807874 0.357345 -0.468662
vn -0.888410 0.434361 -0.148520
vn -0.902519 0.399905 -0.159798
vn -0.888410 0.434361 0.148520
vn -0.902519 0.399905 0.159798
vn -0.807235 0.394673 0.438869
vn -0.807875 0.357346 0.468660
vn -0.638726 0.312286 0.703211
vn -0.596391 0.263795 0.758110
vn -0.484389 0.236951 0.842153
vn -0.453481 0.196083 0.869429
vn 0.642265 0.284251 0.711826
vn 0.599988 0.247343 0.760813
vn 0.486798 0.215575 0.846496
vn 0.454485 0.184811 0.871372
vn 0.818005 0.362030 0.446993
vn 0.815148 0.335557 0.472161
vn 0.903849 0.400023 0.151787
vn 0.912444 0.376051 0.161345
vn 0.903850 0.400023 -0.151782
vn 0.912445 0.376052 -0.161338
vn 0.818004 0.362029 -0.446995
vn 0.815145 0.335556 -0.472166
vn 0.642267 0.284252 -0.711824
vn 0.599993 0.247345 -0.760808
vn 0.486804 0.215578 -0.846492
vn 0.454493 0.184815 -0.871367
vn 0.000000 1.000000 0.000000
vn 0.000000 1.000000 -0.000013
vn 0.000000 1.000000 0.000001
vn 0.000000 1.000000 0.000013
vn 0.000000 1.000000 0.000025
vn 0.000000 1.000000 0.000000
vn 0.000000 1.000000 0.000025
vn 0.000000 1.000000 0.000013
vn 0.000000 1.000000 -0.000013
vn 0.000000 1.000000 -0.000001
vn 0.000000 1.000000 -0.000001
vn 0.000000 1.000000 0.000013
vn 0.000000 1.000000 -0.000013
vn 0.000000 1.000000 -0.000025
vn 0.000000 1.000000 0.000000
vn 0.000000 1.000000 0.000000
vn 0.000000 1.000000 0.000000
vn 0.000000 1.000000 0.000000
vn 0.000000 1.000000 0.000000
vn 0.000000 -0.002929 -0.999996
vn -0.339738 -0.000518 -0.940520
vn 0.000000 0.000000 -1.000000
vn -0.342020 0.000000 -0.939693
vn 0.339738 -0.000518 -0.940520
vn 0.342020 0.000000 -0.939693
vn 0.642492 0.002902 -0.766287
vn 0.642787 0.000000 -0.766045
vn 0.865618 0.004673 -0.500683
vn 0.866025 0.000000 -0.500000
vn 0.984718 0.006429 -0.174041
vn 0.984808 0.000000 -0.173648
vn 0.984718 0.006429 0.174041
vn 0.984808 0.000000 0.173648
vn 0.865618 0.004673 0.500683
vn 0.866025 0.000000 0.500000
vn 0.642492 0.002902 0.766287
vn 0.642787 0.000000 0.766045
vn 0.339738 -0.000518 0.940520
vn 0.342020 0.000000 0.939693
vn -0.000000 -0.002929 0.999996
vn -0.000000 0.000000 1.000000
vn -0.339738 -0.000518 0.940520
vn -0.342021 0.000000 0.939692
vn -0.642492 0.002902 0.766287
vn -0.642788 0.000000 0.766044
vn -0.865618 0.004673 0.500683
vn -0.866026 0.000000 0.500000
vn -0.984718 0.006429 0.174040
vn -0.984808 0.000000 0.173648
vn -0.984718 0.006429 -0.174041
vn -0.984808 0.000000 -0.173648
vn -0.865618 0.004673 -0.500683
vn -0.866025 0.000000 -0.500000
vn -0.642492 0.002902 -0.766287
vn -0.642788 0.000000 -0.766044
vn 0.000001 -0.000000 -1.000000
vn -0.302024 0.007889 -0.953268
vn 0.302019 0.007811 -0.953270
vn 0.456053 0.021490 -0.889693
vn 0.841999 0.045415 -0.537564
vn 0.980203 0.052247 -0.190978
vn 0.980203 0.052247 0.190978
vn 0.841999 0.045415 0.537564
vn 0.456053 0.021490 0.889693
vn 0.302019 0.007811 0.953270
vn -0.000001 0.000000 1.000000
vn -0.302025 0.007889 0.953268
vn -0.456008 0.021657 0.889712
vn -0.841975 0.045730 0.537574
vn -0.980182 0.052616 0.190982
vn -0.980182 0.052616 -0.190982
vn -0.841975 0.045730 -0.537575
vn -0.456008 0.021657 -0.889712
vn 0.000000 -1.000000 0.000003
vn 0.000000 -1.000000 0.000003
vn 0.000000 -1.000000 0.000000
vn 0.000000 -1.000000 0.000000
vn 0.000000 -1.000000 0.000000
vn 0.000000 -1.000000 -0.000000
vn 0.000000 -1.000000 -0.000003
vn 0.000000 -1.000000 -0.000003
vn -0.922670 -0.385590 -0.000004
vn -0.922670 -0.385590 -0.000004
vn -0.912053 -0.410073 -0.000003
vn -0.912053 -0.410073 -0.000002
vn 0.912567 -0.408928 0.000001
vn 0.912567 -0.408928 0.000002
vn 0.895871 -0.444315 0.000001
vn 0.895871 -0.444315 0.000001
vn 0.971482 -0.237112 0.000001
vn 0.971482 -0.237112 0.000001
vn 0.957187 -0.289470 0.000001
vn 0.957187 -0.289470 0.000001
vn -0.550798 0.163490 0.818470
vn -0.374318 0.109629 0.920797
vn -0.536110 0.127850 0.834410
vn -0.352889 0.083465 0.931935
vn -0.838187 0.248073 0.485699
vn -0.847649 0.201249 0.490908
vn -0.945289 0.280122 0.167212
vn -0.958818 0.227881 0.169524
vn -0.945289 0.280122 -0.167213
vn -0.958818 0.227881 -0.169525
vn -0.838186 0.248073 -0.485699
vn -0.847648 0.201249 -0.490909
vn -0.550795 0.163490 -0.818471
vn -0.536109 0.127850 -0.834411
vn -0.374316 0.109628 -0.920798
vn -0.352888 0.083464 -0.931935
vn -0.974587 -0.224010 -0.000001
vn -0.974587 -0.224010 -0.000002
vn -0.962388 -0.271677 -0.000001
vn -0.962388 -0.271677 -0.000001
vn 0.551835 0.152691 -0.819856
vn 0.374602 0.102394 -0.921515
vn 0.537070 0.120442 -0.834895
vn 0.353025 0.078793 -0.932290
vn 0.841621 0.232106 -0.487648
vn 0.849773 0.189594 -0.491874
vn 0.950217 0.262374 -0.168072
vn 0.961763 0.214765 -0.169965
vn 0.950217 0.262374 0.168072
vn 0.961763 0.214765 0.169964
vn 0.841622 0.232106 0.487647
vn 0.849774 0.189594 0.491873
vn 0.551834 0.152691 0.819856
vn 0.537068 0.120441 0.834896
vn 0.374600 0.102393 0.921515
vn 0.353023 0.078793 0.932291
vn 0.939052 -0.343776 0.000000
vn 0.939052 -0.343776 0.000000
vn 0.928814 -0.370547 0.000000
vn 0.928814 -0.370547 0.000001
vn -0.584066 0.229841 0.778486
vn -0.424211 0.167382 0.889960
vn -0.565550 0.203882 0.799115
vn -0.397774 0.141421 0.906519
vn -0.820048 0.321408 0.473518
vn -0.826186 0.297212 0.478625
vn -0.918736 0.360105 0.162016
vn -0.928077 0.334266 0.164130
vn -0.918736 0.360105 -0.162017
vn -0.928077 0.334266 -0.164129
vn -0.820047 0.321407 -0.473518
vn -0.826186 0.297212 -0.478625
vn -0.584065 0.229840 -0.778487
vn -0.565550 0.203882 -0.799116
vn -0.424210 0.167382 -0.889960
vn -0.397774 0.141421 -0.906519
vn -0.945543 -0.325498 -0.000001
vn -0.945543 -0.325498 -0.000001
vn -0.934564 -0.355796 -0.000002
vn -0.934564 -0.355796 -0.000002
vn 0.585190 0.219588 -0.780599
vn 0.424761 0.159501 -0.891144
vn 0.566950 0.191998 -0.801065
vn 0.398232 0.133089 -0.907578
vn 0.823821 0.307939 -0.475913
vn 0.830526 0.280589 -0.481141
vn 0.924144 0.345511 -0.163032
vn 0.934259 0.316010 -0.165223
vn 0.924144 0.345511 0.163034
vn 0.934258 0.316010 0.165226
vn 0.823822 0.307939 0.475911
vn 0.830526 0.280589 0.481141
vn 0.585188 0.219587 0.780600
vn 0.566948 0.191997 0.801067
vn 0.424758 0.159499 0.891146
vn 0.398229 0.133088 0.907580
vn -0.984898 -0.173136 -0.000000
vn -0.984898 -0.173136 -0.000000
vn -0.980792 -0.195056 -0.000001
vn -0.980792 -0.195057 -0.000001
vn 0.522300 0.100950 -0.846765
vn 0.333343 0.064698 -0.940583
vn 0.505452 0.082042 -0.858945
vn 0.314126 0.051637 -0.947976
vn 0.854061 0.163938 -0.493663
vn 0.857124 0.136625 -0.496662
vn 0.967629 0.185809 -0.170791
vn 0.972888 0.154630 -0.171986
vn 0.967629 0.185809 0.170792
vn 0.972888 0.154630 0.171986
vn 0.854061 0.163938 0.493664
vn 0.857124 0.136625 0.496661
vn 0.522300 0.100950 0.846766
vn 0.505452 0.082042 0.858946
vn 0.333342 0.064698 0.940584
vn 0.314126 0.051637 0.947976
vn 0.986369 -0.164547 0.000000
vn 0.986369 -0.164547 0.000000
vn 0.981681 -0.190530 0.000001
vn 0.981681 -0.190530 0.000001
vn -0.520923 0.098179 0.847939
vn -0.333379 0.062563 0.940715
vn -0.506759 0.077707 0.858579
vn -0.314179 0.049185 0.948089
vn -0.854248 0.160023 0.494625
vn -0.858271 0.129016 0.496715
vn -0.968364 0.181574 0.171181
vn -0.974222 0.145930 0.172037
vn -0.968364 0.181574 -0.171180
vn -0.974221 0.145930 -0.172039
vn -0.854247 0.160022 -0.494626
vn -0.858271 0.129016 -0.496715
vn -0.520921 0.098178 -0.847940
vn -0.506759 0.077707 -0.858579
vn -0.333378 0.062563 -0.940715
vn -0.314178 0.049185 -0.948089
vn -0.987098 -0.160118 0.000000
vn -0.987098 -0.160118 -0.000000
vn 0.986924 -0.161185 0.000000
vn 0.986924 -0.161185 0.000000
vn 0.000000 0.000000 -1.000000
vn -0.342020 0.000000 -0.939693
vn 0.000000 0.000000 -1.000000
vn -0.342020 0.000000 -0.939693
vn 0.342020 0.000000 -0.939693
vn 0.342020 0.000000 -0.939693
vn 0.642788 0.000000 -0.766044
vn 0.642787 0.000000 -0.766045
vn 0.866025 0.000000 -0.500000
vn 0.866026 0.000000 -0.500000
vn 0.984808 0.000000 -0.173648
vn 0.984808 0.000000 -0.173648
vn 0.984808 0.000000 0.173648
vn 0.984808 0.000000 0.173648
vn 0.866026 0.000000 0.500000
vn 0.866025 0.000000 0.500000
vn 0.642788 0.000000 0.766044
vn 0.642787 0.000000 0.766045
vn 0.342020 0.000000 0.939693
vn 0.342020 0.000000 0.939693
vn -0.000000 0.000000 1.000000
vn -0.000000 0.000000 1.000000
vn -0.342020 0.000000 0.939693
vn -0.342020 0.000000 0.939692
vn -0.642788 0.000000 0.766044
vn -0.642787 0.000000 0.766045
vn -0.866026 0.000000 0.500000
vn -0.866026 0.000000 0.500000
vn -0.984808 0.000000 0.173648
vn -0.984808 0.000000 0.173648
vn -0.984808 0.000000 -0.173648
vn -0.984808 0.000000 -0.173648
vn -0.866025 0.000000 -0.500000
vn -0.866025 0.000000 -0.500001
vn -0.642788 0.000000 -0.766044
vn -0.642787 0.000000 -0.766045
vn 0.000000 0.000000 -1.000000
vn -0.342020 0.000000 -0.939693
vn 0.000000 0.000000 -1.000000
vn -0.342020 0.000000 -0.939693
vn 0.342020 0.000000 -0.939693
vn 0.342020 0.000000 -0.939693
vn 0.642788 0.000000 -0.766044
vn 0.642788 0.000000 -0.766045
vn 0.866026 0.000000 -0.500000
vn 0.866025 0.000000 -0.500000
vn 0.984808 0.000000 -0.173648
vn 0.984808 0.000000 -0.173648
vn 0.984808 0.000000 0.173649
vn 0.984808 0.000000 0.173648
vn 0.866025 0.000000 0.500000
vn 0.866025 0.000000 0.500000
vn 0.642788 0.000000 0.766045
vn 0.642788 0.000000 0.766045
vn 0.342020 0.000000 0.939693
vn 0.342020 0.000000 0.939693
vn -0.000000 0.000000 1.000000
vn -0.000000 0.000000 1.000000
vn -0.342020 0.000000 0.939693
vn -0.342020 0.000000 0.939693
vn -0.642788 0.000000 0.766044
vn -0.642788 0.000000 0.766044
vn -0.866026 0.000000 0.500000
vn -0.866026 0.000000 0.500000
vn -0.984808 0.000000 0.173648
vn -0.984808 0.000000 0.173648
vn -0.984808 0.000000 -0.173649
vn -0.984808 0.000000 -0.173649
vn -0.866025 0.000000 -0.500000
vn -0.866025 0.000000 -0.500001
vn -0.642787 0.000000 -0.766045
vn -0.642788 0.000000 -0.766044
vn 0.000000 0.000000 -1.000000
vn -0.342020 0.000000 -0.939693
vn 0.342020 0.000000 -0.939693
vn 0.642788 0.000000 -0.766044
vn 0.866026 0.000000 -0.500000
vn 0.984808 0.000000 -0.173648
vn 0.984808 0.000000 0.173649
vn 0.866025 0.000000 0.500000
vn 0.642788 0.000000 0.766045
vn 0.342020 0.000000 0.939693
vn -0.000000 0.000000 1.000000
vn -0.342020 0.000000 0.939693
vn -0.642788 0.000000 0.766045
vn -0.866025 0.000000 0.500000
vn -0.984808 0.000000 0.173648
vn -0.984808 0.000000 -0.173649
vn -0.866025 0.000000 -0.500001
vn -0.642787 0.000000 -0.766045
vn 0.000000 0.000000 -1.000000
vn -0.342020 0.000000 -0.939693
vn 0.000001 0.000000 -1.000000
vn -0.342020 0.000000 -0.939693
vn 0.342020 0.000000 -0.939693
vn 0.342021 0.000000 -0.939692
vn 0.642788 0.000000 -0.766044
vn 0.642787 0.000000 -0.766045
vn 0.866026 0.000000 -0.500000
vn 0.866025 0.000000 -0.500000
vn 0.984808 0.000000 -0.173648
vn 0.984808 0.000000 -0.173648
vn 0.984808 0.000000 0.173648
vn 0.984808 0.000000 0.173648
vn 0.866025 0.000000 0.500000
vn 0.866026 0.000000 0.500000
vn 0.642787 0.000000 0.766045
vn 0.642788 0.000000 0.766044
vn 0.342020 0.000000 0.939693
vn 0.342020 0.000000 0.939693
vn -0.000000 0.000000 1.000000
vn 0.000000 0.000000 1.000000
vn -0.342020 0.000000 0.939693
vn -0.342020 0.000000 0.939693
vn -0.642788 0.000000 0.766044
vn -0.642788 0.000000 0.766044
vn -0.866026 0.000000 0.500000
vn -0.866025 0.000000 0.500000
vn -0.984808 0.000000 0.173648
vn -0.984808 0.000000 0.173648
vn -0.984808 0.000000 -0.173648
vn -0.984808 0.000000 -0.173649
vn -0.866025 0.000000 -0.500000
vn -0.866025 0.000000 -0.500000
vn -0.642787 0.000000 -0.766045
vn -0.642788 0.000000 -0.766044
vn 0.000000 0.000000 -1.000000
vn -0.342020 0.000000 -0.939693
vn 0.000001 0.000000 -1.000000
vn -0.342020 0.000000 -0.939693
vn 0.342020 0.000000 -0.939693
vn 0.342021 0.000000 -0.939692
vn 0.642788 0.000000 -0.766045
vn 0.642788 0.000000 -0.766044
vn 0.866025 0.000000 -0.500000
vn 0.866026 0.000000 -0.500000
vn 0.984808 0.000000 -0.173648
vn 0.984808 0.000000 -0.173648
vn 0.984808 0.000000 0.173648
vn 0.984808 0.000000 0.173649
vn 0.866026 0.000000 0.500000
vn 0.866025 0.000000 0.500000
vn 0.642787 0.000000 0.766045
vn 0.642788 0.000000 0.766044
vn 0.342019 0.000000 0.939693
vn 0.342020 0.000000 0.939693
vn -0.000000 0.000000 1.000000
vn 0.000000 0.000000 1.000000
vn -0.342020 0.000000 0.939693
vn -0.342020 0.000000 0.939693
vn -0.642788 0.000000 0.766044
vn -0.642788 0.000000 0.766044
vn -0.866025 0.000000 0.500000
vn -0.866026 0.000000 0.500000
vn -0.984808 0.000000 0.173648
vn -0.984808 0.000000 0.173648
vn -0.984808 0.000000 -0.173648
vn -0.984808 0.000000 -0.173649
vn -0.866025 0.000000 -0.500000
vn -0.866025 0.000000 -0.500001
vn -0.642788 0.000000 -0.766044
vn -0.642788 0.000000 -0.766044
vn 0.000000 -1.000000 0.000012
vn 0.000000 -1.000000 -0.000015
vn 0.000000 -1.000000 0.000008
vn 0.000000 -1.000000 -0.000008
vn 0.000000 1.000000 -0.000029
vn 0.000000 1.000000 0.000007
vn 0.000000 1.000000 -0.000021
vn 0.000000 1.000000 0.000009
vn 0.000000 -1.000000 -0.000010
vn 0.000000 -1.000000 -0.000019
vn 0.000000 1.000000 -0.000007
vn 0.000000 1.000000 0.000005
vn 0.000000 -1.000000 -0.000011
vn 0.000000 -1.000000 -0.000025
vn 0.000000 1.000000 0.000048
vn 0.000000 1.000000 0.000065
vn 0.000000 -1.000000 0.000023
vn 0.000000 -1.000000 0.000018
vn 0.000000 1.000000 0.000019
vn 0.000000 1.000000 0.000023
vn 0.000000 -1.000000 0.000000
vn 0.000000 -1.000000 0.000003
vn 0.000000 1.000000 0.000001
vn 0.000000 1.000000 -0.000003
vn 0.000000 -1.000000 0.000001
vn 0.000000 -1.000000 0.000000
vn 0.000000 1.000000 0.000002
vn 0.000000 1.000000 0.000003
vn 0.000000 -1.000000 0.000007
vn 0.000000 -1.000000 0.000007
vn 0.000000 1.000000 -0.000011
vn 0.000000 1.000000 0.000002
vn 0.000000 -1.000000 0.000018
vn 0.000000 -1.000000 0.000026
vn 0.000000 1.000000 0.000000
vn 0.000000 1.000000 0.000024
vn 0.000000 -1.000000 -0.000021
vn 0.000000 -1.000000 -0.000008
vn 0.000000 1.000000 0.000079
vn 0.000000 1.000000 0.000087
vn 0.000000 -1.000000 -0.000034
vn 0.000000 -1.000000 -0.000024
vn 0.000000 1.000000 -0.000029
vn 0.000000 1.000000 -0.000026
vn 0.000000 -1.000000 -0.000006
vn 0.000000 -1.000000 0.000006
vn 0.000000 1.000000 -0.000017
vn 0.000000 1.000000 -0.000010
vn 0.000000 -1.000000 -0.000010
vn 0.000000 -1.000000 -0.000001
vn 0.000000 1.000000 -0.000010
vn 0.000000 1.000000 -0.000007
vn 0.000000 -1.000000 -0.000023
vn 0.000000 -1.000000 -0.000023
vn 0.000000 1.000000 -0.000001
vn 0.000000 1.000000 0.000000
vn 0.000000 -1.000000 0.000000
vn 0.000000 -1.000000 -0.000003
vn 0.000000 1.000000 -0.000017
vn 0.000000 1.000000 -0.000014
vn 0.000000 -1.000000 -0.000001
vn 0.000000 -1.000000 0.000000
vn 0.000000 1.000000 -0.000002
vn 0.000000 1.000000 0.000000
vn 0.000000 -1.000000 -0.000008
vn 0.000000 -1.000000 -0.000007
vn 0.000000 1.000000 0.000000
vn 0.000000 1.000000 0.000000
vn 0.000000 -1.000000 0.000027
vn 0.000000 -1.000000 0.000033
vn 0.000000 1.000000 -0.000025
vn 0.000000 1.000000 -0.000021
vn 0.000000 -1.000000 0.000008
vn 0.000000 -1.000000 0.000047
vn 0.000000 -1.000000 0.000004
vn 0.000000 -1.000000 0.000038
vn 0.000000 1.000000 0.000008
vn 0.000000 1.000000 0.000006
vn 0.000000 1.000000 0.000007
vn 0.000000 1.000000 0.000004
vn 0.000000 -1.000000 0.000028
vn 0.000000 -1.000000 0.000017
vn 0.000000 1.000000 0.000059
vn 0.000000 1.000000 0.000036
vn 0.000000 -1.000000 0.000024
vn 0.000000 -1.000000 0.000008
vn 0.000000 1.000000 -0.000050
vn 0.000000 1.000000 -0.000066
vn 0.000000 -1.000000 0.000043
vn 0.000000 -1.000000 0.000041
vn 0.000000 1.000000 -0.000017
vn 0.000000 1.000000 -0.000014
vn 0.000000 -1.000000 -0.000017
vn 0.000000 -1.000000 -0.000008
vn 0.000000 1.000000 -0.000002
vn 0.000000 1.000000 0.000000
vn 0.000000 -1.000000 0.000002
vn 0.000000 -1.000000 0.000000
vn 0.000000 1.000000 -0.000017
vn 0.000000 1.000000 -0.000014
vn 0.000000 -1.000000 0.000044
vn 0.000000 -1.000000 0.000047
vn 0.000000 1.000000 -0.000036
vn 0.000000 1.000000 -0.000016
vn 0.000000 -1.000000 -0.000064
vn 0.000000 -1.000000 -0.000067
vn 0.000000 1.000000 0.000003
vn 0.000000 1.000000 0.000025
vn 0.000000 -1.000000 0.000011
vn 0.000000 -1.000000 0.000002
vn 0.000000 1.000000 -0.000024
vn 0.000000 1.000000 -0.000002
vn 0.000000 -1.000000 0.000013
vn 0.000000 -1.000000 0.000032
vn 0.000000 1.000000 0.000011
vn 0.000000 1.000000 0.000029
vn 0.000000 -1.000000 -0.000033
vn 0.000000 -1.000000 -0.000009
vn 0.000000 1.000000 -0.000015
vn 0.000000 1.000000 -0.000007
vn 0.000000 -1.000000 -0.000034
vn 0.000000 -1.000000 -0.000015
vn 0.000000 1.000000 -0.000018
vn 0.000000 1.000000 -0.000014
vn 0.000000 -1.000000 -0.000033
vn 0.000000 -1.000000 -0.000022
vn 0.000000 1.000000 -0.000002
vn 0.000000 1.000000 -0.000006
vn 0.000000 -1.000000 0.000000
vn 0.000000 -1.000000 0.000000
vn 0.000000 1.000000 -0.000029
vn 0.000000 1.000000 -0.000033
vn 0.000000 -1.000000 -0.000002
vn 0.000000 -1.000000 0.000000
vn 0.000000 1.000000 0.000017
vn 0.000000 1.000000 0.000014
vn 0.000000 -1.000000 0.000014
vn 0.000000 -1.000000 0.000019
vn 0.000000 1.000000 0.000002
vn 0.000000 1.000000 0.000000
vn 0.000000 -1.000000 0.000023
vn 0.000000 -1.000000 0.000019
vn 0.000000 1.000000 0.000000
vn 0.000000 1.000000 0.000000
vn -0.341133 0.939768 -0.021528
vn -0.641986 0.766414 -0.021529
vn -0.341745 0.939546 -0.021528
vn -0.642492 0.765990 -0.021529
vn -0.865405 0.500610 -0.021529
vn -0.865719 0.500066 -0.021528
vn -0.984433 0.174435 -0.021528
vn -0.984540 0.173834 -0.021528
vn -0.984729 -0.172760 -0.021528
vn -0.984611 -0.173427 -0.021528
vn -0.866255 -0.499138 -0.021529
vn -0.865926 -0.499709 -0.021528
vn -0.643289 -0.765321 -0.021528
vn -0.642809 -0.765724 -0.021529
vn -0.342731 -0.939187 -0.021528
vn -0.342134 -0.939405 -0.021528
vn -0.000850 -0.999768 -0.021528
vn -0.000207 -0.999768 -0.021528
vn 0.341146 -0.939764 -0.021529
vn 0.341745 -0.939546 -0.021528
vn 0.641968 -0.766430 -0.021528
vn 0.642492 -0.765990 -0.021529
vn 0.865389 -0.500638 -0.021528
vn 0.865727 -0.500052 -0.021529
vn 0.984433 -0.174434 -0.021528
vn 0.984543 -0.173816 -0.021529
vn 0.984729 0.172760 -0.021529
vn 0.984615 0.173409 -0.021529
vn 0.866255 0.499138 -0.021529
vn 0.865926 0.499709 -0.021528
vn 0.643289 0.765321 -0.021528
vn 0.642800 0.765732 -0.021528
vn 0.342731 0.939187 -0.021528
vn 0.342139 0.939403 -0.021529
vn 0.000850 0.999768 -0.021528
vn 0.000207 0.999768 -0.021529
vn 0.000007 0.000000 -1.000000
vn 0.000007 0.000000 -1.000000
vn -0.000000 0.000000 -1.000000
vn 0.000000 0.000000 -1.000000
vn 0.000000 0.000000 -1.000000
vn 0.000000 0.000000 -1.000000
vn -0.000007 0.000000 -1.000000
vn 0.000007 0.000000 -1.000000
vn 0.000014 0.000000 -1.000000
vn 0.000000 0.000000 -1.000000
vn -0.000007 0.000000 -1.000000
vn 0.000000 0.000000 -1.000000
vn 0.000007 0.000000 -1.000000
vn 0.000000 0.000000 -1.000000
vn 0.000000 0.000000 -1.000000
vn 0.000000 0.000000 -1.000000
vn -0.000014 0.000000 -1.000000
vn -0.000014 0.000000 -1.000000
vn 0.000000 0.000000 -1.000000
vn -0.341021 0.939739 -0.024397
vn -0.641871 0.766425 -0.024397
vn -0.341695 0.939494 -0.024397
vn -0.642416 0.765967 -0.024397
vn -0.865287 0.500682 -0.024397
vn -0.865648 0.500058 -0.024397
vn -0.984346 0.174549 -0.024397
vn -0.984473 0.173830 -0.024397
vn -0.984682 -0.172642 -0.024397
vn -0.984554 -0.173375 -0.024397
vn -0.866255 -0.499007 -0.024397
vn -0.865880 -0.499657 -0.024396
vn -0.643338 -0.765193 -0.024397
vn -0.642778 -0.765664 -0.024397
vn -0.342821 -0.939084 -0.024397
vn -0.342140 -0.939332 -0.024397
vn -0.000962 -0.999702 -0.024396
vn -0.000235 -0.999702 -0.024397
vn 0.341009 -0.939743 -0.024396
vn 0.341699 -0.939493 -0.024397
vn 0.641852 -0.766440 -0.024396
vn 0.642416 -0.765967 -0.024397
vn 0.865287 -0.500682 -0.024397
vn 0.865651 -0.500054 -0.024397
vn 0.984346 -0.174549 -0.024397
vn 0.984474 -0.173824 -0.024397
vn 0.984680 0.172655 -0.024397
vn 0.984556 0.173363 -0.024397
vn 0.866249 0.499016 -0.024397
vn 0.865885 0.499648 -0.024397
vn 0.643332 0.765199 -0.024397
vn 0.642772 0.765669 -0.024397
vn 0.342829 0.939081 -0.024397
vn 0.342133 0.939335 -0.024396
vn 0.000962 0.999702 -0.024397
vn 0.000235 0.999702 -0.024396
vn 0.000000 0.000000 -1.000000
vn 0.000008 0.000000 -1.000000
vn 0.000002 0.000000 -1.000000
vn 0.000002 0.000000 -1.000000
vn 0.000004 0.000000 -1.000000
vn 0.000002 0.000000 -1.000000
vn 0.000000 0.000000 -1.000000
vn 0.000008 0.000000 -1.000000
vn 0.000008 0.000000 -1.000000
vn 0.000000 0.000000 -1.000000
vn 0.000000 0.000000 -1.000000
vn 0.000000 0.000000 -1.000000
vn 0.000002 0.000000 -1.000000
vn 0.000002 0.000000 -1.000000
vn 0.000004 0.000000 -1.000000
vn 0.000004 0.000000 -1.000000
vn -0.000008 0.000000 -1.000000
vn -0.000008 0.000000 -1.000000
vn 0.000008 0.000000 -1.000000
vn -0.341023 0.939745 -0.024151
vn -0.641862 0.766440 -0.024151
vn -0.341703 0.939498 -0.024151
vn -0.642424 0.765968 -0.024151
vn -0.865297 0.500678 -0.024151
vn -0.865656 0.500057 -0.024151
vn -0.984356 0.174527 -0.024151
vn -0.984480 0.173825 -0.024151
vn -0.984685 -0.172665 -0.024151
vn -0.984562 -0.173362 -0.024151
vn -0.866243 -0.499039 -0.024151
vn -0.865891 -0.499650 -0.024151
vn -0.643329 -0.765209 -0.024151
vn -0.642778 -0.765672 -0.024151
vn -0.342819 -0.939091 -0.024151
vn -0.342137 -0.939340 -0.024151
vn -0.000953 -0.999708 -0.024151
vn -0.000232 -0.999708 -0.024151
vn 0.341028 -0.939743 -0.024151
vn 0.341701 -0.939498 -0.024151
vn 0.641873 -0.766431 -0.024151
vn 0.642423 -0.765970 -0.024151
vn 0.865293 -0.500684 -0.024151
vn 0.865658 -0.500054 -0.024151
vn 0.984354 -0.174541 -0.024151
vn 0.984481 -0.173822 -0.024151
vn 0.984687 0.172651 -0.024151
vn 0.984560 0.173372 -0.024151
vn 0.866252 0.499023 -0.024151
vn 0.865886 0.499658 -0.024151
vn 0.643332 0.765206 -0.024151
vn 0.642778 0.765672 -0.024151
vn 0.342818 0.939091 -0.024151
vn 0.342137 0.939340 -0.024151
vn 0.000954 0.999708 -0.024151
vn 0.000232 0.999708 -0.024151
vn 0.000005 0.000000 -1.000000
vn 0.000000 0.000000 -1.000000
vn 0.000001 0.000000 -1.000000
vn 0.000007 0.000000 -1.000000
vn -0.000000 0.000000 -1.000000
vn -0.000002 0.000000 -1.000000
vn 0.000000 0.000000 -1.000000
vn 0.000000 0.000000 -1.000000
vn 0.000000 0.000000 -1.000000
vn 0.000000 0.000000 -1.000000
vn 0.000000 0.000000 -1.000000
vn -0.000005 0.000000 -1.000000
vn -0.000007 0.000000 -1.000000
vn -0.000002 0.000000 -1.000000
vn 0.000005 0.000000 -1.000000
vn 0.000005 0.000000 -1.000000
vn 0.000010 0.000000 -1.000000
vn 0.000010 0.000000 -1.000000
vn 0.000000 0.000000 -1.000000
vn 0.000000 0.342020 -0.939693
vn 0.000000 0.642787 -0.766045
vn 0.000000 0.342020 -0.939693
vn 0.000000 0.642787 -0.766045
vn 0.000000 0.866027 -0.499997
vn 0.000000 0.866023 -0.500004
vn 0.000000 0.984808 -0.173647
vn 0.000000 0.984806 -0.173656
vn 0.000000 0.984806 0.173656
vn 0.000000 0.984808 0.173647
vn 0.000000 0.866023 0.500004
vn 0.000000 0.866027 0.499997
vn 0.000000 0.642787 0.766045
vn 0.000000 0.642787 0.766045
vn 0.000000 0.342020 0.939693
vn 0.000000 0.342020 0.939693
vn 0.000000 0.000000 1.000000
vn 0.000000 -0.000000 1.000000
vn 0.000000 -0.342021 0.939692
vn 0.000000 -0.342017 0.939694
vn 0.000000 -0.642787 0.766045
vn 0.000000 -0.642787 0.766045
vn 0.000000 -0.866025 0.500001
vn 0.000000 -0.866027 0.499997
vn 0.000000 -0.984808 0.173647
vn 0.000000 -0.984809 0.173642
vn 0.000000 -0.984809 -0.173642
vn 0.000000 -0.984808 -0.173647
vn 0.000000 -0.866027 -0.499997
vn 0.000000 -0.866025 -0.500001
vn 0.000000 -0.642787 -0.766045
vn 0.000000 -0.642787 -0.766045
vn 0.000000 -0.342017 -0.939694
vn 0.000000 -0.342022 -0.939692
vn 0.000000 -0.000000 -1.000000
vn 0.000000 0.000000 -1.000000
vn -0.340939 0.939720 -0.026197
vn -0.641778 0.766443 -0.026196
vn -0.341663 0.939457 -0.026196
vn -0.642376 0.765942 -0.026196
vn -0.865201 0.500740 -0.026196
vn -0.865609 0.500035 -0.026196
vn -0.984288 0.174616 -0.026196
vn -0.984427 0.173831 -0.026196
vn -0.984649 -0.172569 -0.026196
vn -0.984513 -0.173343 -0.026196
vn -0.866245 -0.498932 -0.026196
vn -0.865855 -0.499610 -0.026196
vn -0.643354 -0.765121 -0.026196
vn -0.642764 -0.765616 -0.026196
vn -0.342868 -0.939018 -0.026196
vn -0.342142 -0.939283 -0.026196
vn -0.001033 -0.999656 -0.026196
vn -0.000252 -0.999657 -0.026196
vn 0.340939 -0.939720 -0.026197
vn 0.341661 -0.939458 -0.026196
vn 0.641784 -0.766438 -0.026197
vn 0.642373 -0.765945 -0.026196
vn 0.865207 -0.500731 -0.026196
vn 0.865606 -0.500040 -0.026196
vn 0.984288 -0.174616 -0.026196
vn 0.984427 -0.173831 -0.026196
vn 0.984649 0.172569 -0.026196
vn 0.984513 0.173343 -0.026196
vn 0.866245 0.498932 -0.026196
vn 0.865855 0.499610 -0.026196
vn 0.643354 0.765121 -0.026196
vn 0.642764 0.765616 -0.026196
vn 0.342868 0.939018 -0.026196
vn 0.342140 0.939284 -0.026196
vn 0.001033 0.999656 -0.026196
vn 0.000252 0.999657 -0.026196
vn 0.000008 0.000000 -1.000000
vn 0.000008 0.000000 -1.000000
vn 0.000001 0.000000 -1.000000
vn -0.000002 0.000000 -1.000000
vn -0.000002 0.000000 -1.000000
vn 0.000000 0.000000 -1.000000
vn -0.000008 0.000000 -1.000000
vn -0.000008 0.000000 -1.000000
vn 0.000000 0.000000 -1.000000
vn 0.000008 0.000000 -1.000000
vn 0.000000 0.000000 -1.000000
vn -0.000004 0.000000 -1.000000
vn 0.000002 0.000000 -1.000000
vn 0.000000 0.000000 -1.000000
vn 0.000002 0.000000 -1.000000
vn 0.000008 0.000000 -1.000000
vn 0.000008 0.000000 -1.000000
vn 0.000000 0.000000 -1.000000
vn 0.000000 0.000000 -1.000000
vn 1.000000 0.000000 0.000000
vn 1.000000 0.000000 0.000000
vn 1.000000 0.000000 0.000000
vn 1.000000 0.000000 0.000000
vn 0.000000 1.000000 0.000000
vn 0.000000 1.000000 0.000000
vn 0.000000 1.000000 0.000000
vn 0.000000 1.000000 0.000000
vn -1.000000 0.000000 0.000000
vn -1.000000 0.000000 0.000000
vn -1.000000 0.000000 0.000000
vn -1.000000 0.000000 0.000000
vn 0.000000 -1.000000 0.000000
vn 0.000000 -1.000000 0.000000
vn 0.000000 -1.000000 0.000000
vn 0.000000 -1.000000 0.000000
vn 0.000000 0.000000 -1.000000
vn 0.000000 0.000000 -1.000000
vn 0.000000 0.000000 -1.000000
vn 0.000000 0.000000 -1.000000
vn 0.000000 0.000000 1.000000
vn 0.000000 0.000000 1.000000
vn 0.000000 0.000000 1.000000
vn 0.000000 0.000000 1.000000
vn -0.340839 0.939698 -0.028235
vn -0.641679 0.766454 -0.028235
vn -0.341628 0.939411 -0.028235
vn -0.642325 0.765912 -0.028235
vn -0.865123 0.500764 -0.028235
vn -0.865544 0.500036 -0.028235
vn -0.984221 0.174675 -0.028235
vn -0.984368 0.173846 -0.028235
vn -0.984608 -0.172482 -0.028235
vn -0.984462 -0.173312 -0.028235
vn -0.866236 -0.498837 -0.028235
vn -0.865816 -0.499566 -0.028235
vn -0.643384 -0.765023 -0.028235
vn -0.642740 -0.765564 -0.028235
vn -0.342930 -0.938937 -0.028235
vn -0.342137 -0.939226 -0.028235
vn -0.001113 -0.999601 -0.028235
vn -0.000271 -0.999601 -0.028235
vn 0.340839 -0.939698 -0.028235
vn 0.341628 -0.939411 -0.028235
vn 0.641679 -0.766454 -0.028235
vn 0.642325 -0.765912 -0.028235
vn 0.865123 -0.500765 -0.028235
vn 0.865545 -0.500035 -0.028235
vn 0.984221 -0.174675 -0.028235
vn 0.984368 -0.173845 -0.028235
vn 0.984608 0.172483 -0.028235
vn 0.984462 0.173312 -0.028235
vn 0.866236 0.498837 -0.028235
vn 0.865815 0.499566 -0.028235
vn 0.643383 0.765023 -0.028235
vn 0.642740 0.765564 -0.028235
vn 0.342930 0.938937 -0.028235
vn 0.342137 0.939226 -0.028235
vn 0.001113 0.999601 -0.028235
vn 0.000271 0.999601 -0.028235
vn 0.000004 0.000000 -1.000000
vn 0.000000 0.000000 -1.000000
vn 0.000001 0.000000 -1.000000
vn 0.000004 0.000000 -1.000000
vn 0.000002 0.000000 -1.000000
vn -0.000002 0.000000 -1.000000
vn 0.000004 0.000000 -1.000000
vn 0.000008 0.000000 -1.000000
vn 0.000000 0.000000 -1.000000
vn 0.000000 0.000000 -1.000000
vn 0.000000 0.000000 -1.000000
vn -0.000004 0.000000 -1.000000
vn -0.000004 0.000000 -1.000000
vn -0.000002 0.000000 -1.000000
vn 0.000002 0.000000 -1.000000
vn 0.000004 0.000000 -1.000000
vn 0.000000 0.000000 -1.000000
vn 0.000000 0.000000 -1.000000
vn 0.000000 0.000000 -1.000000
vn -0.382750 0.923435 -0.027750
vn -0.690958 0.722405 -0.026622
vn -0.382983 0.923339 -0.027749
vn -0.690970 0.722393 -0.026622
vn -0.891733 0.451844 -0.025493
vn -0.891798 0.451715 -0.025492
vn -0.987841 0.153472 -0.024828
vn -0.987919 0.152970 -0.024827
vn -0.988137 -0.151558 -0.024826
vn -0.987992 -0.152494 -0.024827
vn -0.892632 -0.450066 -0.025487
vn -0.892021 -0.451274 -0.025491
vn -0.692474 -0.720952 -0.026615
vn -0.691339 -0.722040 -0.026621
vn -0.384776 -0.922593 -0.027745
vn -0.383477 -0.923134 -0.027748
vn -0.001118 -0.999601 -0.028235
vn -0.000272 -0.999601 -0.028235
vn 0.382744 -0.923438 -0.027749
vn 0.382987 -0.923337 -0.027750
vn 0.690942 -0.722420 -0.026622
vn 0.690976 -0.722388 -0.026623
vn 0.891724 -0.451862 -0.025493
vn 0.891802 -0.451706 -0.025492
vn 0.987840 -0.153479 -0.024828
vn 0.987920 -0.152966 -0.024827
vn 0.988139 0.151543 -0.024826
vn 0.987991 0.152501 -0.024827
vn 0.892631 0.450066 -0.025487
vn 0.892021 0.451274 -0.025491
vn 0.692470 0.720956 -0.026615
vn 0.691339 0.722040 -0.026621
vn 0.384779 0.922592 -0.027745
vn 0.383477 0.923134 -0.027748
vn 0.001118 0.999601 -0.028235
vn 0.000272 0.999601 -0.028235
vn 0.000004 0.000000 -1.000000
vn 0.000000 0.000000 -1.000000
vn 0.000001 0.000000 -1.000000
vn 0.000005 0.000000 -1.000000
vn 0.000002 0.000000 -1.000000
vn -0.000003 0.000000 -1.000000
vn 0.000006 0.000000 -1.000000
vn 0.000009 0.000000 -1.000000
vn 0.000000 0.000000 -1.000000
vn 0.000000 0.000000 -1.000000
vn 0.000000 0.000000 -1.000000
vn -0.000004 0.000000 -1.000000
vn -0.000005 0.000000 -1.000000
vn -0.000002 0.000000 -1.000000
vn 0.000003 0.000000 -1.000000
vn 0.000004 0.000000 -1.000000
vn 0.000000 0.000000 -1.000000
vn 0.000000 0.000000 -1.000000
vn 0.000000 0.000000 -1.000000
vn -0.314402 0.948902 -0.027131
vn -0.607286 0.793996 -0.027829
vn -0.315469 0.948548 -0.027132
vn -0.608359 0.793174 -0.027831
vn -0.844378 0.534980 -0.028694
vn -0.845110 0.533822 -0.028697
vn -0.981234 0.190582 -0.029306
vn -0.981442 0.189506 -0.029307
vn -0.981673 -0.188309 -0.029308
vn -0.981549 -0.188953 -0.029307
vn -0.845587 -0.533066 -0.028699
vn -0.845405 -0.533355 -0.028698
vn -0.609019 -0.792667 -0.027834
vn -0.608786 -0.792846 -0.027833
vn -0.316419 -0.948231 -0.027133
vn -0.315966 -0.948382 -0.027133
vn -0.001056 -0.999638 -0.026870
vn -0.000257 -0.999639 -0.026870
vn 0.314402 -0.948902 -0.027130
vn 0.315471 -0.948547 -0.027132
vn 0.607279 -0.794001 -0.027828
vn 0.608362 -0.793171 -0.027832
vn 0.844378 -0.534980 -0.028694
vn 0.845110 -0.533821 -0.028697
vn 0.981236 -0.190568 -0.029306
vn 0.981442 -0.189506 -0.029307
vn 0.981673 0.188309 -0.029308
vn 0.981550 0.188946 -0.029307
vn 0.845575 0.533085 -0.028698
vn 0.845410 0.533346 -0.028698
vn 0.609006 0.792677 -0.027833
vn 0.608792 0.792842 -0.027833
vn 0.316419 0.948231 -0.027133
vn 0.315968 0.948382 -0.027133
vn 0.001056 0.999638 -0.026870
vn 0.000257 0.999639 -0.026870
vn 0.000004 0.000000 -1.000000
vn 0.000000 0.000000 -1.000000
vn 0.000001 0.000000 -1.000000
vn 0.000004 0.000000 -1.000000
vn 0.000002 0.000000 -1.000000
vn 0.000006 0.000000 -1.000000
vn 0.000004 0.000000 -1.000000
vn 0.000000 0.000000 -1.000000
vn 0.000000 0.000000 -1.000000
vn 0.000000 0.000000 -1.000000
vn 0.000000 0.000000 -1.000000
vn 0.000000 0.000000 -1.000000
vn 0.000000 0.000000 -1.000000
vn 0.000000 0.000000 -1.000000
vn 0.000000 0.000000 -1.000000
vn 0.000000 0.000000 -1.000000
vn 0.000000 0.000000 -1.000000
vn 0.000000 0.000000 -1.000000
vn 0.000000 0.000000 -1.000000
vn -0.307727 0.951133 -0.025506
vn -0.598157 0.800946 -0.026329
vn -0.308812 0.950781 -0.025508
vn -0.599297 0.800093 -0.026333
vn -0.838569 0.544108 -0.027372
vn -0.839358 0.542889 -0.027376
vn -0.980407 0.194962 -0.028125
vn -0.980625 0.193867 -0.028127
vn -0.980840 -0.192772 -0.028128
vn -0.980729 -0.193339 -0.028127
vn -0.839747 -0.542288 -0.027378
vn -0.839644 -0.542447 -0.027377
vn -0.599814 -0.799706 -0.026335
vn -0.599705 -0.799788 -0.026335
vn -0.309634 -0.950514 -0.025509
vn -0.309276 -0.950630 -0.025509
vn -0.000991 -0.999682 -0.025203
vn -0.000241 -0.999682 -0.025203
vn 0.307728 -0.951132 -0.025506
vn 0.308812 -0.950781 -0.025508
vn 0.598159 -0.800945 -0.026329
vn 0.599297 -0.800093 -0.026333
vn 0.838573 -0.544102 -0.027372
vn 0.839357 -0.542890 -0.027376
vn 0.980408 -0.194958 -0.028126
vn 0.980624 -0.193869 -0.028127
vn 0.980840 0.192776 -0.028128
vn 0.980729 0.193337 -0.028127
vn 0.839745 0.542290 -0.027378
vn 0.839644 0.542447 -0.027377
vn 0.599816 0.799704 -0.026335
vn 0.599703 0.799790 -0.026334
vn 0.309635 0.950513 -0.025510
vn 0.309276 0.950630 -0.025509
vn 0.000991 0.999682 -0.025203
vn 0.000241 0.999682 -0.025203
vn 0.000005 0.000000 -1.000000
vn -0.000009 0.000000 -1.000000
vn 0.000000 0.000000 -1.000000
vn 0.000002 0.000000 -1.000000
vn -0.000002 0.000000 -1.000000
vn -0.000005 0.000000 -1.000000
vn -0.000005 0.000000 -1.000000
vn 0.000000 0.000000 -1.000000
vn -0.000009 0.000000 -1.000000
vn 0.000000 0.000000 -1.000000
vn 0.000009 0.000000 -1.000000
vn -0.000005 0.000000 -1.000000
vn -0.000002 0.000000 -1.000000
vn 0.000002 0.000000 -1.000000
vn 0.000005 0.000000 -1.000000
vn 0.000005 0.000000 -1.000000
vn 0.000000 0.000000 -1.000000
vn 0.000009 0.000000 -1.000000
vn -0.000000 0.000000 -1.000000
vn 0.000000 0.342017 -0.939694
vn 0.000000 0.642793 -0.766040
vn 0.000000 0.342021 -0.939692
vn 0.000000 0.642787 -0.766045
vn 0.000000 0.866028 -0.499995
vn 0.000000 0.866024 -0.500003
vn 0.000000 0.984809 -0.173644
vn 0.000000 0.984809 -0.173644
vn 0.000000 0.984809 0.173644
vn 0.000000 0.984809 0.173644
vn 0.000000 0.866029 0.499994
vn 0.000000 0.866029 0.499994
vn 0.000000 0.642793 0.766040
vn 0.000000 0.642788 0.766045
vn 0.000000 0.342022 0.939692
vn 0.000000 0.342014 0.939695
vn 0.000000 0.000000 1.000000
vn 0.000000 0.000000 1.000000
vn 0.000000 -0.342025 0.939691
vn 0.000000 -0.342021 0.939692
vn 0.000000 -0.642793 0.766040
vn 0.000000 -0.642782 0.766049
vn 0.000000 -0.866028 0.499995
vn 0.000000 -0.866018 0.500012
vn 0.000000 -0.984809 0.173644
vn 0.000000 -0.984809 0.173644
vn 0.000000 -0.984809 -0.173644
vn 0.000000 -0.984809 -0.173644
vn 0.000000 -0.866024 -0.500003
vn 0.000000 -0.866029 -0.499995
vn 0.000000 -0.642782 -0.766049
vn 0.000000 -0.642793 -0.766040
vn 0.000000 -0.342018 -0.939694
vn 0.000000 -0.342025 -0.939691
vn 0.000000 -0.000000 -1.000000
vn 0.000000 -0.000000 -1.000000
vn -0.341192 0.939768 -0.020603
vn -0.642028 0.766405 -0.020602
vn -0.341759 0.939562 -0.020602
vn -0.642505 0.766005 -0.020603
vn -0.865410 0.500640 -0.020602
vn -0.865758 0.500038 -0.020603
vn -0.984451 0.174448 -0.020602
vn -0.984570 0.173773 -0.020602
vn -0.984744 -0.172783 -0.020602
vn -0.984633 -0.173414 -0.020602
vn -0.866266 -0.499158 -0.020603
vn -0.865935 -0.499732 -0.020602
vn -0.643291 -0.765345 -0.020603
vn -0.642800 -0.765757 -0.020602
vn -0.342723 -0.939211 -0.020603
vn -0.342131 -0.939427 -0.020602
vn -0.000814 -0.999787 -0.020602
vn -0.000198 -0.999788 -0.020602
vn 0.341183 -0.939771 -0.020602
vn 0.341759 -0.939562 -0.020602
vn 0.642044 -0.766391 -0.020603
vn 0.642497 -0.766011 -0.020602
vn 0.865438 -0.500592 -0.020603
vn 0.865738 -0.500074 -0.020602
vn 0.984456 -0.174417 -0.020602
vn 0.984562 -0.173819 -0.020602
vn 0.984734 0.172845 -0.020602
vn 0.984633 0.173415 -0.020602
vn 0.866224 0.499230 -0.020602
vn 0.865949 0.499708 -0.020602
vn 0.643275 0.765358 -0.020602
vn 0.642808 0.765751 -0.020602
vn 0.342712 0.939215 -0.020602
vn 0.342130 0.939427 -0.020602
vn 0.000814 0.999788 -0.020602
vn 0.000198 0.999788 -0.020602
vn 0.000006 0.000000 -1.000000
vn 0.000000 0.000000 -1.000000
vn -0.000000 0.000000 -1.000000
vn 0.000006 0.000000 -1.000000
vn 0.000000 0.000000 -1.000000
vn 0.000000 0.000000 -1.000000
vn 0.000000 0.000000 -1.000000
vn 0.000000 0.000000 -1.000000
vn 0.000000 0.000000 -1.000000
vn 0.000000 0.000000 -1.000000
vn 0.000000 0.000000 -1.000000
vn -0.000006 0.000000 -1.000000
vn -0.000006 0.000000 -1.000000
vn 0.000000 0.000000 -1.000000
vn 0.000000 0.000000 -1.000000
vn 0.000000 0.000000 -1.000000
vn 0.000000 0.000000 -1.000000
vn 0.000000 0.000000 -1.000000
vn 0.000000 0.000000 -1.000000
s 1
g pCylinder13
usemtl initialShadingGroup
f 2/2/1 183/203/2 1/1034/3
f 1/1034/3 183/203/2 176/196/4
f 3/3/5 182/202/6 2/2/1
f 2/2/1 182/202/6 183/203/2
f 4/4/7 181/201/8 3/3/5
f 3/3/5 181/201/8 182/202/6
f 4/4/7 5/5/9 181/201/8
f 181/201/8 5/5/9 180/200/10
f 5/5/9 6/6/11 180/200/10
f 180/200/10 6/6/11 179/199/12
f 6/6/11 7/7/13 179/199/12
f 179/199/12 7/7/13 178/198/14
f 7/7/13 8/8/15 178/198/14
f 178/198/14 8/8/15 177/197/16
f 10/10/17 175/195/18 9/1032/19
f 9/1032/19 175/195/18 168/188/20
f 11/11/21 174/194/22 10/10/17
f 10/10/17 174/194/22 175/195/18
f 12/12/23 173/193/24 11/11/21
f 11/11/21 173/193/24 174/194/22
f 12/12/23 13/13/25 173/193/24
f 173/193/24 13/13/25 172/192/26
f 13/13/25 14/14/27 172/192/26
f 172/192/26 14/14/27 171/191/28
f 14/14/27 15/15/29 171/191/28
f 171/191/28 15/15/29 170/190/30
f 15/15/29 16/16/31 170/190/30
f 170/190/30 16/16/31 169/189/32
s 7
f 17/52/33 18/51/34 35/54/35
f 18/51/34 19/50/36 35/54/35
f 19/50/36 20/49/37 35/54/35
f 20/49/37 21/48/38 35/54/35
f 21/48/38 22/47/39 35/54/35
f 22/47/39 23/46/40 35/54/35
f 23/46/40 24/45/41 35/54/35
f 24/45/41 25/44/42 35/54/35
f 25/44/42 26/43/43 35/54/35
f 26/43/43 27/42/44 35/54/35
f 27/42/44 28/41/45 35/54/35
f 28/41/45 29/40/46 35/54/35
f 29/40/46 30/39/47 35/54/35
f 30/39/47 31/38/48 35/54/35
f 31/38/48 32/37/49 35/54/35
f 32/37/49 33/36/50 35/54/35
f 33/36/50 34/53/51 35/54/35
f 34/53/51 17/52/33 35/54/35
s 1
f 37/57/52 36/55/53 239/1053/54
f 239/1053/54 36/55/53 238/1037/55
f 38/58/56 37/57/52 240/1052/57
f 240/1052/57 37/57/52 239/1053/54
f 39/59/58 38/58/56 241/1051/59
f 241/1051/59 38/58/56 240/1052/57
f 40/60/60 39/59/58 242/1050/61
f 242/1050/61 39/59/58 241/1051/59
f 41/61/62 40/60/60 243/1049/63
f 243/1049/63 40/60/60 242/1050/61
f 42/62/64 41/61/62 244/1048/65
f 244/1048/65 41/61/62 243/1049/63
f 43/63/66 42/62/64 245/1047/67
f 245/1047/67 42/62/64 244/1048/65
f 44/64/68 43/63/66 246/1046/69
f 246/1046/69 43/63/66 245/1047/67
f 45/65/70 44/64/68 247/1045/71
f 247/1045/71 44/64/68 246/1046/69
f 46/66/72 45/65/70 248/1044/73
f 248/1044/73 45/65/70 247/1045/71
f 47/67/74 46/66/72 249/1043/75
f 249/1043/75 46/66/72 248/1044/73
f 48/68/76 47/67/74 250/1042/77
f 250/1042/77 47/67/74 249/1043/75
f 49/69/78 48/68/76 251/1041/79
f 251/1041/79 48/68/76 250/1042/77
f 50/70/80 49/69/78 252/1040/81
f 252/1040/81 49/69/78 251/1041/79
f 51/71/82 50/70/80 253/1039/83
f 253/1039/83 50/70/80 252/1040/81
f 52/72/84 51/71/82 254/1038/85
f 254/1038/85 51/71/82 253/1039/83
f 53/73/86 52/72/84 255/1035/87
f 255/1035/87 52/72/84 254/1038/85
f 36/56/53 53/73/86 238/1036/55
f 238/1036/55 53/73/86 255/1035/87
f 55/998/88 54/74/89 37/57/52
f 37/57/52 54/74/89 36/55/53
f 55/998/88 37/57/52 56/1067/90
f 56/1067/90 37/57/52 38/58/56
f 56/1067/90 38/58/56 57/1066/91
f 57/1066/91 38/58/56 39/59/58
f 58/1065/92 57/1066/91 40/60/60
f 40/60/60 57/1066/91 39/59/58
f 59/1064/93 58/1065/92 41/61/62
f 41/61/62 58/1065/92 40/60/60
f 60/1063/94 59/1064/93 42/62/64
f 42/62/64 59/1064/93 41/61/62
f 60/1063/94 42/62/64 61/1062/95
f 61/1062/95 42/62/64 43/63/66
f 61/1062/95 43/63/66 62/1060/96
f 62/1060/96 43/63/66 44/64/68
f 63/83/97 62/1060/96 45/65/70
f 45/65/70 62/1060/96 44/64/68
f 64/997/98 63/83/97 46/66/72
f 46/66/72 63/83/97 45/65/70
f 64/997/98 46/66/72 65/1059/99
f 65/1059/99 46/66/72 47/67/74
f 65/1059/99 47/67/74 66/1058/100
f 66/1058/100 47/67/74 48/68/76
f 67/1057/101 66/1058/100 49/69/78
f 49/69/78 66/1058/100 48/68/76
f 68/1056/102 67/1057/101 50/70/80
f 50/70/80 67/1057/101 49/69/78
f 69/1055/103 68/1056/102 51/71/82
f 51/71/82 68/1056/102 50/70/80
f 69/1055/103 51/71/82 70/1125/104
f 70/1125/104 51/71/82 52/72/84
f 70/1125/104 52/72/84 71/1126/105
f 71/1126/105 52/72/84 53/73/86
f 54/992/89 71/1126/105 36/56/53
f 36/56/53 71/1126/105 53/73/86
s 32
f 55/75/106 56/995/107 64/84/108
f 64/84/108 56/995/107 63/996/109
s 33
f 54/993/110 55/75/111 65/994/112
f 65/994/112 55/75/111 64/84/113
s 34
f 168/1005/114 169/1003/115 9/9/116
f 9/9/116 169/1003/115 16/1031/117
s 35
f 176/1001/118 177/999/119 1/1/120
f 1/1/120 177/999/119 8/1033/121
f 136/1021/122 137/1019/123 72/1014/124
f 72/1014/124 137/1019/123 73/93/125
s 1
f 74/94/126 73/1012/127 138/158/128
f 138/158/128 73/1012/127 137/157/129
f 75/95/130 74/94/126 139/159/131
f 139/159/131 74/94/126 138/158/128
f 76/96/132 75/95/130 140/160/133
f 140/160/133 75/95/130 139/159/131
f 77/97/134 76/96/132 141/161/135
f 141/161/135 76/96/132 140/160/133
f 77/97/134 141/161/135 78/98/136
f 78/98/136 141/161/135 142/162/137
f 78/98/136 142/162/137 79/99/138
f 79/99/138 142/162/137 143/163/139
f 79/99/138 143/163/139 72/92/140
f 72/92/140 143/163/139 136/156/141
s 34
f 144/1017/142 145/1015/143 80/1010/144
f 80/1010/144 145/1015/143 81/101/145
s 1
f 82/102/146 81/1008/147 146/166/148
f 146/166/148 81/1008/147 145/165/149
f 83/103/150 82/102/146 147/167/151
f 147/167/151 82/102/146 146/166/148
f 84/104/152 83/103/150 148/168/153
f 148/168/153 83/103/150 147/167/151
f 85/105/154 84/104/152 149/169/155
f 149/169/155 84/104/152 148/168/153
f 85/105/154 149/169/155 86/106/156
f 86/106/156 149/169/155 150/170/157
f 86/106/156 150/170/157 87/107/158
f 87/107/158 150/170/157 151/171/159
f 87/107/158 151/171/159 80/100/160
f 80/100/160 151/171/159 144/164/161
s 35
f 152/1013/162 153/1011/163 88/1002/164
f 88/1002/164 153/1011/163 89/109/165
s 1
f 90/110/166 89/1000/167 154/174/168
f 154/174/168 89/1000/167 153/173/169
f 91/111/170 90/110/166 155/175/171
f 155/175/171 90/110/166 154/174/168
f 92/112/172 91/111/170 156/176/173
f 156/176/173 91/111/170 155/175/171
f 93/113/174 92/112/172 157/177/175
f 157/177/175 92/112/172 156/176/173
f 93/113/174 157/177/175 94/114/176
f 94/114/176 157/177/175 158/178/177
f 94/114/176 158/178/177 95/115/178
f 95/115/178 158/178/177 159/179/179
f 95/115/178 159/179/179 88/108/180
f 88/108/180 159/179/179 152/172/181
s 34
f 160/1009/182 161/1007/183 96/1006/184
f 96/1006/184 161/1007/183 97/117/185
s 1
f 98/118/186 97/1004/187 162/182/188
f 162/182/188 97/1004/187 161/181/189
f 99/119/190 98/118/186 163/183/191
f 163/183/191 98/118/186 162/182/188
f 100/120/192 99/119/190 164/184/193
f 164/184/193 99/119/190 163/183/191
f 101/121/194 100/120/192 165/185/195
f 165/185/195 100/120/192 164/184/193
f 101/121/194 165/185/195 102/122/196
f 102/122/196 165/185/195 166/186/197
f 102/122/196 166/186/197 103/123/198
f 103/123/198 166/186/197 167/187/199
f 103/123/198 167/187/199 96/116/200
f 96/116/200 167/187/199 160/180/201
s 34
f 120/1029/202 121/1027/203 104/1018/204
f 104/1018/204 121/1027/203 105/125/205
s 1
f 106/126/206 105/1016/207 122/142/208
f 122/142/208 105/1016/207 121/141/209
f 107/127/210 106/126/206 123/143/211
f 123/143/211 106/126/206 122/142/208
f 108/128/212 107/127/210 124/144/213
f 124/144/213 107/127/210 123/143/211
f 109/129/214 108/128/212 125/145/215
f 125/145/215 108/128/212 124/144/213
f 109/129/214 125/145/215 110/130/216
f 110/130/216 125/145/215 126/146/217
f 110/130/216 126/146/217 111/131/218
f 111/131/218 126/146/217 127/147/219
f 111/131/218 127/147/219 104/124/220
f 104/124/220 127/147/219 120/140/221
s 35
f 128/1025/222 129/1023/223 112/1022/224
f 112/1022/224 129/1023/223 113/133/225
s 1
f 114/134/226 113/1020/227 130/150/228
f 130/150/228 113/1020/227 129/149/229
f 115/135/230 114/134/226 131/151/231
f 131/151/231 114/134/226 130/150/228
f 116/136/232 115/135/230 132/152/233
f 132/152/233 115/135/230 131/151/231
f 117/137/234 116/136/232 133/153/235
f 133/153/235 116/136/232 132/152/233
f 117/137/234 133/153/235 118/138/236
f 118/138/236 133/153/235 134/154/237
f 118/138/236 134/154/237 119/139/238
f 119/139/238 134/154/237 135/155/239
f 119/139/238 135/155/239 112/132/240
f 112/132/240 135/155/239 128/148/241
s 34
f 63/1030/242 56/76/243 120/1029/202
f 120/1029/202 56/76/243 121/1027/203
s 1
f 122/142/208 121/141/209 57/77/91
f 57/77/91 121/141/209 56/1028/90
f 123/143/211 122/142/208 58/78/92
f 58/78/92 122/142/208 57/77/91
f 124/144/213 123/143/211 59/79/93
f 59/79/93 123/143/211 58/78/92
f 125/145/215 124/144/213 60/80/94
f 60/80/94 124/144/213 59/79/93
f 125/145/215 60/80/94 126/146/217
f 126/146/217 60/80/94 61/81/95
f 126/146/217 61/81/95 127/147/219
f 127/147/219 61/81/95 62/82/96
f 127/147/219 62/82/96 120/140/221
f 120/140/221 62/82/96 63/1061/97
s 35
f 54/1026/244 65/85/245 128/1025/222
f 128/1025/222 65/85/245 129/1023/223
s 1
f 130/150/228 129/149/229 66/86/100
f 66/86/100 129/149/229 65/1024/99
f 131/151/231 130/150/228 67/87/101
f 67/87/101 130/150/228 66/86/100
f 132/152/233 131/151/231 68/88/102
f 68/88/102 131/151/231 67/87/101
f 133/153/235 132/152/233 69/89/103
f 69/89/103 132/152/233 68/88/102
f 133/153/235 69/89/103 134/154/237
f 134/154/237 69/89/103 70/90/104
f 134/154/237 70/90/104 135/155/239
f 135/155/239 70/90/104 71/91/105
f 135/155/239 71/91/105 128/148/241
f 128/148/241 71/91/105 54/1054/89
s 35
f 112/1022/224 113/133/225 136/1021/122
f 136/1021/122 113/133/225 137/1019/123
s 1
f 138/158/128 137/157/129 114/134/226
f 114/134/226 137/157/129 113/1020/227
f 139/159/131 138/158/128 115/135/230
f 115/135/230 138/158/128 114/134/226
f 140/160/133 139/159/131 116/136/232
f 116/136/232 139/159/131 115/135/230
f 141/161/135 140/160/133 117/137/234
f 117/137/234 140/160/133 116/136/232
f 141/161/135 117/137/234 142/162/137
f 142/162/137 117/137/234 118/138/236
f 142/162/137 118/138/236 143/163/139
f 143/163/139 118/138/236 119/139/238
f 143/163/139 119/139/238 136/156/141
f 136/156/141 119/139/238 112/132/240
s 34
f 104/1018/204 105/125/205 144/1017/142
f 144/1017/142 105/125/205 145/1015/143
s 1
f 146/166/148 145/165/149 106/126/206
f 106/126/206 145/165/149 105/1016/207
f 147/167/151 146/166/148 107/127/210
f 107/127/210 146/166/148 106/126/206
f 148/168/153 147/167/151 108/128/212
f 108/128/212 147/167/151 107/127/210
f 149/169/155 148/168/153 109/129/214
f 109/129/214 148/168/153 108/128/212
f 149/169/155 109/129/214 150/170/157
f 150/170/157 109/129/214 110/130/216
f 150/170/157 110/130/216 151/171/159
f 151/171/159 110/130/216 111/131/218
f 151/171/159 111/131/218 144/164/161
f 144/164/161 111/131/218 104/124/220
s 35
f 72/1014/124 73/93/125 152/1013/162
f 152/1013/162 73/93/125 153/1011/163
s 1
f 154/174/168 153/173/169 74/94/126
f 74/94/126 153/173/169 73/1012/127
f 155/175/171 154/174/168 75/95/130
f 75/95/130 154/174/168 74/94/126
f 156/176/173 155/175/171 76/96/132
f 76/96/132 155/175/171 75/95/130
f 157/177/175 156/176/173 77/97/134
f 77/97/134 156/176/173 76/96/132
f 157/177/175 77/97/134 158/178/177
f 158/178/177 77/97/134 78/98/136
f 158/178/177 78/98/136 159/179/179
f 159/179/179 78/98/136 79/99/138
f 159/179/179 79/99/138 152/172/181
f 152/172/181 79/99/138 72/92/140
s 34
f 80/1010/144 81/101/145 160/1009/182
f 160/1009/182 81/101/145 161/1007/183
s 1
f 162/182/188 161/181/189 82/102/146
f 82/102/146 161/181/189 81/1008/147
f 163/183/191 162/182/188 83/103/150
f 83/103/150 162/182/188 82/102/146
f 164/184/193 163/183/191 84/104/152
f 84/104/152 163/183/191 83/103/150
f 165/185/195 164/184/193 85/105/154
f 85/105/154 164/184/193 84/104/152
f 165/185/195 85/105/154 166/186/197
f 166/186/197 85/105/154 86/106/156
f 166/186/197 86/106/156 167/187/199
f 167/187/199 86/106/156 87/107/158
f 167/187/199 87/107/158 160/180/201
f 160/180/201 87/107/158 80/100/160
s 34
f 96/1006/184 97/117/185 168/1005/114
f 168/1005/114 97/117/185 169/1003/115
s 1
f 170/190/30 169/189/32 98/118/186
f 98/118/186 169/189/32 97/1004/187
f 171/191/28 170/190/30 99/119/190
f 99/119/190 170/190/30 98/118/186
f 172/192/26 171/191/28 100/120/192
f 100/120/192 171/191/28 99/119/190
f 173/193/24 172/192/26 101/121/194
f 101/121/194 172/192/26 100/120/192
f 173/193/24 101/121/194 174/194/22
f 174/194/22 101/121/194 102/122/196
f 174/194/22 102/122/196 175/195/18
f 175/195/18 102/122/196 103/123/198
f 175/195/18 103/123/198 168/188/20
f 168/188/20 103/123/198 96/116/200
s 35
f 88/1002/164 89/109/165 176/1001/118
f 176/1001/118 89/109/165 177/999/119
s 1
f 178/198/14 177/197/16 90/110/166
f 90/110/166 177/197/16 89/1000/167
f 179/199/12 178/198/14 91/111/170
f 91/111/170 178/198/14 90/110/166
f 180/200/10 179/199/12 92/112/172
f 92/112/172 179/199/12 91/111/170
f 181/201/8 180/200/10 93/113/174
f 93/113/174 180/200/10 92/112/172
f 181/201/8 93/113/174 182/202/6
f 182/202/6 93/113/174 94/114/176
f 182/202/6 94/114/176 183/203/2
f 183/203/2 94/114/176 95/115/178
f 183/203/2 95/115/178 176/196/4
f 176/196/4 95/115/178 88/108/180
s 66
f 185/206/246 184/204/247 257/1124/248
f 257/1124/248 184/204/247 256/1108/249
f 186/207/250 185/206/246 258/1123/251
f 258/1123/251 185/206/246 257/1124/248
f 187/208/252 186/207/250 259/1122/253
f 259/1122/253 186/207/250 258/1123/251
f 188/209/254 187/208/252 260/1121/255
f 260/1121/255 187/208/252 259/1122/253
f 189/210/256 188/209/254 261/1120/257
f 261/1120/257 188/209/254 260/1121/255
f 190/211/258 189/210/256 262/1119/259
f 262/1119/259 189/210/256 261/1120/257
f 191/212/260 190/211/258 263/1118/261
f 263/1118/261 190/211/258 262/1119/259
f 192/213/262 191/212/260 264/1117/263
f 264/1117/263 191/212/260 263/1118/261
f 193/214/264 192/213/262 265/1116/265
f 265/1116/265 192/213/262 264/1117/263
f 194/215/266 193/214/264 266/1115/267
f 266/1115/267 193/214/264 265/1116/265
f 195/216/268 194/215/266 267/1114/269
f 267/1114/269 194/215/266 266/1115/267
f 196/217/270 195/216/268 268/1113/271
f 268/1113/271 195/216/268 267/1114/269
f 197/218/272 196/217/270 269/1112/273
f 269/1112/273 196/217/270 268/1113/271
f 198/219/274 197/218/272 270/1111/275
f 270/1111/275 197/218/272 269/1112/273
f 199/220/276 198/219/274 271/1110/277
f 271/1110/277 198/219/274 270/1111/275
f 200/221/278 199/220/276 272/1109/279
f 272/1109/279 199/220/276 271/1110/277
f 201/222/280 200/221/278 273/1106/281
f 273/1106/281 200/221/278 272/1109/279
f 184/205/247 201/222/280 256/1107/249
f 256/1107/249 201/222/280 273/1106/281
s 83
f 203/1105/282 202/1088/283 34/34/284
f 34/34/284 202/1088/283 17/35/285
f 204/1104/286 203/1105/282 33/33/287
f 33/33/287 203/1105/282 34/34/284
f 205/1103/288 204/1104/286 32/32/289
f 32/32/289 204/1104/286 33/33/287
f 206/1102/290 205/1103/288 31/31/291
f 31/31/291 205/1103/288 32/32/289
f 207/1101/292 206/1102/290 30/30/293
f 30/30/293 206/1102/290 31/31/291
f 208/1100/294 207/1101/292 29/29/295
f 29/29/295 207/1101/292 30/30/293
f 209/1099/296 208/1100/294 28/28/297
f 28/28/297 208/1100/294 29/29/295
f 210/1098/298 209/1099/296 27/27/299
f 27/27/299 209/1099/296 28/28/297
f 211/1097/300 210/1098/298 26/26/301
f 26/26/301 210/1098/298 27/27/299
f 212/1096/302 211/1097/300 25/25/303
f 25/25/303 211/1097/300 26/26/301
f 213/1095/304 212/1096/302 24/24/305
f 24/24/305 212/1096/302 25/25/303
f 214/1094/306 213/1095/304 23/23/307
f 23/23/307 213/1095/304 24/24/305
f 215/1093/308 214/1094/306 22/22/309
f 22/22/309 214/1094/306 23/23/307
f 216/1092/310 215/1093/308 21/21/311
f 21/21/311 215/1093/308 22/22/309
f 217/1091/312 216/1092/310 20/20/313
f 20/20/313 216/1092/310 21/21/311
f 218/1090/314 217/1091/312 19/19/315
f 19/19/315 217/1091/312 20/20/313
f 219/1087/316 218/1090/314 18/18/317
f 18/18/317 218/1090/314 19/19/315
f 202/1089/283 219/1087/316 17/17/285
f 17/17/285 219/1087/316 18/18/317
s 66
f 221/1086/318 220/1069/319 185/206/246
f 185/206/246 220/1069/319 184/204/247
f 222/1085/320 221/1086/318 186/207/250
f 186/207/250 221/1086/318 185/206/246
f 223/1084/321 222/1085/320 187/208/252
f 187/208/252 222/1085/320 186/207/250
f 224/1083/322 223/1084/321 188/209/254
f 188/209/254 223/1084/321 187/208/252
f 225/1082/323 224/1083/322 189/210/256
f 189/210/256 224/1083/322 188/209/254
f 226/1081/324 225/1082/323 190/211/258
f 190/211/258 225/1082/323 189/210/256
f 227/1080/325 226/1081/324 191/212/260
f 191/212/260 226/1081/324 190/211/258
f 228/1079/326 227/1080/325 192/213/262
f 192/213/262 227/1080/325 191/212/260
f 229/1078/327 228/1079/326 193/214/264
f 193/214/264 228/1079/326 192/213/262
f 230/1077/328 229/1078/327 194/215/266
f 194/215/266 229/1078/327 193/214/264
f 231/1076/329 230/1077/328 195/216/268
f 195/216/268 230/1077/328 194/215/266
f 232/1075/330 231/1076/329 196/217/270
f 196/217/270 231/1076/329 195/216/268
f 233/1074/331 232/1075/330 197/218/272
f 197/218/272 232/1075/330 196/217/270
f 234/1073/332 233/1074/331 198/219/274
f 198/219/274 233/1074/331 197/218/272
f 235/1072/333 234/1073/332 199/220/276
f 199/220/276 234/1073/332 198/219/274
f 236/1071/334 235/1072/333 200/221/278
f 200/221/278 235/1072/333 199/220/276
f 237/1068/335 236/1071/334 201/222/280
f 201/222/280 236/1071/334 200/221/278
f 220/1070/319 237/1068/335 184/205/247
f 184/205/247 237/1068/335 201/222/280
s 84
f 275/299/336 274/300/337 277/302/338
f 277/302/338 274/300/337 276/301/339
f 278/303/340 275/299/336 279/304/341
f 279/304/341 275/299/336 277/302/338
f 280/305/342 278/303/340 281/306/343
f 281/306/343 278/303/340 279/304/341
f 282/307/344 280/305/342 283/308/345
f 283/308/345 280/305/342 281/306/343
f 284/309/346 282/307/344 285/310/347
f 285/310/347 282/307/344 283/308/345
f 286/311/348 284/309/346 287/312/349
f 287/312/349 284/309/346 285/310/347
f 288/313/350 286/311/348 289/314/351
f 289/314/351 286/311/348 287/312/349
f 290/315/352 288/313/350 291/316/353
f 291/316/353 288/313/350 289/314/351
f 292/317/354 290/315/352 293/318/355
f 293/318/355 290/315/352 291/316/353
f 294/319/356 292/317/354 295/320/357
f 295/320/357 292/317/354 293/318/355
f 296/321/358 294/319/356 297/322/359
f 297/322/359 294/319/356 295/320/357
f 298/323/360 296/321/358 299/324/361
f 299/324/361 296/321/358 297/322/359
f 300/325/362 298/323/360 301/326/363
f 301/326/363 298/323/360 299/324/361
f 302/327/364 300/325/362 303/328/365
f 303/328/365 300/325/362 301/326/363
f 304/329/366 302/327/364 305/330/367
f 305/330/367 302/327/364 303/328/365
f 306/331/368 304/329/366 307/332/369
f 307/332/369 304/329/366 305/330/367
f 308/333/370 306/331/368 309/334/371
f 309/334/371 306/331/368 307/332/369
f 274/335/337 308/333/370 276/336/339
f 276/336/339 308/333/370 309/334/371
s 85
f 311/337/372 310/338/373 313/340/374
f 313/340/374 310/338/373 312/339/375
f 314/341/376 311/337/372 315/342/377
f 315/342/377 311/337/372 313/340/374
f 316/343/378 314/341/376 317/344/379
f 317/344/379 314/341/376 315/342/377
f 318/345/380 316/343/378 319/346/381
f 319/346/381 316/343/378 317/344/379
f 320/347/382 318/345/380 321/348/383
f 321/348/383 318/345/380 319/346/381
f 322/349/384 320/347/382 323/350/385
f 323/350/385 320/347/382 321/348/383
f 324/351/386 322/349/384 325/352/387
f 325/352/387 322/349/384 323/350/385
f 326/353/388 324/351/386 327/354/389
f 327/354/389 324/351/386 325/352/387
f 328/355/390 326/353/388 329/356/391
f 329/356/391 326/353/388 327/354/389
f 330/357/392 328/355/390 331/358/393
f 331/358/393 328/355/390 329/356/391
f 332/359/394 330/357/392 333/360/395
f 333/360/395 330/357/392 331/358/393
f 334/361/396 332/359/394 335/362/397
f 335/362/397 332/359/394 333/360/395
f 336/363/398 334/361/396 337/364/399
f 337/364/399 334/361/396 335/362/397
f 338/365/400 336/363/398 339/366/401
f 339/366/401 336/363/398 337/364/399
f 340/367/402 338/365/400 341/368/403
f 341/368/403 338/365/400 339/366/401
f 342/369/404 340/367/402 343/370/405
f 343/370/405 340/367/402 341/368/403
f 344/371/406 342/369/404 345/372/407
f 345/372/407 342/369/404 343/370/405
f 310/373/373 344/371/406 312/374/375
f 312/374/375 344/371/406 345/372/407
s 86
f 239/263/408 238/261/409 275/299/410
f 275/299/410 238/261/409 274/300/411
s 87
f 220/242/412 221/244/413 276/301/414
f 276/301/414 221/244/413 277/302/415
s 86
f 240/264/416 239/263/408 278/303/417
f 278/303/417 239/263/408 275/299/410
s 87
f 221/244/413 222/245/418 277/302/415
f 277/302/415 222/245/418 279/304/419
s 86
f 241/265/420 240/264/416 280/305/421
f 280/305/421 240/264/416 278/303/417
s 87
f 222/245/418 223/246/422 279/304/419
f 279/304/419 223/246/422 281/306/423
s 86
f 242/266/424 241/265/420 282/307/425
f 282/307/425 241/265/420 280/305/421
s 87
f 223/246/422 224/247/426 281/306/423
f 281/306/423 224/247/426 283/308/427
s 86
f 243/267/428 242/266/424 284/309/429
f 284/309/429 242/266/424 282/307/425
s 87
f 224/247/426 225/248/430 283/308/427
f 283/308/427 225/248/430 285/310/431
s 86
f 244/268/432 243/267/428 286/311/433
f 286/311/433 243/267/428 284/309/429
s 87
f 225/248/430 226/249/434 285/310/431
f 285/310/431 226/249/434 287/312/435
s 86
f 245/269/436 244/268/432 288/313/437
f 288/313/437 244/268/432 286/311/433
s 87
f 226/249/434 227/250/438 287/312/435
f 287/312/435 227/250/438 289/314/439
s 86
f 246/270/440 245/269/436 290/315/441
f 290/315/441 245/269/436 288/313/437
s 87
f 227/250/438 228/251/442 289/314/439
f 289/314/439 228/251/442 291/316/443
s 86
f 247/271/444 246/270/440 292/317/445
f 292/317/445 246/270/440 290/315/441
s 87
f 228/251/442 229/252/446 291/316/443
f 291/316/443 229/252/446 293/318/447
s 86
f 248/272/448 247/271/444 294/319/449
f 294/319/449 247/271/444 292/317/445
s 87
f 229/252/446 230/253/450 293/318/447
f 293/318/447 230/253/450 295/320/451
s 86
f 249/273/452 248/272/448 296/321/453
f 296/321/453 248/272/448 294/319/449
s 87
f 230/253/450 231/254/454 295/320/451
f 295/320/451 231/254/454 297/322/455
s 86
f 250/274/456 249/273/452 298/323/457
f 298/323/457 249/273/452 296/321/453
s 87
f 231/254/454 232/255/458 297/322/455
f 297/322/455 232/255/458 299/324/459
s 86
f 251/275/460 250/274/456 300/325/461
f 300/325/461 250/274/456 298/323/457
s 87
f 232/255/458 233/256/462 299/324/459
f 299/324/459 233/256/462 301/326/463
s 86
f 252/276/464 251/275/460 302/327/465
f 302/327/465 251/275/460 300/325/461
s 87
f 233/256/462 234/257/466 301/326/463
f 301/326/463 234/257/466 303/328/467
s 86
f 253/277/468 252/276/464 304/329/469
f 304/329/469 252/276/464 302/327/465
s 87
f 234/257/466 235/258/470 303/328/467
f 303/328/467 235/258/470 305/330/471
s 86
f 254/278/472 253/277/468 306/331/473
f 306/331/473 253/277/468 304/329/469
s 87
f 235/258/470 236/259/474 305/330/471
f 305/330/471 236/259/474 307/332/475
s 86
f 255/279/476 254/278/472 308/333/477
f 308/333/477 254/278/472 306/331/473
s 87
f 236/259/474 237/260/478 307/332/475
f 307/332/475 237/260/478 309/334/479
s 86
f 238/262/409 255/279/476 274/335/411
f 274/335/411 255/279/476 308/333/477
s 87
f 237/260/478 220/243/412 309/334/479
f 309/334/479 220/243/412 276/336/414
s 88
f 257/282/480 256/280/481 311/337/482
f 311/337/482 256/280/481 310/338/483
s 89
f 202/223/484 203/225/485 312/339/486
f 312/339/486 203/225/485 313/340/487
s 88
f 258/283/488 257/282/480 314/341/489
f 314/341/489 257/282/480 311/337/482
s 89
f 203/225/485 204/226/490 313/340/487
f 313/340/487 204/226/490 315/342/491
s 88
f 259/284/492 258/283/488 316/343/493
f 316/343/493 258/283/488 314/341/489
s 89
f 204/226/490 205/227/494 315/342/491
f 315/342/491 205/227/494 317/344/495
s 88
f 260/285/496 259/284/492 318/345/497
f 318/345/497 259/284/492 316/343/493
s 89
f 205/227/494 206/228/498 317/344/495
f 317/344/495 206/228/498 319/346/499
s 88
f 261/286/500 260/285/496 320/347/501
f 320/347/501 260/285/496 318/345/497
s 89
f 206/228/498 207/229/502 319/346/499
f 319/346/499 207/229/502 321/348/503
s 88
f 262/287/504 261/286/500 322/349/505
f 322/349/505 261/286/500 320/347/501
s 89
f 207/229/502 208/230/506 321/348/503
f 321/348/503 208/230/506 323/350/507
s 88
f 263/288/508 262/287/504 324/351/509
f 324/351/509 262/287/504 322/349/505
s 89
f 208/230/506 209/231/510 323/350/507
f 323/350/507 209/231/510 325/352/511
s 88
f 264/289/512 263/288/508 326/353/513
f 326/353/513 263/288/508 324/351/509
s 89
f 209/231/510 210/232/514 325/352/511
f 325/352/511 210/232/514 327/354/515
s 88
f 265/290/516 264/289/512 328/355/517
f 328/355/517 264/289/512 326/353/513
s 89
f 210/232/514 211/233/518 327/354/515
f 327/354/515 211/233/518 329/356/519
s 88
f 266/291/520 265/290/516 330/357/521
f 330/357/521 265/290/516 328/355/517
s 89
f 211/233/518 212/234/522 329/356/519
f 329/356/519 212/234/522 331/358/523
s 88
f 267/292/524 266/291/520 332/359/525
f 332/359/525 266/291/520 330/357/521
s 89
f 212/234/522 213/235/526 331/358/523
f 331/358/523 213/235/526 333/360/527
s 88
f 268/293/528 267/292/524 334/361/529
f 334/361/529 267/292/524 332/359/525
s 89
f 213/235/526 214/236/530 333/360/527
f 333/360/527 214/236/530 335/362/531
s 88
f 269/294/532 268/293/528 336/363/533
f 336/363/533 268/293/528 334/361/529
s 89
f 214/236/530 215/237/534 335/362/531
f 335/362/531 215/237/534 337/364/535
s 88
f 270/295/536 269/294/532 338/365/537
f 338/365/537 269/294/532 336/363/533
s 89
f 215/237/534 216/238/538 337/364/535
f 337/364/535 216/238/538 339/366/539
s 88
f 271/296/540 270/295/536 340/367/541
f 340/367/541 270/295/536 338/365/537
s 89
f 216/238/538 217/239/542 339/366/539
f 339/366/539 217/239/542 341/368/543
s 88
f 272/297/544 271/296/540 342/369/545
f 342/369/545 271/296/540 340/367/541
s 89
f 217/239/542 218/240/546 341/368/543
f 341/368/543 218/240/546 343/370/547
s 88
f 273/298/548 272/297/544 344/371/549
f 344/371/549 272/297/544 342/369/545
s 89
f 218/240/546 219/241/550 343/370/547
f 343/370/547 219/241/550 345/372/551
s 88
f 256/281/481 273/298/548 310/373/483
f 310/373/483 273/298/548 344/371/549
s 89
f 219/241/550 202/224/484 345/372/551
f 345/372/551 202/224/484 312/374/486
s 90
f 346/375/552 347/376/553 364/377/554
f 364/377/554 347/376/553 365/378/555
f 347/376/553 348/379/556 365/378/555
f 365/378/555 348/379/556 366/380/557
f 348/379/556 349/381/558 366/380/557
f 366/380/557 349/381/558 367/382/559
f 349/381/558 350/383/560 367/382/559
f 367/382/559 350/383/560 368/384/561
f 350/383/560 351/385/562 368/384/561
f 368/384/561 351/385/562 369/386/563
f 351/385/562 352/387/564 369/386/563
f 369/386/563 352/387/564 370/388/565
f 352/387/564 353/389/566 370/388/565
f 370/388/565 353/389/566 371/390/567
f 353/389/566 354/391/568 371/390/567
f 371/390/567 354/391/568 372/392/569
f 354/391/568 355/393/570 372/392/569
f 372/392/569 355/393/570 373/394/571
f 355/393/570 356/395/572 373/394/571
f 373/394/571 356/395/572 374/396/573
f 356/395/572 357/397/574 374/396/573
f 374/396/573 357/397/574 375/398/575
f 357/397/574 358/399/576 375/398/575
f 375/398/575 358/399/576 376/400/577
f 358/399/576 359/401/578 376/400/577
f 376/400/577 359/401/578 377/402/579
f 359/401/578 360/403/580 377/402/579
f 377/402/579 360/403/580 378/404/581
f 360/403/580 361/405/582 378/404/581
f 378/404/581 361/405/582 379/406/583
f 361/405/582 362/407/584 379/406/583
f 379/406/583 362/407/584 380/408/585
f 362/407/584 363/409/586 380/408/585
f 380/408/585 363/409/586 381/410/587
f 363/409/586 346/411/552 381/410/587
f 381/410/587 346/411/552 364/412/554
s 91
f 347/413/588 346/414/589 382/415/590
f 348/416/591 347/413/588 382/415/590
f 349/417/592 348/416/591 382/415/590
f 350/418/593 349/417/592 382/415/590
f 351/419/594 350/418/593 382/415/590
f 352/420/595 351/419/594 382/415/590
f 353/421/596 352/420/595 382/415/590
f 354/422/597 353/421/596 382/415/590
f 355/423/598 354/422/597 382/415/590
f 356/424/599 355/423/598 382/415/590
f 357/425/600 356/424/599 382/415/590
f 358/426/601 357/425/600 382/415/590
f 359/427/602 358/426/601 382/415/590
f 360/428/603 359/427/602 382/415/590
f 361/429/604 360/428/603 382/415/590
f 362/430/605 361/429/604 382/415/590
f 363/431/606 362/430/605 382/415/590
f 346/414/589 363/431/606 382/415/590
s 92
f 383/432/607 384/433/608 401/434/609
f 401/434/609 384/433/608 402/435/610
f 384/433/608 385/436/611 402/435/610
f 402/435/610 385/436/611 403/437/612
f 385/436/611 386/438/613 403/437/612
f 403/437/612 386/438/613 404/439/614
f 386/438/613 387/440/615 404/439/614
f 404/439/614 387/440/615 405/441/616
f 387/440/615 388/442/617 405/441/616
f 405/441/616 388/442/617 406/443/618
f 388/442/617 389/444/619 406/443/618
f 406/443/618 389/444/619 407/445/620
f 389/444/619 390/446/621 407/445/620
f 407/445/620 390/446/621 408/447/622
f 390/446/621 391/448/623 408/447/622
f 408/447/622 391/448/623 409/449/624
f 391/448/623 392/450/625 409/449/624
f 409/449/624 392/450/625 410/451/626
f 392/450/625 393/452/627 410/451/626
f 410/451/626 393/452/627 411/453/628
f 393/452/627 394/454/629 411/453/628
f 411/453/628 394/454/629 412/455/630
f 394/454/629 395/456/631 412/455/630
f 412/455/630 395/456/631 413/457/632
f 395/456/631 396/458/633 413/457/632
f 413/457/632 396/458/633 414/459/634
f 396/458/633 397/460/635 414/459/634
f 414/459/634 397/460/635 415/461/636
f 397/460/635 398/462/637 415/461/636
f 415/461/636 398/462/637 416/463/638
f 398/462/637 399/464/639 416/463/638
f 416/463/638 399/464/639 417/465/640
f 399/464/639 400/466/641 417/465/640
f 417/465/640 400/466/641 418/467/642
f 400/466/641 383/468/607 418/467/642
f 418/467/642 383/468/607 401/469/609
s 93
f 384/470/643 383/471/644 419/472/645
f 385/473/646 384/470/643 419/472/645
f 386/474/647 385/473/646 419/472/645
f 387/475/648 386/474/647 419/472/645
f 388/476/649 387/475/648 419/472/645
f 389/477/650 388/476/649 419/472/645
f 390/478/651 389/477/650 419/472/645
f 391/479/652 390/478/651 419/472/645
f 392/480/653 391/479/652 419/472/645
f 393/481/654 392/480/653 419/472/645
f 394/482/655 393/481/654 419/472/645
f 395/483/656 394/482/655 419/472/645
f 396/484/657 395/483/656 419/472/645
f 397/485/658 396/484/657 419/472/645
f 398/486/659 397/485/658 419/472/645
f 399/487/660 398/486/659 419/472/645
f 400/488/661 399/487/660 419/472/645
f 383/471/644 400/488/661 419/472/645
s 94
f 420/489/662 421/490/663 438/491/664
f 438/491/664 421/490/663 439/492/665
f 421/490/663 422/493/666 439/492/665
f 439/492/665 422/493/666 440/494/667
f 422/493/666 423/495/668 440/494/667
f 440/494/667 423/495/668 441/496/669
f 423/495/668 424/497/670 441/496/669
f 441/496/669 424/497/670 442/498/671
f 424/497/670 425/499/672 442/498/671
f 442/498/671 425/499/672 443/500/673
f 425/499/672 426/501/674 443/500/673
f 443/500/673 426/501/674 444/502/675
f 426/501/674 427/503/676 444/502/675
f 444/502/675 427/503/676 445/504/677
f 427/503/676 428/505/678 445/504/677
f 445/504/677 428/505/678 446/506/679
f 428/505/678 429/507/680 446/506/679
f 446/506/679 429/507/680 447/508/681
f 429/507/680 430/509/682 447/508/681
f 447/508/681 430/509/682 448/510/683
f 430/509/682 431/511/684 448/510/683
f 448/510/683 431/511/684 449/512/685
f 431/511/684 432/513/686 449/512/685
f 449/512/685 432/513/686 450/514/687
f 432/513/686 433/515/688 450/514/687
f 450/514/687 433/515/688 451/516/689
f 433/515/688 434/517/690 451/516/689
f 451/516/689 434/517/690 452/518/691
f 434/517/690 435/519/692 452/518/691
f 452/518/691 435/519/692 453/520/693
f 435/519/692 436/521/694 453/520/693
f 453/520/693 436/521/694 454/522/695
f 436/521/694 437/523/696 454/522/695
f 454/522/695 437/523/696 455/524/697
f 437/523/696 420/525/662 455/524/697
f 455/524/697 420/525/662 438/526/664
s 95
f 421/527/698 420/528/699 456/529/700
f 422/530/701 421/527/698 456/529/700
f 423/531/702 422/530/701 456/529/700
f 424/532/703 423/531/702 456/529/700
f 425/533/704 424/532/703 456/529/700
f 426/534/705 425/533/704 456/529/700
f 427/535/706 426/534/705 456/529/700
f 428/536/707 427/535/706 456/529/700
f 429/537/708 428/536/707 456/529/700
f 430/538/709 429/537/708 456/529/700
f 431/539/710 430/538/709 456/529/700
f 432/540/711 431/539/710 456/529/700
f 433/541/712 432/540/711 456/529/700
f 434/542/713 433/541/712 456/529/700
f 435/543/714 434/542/713 456/529/700
f 436/544/715 435/543/714 456/529/700
f 437/545/716 436/544/715 456/529/700
f 420/528/699 437/545/716 456/529/700
s 96
f 457/546/717 458/547/718 475/548/719
f 475/548/719 458/547/718 476/549/720
f 458/547/718 459/550/721 476/549/720
f 476/549/720 459/550/721 477/551/722
f 459/550/721 460/552/723 477/551/722
f 477/551/722 460/552/723 478/553/724
f 460/552/723 461/554/725 478/553/724
f 478/553/724 461/554/725 479/555/726
f 461/554/725 462/556/727 479/555/726
f 479/555/726 462/556/727 480/557/728
f 462/556/727 463/558/729 480/557/728
f 480/557/728 463/558/729 481/559/730
f 463/558/729 464/560/731 481/559/730
f 481/559/730 464/560/731 482/989/732
f 464/988/731 465/562/733 482/561/732
f 482/561/732 465/562/733 483/563/734
f 465/562/733 466/564/735 483/563/734
f 483/563/734 466/564/735 484/565/736
f 466/564/735 467/566/737 484/565/736
f 484/565/736 467/566/737 485/567/738
f 467/566/737 468/568/739 485/567/738
f 485/567/738 468/568/739 486/569/740
f 468/568/739 469/570/741 486/569/740
f 486/569/740 469/570/741 487/571/742
f 469/570/741 470/572/743 487/571/742
f 487/571/742 470/572/743 488/573/744
f 470/572/743 471/574/745 488/573/744
f 488/573/744 471/574/745 489/575/746
f 471/574/745 472/576/747 489/575/746
f 489/575/746 472/576/747 490/577/748
f 472/576/747 473/578/749 490/577/748
f 490/577/748 473/578/749 491/579/750
f 473/578/749 474/580/751 491/579/750
f 491/579/750 474/580/751 492/581/752
f 474/580/751 457/582/717 492/581/752
f 492/581/752 457/582/717 475/583/719
s 97
f 493/584/753 494/585/754 511/586/755
f 511/586/755 494/585/754 512/587/756
f 494/585/754 495/588/757 512/587/756
f 512/587/756 495/588/757 513/589/758
f 495/588/757 496/590/759 513/589/758
f 513/589/758 496/590/759 514/591/760
f 496/590/759 497/592/761 514/591/760
f 514/591/760 497/592/761 515/593/762
f 497/592/761 498/594/763 515/593/762
f 515/593/762 498/594/763 516/595/764
f 498/594/763 499/596/765 516/595/764
f 516/595/764 499/596/765 517/597/766
f 499/596/765 500/598/767 517/597/766
f 517/597/766 500/598/767 518/599/768
f 500/598/767 501/600/769 518/599/768
f 518/599/768 501/600/769 519/601/770
f 501/600/769 502/602/771 519/601/770
f 519/601/770 502/602/771 520/603/772
f 502/602/771 503/604/773 520/603/772
f 520/603/772 503/604/773 521/605/774
f 503/604/773 504/606/775 521/605/774
f 521/605/774 504/606/775 522/607/776
f 504/606/775 505/608/777 522/607/776
f 522/607/776 505/608/777 523/609/778
f 505/608/777 506/610/779 523/609/778
f 523/609/778 506/610/779 524/611/780
f 506/610/779 507/612/781 524/611/780
f 524/611/780 507/612/781 525/613/782
f 507/612/781 508/614/783 525/613/782
f 525/613/782 508/614/783 526/615/784
f 508/614/783 509/616/785 526/615/784
f 526/615/784 509/616/785 527/617/786
f 509/616/785 510/618/787 527/617/786
f 527/617/786 510/618/787 528/619/788
f 510/618/787 493/620/753 528/619/788
f 528/619/788 493/620/753 511/621/755
s 98
f 494/622/789 493/623/790 529/624/791
f 495/625/792 494/622/789 529/624/791
f 496/626/793 495/625/792 529/624/791
f 497/627/794 496/626/793 529/624/791
f 498/628/795 497/627/794 529/624/791
f 499/629/796 498/628/795 529/624/791
f 500/630/797 499/629/796 529/624/791
f 501/631/798 500/630/797 529/624/791
f 502/632/799 501/631/798 529/624/791
f 503/633/800 502/632/799 529/624/791
f 504/634/801 503/633/800 529/624/791
f 505/635/802 504/634/801 529/624/791
f 506/636/803 505/635/802 529/624/791
f 507/637/804 506/636/803 529/624/791
f 508/638/805 507/637/804 529/624/791
f 509/639/806 508/638/805 529/624/791
f 510/640/807 509/639/806 529/624/791
f 493/623/790 510/640/807 529/624/791
s 99
f 530/981/808 531/642/809 532/643/810
f 532/643/810 531/642/809 533/979/811
s 100
f 532/983/812 533/980/813 534/986/814
f 534/986/814 533/980/813 535/987/815
s 101
f 534/645/816 535/646/817 536/647/818
f 536/647/818 535/646/817 537/648/819
s 102
f 536/984/820 537/985/821 530/649/822
f 530/649/822 537/985/821 531/650/823
s 103
f 531/978/824 537/651/825 533/644/826
f 533/644/826 537/651/825 535/652/827
s 104
f 536/653/828 530/641/829 534/654/830
f 534/654/830 530/641/829 532/982/831
s 105
f 538/655/832 539/656/833 556/657/834
f 556/657/834 539/656/833 557/658/835
f 539/656/833 540/659/836 557/658/835
f 557/658/835 540/659/836 558/660/837
f 540/659/836 541/661/838 558/660/837
f 558/660/837 541/661/838 559/662/839
f 541/661/838 542/663/840 559/662/839
f 559/662/839 542/663/840 560/664/841
f 542/663/840 543/665/842 560/664/841
f 560/664/841 543/665/842 561/666/843
f 543/665/842 544/667/844 561/666/843
f 561/666/843 544/667/844 562/668/845
f 544/667/844 545/669/846 562/668/845
f 562/668/845 545/669/846 563/670/847
f 545/669/846 546/671/848 563/670/847
f 563/670/847 546/671/848 564/672/849
f 546/671/848 547/673/850 564/672/849
f 564/672/849 547/673/850 565/674/851
f 547/673/850 548/675/852 565/674/851
f 565/674/851 548/675/852 566/676/853
f 548/675/852 549/677/854 566/676/853
f 566/676/853 549/677/854 567/678/855
f 549/677/854 550/679/856 567/678/855
f 567/678/855 550/679/856 568/680/857
f 550/679/856 551/681/858 568/680/857
f 568/680/857 551/681/858 569/682/859
f 551/681/858 552/683/860 569/682/859
f 569/682/859 552/683/860 570/684/861
f 552/683/860 553/685/862 570/684/861
f 570/684/861 553/685/862 571/686/863
f 553/685/862 554/687/864 571/686/863
f 571/686/863 554/687/864 572/688/865
f 554/687/864 555/689/866 572/688/865
f 572/688/865 555/689/866 573/690/867
f 555/689/866 538/691/832 573/690/867
f 573/690/867 538/691/832 556/692/834
s 106
f 539/693/868 538/694/869 574/695/870
f 540/696/871 539/693/868 574/695/870
f 541/697/872 540/696/871 574/695/870
f 542/698/873 541/697/872 574/695/870
f 543/699/874 542/698/873 574/695/870
f 544/700/875 543/699/874 574/695/870
f 545/701/876 544/700/875 574/695/870
f 546/702/877 545/701/876 574/695/870
f 547/703/878 546/702/877 574/695/870
f 548/704/879 547/703/878 574/695/870
f 549/705/880 548/704/879 574/695/870
f 550/706/881 549/705/880 574/695/870
f 551/707/882 550/706/881 574/695/870
f 552/708/883 551/707/882 574/695/870
f 553/709/884 552/708/883 574/695/870
f 554/710/885 553/709/884 574/695/870
f 555/711/886 554/710/885 574/695/870
f 538/694/869 555/711/886 574/695/870
s 107
f 575/712/887 576/713/888 593/714/889
f 593/714/889 576/713/888 594/715/890
f 576/713/888 577/716/891 594/715/890
f 594/715/890 577/716/891 595/717/892
f 577/716/891 578/718/893 595/717/892
f 595/717/892 578/718/893 596/719/894
f 578/718/893 579/720/895 596/719/894
f 596/719/894 579/720/895 597/721/896
f 579/720/895 580/722/897 597/721/896
f 597/721/896 580/722/897 598/723/898
f 580/722/897 581/724/899 598/723/898
f 598/723/898 581/724/899 599/725/900
f 581/724/899 582/726/901 599/725/900
f 599/725/900 582/726/901 600/727/902
f 582/726/901 583/728/903 600/727/902
f 600/727/902 583/728/903 601/729/904
f 583/728/903 584/730/905 601/729/904
f 601/729/904 584/730/905 602/731/906
f 584/730/905 585/732/907 602/731/906
f 602/731/906 585/732/907 603/733/908
f 585/732/907 586/734/909 603/733/908
f 603/733/908 586/734/909 604/735/910
f 586/734/909 587/736/911 604/735/910
f 604/735/910 587/736/911 605/737/912
f 587/736/911 588/738/913 605/737/912
f 605/737/912 588/738/913 606/739/914
f 588/738/913 589/740/915 606/739/914
f 606/739/914 589/740/915 607/741/916
f 589/740/915 590/742/917 607/741/916
f 607/741/916 590/742/917 608/743/918
f 590/742/917 591/744/919 608/743/918
f 608/743/918 591/744/919 609/745/920
f 591/744/919 592/746/921 609/745/920
f 609/745/920 592/746/921 610/747/922
f 592/746/921 575/748/887 610/747/922
f 610/747/922 575/748/887 593/749/889
s 108
f 576/750/923 575/751/924 611/752/925
f 577/753/926 576/750/923 611/752/925
f 578/754/927 577/753/926 611/752/925
f 579/755/928 578/754/927 611/752/925
f 580/756/929 579/755/928 611/752/925
f 581/757/930 580/756/929 611/752/925
f 582/758/931 581/757/930 611/752/925
f 583/759/932 582/758/931 611/752/925
f 584/760/933 583/759/932 611/752/925
f 585/761/934 584/760/933 611/752/925
f 586/762/935 585/761/934 611/752/925
f 587/763/936 586/762/935 611/752/925
f 588/764/937 587/763/936 611/752/925
f 589/765/938 588/764/937 611/752/925
f 590/766/939 589/765/938 611/752/925
f 591/767/940 590/766/939 611/752/925
f 592/768/941 591/767/940 611/752/925
f 575/751/924 592/768/941 611/752/925
s 109
f 612/769/942 613/770/943 630/771/944
f 630/771/944 613/770/943 631/772/945
f 613/770/943 614/773/946 631/772/945
f 631/772/945 614/773/946 632/774/947
f 614/773/946 615/775/948 632/774/947
f 632/774/947 615/775/948 633/776/949
f 615/775/948 616/777/950 633/776/949
f 633/776/949 616/777/950 634/778/951
f 616/777/950 617/779/952 634/778/951
f 634/778/951 617/779/952 635/780/953
f 617/779/952 618/781/954 635/780/953
f 635/780/953 618/781/954 636/782/955
f 618/781/954 619/783/956 636/782/955
f 636/782/955 619/783/956 637/784/957
f 619/783/956 620/785/958 637/784/957
f 637/784/957 620/785/958 638/786/959
f 620/785/958 621/787/960 638/786/959
f 638/786/959 621/787/960 639/788/961
f 621/787/960 622/789/962 639/788/961
f 639/788/961 622/789/962 640/790/963
f 622/789/962 623/791/964 640/790/963
f 640/790/963 623/791/964 641/792/965
f 623/791/964 624/793/966 641/792/965
f 641/792/965 624/793/966 642/794/967
f 624/793/966 625/795/968 642/794/967
f 642/794/967 625/795/968 643/796/969
f 625/795/968 626/797/970 643/796/969
f 643/796/969 626/797/970 644/798/971
f 626/797/970 627/799/972 644/798/971
f 644/798/971 627/799/972 645/800/973
f 627/799/972 628/801/974 645/800/973
f 645/800/973 628/801/974 646/802/975
f 628/801/974 629/803/976 646/802/975
f 646/802/975 629/803/976 647/804/977
f 629/803/976 612/805/942 647/804/977
f 647/804/977 612/805/942 630/806/944
s 110
f 613/807/978 612/808/979 648/809/980
f 614/810/981 613/807/978 648/809/980
f 615/811/982 614/810/981 648/809/980
f 616/812/983 615/811/982 648/809/980
f 617/813/984 616/812/983 648/809/980
f 618/814/985 617/813/984 648/809/980
f 619/815/986 618/814/985 648/809/980
f 620/816/987 619/815/986 648/809/980
f 621/817/988 620/816/987 648/809/980
f 622/818/989 621/817/988 648/809/980
f 623/819/990 622/818/989 648/809/980
f 624/820/991 623/819/990 648/809/980
f 625/821/992 624/820/991 648/809/980
f 626/822/993 625/821/992 648/809/980
f 627/823/994 626/822/993 648/809/980
f 628/824/995 627/823/994 648/809/980
f 629/825/996 628/824/995 648/809/980
f 612/808/979 629/825/996 648/809/980
s 111
f 649/826/997 650/827/998 667/828/999
f 667/828/999 650/827/998 668/829/1000
f 650/827/998 651/830/1001 668/829/1000
f 668/829/1000 651/830/1001 669/831/1002
f 651/830/1001 652/832/1003 669/831/1002
f 669/831/1002 652/832/1003 670/833/1004
f 652/832/1003 653/834/1005 670/833/1004
f 670/833/1004 653/834/1005 671/835/1006
f 653/834/1005 654/836/1007 671/835/1006
f 671/835/1006 654/836/1007 672/837/1008
f 654/836/1007 655/838/1009 672/837/1008
f 672/837/1008 655/838/1009 673/839/1010
f 655/838/1009 656/840/1011 673/839/1010
f 673/839/1010 656/840/1011 674/841/1012
f 656/840/1011 657/842/1013 674/841/1012
f 674/841/1012 657/842/1013 675/843/1014
f 657/842/1013 658/844/1015 675/843/1014
f 675/843/1014 658/844/1015 676/845/1016
f 658/844/1015 659/846/1017 676/845/1016
f 676/845/1016 659/846/1017 677/847/1018
f 659/846/1017 660/848/1019 677/847/1018
f 677/847/1018 660/848/1019 678/849/1020
f 660/848/1019 661/850/1021 678/849/1020
f 678/849/1020 661/850/1021 679/851/1022
f 661/850/1021 662/852/1023 679/851/1022
f 679/851/1022 662/852/1023 680/853/1024
f 662/852/1023 663/854/1025 680/853/1024
f 680/853/1024 663/854/1025 681/855/1026
f 663/854/1025 664/856/1027 681/855/1026
f 681/855/1026 664/856/1027 682/857/1028
f 664/856/1027 665/858/1029 682/857/1028
f 682/857/1028 665/858/1029 683/859/1030
f 665/858/1029 666/860/1031 683/859/1030
f 683/859/1030 666/860/1031 684/861/1032
f 666/860/1031 649/862/997 684/861/1032
f 684/861/1032 649/862/997 667/863/999
s 112
f 650/864/1033 649/865/1034 685/866/1035
f 651/867/1036 650/864/1033 685/866/1035
f 652/868/1037 651/867/1036 685/866/1035
f 653/869/1038 652/868/1037 685/866/1035
f 654/870/1039 653/869/1038 685/866/1035
f 655/871/1040 654/870/1039 685/866/1035
f 656/872/1041 655/871/1040 685/866/1035
f 657/873/1042 656/872/1041 685/866/1035
f 658/874/1043 657/873/1042 685/866/1035
f 659/875/1044 658/874/1043 685/866/1035
f 660/876/1045 659/875/1044 685/866/1035
f 661/877/1046 660/876/1045 685/866/1035
f 662/878/1047 661/877/1046 685/866/1035
f 663/879/1048 662/878/1047 685/866/1035
f 664/880/1049 663/879/1048 685/866/1035
f 665/881/1050 664/880/1049 685/866/1035
f 666/882/1051 665/881/1050 685/866/1035
f 649/865/1034 666/882/1051 685/866/1035
s 113
f 686/883/1052 687/884/1053 704/885/1054
f 704/885/1054 687/884/1053 705/886/1055
f 687/884/1053 688/887/1056 705/886/1055
f 705/886/1055 688/887/1056 706/888/1057
f 688/887/1056 689/889/1058 706/888/1057
f 706/888/1057 689/889/1058 707/890/1059
f 689/889/1058 690/891/1060 707/890/1059
f 707/890/1059 690/891/1060 708/892/1061
f 690/891/1060 691/893/1062 708/892/1061
f 708/892/1061 691/893/1062 709/894/1063
f 691/893/1062 692/895/1064 709/894/1063
f 709/894/1063 692/895/1064 710/896/1065
f 692/895/1064 693/897/1066 710/896/1065
f 710/896/1065 693/897/1066 711/898/1067
f 693/897/1066 694/899/1068 711/898/1067
f 711/898/1067 694/899/1068 712/991/1069
f 694/990/1068 695/901/1070 712/900/1069
f 712/900/1069 695/901/1070 713/902/1071
f 695/901/1070 696/903/1072 713/902/1071
f 713/902/1071 696/903/1072 714/904/1073
f 696/903/1072 697/905/1074 714/904/1073
f 714/904/1073 697/905/1074 715/906/1075
f 697/905/1074 698/907/1076 715/906/1075
f 715/906/1075 698/907/1076 716/908/1077
f 698/907/1076 699/909/1078 716/908/1077
f 716/908/1077 699/909/1078 717/910/1079
f 699/909/1078 700/911/1080 717/910/1079
f 717/910/1079 700/911/1080 718/912/1081
f 700/911/1080 701/913/1082 718/912/1081
f 718/912/1081 701/913/1082 719/914/1083
f 701/913/1082 702/915/1084 719/914/1083
f 719/914/1083 702/915/1084 720/916/1085
f 702/915/1084 703/917/1086 720/916/1085
f 720/916/1085 703/917/1086 721/918/1087
f 703/917/1086 686/919/1052 721/918/1087
f 721/918/1087 686/919/1052 704/920/1054
s 114
f 722/921/1088 723/922/1089 740/923/1090
f 740/923/1090 723/922/1089 741/924/1091
f 723/922/1089 724/925/1092 741/924/1091
f 741/924/1091 724/925/1092 742/926/1093
f 724/925/1092 725/927/1094 742/926/1093
f 742/926/1093 725/927/1094 743/928/1095
f 725/927/1094 726/929/1096 743/928/1095
f 743/928/1095 726/929/1096 744/930/1097
f 726/929/1096 727/931/1098 744/930/1097
f 744/930/1097 727/931/1098 745/932/1099
f 727/931/1098 728/933/1100 745/932/1099
f 745/932/1099 728/933/1100 746/934/1101
f 728/933/1100 729/935/1102 746/934/1101
f 746/934/1101 729/935/1102 747/936/1103
f 729/935/1102 730/937/1104 747/936/1103
f 747/936/1103 730/937/1104 748/938/1105
f 730/937/1104 731/939/1106 748/938/1105
f 748/938/1105 731/939/1106 749/940/1107
f 731/939/1106 732/941/1108 749/940/1107
f 749/940/1107 732/941/1108 750/942/1109
f 732/941/1108 733/943/1110 750/942/1109
f 750/942/1109 733/943/1110 751/944/1111
f 733/943/1110 734/945/1112 751/944/1111
f 751/944/1111 734/945/1112 752/946/1113
f 734/945/1112 735/947/1114 752/946/1113
f 752/946/1113 735/947/1114 753/948/1115
f 735/947/1114 736/949/1116 753/948/1115
f 753/948/1115 736/949/1116 754/950/1117
f 736/949/1116 737/951/1118 754/950/1117
f 754/950/1117 737/951/1118 755/952/1119
f 737/951/1118 738/953/1120 755/952/1119
f 755/952/1119 738/953/1120 756/954/1121
f 738/953/1120 739/955/1122 756/954/1121
f 756/954/1121 739/955/1122 757/956/1123
f 739/955/1122 722/957/1088 757/956/1123
f 757/956/1123 722/957/1088 740/958/1090
s 115
f 723/959/1124 722/960/1125 758/961/1126
f 724/962/1127 723/959/1124 758/961/1126
f 725/963/1128 724/962/1127 758/961/1126
f 726/964/1129 725/963/1128 758/961/1126
f 727/965/1130 726/964/1129 758/961/1126
f 728/966/1131 727/965/1130 758/961/1126
f 729/967/1132 728/966/1131 758/961/1126
f 730/968/1133 729/967/1132 758/961/1126
f 731/969/1134 730/968/1133 758/961/1126
f 732/970/1135 731/969/1134 758/961/1126
f 733/971/1136 732/970/1135 758/961/1126
f 734/972/1137 733/971/1136 758/961/1126
f 735/973/1138 734/972/1137 758/961/1126
f 736/974/1139 735/973/1138 758/961/1126
f 737/975/1140 736/974/1139 758/961/1126
f 738/976/1141 737/975/1140 758/961/1126
f 739/977/1142 738/976/1141 758/961/1126
f 722/960/1125 739/977/1142 758/961/1126
