# This file uses meters as units for non-parametric coordinates.

mtllib Sack.mtl
g default
v -27.436367 1.978909 0.074753
v -23.855846 1.195526 0.250809
v -19.356773 0.974434 0.513504
v -14.689589 0.851280 0.775146
v -9.837511 0.911823 0.950836
v -4.899301 1.071526 1.003448
v 0.038861 1.154991 0.969116
v 4.939943 1.057953 0.918427
v 9.798292 0.835930 0.897247
v 14.622717 0.646885 0.890564
v 19.413258 0.657494 0.786652
v 24.078915 0.920952 0.420502
v 27.569374 1.854977 -0.125697
v -28.434830 7.003086 0.331329
v -24.253918 6.949448 2.205566
v -19.736835 6.576866 4.045532
v -15.103731 6.181473 5.479248
v -10.195328 6.006992 6.301514
v -5.099517 6.046318 6.543701
v 0.042455 6.116863 6.453735
v 5.143883 6.067402 6.304443
v 10.188608 5.903774 6.210571
v 15.210106 5.782799 6.021851
v 20.203419 5.910915 5.318726
v 24.987003 6.349884 3.478394
v 28.784733 6.815384 0.255028
v -29.038494 13.453140 0.697769
v -24.861423 13.322685 4.127808
v -20.399933 12.826271 7.178223
v -15.732847 12.304653 9.407715
v -10.680609 12.043941 10.643799
v -5.382360 12.045738 11.024170
v -0.008302 12.125340 10.944336
v 5.346977 12.132332 10.727051
v 10.651854 12.075497 10.428955
v 15.899555 12.115429 9.767822
v 20.999340 12.423470 8.204590
v 25.723831 12.956478 5.137817
v 29.463600 13.391739 0.524338
v -29.405220 20.045385 0.987579
v -25.393162 19.839125 5.492676
v -21.024879 19.375900 9.297363
v -16.302204 18.923746 11.987061
v -11.110168 18.699505 13.445557
v -5.637969 18.695339 13.912109
v -0.056969 18.767210 13.844727
v 5.526312 18.799860 13.544434
v 11.034224 18.817087 12.988770
v 16.388025 18.952389 11.821289
v 21.430725 19.292877 9.524902
v 25.989880 19.743727 5.699463
v 29.707611 20.070835 0.595535
v -29.483379 26.791014 1.126129
v -25.651981 26.601719 6.166992
v -21.360096 26.277060 10.327148
v -16.605804 25.971767 13.217041
v -11.346773 25.809195 14.791992
v -5.781435 25.791807 15.344727
v -0.073342 25.835083 15.325195
v 5.644555 25.866339 14.982910
v 11.242584 25.906244 14.239258
v 16.588902 26.036556 12.718262
v 21.510223 26.282608 9.985596
v 25.920803 26.572075 5.814209
v 29.631798 26.798183 0.603790
v -29.397045 33.622749 1.116913
v -25.680897 33.528297 6.278320
v -21.428913 33.362534 10.533447
v -16.666597 33.201405 13.483154
v -11.394495 33.105038 15.135254
v -5.801920 33.086170 15.793945
v -0.049517 33.108280 15.872070
v 5.708574 33.130108 15.569336
v 11.316034 33.155216 14.764648
v 16.620968 33.218349 13.083984
v 21.447559 33.326286 10.164307
v 25.757576 33.453522 5.881226
v 29.449924 33.578529 0.634369
v -29.349495 40.475006 1.021545
v -25.665543 40.507259 6.109375
v -21.410122 40.491421 10.365723
v -16.634735 40.465683 13.327393
v -11.355686 40.450638 15.027832
v -5.755720 40.454735 15.786133
v 0.004555 40.473915 15.986328
v 5.762187 40.488400 15.786621
v 11.357445 40.481655 15.029785
v 16.635616 40.456322 13.329590
v 21.414871 40.425526 10.364014
v 25.673367 40.403854 6.052124
v 29.353146 40.410202 0.712051
v -29.443905 47.302731 0.926056
v -25.745579 47.454201 5.937866
v -21.438263 47.588482 10.165527
v -16.616596 47.701443 13.079834
v -11.312082 47.773712 14.759277
v -5.701547 47.808598 15.564453
v 0.057746 47.834843 15.868164
v 5.806602 47.852581 15.791504
v 11.393927 47.823219 15.134766
v 16.664650 47.717026 13.483154
v 21.430817 47.551826 10.530762
v 25.686886 47.382591 6.239014
v 29.400242 47.265633 0.911102
v -29.623329 54.079647 0.887024
v -25.904320 54.330872 5.870972
v -21.496956 54.627235 9.986328
v -16.581303 54.877178 12.712158
v -11.237093 55.014393 14.231445
v -5.638246 55.062096 14.976074
v 0.079348 55.097187 15.319824
v 5.783910 55.136719 15.341797
v 11.344961 55.109665 14.790527
v 16.603359 54.937935 13.215576
v 21.361721 54.629280 10.323486
v 25.657219 54.303429 6.210571
v 29.486301 54.097961 1.503693
v -29.698204 60.539310 0.889099
v -25.971455 60.888618 5.757690
v -21.415417 61.346260 9.524658
v -16.378607 61.690308 11.813477
v -11.028162 61.830879 12.979248
v -5.521469 61.854240 13.535889
v 0.060662 61.890099 13.838867
v 5.639375 61.958549 13.908691
v 11.109196 61.945019 13.442627
v 16.301165 61.711075 11.982910
v 21.026955 61.254730 9.291748
v 25.397209 60.791401 5.655518
v 29.407364 60.576366 2.218506
v -29.456570 65.626465 0.825684
v -25.707294 66.080948 5.194946
v -20.984844 66.622711 8.202148
v -15.889502 66.935669 9.756836
v -10.645460 66.980476 10.415283
v -5.342962 66.928513 10.714355
v 0.011307 66.937706 10.934326
v 5.384624 67.013855 11.015869
v 10.681610 67.006226 10.635742
v 15.733175 66.734772 9.399902
v 20.401451 66.207184 7.172119
v 24.863186 65.710220 4.267944
v 29.039486 65.576813 1.750854
v -28.786816 71.930237 0.462540
v -24.979031 72.413857 3.513184
v -20.193306 72.863724 5.302002
v -15.201067 72.997604 5.993042
v -10.182364 72.880562 6.177246
v -5.139777 72.720062 6.270264
v -0.038451 72.671913 6.419678
v 5.103831 72.739632 6.510132
v 10.198420 72.770966 6.271362
v 15.104630 72.586853 5.457520
v 19.736237 72.185349 4.037598
v 24.252449 71.811821 2.303955
v 28.434425 71.757233 0.915070
v -27.584938 76.887238 -0.264263
v -24.089928 77.830994 0.366211
v -19.416012 78.101181 0.713730
v -14.621424 78.113304 0.800690
v -9.796120 77.924500 0.807922
v -4.937265 77.703476 0.823151
v -0.034363 77.607956 0.862610
v 4.906368 77.691193 0.891357
v 9.845741 77.848183 0.852570
v 14.695980 77.905624 0.708740
v 19.358810 77.781937 0.496002
v 23.853733 77.562042 0.388458
v 27.434315 76.778572 0.389114
v -27.441681 76.772400 -0.534950
v -23.862892 77.560028 -0.538643
v -19.361858 77.782623 -0.761658
v -14.692257 77.904617 -0.997940
v -9.839159 77.843491 -1.143890
v -4.900897 77.684341 -1.183624
v 0.037740 77.601662 -1.155273
v 4.940733 77.698975 -1.115967
v 9.802099 77.920990 -1.100006
v 14.629215 78.110046 -1.090515
v 19.420757 78.099457 -0.996841
v 24.085838 77.834587 -0.635468
v 27.574753 76.897842 0.046715
v -28.437092 71.750450 -0.645752
v -24.255608 71.809036 -2.484619
v -19.737381 72.184502 -4.316528
v -15.103325 72.581039 -5.744751
v -10.194818 72.756409 -6.561401
v -5.099324 72.717903 -6.800903
v 0.042434 72.647766 -6.712036
v 5.143993 72.697235 -6.565186
v 10.189064 72.860260 -6.473145
v 15.210768 72.980026 -6.285156
v 20.204002 72.850113 -5.585327
v 24.987686 72.408646 -3.697998
v 28.785992 71.939301 -0.129526
v -29.038212 65.569801 -0.978653
v -24.860256 65.702698 -4.407227
v -20.398209 66.201172 -7.456543
v -15.731043 66.724152 -9.685303
v -10.679157 66.985794 -10.920654
v -5.381554 66.984604 -11.300781
v -0.008205 66.905243 -11.221191
v 5.346461 66.898178 -11.004639
v 10.650822 66.954445 -10.707275
v 15.898054 66.913330 -10.046875
v 20.997501 66.603622 -8.484375
v 25.721985 66.068726 -5.266235
v 29.462273 65.631882 0.245834
v -29.403938 60.568184 -1.269226
v -25.391434 60.775261 -5.773438
v -21.022800 61.239552 -9.577393
v -16.300169 61.692673 -12.266357
v -11.108557 61.917553 -13.724121
v -5.637078 61.922050 -14.190918
v -0.056962 61.850281 -14.123535
v 5.525456 61.817486 -13.823486
v 11.032658 61.799759 -13.268555
v 16.385994 61.663536 -12.101807
v 21.428516 61.321838 -9.805908
v 25.987843 60.869942 -5.799561
v 29.705959 60.542450 0.382004
v -29.482269 54.088722 -1.408600
v -25.650505 54.278107 -6.449219
v -21.358185 54.603104 -10.608887
v -16.603838 54.908913 -13.498047
v -11.345228 55.071861 -15.072754
v -5.780631 55.089417 -15.625000
v -0.073420 55.046165 -15.605469
v 5.643603 55.014748 -15.263672
v 11.240925 54.974495 -14.520508
v 16.586851 54.843605 -12.999756
v 21.508213 54.596886 -10.267578
v 25.919151 54.306870 -6.052979
v 29.630604 54.080639 -0.569199
v -29.396393 47.257301 -1.399750
v -25.679703 47.351475 -6.561035
v -21.427181 47.517189 -10.815674
v -16.664825 47.678452 -13.764893
v -11.393139 47.774940 -15.416992
v -5.801259 47.793873 -16.075684
v -0.049641 47.771763 -16.153320
v 5.707691 47.749832 -15.851074
v 11.314539 47.724545 -15.046875
v 16.619137 47.661198 -13.366455
v 21.445786 47.553032 -10.447266
v 25.756123 47.425659 -6.209229
v 29.449192 47.300713 -1.214996
v -29.349358 40.404682 -1.304535
v -25.664574 40.371971 -6.392212
v -21.408569 40.387508 -10.647949
v -16.633204 40.413059 -13.609619
v -11.354582 40.428020 -15.310059
v -5.755183 40.423923 -16.067871
v 0.004465 40.404743 -16.268066
v 5.761486 40.390205 -16.068848
v 11.356211 40.396931 -15.312500
v 16.634022 40.422276 -13.612305
v 21.413292 40.453209 -10.647217
v 25.672096 40.475212 -6.385254
v 29.352516 40.469345 -1.342957
v -29.444153 33.576420 -1.209137
v -25.744827 33.424160 -6.220947
v -21.436993 33.289307 -10.447754
v -16.615387 33.175980 -13.361816
v -11.311201 33.103546 -15.041504
v -5.701085 33.068619 -15.846191
v 0.057755 33.042400 -16.149902
v 5.806150 33.024666 -16.073730
v 11.393019 33.054039 -15.416992
v 16.663368 33.160355 -13.765381
v 21.429325 33.325909 -10.813232
v 25.685673 33.495899 -6.549683
v 29.399872 33.613892 -1.404785
v -29.624138 26.798866 -1.170044
v -25.903912 26.546278 -6.153809
v -21.496086 26.249144 -10.268311
v -16.580418 25.998837 -12.993896
v -11.236383 25.861490 -14.513184
v -5.637771 25.813765 -15.257812
v 0.079529 25.778717 -15.601562
v 5.783743 25.739235 -15.623047
v 11.344387 25.766268 -15.072266
v 16.602406 25.938076 -13.497070
v 21.360546 26.247160 -10.604980
v 25.656311 26.573975 -6.436035
v 29.486301 26.780828 -1.401276
v -29.699425 20.073374 -1.171661
v -25.971371 19.722528 -6.039673
v -21.414707 19.264215 -9.806152
v -16.377783 18.919916 -12.095215
v -11.027414 18.779217 -13.261230
v -5.520846 18.755823 -13.818115
v 0.061084 18.720051 -14.120605
v 5.639484 18.651625 -14.189941
v 11.108906 18.665035 -13.724121
v 16.300550 18.898926 -12.264404
v 21.026260 19.355534 -9.573242
v 25.396778 19.819613 -5.764404
v 29.407684 20.036028 -1.280640
v -29.457088 13.396286 -1.107666
v -25.706684 12.941597 -5.475952
v -20.983624 12.399677 -8.483398
v -15.888218 12.086346 -10.039062
v -10.644255 12.041149 -10.698242
v -5.341943 12.093018 -10.997803
v 0.012000 12.083981 -11.217285
v 5.384831 12.007786 -11.298340
v 10.681261 12.015110 -10.917969
v 15.732430 12.286362 -9.682129
v 20.400631 12.814114 -7.454346
v 24.862679 13.311314 -4.409790
v 29.039410 13.445194 -1.038849
v -28.784382 6.823643 -0.781860
v -24.976204 6.342781 -3.805908
v -20.190262 5.893505 -5.597900
v -15.198267 5.758919 -6.293213
v -10.179970 5.875278 -6.479004
v -5.137971 6.035786 -6.573486
v -0.037496 6.084137 -6.724121
v 5.103718 6.016315 -6.814575
v 10.197130 5.984600 -6.572998
v 15.102325 6.168545 -5.753906
v 19.733505 6.570320 -4.325684
v 24.249985 6.943417 -2.501160
v 28.432175 6.996262 -0.713242
v -27.578175 1.865387 -0.216509
v -24.083435 0.924538 -0.715057
v -19.410526 0.655663 -1.074127
v -14.616901 0.642838 -1.174561
v -9.792442 0.831226 -1.179504
v -4.934540 1.052631 -1.200500
v -0.033069 1.148777 -1.251160
v 4.905597 1.065536 -1.285034
v 9.842552 0.908150 -1.232605
v 14.690722 0.850452 -1.059082
v 19.352516 0.974220 -0.800827
v 23.847481 1.193108 -0.542389
v 27.428959 1.974155 -0.390038
v 26.287098 77.640381 -0.244629
v -24.006447 75.060890 -1.400482
v -26.600449 71.743561 -1.481506
v -28.074100 74.955688 -0.582718
v -19.506287 75.347443 -2.364197
v -21.987038 71.972061 -3.437805
v -14.864647 75.605942 -3.154907
v -17.449245 72.398422 -5.095947
v -9.989540 75.666885 -3.614807
v -12.680315 72.699608 -6.231567
v -4.978728 75.570862 -3.747437
v -7.661419 72.753670 -6.739746
v 0.049781 75.496948 -3.687622
v -2.527738 72.675621 -6.779419
v 5.032600 75.575783 -3.597534
v 2.600278 72.655296 -6.635254
v 9.961491 75.780251 -3.555786
v 7.671780 72.772606 -6.517334
v 14.866642 75.955048 -3.486633
v 12.701292 72.938995 -6.414062
v 19.759869 75.905533 -3.143799
v 17.719795 72.954514 -6.031616
v 24.502243 75.555435 -2.103516
v 22.639019 72.654457 -4.877930
v 28.299206 75.123802 -0.043285
v 27.212849 72.153900 -1.834717
v -24.551167 68.619743 -3.499207
v -27.193104 65.601120 -2.558594
v -28.761940 68.539307 -0.795898
v -20.050323 69.071350 -6.012817
v -22.622128 65.922226 -6.035278
v -15.405685 69.556938 -7.903564
v -18.107948 66.481216 -8.684814
v -10.432575 69.796127 -8.967529
v -13.247183 66.891800 -10.424072
v -5.237685 69.785278 -9.287354
v -8.049735 67.007706 -11.194336
v 0.020384 69.711060 -9.197510
v -2.697253 66.943535 -11.295410
v 5.248007 69.730194 -9.013184
v 2.674215 66.890549 -11.121582
v 10.423210 69.840118 -8.832031
v 8.004991 66.926926 -10.878418
v 15.565502 69.880211 -8.431641
v 13.284973 66.958397 -10.454590
v 20.630669 69.653008 -7.307129
v 18.480671 66.793777 -9.410645
v 25.404564 69.145569 -4.691528
v 23.413208 66.346840 -7.206299
v 29.176735 68.677643 0.014442
v 27.918022 65.814484 -2.354126
v -25.149960 63.267658 -5.171753
v -27.643600 60.644611 -3.353210
v -29.255493 63.089355 -1.139496
v -20.734108 63.767220 -8.650879
v -23.215462 60.988445 -7.830566
v -16.038713 64.273170 -11.145264
v -18.720562 61.484016 -11.067383
v -10.910900 64.525200 -12.509033
v -13.753050 61.836273 -13.140381
v -5.518675 64.527405 -12.935547
v -8.396048 61.939186 -14.053223
v -0.035173 64.448776 -12.861084
v -2.853197 61.886971 -14.200684
v 5.441183 64.424744 -12.602051
v 2.739071 61.828259 -13.998535
v 10.858799 64.437897 -12.174805
v 8.292747 61.814476 -13.595947
v 16.175608 64.337036 -11.250977
v 13.736916 61.753937 -12.794678
v 21.262169 63.991432 -9.291260
v 18.960354 61.515137 -11.117188
v 25.909065 63.480621 -5.604492
v 23.758987 61.096779 -8.132324
v 29.633446 63.094955 0.421875
v 28.151196 60.671394 -2.511230
v -25.555798 57.686268 -6.193359
v -27.818352 54.163460 -3.743774
v -29.473736 57.476479 -1.358734
v -21.229046 58.088333 -10.217773
v -23.527905 54.432301 -8.712646
v -16.486898 58.471275 -13.032471
v -19.049000 54.767578 -12.212891
v -11.252867 58.665997 -14.557129
v -14.026186 55.010208 -14.437012
v -5.724792 58.676861 -15.064941
v -8.590155 55.094162 -15.447754
v -0.070015 58.618385 -15.015137
v -2.936343 55.069878 -15.666504
v 5.592570 58.584087 -14.686035
v 2.792004 55.028831 -15.474609
v 11.157925 58.549278 -14.023438
v 8.465054 55.000790 -14.962402
v 16.517004 58.405052 -12.656006
v 13.955795 54.923416 -13.886963
v 21.500423 58.100296 -10.105713
v 19.111279 54.731117 -11.797607
v 25.980370 57.725346 -5.945068
v 23.756802 54.451790 -8.396729
v 29.695477 57.449986 -0.034351
v 28.057415 54.173042 -3.104004
v -25.682983 50.828262 -6.559082
v -27.794632 47.290348 -3.790161
v -29.446938 50.679543 -1.419525
v -21.415627 51.073421 -10.787598
v -23.586029 47.430275 -8.877686
v -16.655903 51.305477 -13.717529
v -19.116768 47.602627 -12.450928
v -11.387037 51.436420 -15.333984
v -14.081394 47.736431 -14.738770
v -5.803403 51.457314 -15.937988
v -8.626726 47.792297 -15.843750
v -0.066267 51.426590 -15.962402
v -2.935836 47.784996 -16.169922
v 5.679627 51.399666 -15.630371
v 2.838145 47.760273 -16.052734
v 11.287989 51.363388 -14.841309
v 8.539163 47.739773 -15.532715
v 16.613743 51.261192 -13.218750
v 14.015795 47.698669 -14.342285
v 21.482265 51.081726 -10.368408
v 19.100777 47.611217 -12.067139
v 25.836720 50.874550 -6.135132
v 23.639263 47.490917 -8.509766
v 29.539936 50.697571 -0.964569
v 27.871277 47.358086 -3.501282
v -25.667156 43.862442 -6.492920
v -27.767818 40.381794 -3.657104
v -29.359329 43.830482 -1.357513
v -21.418674 43.952190 -10.753906
v -23.572205 40.375916 -8.702637
v -16.652327 44.045296 -13.714600
v -19.091511 40.400631 -12.287598
v -11.378395 44.102707 -15.396484
v -14.045830 40.422554 -14.601562
v -5.782355 44.112476 -16.107910
v -8.584658 40.428352 -15.781250
v -0.024630 44.093712 -16.246582
v -2.885275 40.415096 -16.223145
v 5.734837 44.076286 -15.990234
v 2.893432 40.395641 -16.223633
v 11.335983 44.066513 -15.199707
v 8.588490 40.390827 -15.782715
v 16.624514 44.046936 -13.496826
v 14.046412 40.408009 -14.604492
v 21.422043 44.009029 -10.542725
v 19.093967 40.437962 -12.289062
v 25.700420 43.957432 -6.293335
v 23.579033 40.466171 -8.699219
v 29.384079 43.890129 -1.315094
v 27.773373 40.478699 -3.645630
v -25.691193 36.890862 -6.296631
v -27.862766 33.505348 -3.524536
v -29.380116 36.985500 -1.252502
v -21.415321 36.832127 -10.543457
v -23.628304 33.353260 -8.514404
v -16.622248 36.788750 -13.492920
v -19.094723 33.228924 -12.064453
v -11.333458 36.759205 -15.195801
v -14.012888 33.134338 -14.336914
v -5.728237 36.739037 -15.987305
v -8.534326 33.083206 -15.527344
v 0.033341 36.717033 -16.244629
v -2.830303 33.055088 -16.048340
v 5.788059 36.702866 -16.107422
v 2.942825 33.030342 -16.167480
v 11.379093 36.723431 -15.397461
v 8.628978 33.031094 -15.842773
v 16.651814 36.791100 -13.716309
v 14.079981 33.097931 -14.739258
v 21.421799 36.889118 -10.752441
v 19.116695 33.238987 -12.450195
v 25.673653 36.984329 -6.483398
v 23.590641 33.413242 -8.873779
v 29.362457 37.042023 -1.376801
v 27.799507 33.568771 -3.758423
v -25.823273 29.976883 -6.179565
v -28.046036 26.693295 -3.477661
v -29.534050 30.180923 -1.182190
v -21.471622 29.762280 -10.369141
v -23.741962 26.395844 -8.402832
v -16.608566 29.578375 -13.213379
v -19.102200 26.113329 -11.794434
v -11.283976 29.468353 -14.834473
v -13.950830 25.916115 -13.879883
v -5.673301 29.423502 -15.624512
v -8.460016 25.831291 -14.955566
v 0.073463 29.392597 -15.958008
v -2.785706 25.797106 -15.469238
v 5.807359 29.365955 -15.936035
v 2.941278 25.755968 -15.663574
v 11.386351 29.396820 -15.333496
v 8.591129 25.738869 -15.446777
v 16.654165 29.537029 -13.717041
v 14.024488 25.832783 -14.436523
v 21.417603 29.772758 -10.784424
v 19.049129 26.081758 -12.210693
v 25.688801 30.020960 -6.546265
v 23.532505 26.417606 -8.708252
v 29.450733 30.190691 -1.415131
v 27.823257 26.697123 -3.704590
v -25.964157 23.129606 -6.124390
v -28.139145 19.932901 -3.440979
v -29.688805 23.430145 -1.171021
v -21.487221 22.747967 -10.106445
v -23.742622 19.490732 -8.138184
v -16.509590 22.440306 -12.649902
v -18.949471 19.069712 -11.113281
v -11.153028 22.290777 -14.016113
v -13.730562 18.827528 -12.787109
v -5.587389 22.249487 -14.680176
v -8.287981 18.761610 -13.589111
v 0.075017 22.211857 -15.011719
v -2.734610 18.742941 -13.994385
v 5.727361 22.156910 -15.063477
v 2.856593 18.684202 -14.199219
v 11.252434 22.176912 -14.557129
v 8.397322 18.638542 -14.052979
v 16.486284 22.380440 -13.031006
v 13.753033 18.751200 -13.139404
v 21.232002 22.766609 -10.213623
v 18.722313 19.110115 -11.063965
v 25.561527 23.169374 -6.181274
v 23.220322 19.605967 -7.826660
v 29.477802 23.392698 -1.356689
v 27.647919 19.954691 -3.326477
v -25.892918 16.320692 -5.848267
v -27.907341 13.205204 -3.166443
v -29.627407 16.727200 -1.158447
v -21.248238 15.803345 -9.291016
v -23.397514 12.658699 -7.210938
v -16.166691 15.454803 -11.243896
v -18.468822 12.207680 -9.405518
v -10.853052 15.349770 -12.166748
v -13.276911 12.039322 -10.445557
v -5.436839 15.357895 -12.596436
v -7.999619 12.066357 -10.870361
v 0.038887 15.331345 -12.857910
v -2.670164 12.099174 -11.116211
v 5.521394 15.255970 -12.934570
v 2.700838 12.046566 -11.292236
v 10.912245 15.266930 -12.508057
v 8.052461 11.988476 -11.191895
v 16.039932 15.528316 -11.142578
v 13.248753 12.114151 -10.421143
v 20.737595 16.038370 -8.647461
v 18.109779 12.532516 -8.681641
v 25.154350 16.537123 -5.167603
v 22.624828 13.092659 -6.034668
v 29.258373 16.720522 -1.172424
v 27.194553 13.413208 -2.566284
v -25.390572 9.602734 -4.849243
v -27.206364 6.604145 -2.221924
v -29.172802 10.085312 -0.995636
v -20.616673 9.087536 -7.305908
v -22.625523 6.092411 -4.891846
v -15.554276 8.855881 -8.422852
v -17.706371 5.786526 -6.041992
v -10.415329 8.892071 -8.821045
v -12.690361 5.798122 -6.420410
v -5.242722 8.998482 -9.004150
v -7.664399 5.961544 -6.524048
v -0.016000 9.016182 -9.190918
v -2.594991 6.076870 -6.645630
v 5.241541 8.944901 -9.282227
v 2.532484 6.056908 -6.792847
v 10.434795 8.942089 -8.962158
v 7.664981 5.983498 -6.752563
v 15.406008 9.190807 -7.899414
v 12.681023 6.045750 -6.241699
v 20.050041 9.681774 -6.012085
v 17.446711 6.354553 -5.104614
v 24.550190 10.131569 -3.509705
v 21.982048 6.782379 -3.448853
v 28.760384 10.209045 -0.886673
v 26.594963 7.006115 -1.509735
v -24.495224 3.200432 -2.183655
v -26.289555 1.122501 -0.391098
v -28.301685 3.640636 -0.425903
v -19.747231 2.844181 -3.198120
v -21.777603 0.763355 -0.936569
v -14.853603 2.790962 -3.547607
v -17.020678 0.618183 -1.146271
v -9.951862 2.963535 -3.615906
v -12.208044 0.721569 -1.180695
v -5.026474 3.166382 -3.663330
v -7.368443 0.948643 -1.185822
v -0.044868 3.244038 -3.761353
v -2.489227 1.121994 -1.224365
v 4.983551 3.171028 -3.824097
v 2.433373 1.125034 -1.274628
v 9.992554 3.079350 -3.682251
v 7.379100 0.985069 -1.272705
v 14.863033 3.146469 -3.204895
v 12.284620 0.859310 -1.159760
v 19.498768 3.408707 -2.399780
v 17.046284 0.893482 -0.935440
v 23.995159 3.692352 -1.417908
v 21.610622 1.078453 -0.667221
v 28.065689 3.791016 -0.515816
v 26.090015 1.305073 -0.434074
v -23.876678 0.263977 -0.132740
v -27.847008 1.336487 -0.015884
v -19.303104 0.044090 -0.193368
v -14.584801 0.005402 -0.162636
v -9.763144 0.152737 -0.117465
v -4.888467 0.356873 -0.112203
v 0.002949 0.451256 -0.142041
v 4.894418 0.356342 -0.171717
v 9.768602 0.152809 -0.166648
v 14.587984 0.006348 -0.123202
v 19.301456 0.044125 -0.095295
v 23.868702 0.260403 -0.157129
v 27.837646 1.328224 -0.296494
v 29.176781 6.939629 -0.350441
v 29.816303 13.454102 -0.362083
v 30.110023 20.088451 -0.394638
v 30.098362 26.818859 -0.413422
v 29.954544 33.613289 -0.393585
v 29.879143 40.439812 -0.340256
v 29.954357 47.266174 -0.179874
v 30.097736 54.060059 0.532013
v 30.109005 60.524475 1.529388
v 29.815685 65.568634 1.249207
v 29.178570 71.813995 0.575943
v -29.178688 6.948421 -0.127522
v -29.813541 13.461597 -0.125286
v -30.105728 20.095463 -0.061224
v -30.094078 26.824978 -0.026562
v -29.951088 33.616943 -0.058630
v -29.876537 40.439884 -0.141508
v -29.950607 47.262737 -0.224335
v -30.093040 54.054268 -0.256195
v -30.104404 60.517738 -0.220991
v -29.813126 65.561073 -0.156355
v -29.181034 71.804649 -0.194587
v -26.097805 1.307613 0.136238
v -24.001839 3.695976 1.123077
v -26.598404 7.012253 1.184967
v -28.070564 3.795559 0.167038
v -21.617474 1.079769 0.378540
v -19.503349 3.411671 2.115784
v -21.985893 6.788231 3.165283
v -17.047791 0.893600 0.649826
v -14.863581 3.153103 2.925720
v -17.449253 6.363628 4.827515
v -12.281250 0.861454 0.877167
v -9.989086 3.092281 3.406006
v -12.680862 6.063339 5.969116
v -7.373129 0.990101 0.991211
v -4.978082 3.189007 3.548340
v -7.661788 6.010174 6.481567
v -2.427228 1.131363 0.992798
v 0.050344 3.263531 3.485474
v -2.527790 6.088860 6.521973
v 2.494738 1.127804 0.942261
v 5.032109 3.184879 3.387939
v 2.600273 6.109402 6.375854
v 7.374018 0.953617 0.903778
v 9.959208 2.980133 3.340759
v 7.671495 5.991802 6.255493
v 12.214092 0.726044 0.897797
v 14.862820 2.804768 3.270020
v 12.700697 5.824505 6.151123
v 17.025454 0.621387 0.860687
v 19.755562 2.853405 2.914795
v 17.719162 5.807476 5.767334
v 21.777069 0.763176 0.646881
v 24.498215 3.201458 1.873108
v 22.638428 6.105511 4.606934
v 26.280811 1.113361 0.086601
v 28.295525 3.629234 0.009346
v 27.211960 6.602650 1.779480
v -24.551323 10.140038 3.219727
v -27.193752 13.422894 2.278503
v -28.761047 10.216705 0.515182
v -20.051258 9.691101 5.734497
v -22.623661 13.104328 5.756470
v -15.407001 9.206982 7.625977
v -18.109764 12.546978 8.406738
v -10.433693 8.968864 8.690674
v -13.248859 12.137505 10.146973
v -5.238314 8.980453 9.010742
v -8.050885 12.022373 10.917725
v 0.020249 9.054996 8.920654
v -2.697701 12.086987 11.018555
v 5.248237 9.035805 8.735596
v 2.674439 12.140057 10.844238
v 10.423742 8.925236 8.553467
v 8.005771 12.103371 10.600586
v 15.566391 8.883804 8.152832
v 13.286245 12.071018 10.175781
v 20.631863 9.109100 7.027832
v 18.482376 12.234219 9.131104
v 25.405659 9.614185 4.513794
v 23.415104 12.679276 6.926270
v 29.177113 10.079247 0.422012
v 27.919724 13.209919 2.680725
v -25.151592 16.552330 4.891724
v -27.645058 19.969355 3.072021
v -29.256458 16.729120 0.858246
v -20.736153 16.054295 8.371826
v -23.217407 19.626472 7.550049
v -16.040714 15.549501 10.866943
v -18.722675 19.131939 10.787842
v -10.912497 15.298250 12.231445
v -13.754917 18.780499 12.861328
v -5.519561 15.296515 12.658203
v -8.397332 18.678062 13.774658
v -0.035226 15.375317 12.583496
v -2.853655 18.730488 13.922363
v 5.441902 15.399250 12.323975
v 2.739507 18.789179 13.719727
v 10.860161 15.385544 11.895752
v 8.293982 18.802685 13.316406
v 16.177473 15.485359 10.971436
v 13.738747 18.862497 12.514648
v 21.264309 15.829529 9.010986
v 18.962513 19.100201 10.836426
v 25.911156 16.338894 5.508423
v 23.761127 19.517359 7.851318
v 29.635139 16.723763 0.576050
v 28.153137 19.942076 2.953857
v -25.557442 23.193241 5.911743
v -27.819622 26.716385 3.461426
v -29.475018 23.402660 1.076630
v -21.231056 22.791832 9.936768
v -23.529621 26.447651 8.430664
v -16.488922 22.409622 12.752197
v -19.051006 26.112837 11.931641
v -11.254463 22.215405 14.277832
v -14.027992 25.870674 14.156250
v -5.725655 22.204781 14.785156
v -8.591352 25.786997 15.167480
v -0.069977 22.263288 14.735840
v -2.936715 25.811367 15.386230
v 5.593500 22.297440 14.406250
v 2.792530 25.852360 15.193848
v 11.159580 22.331808 13.742920
v 8.466388 25.880154 14.681641
v 16.519093 22.475290 12.375000
v 13.957703 25.957060 13.605469
v 21.502556 22.779112 9.824219
v 19.113369 26.148708 11.515625
v 25.982212 23.153290 5.784302
v 23.758644 26.427368 8.114746
v 29.696938 23.428463 0.601166
v 28.058899 26.705807 2.995178
v -25.684303 30.051624 6.276611
v -27.795532 33.589634 3.507446
v -29.447834 30.200489 1.136810
v -21.417446 29.806568 10.505615
v -23.587513 33.449432 8.594971
v -16.657784 29.574848 13.436035
v -19.118587 33.277153 12.168945
v -11.388493 29.444149 15.053223
v -14.083004 33.143490 14.457031
v -5.804136 29.423374 15.657227
v -8.627758 33.087723 15.562012
v -0.066158 29.454084 15.681152
v -2.936109 33.095066 15.888672
v 5.680562 29.480885 15.349121
v 2.838659 33.119740 15.770996
v 11.289593 29.516891 14.559570
v 8.540380 33.140095 15.250977
v 16.615698 29.618700 12.936523
v 14.017504 33.180992 14.060059
v 21.484146 29.797737 10.085938
v 19.102619 33.268200 11.784424
v 25.838257 30.004559 5.840332
v 23.640915 33.388329 8.226807
v 29.540867 30.181513 0.614334
v 27.872429 33.521095 3.038269
v -25.668228 37.017105 6.210083
v -27.768349 40.497677 3.374146
v -29.359715 37.049438 1.074585
v -21.420319 36.927170 10.471680
v -23.573524 40.503136 8.420166
v -16.653990 36.834030 13.432617
v -19.093117 40.478180 12.005371
v -11.379631 36.776634 15.114258
v -14.047182 40.456123 14.319336
v -5.782949 36.766891 15.826660
v -8.585491 40.450310 15.499512
v -0.024513 36.785629 15.964844
v -2.885501 40.463543 15.941406
v 5.735640 36.803028 15.708008
v 2.893832 40.482986 15.941895
v 11.337360 36.812687 14.917480
v 8.589472 40.487782 15.500488
v 16.626228 36.832180 13.214111
v 14.047861 40.470573 14.321777
v 21.423706 36.870056 10.259766
v 19.095596 40.440678 12.006104
v 25.701763 36.921757 5.956055
v 23.580486 40.412704 8.415771
v 29.384743 36.989296 0.665512
v 27.774403 40.400620 3.163513
v -25.692055 43.987961 6.013672
v -27.862991 47.373367 3.241394
v -29.380066 43.893936 0.969452
v -21.416752 44.046288 10.260986
v -23.629383 47.524788 8.231689
v -16.623625 44.089352 13.210693
v -19.096016 47.648651 11.782471
v -11.334448 44.118755 14.913574
v -14.013948 47.742981 14.054688
v -5.728728 44.138901 15.705566
v -8.535006 47.794014 15.245605
v 0.033390 44.160904 15.962891
v -2.830541 47.822132 15.766602
v 5.788642 44.175041 15.825195
v 2.943045 47.846909 15.885254
v 11.380169 44.154510 15.115234
v 8.629662 47.846161 15.560547
v 16.653257 44.086914 13.433594
v 14.081091 47.779381 14.457031
v 21.423344 43.989151 10.469482
v 19.118122 47.638519 12.167725
v 25.674900 43.894508 6.156372
v 23.592056 47.464798 8.591064
v 29.362972 43.837578 0.778351
v 27.800354 47.310326 3.364868
v -25.823864 50.900925 5.896606
v -28.045815 54.184486 3.194641
v -29.533535 50.697948 0.899109
v -21.472694 51.114822 10.086914
v -23.742695 54.480846 8.120361
v -16.609594 51.298347 12.931396
v -19.103119 54.762829 11.512695
v -11.284754 51.408199 14.552734
v -13.951641 54.959812 13.598145
v -5.673753 51.453022 15.342773
v -8.460612 55.044563 14.673828
v 0.073377 51.483963 15.676270
v -2.786039 55.078762 15.187500
v 5.807670 51.510620 15.654297
v 2.941263 55.119968 15.381836
v 11.387083 51.479782 15.051758
v 8.591492 55.137062 15.165527
v 16.655293 51.339668 13.435303
v 14.025257 55.043171 14.155273
v 21.418972 51.104355 10.502441
v 19.050236 54.794418 11.928955
v 25.689892 50.857052 6.269897
v 23.533611 54.459217 8.426270
v 29.450939 50.688583 1.157074
v 27.823784 54.181026 3.649780
v -25.964352 57.746834 5.841797
v -28.138512 60.679008 3.158569
v -29.687717 57.447853 0.888184
v -21.487953 58.127686 9.824463
v -23.743111 61.119984 7.856445
v -16.510395 58.435059 12.368164
v -18.950268 61.540604 10.831787
v -11.153719 58.584450 13.734375
v -13.731354 61.782608 12.505371
v -5.587913 58.625732 14.398438
v -8.288671 61.848457 13.307129
v 0.074722 58.663429 14.729980
v -2.735145 61.867149 13.712158
v 5.727379 58.718414 14.782227
v 2.856314 61.925987 13.917480
v 11.252838 58.698372 14.275879
v 8.397409 61.971581 13.771484
v 16.487049 58.494858 12.749756
v 13.753498 61.858803 12.857910
v 21.232925 58.109043 9.932129
v 18.723007 61.499973 10.782715
v 25.562183 57.707176 6.023071
v 23.220928 61.004585 7.544922
v 29.477615 57.485313 1.938354
v 27.648056 60.657009 3.736938
v -25.893085 63.496147 5.566772
v -27.907307 65.817444 2.884827
v -29.626343 63.090775 0.876190
v -21.249081 64.013023 9.009766
v -23.398525 66.363785 6.929932
v -16.167643 64.361298 10.962158
v -18.470119 66.814545 9.124023
v -10.853958 64.466110 11.884277
v -13.278166 66.982468 10.163086
v -5.437623 64.457932 12.313721
v -8.000746 66.955185 10.587158
v 0.038328 64.484573 12.575684
v -2.671041 66.922440 10.833008
v 5.521197 64.559952 12.652588
v 2.700372 66.975128 11.009521
v 10.912481 64.548798 12.226318
v 8.052540 67.033020 10.909668
v 16.040491 64.287262 10.860840
v 13.249331 66.907043 10.138916
v 20.738190 63.777390 8.365723
v 18.110611 66.488678 8.399658
v 25.154663 63.279160 5.056641
v 22.625504 65.928757 5.752563
v 29.258080 63.096859 2.101624
v 27.194920 65.608459 2.845581
v -25.392044 69.154572 4.568115
v -27.208981 72.151138 1.916199
v -29.173325 68.670601 0.713654
v -20.618660 69.669991 7.024658
v -22.628506 72.664795 4.600220
v -15.556190 69.901062 8.140381
v -17.709343 72.970428 5.743408
v -10.417036 69.864288 8.537354
v -12.692976 72.958008 6.119385
v -5.244076 69.757805 8.720215
v -7.666532 72.794220 6.221558
v -0.016816 69.740265 8.907471
v -2.596404 72.679085 6.341675
v 5.241436 69.811432 8.999268
v 2.532040 72.699165 6.488037
v 10.435472 69.813881 8.679688
v 7.665681 72.772247 6.449219
v 15.407330 69.565002 7.617188
v 12.682865 72.709671 5.942505
v 20.051548 69.074265 5.729980
v 17.449324 72.400970 4.810913
v 24.551395 68.624405 3.331299
v 21.984676 71.973267 3.172363
v 28.761299 68.546295 1.329224
v 26.597378 71.748161 1.521301
v -24.499947 75.555565 1.856689
v -26.297066 77.631538 -0.050499
v -28.307259 75.112320 -0.005310
v -19.751617 75.912842 2.858765
v -21.783501 77.993118 0.599197
v -14.857502 75.965408 3.195496
v -17.025681 78.138428 0.775116
v -9.955139 75.792313 3.261414
v -12.212132 78.034241 0.807800
v -5.028876 75.589653 3.303284
v -7.371682 77.807198 0.812500
v -0.046010 75.512405 3.394653
v -2.491312 77.634430 0.841461
v 4.984011 75.585342 3.455444
v 2.433043 77.631775 0.881836
v 9.994774 75.676575 3.323669
v 7.381077 77.771484 0.883362
v 14.866758 75.609200 2.866516
v 12.288933 77.896881 0.793701
v 19.503246 75.347107 2.093933
v 17.052212 77.862671 0.599655
v 23.999535 75.062729 1.243256
v 21.616997 77.677429 0.427307
v 28.069767 74.961624 0.586563
v 26.095966 77.448639 0.374313
v -23.884148 78.491272 -0.190993
v -26.103733 77.444931 -0.539169
v -27.853462 77.414711 -0.509041
v -19.308929 78.712463 -0.114377
v -21.623959 77.677109 -0.629089
v -14.588760 78.750061 -0.138262
v -17.051544 77.862961 -0.887543
v -9.766071 78.602112 -0.165090
v -12.283236 77.894012 -1.084106
v -4.890841 78.398468 -0.166287
v -7.374712 77.765366 -1.175262
v 0.001623 78.304840 -0.146297
v -2.428719 77.624924 -1.174347
v 4.895300 78.399933 -0.126052
v 2.494392 77.629066 -1.134247
v 9.772518 78.603317 -0.126269
v 7.376259 77.803329 -1.105103
v 14.594561 78.749725 -0.151157
v 12.219385 78.030853 -1.098938
v 19.309196 78.712143 -0.158921
v 17.032675 78.135628 -1.063385
v 23.876080 78.494705 -0.021301
v 21.784443 77.993332 -0.870209
v 27.843380 77.423996 0.259445
v -26.298611 3.774220 0.598083
v -21.751892 3.565044 1.633972
v -17.210766 3.266121 2.553711
v -12.451193 3.097324 3.210144
v -7.492731 3.131454 3.512695
v -2.461094 3.239101 3.531372
v 2.548343 3.244095 3.433716
v 7.500847 3.089970 3.359741
v 12.411844 2.876133 3.322266
v 17.316189 2.792839 3.149719
v 22.164536 2.999535 2.518494
v 26.711735 3.429413 0.890869
v -26.903706 10.215729 1.755676
v -22.290405 9.946102 4.548218
v -17.764187 9.432224 6.771973
v -12.957523 9.052891 8.261719
v -7.853436 8.953835 8.924805
v -2.609873 9.021378 8.995117
v 2.640420 9.059692 8.829346
v 7.841297 8.983662 8.653076
v 12.999729 8.882473 8.409424
v 18.120869 8.957626 7.716064
v 23.068054 9.343365 6.017212
v 27.620880 9.875336 2.347107
v -27.447739 16.671989 2.721802
v -22.943851 16.328587 6.763550
v -18.440178 15.782980 9.751221
v -13.522552 15.388720 11.684570
v -8.237337 15.275721 12.535645
v -2.781631 15.336000 12.659912
v 2.707981 15.395588 12.470459
v 8.160453 15.388746 12.146484
v 13.537558 15.411118 11.528809
v 18.764721 15.628168 10.148438
v 23.641239 16.079445 7.510254
v 28.089699 16.568855 2.867493
v -27.765083 23.321301 3.315674
v -23.410736 23.005568 8.096436
v -18.924484 22.585567 11.499023
v -13.922276 22.286823 13.665039
v -8.515403 22.193571 14.629883
v -2.905766 22.232498 14.808594
v 2.767478 22.283726 14.604004
v 8.394993 22.308064 14.135742
v 13.874886 22.384890 13.178711
v 19.070385 22.611036 11.264648
v 23.789391 22.966518 8.030518
v 28.132366 23.319502 2.986572
v -27.820503 30.143133 3.518066
v -23.579819 29.934492 8.579834
v -19.107616 29.682690 12.132080
v -14.075420 29.495035 14.395020
v -8.624977 29.423107 15.453613
v -2.945251 29.436413 15.723145
v 2.815300 29.468216 15.561035
v 8.511065 29.494184 15.032227
v 13.998932 29.557823 13.879883
v 19.116497 29.701254 11.673340
v 23.701485 29.900387 8.170410
v 27.964233 30.105637 3.009399
v -27.772499 37.043983 3.451294
v -23.578918 36.975819 8.527344
v -19.108192 36.878220 12.111816
v -14.069181 36.799641 14.418457
v -8.611187 36.766640 15.565430
v -2.914024 36.774685 15.951660
v 2.865471 36.795341 15.889648
v 8.565695 36.807846 15.401367
v 14.032347 36.820419 14.204590
v 19.094570 36.849098 11.896240
v 23.599960 36.893978 8.312744
v 27.807556 36.954281 3.090820
v -27.799999 43.942249 3.300293
v -23.590870 44.020908 8.317383
v -19.090069 44.069324 11.894775
v -14.030218 44.105659 14.200684
v -8.560907 44.129173 15.397949
v -2.857046 44.149899 15.887207
v 2.921834 44.170616 15.949707
v 8.614161 44.170280 15.565430
v 14.068438 44.125950 14.419434
v 19.108929 44.039749 12.111572
v 23.584385 43.939873 8.523193
v 27.777737 43.855576 3.252930
v -27.952843 50.786781 3.209290
v -23.687580 51.010490 8.175537
v -19.107929 51.213215 11.670654
v -13.994019 51.362896 13.873535
v -8.505360 51.435562 15.025391
v -2.807863 51.468636 15.555176
v 2.951032 51.500572 15.719238
v 8.625864 51.506218 15.451660
v 14.072823 51.423714 14.394531
v 19.106716 51.229286 12.130127
v 23.583954 50.976719 8.575684
v 27.825012 50.756111 3.505127
v -28.118149 57.568607 3.188232
v -23.772034 57.938683 8.036133
v -19.058891 58.297356 11.260742
v -13.868029 58.528152 13.170410
v -8.389402 58.611790 14.126953
v -2.762094 58.641918 14.597168
v 2.909204 58.693359 14.804199
v 8.515276 58.725311 14.627441
v 13.920013 58.621880 13.663086
v 18.924217 58.316307 11.495361
v 23.414577 57.895882 8.091553
v 27.768745 57.573204 3.774902
v -28.075562 63.255669 3.074036
v -23.623474 63.760777 7.514893
v -18.752266 64.216446 10.142578
v -13.529791 64.437897 11.518066
v -8.155369 64.465775 12.135498
v -2.704310 64.463531 12.461426
v 2.784055 64.523033 12.653564
v 8.238089 64.576515 12.530518
v 13.522141 64.452873 11.678955
v 18.440975 64.050423 9.744629
v 22.946758 63.503155 6.758667
v 27.449913 63.156822 3.392700
v -27.611717 68.883308 2.541016
v -23.053673 69.431717 6.020508
v -18.109070 69.824608 7.707520
v -12.991297 69.904793 8.394531
v -7.836059 69.808044 8.636719
v -2.636786 69.735199 8.815186
v 2.613213 69.772942 8.983154
v 7.855994 69.834015 8.913574
v 12.958469 69.724319 8.251465
v 17.764408 69.335724 6.765015
v 22.290611 68.818527 4.546753
v 26.903683 68.547768 2.199402
v -26.719265 75.318817 0.884155
v -22.162632 75.763214 2.482666
v -17.311142 75.975769 3.081604
v -12.407003 75.895248 3.244629
v -7.497383 75.683533 3.278015
v -2.544745 75.531342 3.345825
v 2.466318 75.536499 3.438599
v 7.498833 75.640495 3.423340
v 12.455830 75.668106 3.138367
v 17.212318 75.493896 2.507141
v 21.750275 75.193756 1.660522
v 26.297180 74.983017 0.878418
v -26.096886 78.334564 -0.383141
v -21.618538 78.620712 -0.119231
v -16.964188 78.756119 -0.122960
v -12.187113 78.692696 -0.153569
v -7.332491 78.496460 -0.169031
v -2.445598 78.330841 -0.157753
v 2.449205 78.331703 -0.134785
v 7.338053 78.498039 -0.122932
v 12.193743 78.693130 -0.136905
v 16.967804 78.755432 -0.165341
v 21.614452 78.621803 -0.111358
v 26.086594 78.341248 0.112602
v -26.302605 74.979553 -0.943985
v -21.755939 75.193459 -1.886871
v -17.212666 75.493057 -2.793518
v -12.451807 75.661690 -3.428406
v -7.493248 75.628036 -3.714966
v -2.461788 75.521133 -3.730957
v 2.548186 75.516548 -3.639404
v 7.502198 75.670616 -3.572632
v 12.414988 75.883980 -3.537781
v 17.320377 75.966599 -3.369995
v 22.168751 75.758629 -2.764038
v 26.715530 75.325470 -1.035248
v -26.904186 68.541992 -2.035706
v -22.289795 68.815231 -4.827148
v -17.763000 69.331039 -7.049927
v -12.956249 69.711594 -8.538574
v -7.852549 69.811554 -9.201416
v -2.609503 69.744568 -9.271729
v 2.640358 69.706383 -9.106689
v 7.840912 69.782082 -8.930908
v 12.999022 69.882278 -8.687988
v 18.119804 69.805496 -7.995117
v 23.066845 69.417633 -6.296997
v 27.620049 68.882965 -2.218445
v -27.446503 63.147156 -3.002380
v -22.941944 63.492188 -7.043091
v -18.438103 64.039162 -10.029785
v -13.520710 64.434395 -11.962402
v -8.236073 64.547997 -12.813232
v -2.781159 64.488037 -12.937500
v 2.707635 64.428482 -12.748291
v 8.159391 64.435043 -12.425049
v 13.535927 64.411865 -11.808350
v 18.762680 64.193542 -10.428467
v 23.639095 63.740738 -7.790771
v 28.087704 63.250263 -2.409668
v -27.763657 57.558041 -3.597473
v -23.408878 57.874229 -8.377930
v -18.922405 58.294971 -11.779785
v -13.920420 58.594353 -13.945068
v -8.514147 58.687988 -14.909180
v -2.905345 58.649185 -15.087891
v 2.766984 58.597908 -14.883301
v 8.393675 58.573284 -14.416016
v 13.872971 58.495865 -13.459473
v 19.068226 58.268848 -11.545898
v 23.787380 57.912445 -8.312012
v 28.130638 57.559002 -2.785034
v -27.819416 50.736893 -3.800659
v -23.578217 50.945412 -8.862061
v -19.105701 51.197464 -12.413818
v -14.073698 51.385422 -14.676270
v -8.623854 51.457520 -15.734863
v -2.944931 51.444275 -16.004395
v 2.814768 51.412422 -15.842285
v 8.509768 51.386261 -15.313477
v 13.997108 51.322281 -14.161621
v 19.114521 51.178429 -11.955566
v 23.699741 50.978882 -8.452881
v 27.962936 50.773411 -3.341125
v -27.771797 43.835804 -3.734253
v -23.577507 43.903610 -8.809814
v -19.106468 44.001114 -12.394043
v -14.067694 44.079693 -14.700195
v -8.610254 44.112720 -15.847168
v -2.913781 44.104675 -16.233398
v 2.865004 44.083984 -16.171875
v 8.564587 44.071407 -15.683594
v 14.030762 44.058731 -14.487305
v 19.092838 44.029999 -12.179199
v 23.598419 43.985138 -8.595947
v 27.806480 43.925003 -3.589294
v -27.799622 36.936882 -3.583374
v -23.589638 36.857697 -8.599854
v -19.088604 36.808903 -12.177002
v -14.029011 36.772346 -14.482910
v -8.560158 36.748760 -15.680176
v -2.856823 36.728031 -16.169434
v 2.921516 36.707329 -16.231934
v 8.613325 36.707642 -15.847656
v 14.067156 36.752018 -14.702148
v 19.107395 36.838367 -12.394287
v 23.582932 36.938629 -8.806396
v 27.776791 37.023712 -3.710571
v -27.952816 30.091524 -3.492371
v -23.686653 29.866911 -8.458252
v -19.106834 29.663666 -11.952881
v -13.993097 29.513718 -14.155273
v -8.504737 29.440971 -15.307617
v -2.807590 29.407909 -15.836914
v 2.950923 29.375990 -16.000977
v 8.625338 29.370369 -15.733398
v 14.071882 29.452908 -14.676270
v 19.105427 29.647587 -12.411865
v 23.582653 29.900780 -8.858154
v 27.824303 30.122623 -3.763306
v -28.118626 23.308588 -3.471069
v -23.771465 22.937267 -8.318115
v -19.058086 22.578115 -11.542480
v -13.867268 22.347130 -13.451904
v -8.388788 22.263435 -14.409180
v -2.761675 22.233332 -14.878906
v 2.909353 22.181963 -15.085938
v 8.515068 22.149998 -14.908691
v 13.919411 22.253380 -13.944336
v 18.923332 22.559122 -11.776611
v 23.413723 22.980120 -8.373535
v 27.768433 23.304111 -3.561768
v -28.076084 16.561758 -3.356018
v -23.622860 16.055767 -7.796143
v -18.751328 15.599791 -10.424072
v -13.528858 15.378080 -11.800049
v -8.154517 15.350040 -12.417969
v -2.703623 15.352333 -12.743896
v 2.784447 15.292936 -12.935547
v 8.238062 15.239323 -12.812500
v 13.521715 15.362747 -11.960693
v 18.440357 15.765202 -10.026611
v 22.946266 16.312805 -7.040527
v 27.449810 16.659958 -2.990417
v -27.610798 9.873302 -2.822632
v -23.051853 9.325851 -6.301514
v -18.107079 8.932663 -7.989502
v -12.989471 8.851822 -8.677734
v -7.834509 8.948208 -8.920898
v -2.635679 9.021160 -9.099121
v 2.613690 8.983505 -9.266113
v 7.855702 8.922157 -9.196289
v 12.957428 9.031540 -8.533936
v 17.762920 9.420204 -7.047241
v 22.289242 9.937572 -4.828857
v 26.902550 10.207756 -2.066650
v -26.713894 3.435806 -1.261719
v -22.158157 2.993599 -2.805908
v -17.306957 2.781029 -3.429749
v -12.403397 2.860767 -3.598206
v -7.494502 3.072334 -3.634888
v -2.542927 3.224899 -3.709351
v 2.466695 3.219952 -3.807373
v 7.497489 3.115658 -3.788452
v 12.452791 3.087627 -3.487488
v 17.208103 3.261860 -2.835144
v 21.745785 3.561935 -1.920349
v 26.292938 3.770790 -0.913437
v -26.089489 0.418404 -0.059303
v -21.611717 0.135643 -0.176699
v -16.959360 -0.000004 -0.184939
v -12.183762 0.062336 -0.137681
v -7.329842 0.258533 -0.109379
v -2.443633 0.424904 -0.124716
v 2.449568 0.424549 -0.159301
v 7.335690 0.258183 -0.174509
v 12.188368 0.062943 -0.147103
v 16.960443 0.000793 -0.102271
v 21.606743 0.134174 -0.113256
v 26.079762 0.412258 -0.227890
v 28.740028 3.746803 -0.333885
v 29.537754 10.178345 -0.356518
v 30.005753 16.758059 -0.377090
v 30.133026 23.443516 -0.407822
v 30.029648 30.210091 -0.408218
v 29.900742 37.024555 -0.370895
v 29.900669 43.855038 -0.301769
v 30.029251 50.669182 0.100998
v 30.132153 57.434822 1.104370
v 30.004749 63.060036 1.518524
v 29.538074 68.577499 0.898956
v 28.743866 75.005539 0.388336
v -28.746082 3.755791 -0.061975
v -29.536812 10.186508 -0.142473
v -30.001942 16.765257 -0.094422
v -30.128593 23.450224 -0.037033
v -30.025700 30.215162 -0.034521
v -29.897865 37.026482 -0.096605
v -29.897629 43.853264 -0.186399
v -30.024933 50.664383 -0.248373
v -30.127327 57.428444 -0.245483
v -30.000877 63.052956 -0.187477
v -29.537525 68.569077 -0.139039
v -28.750595 74.995621 -0.382057
vt 0.543039 0.634422
vt 0.600260 0.641113
vt 0.067631 0.012509
vt 0.627599 0.640847
vt 0.100586 0.009381
vt 0.660002 0.641560
vt 0.135482 0.005753
vt 0.693588 0.642415
vt 0.172470 0.002978
vt 0.728432 0.643081
vt 0.210571 0.001361
vt 0.763811 0.643288
vt 0.248791 0.000476
vt 0.799112 0.643136
vt 0.286693 0.000000
vt 0.834158 0.642918
vt 0.324244 0.000275
vt 0.868998 0.642789
vt 0.361474 0.002061
vt 0.903665 0.642625
vt 0.398217 0.005795
vt 0.938093 0.641865
vt 0.433584 0.010718
vt 0.971785 0.640033
vt 0.459941 0.017712
vt 0.998981 0.636343
vt 0.505777 0.634817
vt 0.065492 0.056686
vt 0.101381 0.057015
vt 0.137311 0.056357
vt 0.174146 0.055394
vt 0.211893 0.054301
vt 0.249967 0.053252
vt 0.287767 0.052609
vt 0.325107 0.052838
vt 0.362142 0.054121
vt 0.399123 0.055919
vt 0.436714 0.056564
vt 0.958444 0.602928
vt 0.459259 0.636498
vt 0.060955 0.105810
vt 0.099718 0.107548
vt 0.136864 0.107793
vt 0.174041 0.107500
vt 0.211935 0.106981
vt 0.250312 0.106436
vt 0.288619 0.106076
vt 0.326582 0.106141
vt 0.364323 0.106680
vt 0.402428 0.107285
vt 0.442842 0.106745
vt 0.910959 0.602327
vt 0.411864 0.638043
vt 0.055891 0.155143
vt 0.096765 0.157130
vt 0.134978 0.157657
vt 0.172727 0.157707
vt 0.211124 0.157625
vt 0.250213 0.157485
vt 0.289452 0.157296
vt 0.328372 0.157210
vt 0.367003 0.157364
vt 0.406275 0.157537
vt 0.448701 0.156952
vt 0.863004 0.603175
vt 0.363492 0.639012
vt 0.051311 0.205504
vt 0.093445 0.207126
vt 0.132500 0.207646
vt 0.170913 0.207821
vt 0.209988 0.207936
vt 0.249906 0.207983
vt 0.290058 0.207910
vt 0.329784 0.207838
vt 0.369086 0.207911
vt 0.409117 0.207991
vt 0.452470 0.207679
vt 0.814783 0.604689
vt 0.314566 0.639264
vt 0.047697 0.256929
vt 0.090440 0.257939
vt 0.130148 0.258275
vt 0.169211 0.258410
vt 0.208921 0.258538
vt 0.249455 0.258640
vt 0.290144 0.258672
vt 0.330267 0.258698
vt 0.369882 0.258803
vt 0.410206 0.258941
vt 0.453729 0.259046
vt 0.766227 0.606216
vt 0.265530 0.639064
vt 0.045338 0.308915
vt 0.088392 0.309295
vt 0.128541 0.309389
vt 0.168048 0.309438
vt 0.208139 0.309507
vt 0.248924 0.309594
vt 0.289692 0.309687
vt 0.329753 0.309798
vt 0.369251 0.309971
vt 0.409421 0.310293
vt 0.452758 0.310933
vt 0.717351 0.607507
vt 0.216663 0.638885
vt 0.044697 0.360814
vt 0.087894 0.360631
vt 0.128135 0.360535
vt 0.167694 0.360517
vt 0.207771 0.360500
vt 0.248390 0.360515
vt 0.288826 0.360605
vt 0.328439 0.360766
vt 0.367442 0.361041
vt 0.407125 0.361641
vt 0.450009 0.362922
vt 0.668278 0.607999
vt 0.168109 0.639019
vt 0.046383 0.412184
vt 0.089348 0.411524
vt 0.129210 0.411344
vt 0.168365 0.411304
vt 0.207951 0.411206
vt 0.247943 0.411106
vt 0.287675 0.411101
vt 0.326569 0.411215
vt 0.364848 0.411556
vt 0.403820 0.412446
vt 0.445644 0.414404
vt 0.619220 0.605834
vt 0.121771 0.639262
vt 0.050556 0.460921
vt 0.092505 0.459990
vt 0.131480 0.459933
vt 0.169858 0.460045
vt 0.208595 0.459991
vt 0.247680 0.459779
vt 0.286565 0.459536
vt 0.324681 0.459384
vt 0.362130 0.459588
vt 0.400119 0.460591
vt 0.440146 0.462939
vt 0.572595 0.602335
vt 0.085194 0.638762
vt 0.055116 0.499520
vt 0.095358 0.499161
vt 0.133493 0.499990
vt 0.171244 0.500810
vt 0.209177 0.501095
vt 0.247437 0.500819
vt 0.285784 0.500235
vt 0.323698 0.499622
vt 0.360953 0.499283
vt 0.398187 0.499598
vt 0.436404 0.501207
vt 0.536430 0.604971
vt 0.039729 0.636432
vt 0.060889 0.547886
vt 0.098363 0.548859
vt 0.135356 0.550950
vt 0.172418 0.552516
vt 0.209800 0.552960
vt 0.247658 0.552424
vt 0.285794 0.551374
vt 0.323593 0.550209
vt 0.360464 0.549178
vt 0.396393 0.548517
vt 0.431981 0.548653
vt 0.491776 0.609870
vt 0.039044 0.645447
vt 0.066373 0.641347
vt 0.100118 0.639785
vt 0.134583 0.639228
vt 0.169257 0.639171
vt 0.204100 0.639194
vt 0.239160 0.639163
vt 0.274480 0.639150
vt 0.309868 0.639354
vt 0.344694 0.639882
vt 0.378237 0.640499
vt 0.410574 0.640574
vt 0.454487 0.612593
vt 0.538981 0.023737
vt 0.003636 0.624217
vt 0.564796 0.017512
vt 0.597704 0.013595
vt 0.632599 0.009106
vt 0.669624 0.005385
vt 0.707818 0.002893
vt 0.746191 0.001294
vt 0.784292 0.000248
vt 0.822073 0.000046
vt 0.859540 0.001417
vt 0.896510 0.004881
vt 0.932106 0.009607
vt 0.439622 0.649868
vt 0.453951 0.620694
vt 0.530437 0.059905
vt 0.040809 0.624748
vt 0.563472 0.061748
vt 0.599433 0.061273
vt 0.635441 0.059821
vt 0.672344 0.058038
vt 0.710150 0.056129
vt 0.748280 0.054340
vt 0.786149 0.053082
vt 0.823583 0.052830
vt 0.860732 0.053733
vt 0.897830 0.055215
vt 0.935683 0.055421
vt 0.973510 0.051625
vt 0.490984 0.621464
vt 0.521646 0.105246
vt 0.085357 0.623220
vt 0.560111 0.109215
vt 0.598933 0.110162
vt 0.636127 0.109680
vt 0.673330 0.108617
vt 0.711196 0.107286
vt 0.749495 0.105967
vt 0.787713 0.104949
vt 0.825623 0.104499
vt 0.863364 0.104608
vt 0.901494 0.104754
vt 0.942561 0.103369
vt 0.990083 0.098069
vt 0.536505 0.619149
vt 0.514777 0.142931
vt 0.121409 0.621785
vt 0.557357 0.147398
vt 0.597978 0.149179
vt 0.635827 0.149411
vt 0.673179 0.148906
vt 0.711231 0.148048
vt 0.750055 0.147061
vt 0.789070 0.146072
vt 0.827737 0.145240
vt 0.866054 0.144594
vt 0.904975 0.143777
vt 0.947933 0.141703
vt 0.999098 0.136600
vt 0.573246 0.618057
vt 0.508344 0.192702
vt 0.167883 0.620828
vt 0.553217 0.195977
vt 0.595185 0.197360
vt 0.634039 0.197541
vt 0.672235 0.197191
vt 0.711077 0.196597
vt 0.750753 0.195832
vt 0.790666 0.194918
vt 0.830162 0.193987
vt 0.869252 0.193118
vt 0.909083 0.192075
vt 0.952458 0.190286
vt 0.999610 0.187196
vt 0.619933 0.622614
vt 0.504672 0.245753
vt 0.216807 0.620574
vt 0.550036 0.247528
vt 0.592717 0.248210
vt 0.632342 0.248143
vt 0.671309 0.247747
vt 0.710904 0.247204
vt 0.751306 0.246521
vt 0.791856 0.245691
vt 0.831851 0.244794
vt 0.871362 0.243890
vt 0.911604 0.242877
vt 0.954820 0.241606
vt 0.999255 0.240184
vt 0.668665 0.625009
vt 0.503288 0.298987
vt 0.265845 0.620772
vt 0.548272 0.299609
vt 0.591321 0.299611
vt 0.631458 0.299266
vt 0.670949 0.298772
vt 0.711020 0.298176
vt 0.751777 0.297487
vt 0.792512 0.296714
vt 0.832540 0.295879
vt 0.872017 0.295018
vt 0.912188 0.294192
vt 0.955288 0.293532
vt 0.999990 0.293244
vt 0.717554 0.624047
vt 0.503623 0.351910
vt 0.314716 0.620951
vt 0.548272 0.351563
vt 0.591506 0.350996
vt 0.631796 0.350446
vt 0.671415 0.349865
vt 0.711561 0.349171
vt 0.752254 0.348413
vt 0.792757 0.347653
vt 0.832425 0.346879
vt 0.871476 0.346109
vt 0.911223 0.345545
vt 0.954057 0.345564
vt 0.999373 0.346429
vt 0.766592 0.622675
vt 0.506002 0.404396
vt 0.363275 0.620818
vt 0.550523 0.402952
vt 0.593593 0.401947
vt 0.633592 0.401310
vt 0.672902 0.400669
vt 0.712652 0.399858
vt 0.752816 0.398992
vt 0.792720 0.398187
vt 0.831774 0.397414
vt 0.870196 0.396705
vt 0.909301 0.396349
vt 0.951541 0.397022
vt 0.996516 0.399359
vt 0.815503 0.621011
vt 0.511460 0.456361
vt 0.411504 0.620554
vt 0.555286 0.453652
vt 0.597447 0.452369
vt 0.636702 0.451804
vt 0.675344 0.451223
vt 0.714285 0.450388
vt 0.753539 0.449409
vt 0.792629 0.448429
vt 0.831024 0.447476
vt 0.868793 0.446660
vt 0.907059 0.446330
vt 0.948021 0.447408
vt 0.990675 0.451071
vt 0.863830 0.618898
vt 0.520926 0.507482
vt 0.459447 0.620946
vt 0.562147 0.503780
vt 0.602346 0.502568
vt 0.640457 0.502438
vt 0.678216 0.502239
vt 0.716195 0.501550
vt 0.754514 0.500402
vt 0.792898 0.499030
vt 0.830793 0.497655
vt 0.867982 0.496504
vt 0.905163 0.495903
vt 0.943965 0.496772
vt 0.982189 0.500545
vt 0.911168 0.616507
vt 0.534018 0.556824
vt 0.506860 0.623131
vt 0.569312 0.553856
vt 0.606799 0.553866
vt 0.643808 0.554935
vt 0.680860 0.555480
vt 0.718206 0.554947
vt 0.756010 0.553516
vt 0.794082 0.551649
vt 0.831810 0.549710
vt 0.868621 0.547897
vt 0.904533 0.546413
vt 0.940393 0.545927
vt 0.973257 0.547756
vt 0.957644 0.613997
vt 0.598681 0.630899
vt 0.543921 0.626489
vt 0.625901 0.627319
vt 0.659646 0.625529
vt 0.694098 0.624795
vt 0.728766 0.624651
vt 0.763602 0.624532
vt 0.798651 0.624319
vt 0.833956 0.624164
vt 0.869325 0.624359
vt 0.904140 0.625000
vt 0.937686 0.625827
vt 0.970058 0.626516
vt 0.965044 0.584045
vt 0.994921 0.612253
vt 0.049849 0.031512
vt 0.084070 0.031169
vt 0.118610 0.029299
vt 0.154719 0.027261
vt 0.192255 0.025628
vt 0.230394 0.024418
vt 0.268392 0.023564
vt 0.305952 0.023311
vt 0.343142 0.024174
vt 0.380128 0.026407
vt 0.416795 0.029457
vt 0.452830 0.030700
vt 0.043506 0.079409
vt 0.082351 0.082266
vt 0.119110 0.082692
vt 0.155748 0.082389
vt 0.193092 0.081701
vt 0.231128 0.080850
vt 0.269260 0.080129
vt 0.307040 0.079916
vt 0.344450 0.080466
vt 0.381756 0.081541
vt 0.419519 0.082290
vt 0.461728 0.079974
vt 0.036074 0.127914
vt 0.078934 0.131721
vt 0.117324 0.132671
vt 0.154710 0.132765
vt 0.192440 0.132544
vt 0.230908 0.132233
vt 0.269693 0.131926
vt 0.308305 0.131762
vt 0.346582 0.131909
vt 0.384899 0.132283
vt 0.424395 0.132354
vt 0.470347 0.130338
vt 0.029444 0.178061
vt 0.075067 0.181389
vt 0.114627 0.182392
vt 0.152773 0.182670
vt 0.191091 0.182742
vt 0.230257 0.182757
vt 0.269955 0.182674
vt 0.309545 0.182540
vt 0.348676 0.182539
vt 0.387835 0.182679
vt 0.428530 0.182609
vt 0.476059 0.181435
vt 0.024598 0.229719
vt 0.071432 0.231947
vt 0.111757 0.232715
vt 0.150613 0.232970
vt 0.189602 0.233113
vt 0.229488 0.233233
vt 0.269958 0.233266
vt 0.310247 0.233230
vt 0.349926 0.233259
vt 0.389586 0.233369
vt 0.430809 0.233388
vt 0.478724 0.233078
vt 0.021563 0.282166
vt 0.068577 0.283332
vt 0.109421 0.283723
vt 0.148853 0.283847
vt 0.188400 0.283941
vt 0.228779 0.284048
vt 0.269631 0.284133
vt 0.310153 0.284197
vt 0.349953 0.284298
vt 0.389697 0.284469
vt 0.430902 0.284742
vt 0.478938 0.285236
vt 0.020172 0.334696
vt 0.067074 0.334985
vt 0.108225 0.334991
vt 0.147932 0.334986
vt 0.187722 0.335009
vt 0.228232 0.335050
vt 0.269042 0.335128
vt 0.309356 0.335247
vt 0.348851 0.335421
vt 0.388266 0.335733
vt 0.429108 0.336394
vt 0.477162 0.337741
vt 0.020708 0.386882
vt 0.067520 0.386326
vt 0.108621 0.386042
vt 0.148172 0.385969
vt 0.187760 0.385928
vt 0.227948 0.385868
vt 0.268287 0.385872
vt 0.308030 0.385978
vt 0.346905 0.386201
vt 0.385698 0.386692
vt 0.425977 0.387802
vt 0.472791 0.390129
vt 0.023906 0.438544
vt 0.070288 0.437058
vt 0.110744 0.436631
vt 0.149669 0.436592
vt 0.188599 0.436557
vt 0.228008 0.436416
vt 0.267506 0.436271
vt 0.306433 0.436207
vt 0.344505 0.436330
vt 0.382455 0.436924
vt 0.421890 0.438467
vt 0.465121 0.441609
vt 0.029181 0.481622
vt 0.074048 0.479625
vt 0.113364 0.479581
vt 0.151521 0.480002
vt 0.189681 0.480280
vt 0.228201 0.480197
vt 0.266887 0.479856
vt 0.305216 0.479445
vt 0.342785 0.479200
vt 0.380049 0.479487
vt 0.418377 0.480856
vt 0.458325 0.483864
vt 0.036537 0.524112
vt 0.078021 0.522304
vt 0.115846 0.523314
vt 0.153204 0.524711
vt 0.190635 0.525546
vt 0.228418 0.525502
vt 0.266561 0.524817
vt 0.304641 0.523906
vt 0.342071 0.523128
vt 0.378809 0.522774
vt 0.415597 0.523250
vt 0.452948 0.525194
vt 0.044562 0.573782
vt 0.080545 0.575290
vt 0.117194 0.578697
vt 0.154214 0.581214
vt 0.191466 0.582318
vt 0.229115 0.582251
vt 0.267212 0.581481
vt 0.305429 0.580236
vt 0.342999 0.578488
vt 0.379092 0.576366
vt 0.413506 0.574345
vt 0.447346 0.573340
vt 0.052826 0.648510
vt 0.084482 0.647165
vt 0.117760 0.647220
vt 0.151903 0.647519
vt 0.186690 0.647786
vt 0.221782 0.647917
vt 0.256951 0.647987
vt 0.292056 0.648109
vt 0.326851 0.648362
vt 0.360973 0.648647
vt 0.394198 0.648396
vt 0.425768 0.647028
vt 0.547416 0.037000
vt 0.581554 0.035739
vt 0.616139 0.033078
vt 0.652294 0.030159
vt 0.689903 0.027637
vt 0.728142 0.025630
vt 0.766269 0.024117
vt 0.803987 0.023341
vt 0.841357 0.023778
vt 0.878527 0.025682
vt 0.915347 0.028561
vt 0.951812 0.029230
vt 0.541892 0.085033
vt 0.580845 0.086984
vt 0.617707 0.086584
vt 0.654450 0.085473
vt 0.691864 0.083969
vt 0.729915 0.082326
vt 0.768031 0.080909
vt 0.805809 0.080142
vt 0.843265 0.080275
vt 0.880664 0.081003
vt 0.918539 0.081411
vt 0.962744 0.077858
vt 0.536482 0.126089
vt 0.579302 0.129360
vt 0.617537 0.129863
vt 0.654706 0.129410
vt 0.692207 0.128458
vt 0.730478 0.127323
vt 0.769106 0.126233
vt 0.807572 0.125388
vt 0.845686 0.124921
vt 0.883806 0.124618
vt 0.923071 0.123854
vt 0.972713 0.119702
vt 0.531316 0.168563
vt 0.576753 0.171701
vt 0.616034 0.172488
vt 0.653860 0.172362
vt 0.691856 0.171787
vt 0.730724 0.170996
vt 0.770153 0.170076
vt 0.809478 0.169131
vt 0.848330 0.168296
vt 0.887199 0.167463
vt 0.927606 0.166169
vt 0.977498 0.162809
vt 0.526724 0.220403
vt 0.573477 0.222346
vt 0.613681 0.222794
vt 0.652397 0.222603
vt 0.691228 0.222138
vt 0.730935 0.221510
vt 0.771212 0.220713
vt 0.811314 0.219804
vt 0.850826 0.218901
vt 0.890342 0.217959
vt 0.931438 0.216720
vt 0.978936 0.214708
vt 0.524192 0.273004
vt 0.571188 0.273806
vt 0.611994 0.273815
vt 0.651376 0.273463
vt 0.690864 0.272957
vt 0.731171 0.272339
vt 0.771939 0.271598
vt 0.812378 0.270759
vt 0.852107 0.269881
vt 0.891802 0.268970
vt 0.932981 0.268016
vt 0.979798 0.267013
vt 0.523419 0.325627
vt 0.570337 0.325521
vt 0.611506 0.325117
vt 0.651232 0.324616
vt 0.691045 0.324028
vt 0.731579 0.323346
vt 0.772409 0.322604
vt 0.812737 0.321821
vt 0.852242 0.321004
vt 0.891680 0.320222
vt 0.932571 0.319681
vt 0.979723 0.319634
vt 0.524559 0.377831
vt 0.571426 0.376908
vt 0.612603 0.376221
vt 0.652247 0.375632
vt 0.691946 0.374951
vt 0.732255 0.374157
vt 0.772718 0.373362
vt 0.812573 0.372600
vt 0.851542 0.371844
vt 0.890421 0.371212
vt 0.930801 0.371079
vt 0.977878 0.372165
vt 0.528207 0.429449
vt 0.574707 0.427684
vt 0.615361 0.426881
vt 0.654513 0.426295
vt 0.693663 0.425561
vt 0.733273 0.424662
vt 0.772975 0.423759
vt 0.812131 0.422906
vt 0.850448 0.422099
vt 0.888631 0.421509
vt 0.928247 0.421635
vt 0.974119 0.423905
vt 0.534907 0.480439
vt 0.579861 0.477901
vt 0.619335 0.477227
vt 0.657658 0.476865
vt 0.695954 0.476269
vt 0.734582 0.475337
vt 0.773378 0.474219
vt 0.811848 0.473055
vt 0.849586 0.471970
vt 0.887008 0.471210
vt 0.925445 0.471303
vt 0.968443 0.474134
vt 0.544428 0.530627
vt 0.585816 0.527903
vt 0.623584 0.527919
vt 0.660910 0.528265
vt 0.698334 0.528071
vt 0.736123 0.527086
vt 0.774260 0.525560
vt 0.812292 0.523870
vt 0.849630 0.522327
vt 0.886276 0.521173
vt 0.923052 0.520766
vt 0.961866 0.522710
vt 0.553856 0.579881
vt 0.589718 0.580639
vt 0.626437 0.582937
vt 0.663455 0.584417
vt 0.700654 0.584516
vt 0.738218 0.583486
vt 0.776221 0.581832
vt 0.814349 0.579797
vt 0.851844 0.577325
vt 0.887887 0.574471
vt 0.922360 0.571844
vt 0.956522 0.570694
vt 0.612451 0.634218
vt 0.644038 0.633317
vt 0.677302 0.633231
vt 0.711435 0.633533
vt 0.746217 0.633771
vt 0.781304 0.633766
vt 0.816460 0.633652
vt 0.851546 0.633644
vt 0.886318 0.633871
vt 0.920428 0.634158
vt 0.953648 0.634058
vt 0.985203 0.633166
vt 0.980169 0.607658
vt 0.934001 0.608548
vt 0.886879 0.609937
vt 0.839113 0.611768
vt 0.790723 0.613587
vt 0.741925 0.615202
vt 0.692990 0.616613
vt 0.644082 0.615884
vt 0.595343 0.611302
vt 0.555139 0.609785
vt 0.515566 0.613747
vt 0.469336 0.616889
vt 0.528471 0.629100
vt 0.482292 0.628339
vt 0.435156 0.628671
vt 0.387363 0.629375
vt 0.338954 0.629866
vt 0.290152 0.629961
vt 0.241223 0.629876
vt 0.192422 0.629972
vt 0.144021 0.630464
vt 0.103841 0.631096
vt 0.064271 0.631381
vt 0.018083 0.629871
vt 0.051412 0.013380
vt 0.611090 0.640335
vt 0.067049 0.031644
vt 0.046960 0.055492
vt 0.529138 0.634125
vt 0.083949 0.011110
vt 0.643727 0.641166
vt 0.101166 0.030319
vt 0.083548 0.057081
vt 0.117758 0.007530
vt 0.676623 0.641989
vt 0.136440 0.028245
vt 0.119281 0.056745
vt 0.153764 0.004218
vt 0.710893 0.642796
vt 0.173356 0.026384
vt 0.155602 0.055901
vt 0.191450 0.002040
vt 0.746099 0.643242
vt 0.211309 0.024984
vt 0.192930 0.054853
vt 0.229704 0.000853
vt 0.781490 0.643237
vt 0.249444 0.023944
vt 0.230929 0.053750
vt 0.267788 0.000178
vt 0.816664 0.643022
vt 0.287231 0.023331
vt 0.268920 0.052851
vt 0.305508 0.000000
vt 0.851600 0.642844
vt 0.324583 0.023567
vt 0.306487 0.052596
vt 0.342902 0.000942
vt 0.886352 0.642742
vt 0.361646 0.025121
vt 0.343653 0.053372
vt 0.379943 0.003699
vt 0.920932 0.642362
vt 0.398515 0.027896
vt 0.380642 0.055033
vt 0.416200 0.008249
vt 0.955108 0.641091
vt 0.434884 0.030537
vt 0.417684 0.056650
vt 0.450074 0.012706
vt 0.988236 0.637657
vt 0.981777 0.603926
vt 0.457026 0.055185
vt 0.063367 0.081336
vt 0.039803 0.103475
vt 0.482583 0.635620
vt 0.100801 0.082610
vt 0.080760 0.107018
vt 0.137366 0.082600
vt 0.118381 0.107772
vt 0.174314 0.082079
vt 0.155383 0.107692
vt 0.212062 0.081281
vt 0.192889 0.107257
vt 0.250225 0.080452
vt 0.231096 0.106699
vt 0.288208 0.079933
vt 0.269497 0.106216
vt 0.325778 0.080087
vt 0.307643 0.106047
vt 0.363076 0.080968
vt 0.345467 0.106374
vt 0.400510 0.082016
vt 0.383289 0.107031
vt 0.439522 0.081766
vt 0.421967 0.107351
vt 0.934827 0.602419
vt 0.466355 0.105051
vt 0.058407 0.130389
vt 0.032567 0.152762
vt 0.435687 0.637320
vt 0.098331 0.132355
vt 0.077010 0.156464
vt 0.136039 0.132777
vt 0.116043 0.157494
vt 0.173488 0.132671
vt 0.153810 0.157717
vt 0.211603 0.132392
vt 0.191812 0.157677
vt 0.250300 0.132076
vt 0.230610 0.157563
vt 0.289044 0.131814
vt 0.269848 0.157387
vt 0.327474 0.131786
vt 0.308966 0.157228
vt 0.365668 0.132078
vt 0.347699 0.157270
vt 0.404392 0.132401
vt 0.386477 0.157486
vt 0.445953 0.131778
vt 0.426655 0.157443
vt 0.887018 0.602612
vt 0.473611 0.155821
vt 0.053501 0.180178
vt 0.026781 0.203742
vt 0.387779 0.638617
vt 0.095108 0.182029
vt 0.073186 0.206548
vt 0.133771 0.182574
vt 0.113165 0.207465
vt 0.171848 0.182711
vt 0.151672 0.207755
vt 0.210573 0.182756
vt 0.190326 0.207885
vt 0.250081 0.182734
vt 0.229870 0.207972
vt 0.289802 0.182605
vt 0.269999 0.207954
vt 0.329160 0.182508
vt 0.309996 0.207862
vt 0.368164 0.182597
vt 0.349451 0.207864
vt 0.407874 0.182703
vt 0.388909 0.207973
vt 0.450885 0.182237
vt 0.429948 0.207922
vt 0.838931 0.603898
vt 0.477749 0.207187
vt 0.049364 0.231104
vt 0.022876 0.255895
vt 0.339068 0.639217
vt 0.091864 0.232429
vt 0.069873 0.257568
vt 0.131270 0.232870
vt 0.110478 0.258158
vt 0.170021 0.233039
vt 0.149648 0.258352
vt 0.209432 0.233179
vt 0.188945 0.258475
vt 0.249696 0.233267
vt 0.229118 0.258596
vt 0.290172 0.233250
vt 0.269832 0.258661
vt 0.330153 0.233226
vt 0.310298 0.258679
vt 0.369662 0.233309
vt 0.350095 0.258744
vt 0.409897 0.233405
vt 0.389855 0.258873
vt 0.453399 0.233288
vt 0.431127 0.258998
vt 0.790548 0.605470
vt 0.479093 0.259095
vt 0.046336 0.282892
vt 0.020659 0.308456
vt 0.290041 0.639191
vt 0.089260 0.283581
vt 0.067615 0.309169
vt 0.129221 0.283796
vt 0.108645 0.309359
vt 0.168543 0.283890
vt 0.148267 0.309413
vt 0.208486 0.283994
vt 0.187988 0.309471
vt 0.249196 0.284097
vt 0.228482 0.309550
vt 0.289981 0.284166
vt 0.269362 0.309639
vt 0.330127 0.284238
vt 0.309828 0.309737
vt 0.369734 0.284374
vt 0.349526 0.309873
vt 0.410029 0.284590
vt 0.389155 0.310104
vt 0.453489 0.284948
vt 0.430211 0.310558
vt 0.741823 0.606908
vt 0.478293 0.311464
vt 0.044768 0.334906
vt 0.020158 0.360851
vt 0.241065 0.638948
vt 0.087921 0.334995
vt 0.067015 0.360725
vt 0.128165 0.334984
vt 0.108202 0.360569
vt 0.167751 0.334996
vt 0.147891 0.360520
vt 0.207892 0.335025
vt 0.187642 0.360508
vt 0.248652 0.335082
vt 0.228052 0.360502
vt 0.289305 0.335183
vt 0.268681 0.360551
vt 0.329182 0.335327
vt 0.308751 0.360674
vt 0.368469 0.335550
vt 0.347967 0.360878
vt 0.408428 0.336004
vt 0.387098 0.361279
vt 0.451590 0.336953
vt 0.427677 0.362163
vt 0.692830 0.607974
vt 0.475382 0.363990
vt 0.045221 0.386577
vt 0.021915 0.412786
vt 0.192345 0.638914
vt 0.088372 0.386146
vt 0.068601 0.411774
vt 0.128486 0.385994
vt 0.109471 0.411394
vt 0.167899 0.385957
vt 0.148769 0.411318
vt 0.207788 0.385893
vt 0.188084 0.411262
vt 0.248148 0.385854
vt 0.227933 0.411152
vt 0.288271 0.385914
vt 0.267887 0.411091
vt 0.327548 0.386075
vt 0.307243 0.411137
vt 0.366210 0.386398
vt 0.345735 0.411337
vt 0.405570 0.387145
vt 0.384138 0.411902
vt 0.448024 0.388766
vt 0.424045 0.413242
vt 0.643721 0.607269
vt 0.469370 0.416041
vt 0.048257 0.437616
vt 0.026477 0.462142
vt 0.143958 0.639174
vt 0.090828 0.436765
vt 0.072264 0.460266
vt 0.130294 0.436600
vt 0.112154 0.459901
vt 0.169080 0.436594
vt 0.150648 0.459988
vt 0.208252 0.436493
vt 0.189166 0.460042
vt 0.247787 0.436334
vt 0.228124 0.459900
vt 0.287074 0.436227
vt 0.267191 0.459655
vt 0.325550 0.436237
vt 0.305744 0.459433
vt 0.363399 0.436546
vt 0.343445 0.459415
vt 0.401902 0.437543
vt 0.380940 0.459955
vt 0.442860 0.439778
vt 0.419813 0.461581
vt 0.594839 0.603719
vt 0.461083 0.464819
vt 0.052779 0.480242
vt 0.032301 0.500974
vt 0.103432 0.639159
vt 0.093962 0.479500
vt 0.075809 0.499032
vt 0.132510 0.479790
vt 0.114514 0.499513
vt 0.170565 0.480190
vt 0.152360 0.500435
vt 0.208895 0.480283
vt 0.190172 0.501027
vt 0.247549 0.480047
vt 0.228275 0.501013
vt 0.286128 0.479650
vt 0.266634 0.500548
vt 0.324087 0.479284
vt 0.304833 0.499913
vt 0.361387 0.479250
vt 0.342389 0.499398
vt 0.399003 0.479986
vt 0.379485 0.499325
vt 0.438184 0.482089
vt 0.417156 0.500220
vt 0.554405 0.603037
vt 0.455893 0.502772
vt 0.058147 0.522639
vt 0.040972 0.548985
vt 0.063277 0.637986
vt 0.097060 0.522696
vt 0.079811 0.547997
vt 0.134555 0.524047
vt 0.116846 0.549889
vt 0.171890 0.525244
vt 0.153857 0.551845
vt 0.209468 0.525631
vt 0.191057 0.552876
vt 0.247456 0.525214
vt 0.228675 0.552786
vt 0.285644 0.524365
vt 0.266727 0.551937
vt 0.323457 0.523482
vt 0.304784 0.550790
vt 0.360505 0.522881
vt 0.342158 0.549663
vt 0.397147 0.522864
vt 0.378504 0.548783
vt 0.434189 0.523954
vt 0.414181 0.548461
vt 0.514970 0.607411
vt 0.449917 0.549297
vt 0.062492 0.574036
vt 0.049792 0.643948
vt 0.016388 0.633718
vt 0.098804 0.577042
vt 0.083082 0.640364
vt 0.135690 0.580132
vt 0.117301 0.639412
vt 0.172801 0.581945
vt 0.151901 0.639166
vt 0.210229 0.582402
vt 0.186656 0.639185
vt 0.248113 0.581928
vt 0.221599 0.639184
vt 0.286340 0.580914
vt 0.256792 0.639144
vt 0.324352 0.579427
vt 0.292199 0.639214
vt 0.361275 0.577449
vt 0.327401 0.639580
vt 0.396496 0.575296
vt 0.361642 0.640228
vt 0.430372 0.573637
vt 0.394477 0.640603
vt 0.468442 0.611977
vt 0.427055 0.640741
vt 0.068265 0.647558
vt 0.548641 0.018895
vt 0.039504 0.650075
vt 0.000000 0.628370
vt 0.101005 0.647144
vt 0.581073 0.015682
vt 0.134731 0.647358
vt 0.614873 0.011333
vt 0.169239 0.647672
vt 0.650893 0.007099
vt 0.204219 0.647867
vt 0.688643 0.003994
vt 0.239365 0.647952
vt 0.727021 0.002008
vt 0.274520 0.648033
vt 0.765282 0.000695
vt 0.309513 0.648217
vt 0.803220 0.000000
vt 0.344017 0.648516
vt 0.840850 0.000493
vt 0.377707 0.648643
vt 0.878125 0.002899
vt 0.410371 0.647866
vt 0.914600 0.007270
vt 0.439109 0.645338
vt 0.451180 0.617121
vt 0.948767 0.011297
vt 0.564541 0.036638
vt 0.544935 0.061011
vt 0.534338 0.036813
vt 0.017499 0.624890
vt 0.598675 0.034508
vt 0.581558 0.061730
vt 0.633989 0.031591
vt 0.617373 0.060607
vt 0.670964 0.028832
vt 0.653767 0.058957
vt 0.709004 0.026577
vt 0.691158 0.057085
vt 0.747253 0.024810
vt 0.729213 0.055196
vt 0.785183 0.023607
vt 0.767264 0.053614
vt 0.822706 0.023374
vt 0.804913 0.052813
vt 0.859954 0.024545
vt 0.842184 0.053164
vt 0.897000 0.027060
vt 0.879292 0.054479
vt 0.933549 0.029467
vt 0.916443 0.055812
vt 0.965502 0.028574
vt 0.467698 0.621051
vt 0.956738 0.053470
vt 0.561811 0.086494
vt 0.538908 0.107326
vt 0.525956 0.083293
vt 0.063956 0.624105
vt 0.599345 0.086909
vt 0.579950 0.110012
vt 0.636018 0.086091
vt 0.617621 0.110021
vt 0.673057 0.084757
vt 0.654664 0.109200
vt 0.710847 0.083146
vt 0.692171 0.107968
vt 0.749005 0.081564
vt 0.730322 0.106609
vt 0.786974 0.080416
vt 0.768633 0.105402
vt 0.824564 0.080091
vt 0.806704 0.104647
vt 0.861933 0.080600
vt 0.844501 0.104514
vt 0.899473 0.081308
vt 0.882342 0.104738
vt 0.938980 0.080455
vt 0.921041 0.104561
vt 0.982275 0.075491
vt 0.514544 0.620550
vt 0.968484 0.100604
vt 0.558813 0.128273
vt 0.534099 0.145158
vt 0.518075 0.123835
vt 0.103254 0.622455
vt 0.598634 0.129771
vt 0.578366 0.148615
vt 0.636148 0.129722
vt 0.617083 0.149419
vt 0.673367 0.128971
vt 0.654459 0.149227
vt 0.711266 0.127895
vt 0.692082 0.148507
vt 0.749788 0.126761
vt 0.730576 0.147561
vt 0.788384 0.125765
vt 0.769577 0.146555
vt 0.826663 0.125103
vt 0.808464 0.145631
vt 0.864677 0.124769
vt 0.846915 0.144915
vt 0.903187 0.124340
vt 0.885354 0.144249
vt 0.945359 0.122492
vt 0.925179 0.143094
vt 0.995678 0.117099
vt 0.554812 0.618056
vt 0.975754 0.139106
vt 0.555297 0.170578
vt 0.528740 0.194335
vt 0.511330 0.166571
vt 0.143600 0.621225
vt 0.596662 0.172247
vt 0.575015 0.196905
vt 0.635021 0.172500
vt 0.614806 0.197549
vt 0.672772 0.172107
vt 0.653105 0.197413
vt 0.711185 0.171410
vt 0.691534 0.196920
vt 0.750411 0.170552
vt 0.730839 0.196234
vt 0.789868 0.169598
vt 0.770726 0.195383
vt 0.828956 0.168691
vt 0.810488 0.194446
vt 0.867674 0.167893
vt 0.849722 0.193558
vt 0.907092 0.166914
vt 0.888973 0.192647
vt 0.950423 0.164921
vt 0.929817 0.191342
vt 1.000000 0.160731
vt 0.595602 0.620040
vt 0.978351 0.188708
vt 0.551457 0.221644
vt 0.525230 0.246663
vt 0.506158 0.219147
vt 0.192304 0.620621
vt 0.593850 0.222681
vt 0.572185 0.248006
vt 0.633125 0.222746
vt 0.612715 0.248240
vt 0.671728 0.222389
vt 0.651796 0.247972
vt 0.710971 0.221843
vt 0.690989 0.247494
vt 0.751047 0.221136
vt 0.731036 0.246881
vt 0.791331 0.220266
vt 0.771613 0.246118
vt 0.831133 0.219344
vt 0.811943 0.245245
vt 0.870487 0.218445
vt 0.851624 0.244349
vt 0.910588 0.217397
vt 0.891291 0.243406
vt 0.953898 0.215855
vt 0.932489 0.242286
vt 0.999308 0.213687
vt 0.644282 0.624281
vt 0.979379 0.240808
vt 0.548961 0.273543
vt 0.523590 0.299350
vt 0.503742 0.272390
vt 0.241333 0.620646
vt 0.591853 0.273873
vt 0.570547 0.299676
vt 0.631771 0.273665
vt 0.611569 0.299467
vt 0.671039 0.273222
vt 0.651177 0.299033
vt 0.710915 0.272662
vt 0.690879 0.298487
vt 0.751546 0.271985
vt 0.731349 0.297844
vt 0.792246 0.271188
vt 0.772198 0.297109
vt 0.832314 0.270321
vt 0.812631 0.296301
vt 0.871861 0.269431
vt 0.852300 0.295449
vt 0.912118 0.268497
vt 0.891918 0.294592
vt 0.955274 0.267521
vt 0.932987 0.293835
vt 0.999619 0.266698
vt 0.693087 0.624761
vt 0.979990 0.293299
vt 0.548024 0.325633
vt 0.523717 0.351800
vt 0.503239 0.325498
vt 0.290312 0.620888
vt 0.591193 0.325335
vt 0.570608 0.351286
vt 0.631454 0.324875
vt 0.611837 0.350719
vt 0.671062 0.324336
vt 0.651581 0.350164
vt 0.711226 0.323696
vt 0.691395 0.349531
vt 0.752009 0.322979
vt 0.731879 0.348797
vt 0.792679 0.322219
vt 0.772579 0.348034
vt 0.832568 0.321417
vt 0.812711 0.347267
vt 0.871869 0.320601
vt 0.851977 0.346483
vt 0.911862 0.319904
vt 0.891161 0.345779
vt 0.954858 0.319579
vt 0.931818 0.345454
vt 0.999922 0.319831
vt 0.742067 0.623371
vt 0.979015 0.345948
vt 0.549095 0.377339
vt 0.526021 0.403719
vt 0.504501 0.378208
vt 0.339036 0.620921
vt 0.592313 0.376538
vt 0.572789 0.402377
vt 0.632513 0.375930
vt 0.613781 0.401606
vt 0.672027 0.375314
vt 0.653227 0.401001
vt 0.712033 0.374559
vt 0.692701 0.400280
vt 0.752518 0.373751
vt 0.732719 0.399426
vt 0.792761 0.372981
vt 0.772847 0.398583
vt 0.832140 0.372224
vt 0.812370 0.397795
vt 0.870890 0.371499
vt 0.851014 0.397036
vt 0.910341 0.371051
vt 0.889552 0.396449
vt 0.952944 0.371407
vt 0.929589 0.396479
vt 0.998282 0.372977
vt 0.791090 0.621896
vt 0.976255 0.398183
vt 0.552605 0.428386
vt 0.531153 0.455021
vt 0.508280 0.430455
vt 0.387428 0.620664
vt 0.595340 0.427222
vt 0.577087 0.452835
vt 0.635024 0.426598
vt 0.617232 0.452049
vt 0.674036 0.425962
vt 0.656008 0.451532
vt 0.713418 0.425120
vt 0.694761 0.450834
vt 0.753152 0.424200
vt 0.733898 0.449908
vt 0.792655 0.423330
vt 0.773144 0.448917
vt 0.831370 0.422497
vt 0.811938 0.447943
vt 0.869463 0.421758
vt 0.849947 0.447032
vt 0.908178 0.421438
vt 0.887754 0.446396
vt 0.949886 0.422360
vt 0.926841 0.446559
vt 0.993983 0.425441
vt 0.839770 0.620006
vt 0.971490 0.449246
vt 0.558533 0.478791
vt 0.539366 0.505643
vt 0.515675 0.482069
vt 0.435517 0.620597
vt 0.599849 0.477479
vt 0.582815 0.502877
vt 0.638566 0.477063
vt 0.621486 0.502453
vt 0.676775 0.476618
vt 0.659322 0.502376
vt 0.715224 0.475837
vt 0.697163 0.501959
vt 0.753982 0.474788
vt 0.735323 0.501021
vt 0.792685 0.473638
vt 0.773735 0.499730
vt 0.830803 0.472496
vt 0.811944 0.498328
vt 0.868271 0.471530
vt 0.849454 0.497032
vt 0.906025 0.471100
vt 0.886481 0.496102
vt 0.946016 0.472176
vt 0.924138 0.496011
vt 0.986665 0.476115
vt 0.887625 0.617721
vt 0.965149 0.498611
vt 0.565984 0.528705
vt 0.549463 0.555353
vt 0.527178 0.532491
vt 0.483288 0.621733
vt 0.604823 0.527808
vt 0.588229 0.553504
vt 0.642274 0.528130
vt 0.625293 0.554389
vt 0.679590 0.528275
vt 0.662308 0.555318
vt 0.717170 0.527673
vt 0.699484 0.555343
vt 0.755161 0.526367
vt 0.737056 0.554315
vt 0.793326 0.524713
vt 0.775048 0.552612
vt 0.831067 0.523065
vt 0.813037 0.550676
vt 0.868014 0.521688
vt 0.850343 0.548778
vt 0.904593 0.520835
vt 0.886642 0.547092
vt 0.942033 0.521261
vt 0.922359 0.545949
vt 0.977578 0.524369
vt 0.934469 0.615274
vt 0.958876 0.546665
vt 0.571650 0.579859
vt 0.609410 0.629656
vt 0.540722 0.580250
vt 0.530158 0.625308
vt 0.608024 0.581823
vt 0.642608 0.626291
vt 0.644939 0.583847
vt 0.676823 0.625045
vt 0.682020 0.584644
vt 0.711413 0.624689
vt 0.719377 0.584110
vt 0.746162 0.624602
vt 0.757169 0.582709
vt 0.781096 0.624432
vt 0.795304 0.580858
vt 0.816276 0.624218
vt 0.833232 0.578621
vt 0.851665 0.624206
vt 0.870092 0.575928
vt 0.886852 0.624633
vt 0.905296 0.573063
vt 0.921086 0.625412
vt 0.939351 0.570984
vt 0.953942 0.626212
vt 0.969646 0.570919
vt 0.980994 0.612553
vt 0.986575 0.627008
vt 0.627843 0.633638
vt 0.599108 0.635423
vt 0.546572 0.630139
vt 0.660552 0.633196
vt 0.694267 0.633364
vt 0.728769 0.633685
vt 0.763743 0.633796
vt 0.798882 0.633709
vt 0.834021 0.633621
vt 0.868992 0.633725
vt 0.903477 0.634033
vt 0.937158 0.634185
vt 0.969822 0.633738
vt 0.998546 0.631900
vt 0.998288 0.607814
vt 0.957282 0.608063
vt 0.910516 0.609157
vt 0.863082 0.610829
vt 0.814985 0.612702
vt 0.766358 0.614420
vt 0.717458 0.615934
vt 0.668530 0.616758
vt 0.619675 0.614047
vt 0.573177 0.609357
vt 0.537201 0.611552
vt 0.492243 0.615722
vt 0.505580 0.628549
vt 0.458802 0.628415
vt 0.411345 0.629021
vt 0.363224 0.629673
vt 0.314585 0.629959
vt 0.265687 0.629918
vt 0.216790 0.629879
vt 0.168155 0.630165
vt 0.121948 0.630799
vt 0.085876 0.631298
vt 0.040983 0.630988
vt 0.460317 0.573530
vt 0.455683 0.586694
vt 0.437833 0.639629
vt 0.463809 0.550263
vt 0.031246 0.573997
vt 0.037002 0.587054
vt 0.002612 0.632174
vt 0.025451 0.550204
vt 0.467597 0.526616
vt 0.471168 0.504395
vt 0.019254 0.525654
vt 0.013831 0.502507
vt 0.474132 0.485585
vt 0.477615 0.466536
vt 0.009942 0.483048
vt 0.006790 0.463365
vt 0.482978 0.443203
vt 0.488709 0.417450
vt 0.003988 0.439436
vt 0.001905 0.413323
vt 0.493158 0.391333
vt 0.496300 0.364982
vt 0.000659 0.387100
vt 0.000072 0.360790
vt 0.498176 0.338518
vt 0.499165 0.312027
vt 0.000000 0.334394
vt 0.000363 0.307924
vt 0.499659 0.285581
vt 0.499692 0.259205
vt 0.001118 0.281393
vt 0.002319 0.254845
vt 0.499263 0.232920
vt 0.498242 0.206726
vt 0.004029 0.228345
vt 0.006375 0.202012
vt 0.496470 0.180637
vt 0.493808 0.154677
vt 0.009439 0.175983
vt 0.013233 0.150408
vt 0.490109 0.128889
vt 0.485336 0.103373
vt 0.017687 0.125423
vt 0.022586 0.101057
vt 0.479499 0.078251
vt 0.472873 0.053851
vt 0.027619 0.077302
vt 0.032453 0.054005
vt 0.466102 0.030472
vt 0.995521 0.604353
vt 0.036686 0.030946
vt 0.041620 0.017965
vt 0.955378 0.588874
vt 0.997396 0.626194
vt 0.939178 0.590128
vt 0.922903 0.591878
vt 0.906322 0.593956
vt 0.889208 0.596175
vt 0.871539 0.598339
vt 0.853303 0.600276
vt 0.834630 0.601928
vt 0.815669 0.603279
vt 0.796556 0.604371
vt 0.777421 0.605286
vt 0.758329 0.606064
vt 0.739327 0.606757
vt 0.720418 0.607327
vt 0.701599 0.607717
vt 0.682858 0.607831
vt 0.664190 0.607552
vt 0.645599 0.606820
vt 0.627098 0.605567
vt 0.608780 0.603856
vt 0.590741 0.601784
vt 0.573299 0.599673
vt 0.556763 0.597975
vt 0.546889 0.593057
vt 0.428814 0.651666
vt 0.958931 0.015988
vt 0.412321 0.654339
vt 0.395635 0.655424
vt 0.378619 0.656066
vt 0.361454 0.656464
vt 0.344180 0.656660
vt 0.326858 0.656734
vt 0.309492 0.656742
vt 0.292083 0.656736
vt 0.274631 0.656733
vt 0.257129 0.656747
vt 0.239570 0.656768
vt 0.221945 0.656783
vt 0.204265 0.656772
vt 0.186553 0.656700
vt 0.168886 0.656550
vt 0.151346 0.656313
vt 0.134039 0.655998
vt 0.117068 0.655639
vt 0.100438 0.655252
vt 0.084155 0.654853
vt 0.068046 0.654675
vt 0.051577 0.654598
vt 0.040803 0.655698
vt 0.446018 0.591529
vt 0.429820 0.592728
vt 0.413553 0.594343
vt 0.396982 0.596225
vt 0.379860 0.598145
vt 0.362166 0.599957
vt 0.343901 0.601559
vt 0.325196 0.602875
vt 0.306199 0.603872
vt 0.287043 0.604583
vt 0.267862 0.605082
vt 0.248717 0.605415
vt 0.229658 0.605640
vt 0.210691 0.605723
vt 0.191819 0.605618
vt 0.173033 0.605233
vt 0.154334 0.604461
vt 0.135730 0.603229
vt 0.117237 0.601459
vt 0.098947 0.599195
vt 0.080957 0.596516
vt 0.063524 0.593958
vt 0.046859 0.592118
vn -0.109386 -0.084661 0.990388
vn -0.090375 -0.201503 0.975310
vn -0.262429 -0.104089 0.959321
vn -0.230688 -0.197086 0.952859
vn -0.088384 -0.328363 0.940407
vn -0.232609 -0.323042 0.917353
vn -0.400042 -0.206046 0.893035
vn -0.390413 -0.316639 0.864475
vn -0.437400 -0.114175 0.891989
vn -0.092214 -0.452844 0.886808
vn -0.226470 -0.435650 0.871160
vn -0.087376 -0.553954 0.827949
vn -0.206859 -0.528714 0.823207
vn -0.373435 -0.414139 0.830081
vn -0.338990 -0.494738 0.800200
vn -0.073060 -0.633559 0.770238
vn -0.174020 -0.602824 0.778666
vn -0.049646 -0.693516 0.718729
vn -0.129452 -0.658965 0.740951
vn -0.287368 -0.560397 0.776772
vn -0.219895 -0.611538 0.760044
vn -0.023366 -0.735684 0.676922
vn -0.081925 -0.698013 0.711383
vn -0.000738 -0.763762 0.645498
vn -0.039676 -0.722928 0.689783
vn -0.148096 -0.647264 0.747741
vn -0.082848 -0.669356 0.738308
vn 0.015096 -0.780516 0.624954
vn -0.006788 -0.736682 0.676205
vn 0.020619 -0.789122 0.613891
vn 0.012210 -0.742698 0.669515
vn -0.030177 -0.680717 0.731925
vn 0.003993 -0.685047 0.728488
vn 0.017325 -0.791821 0.610508
vn 0.018756 -0.743571 0.668393
vn 0.006378 -0.790525 0.612397
vn 0.013734 -0.741211 0.671131
vn 0.021319 -0.685305 0.727944
vn 0.022914 -0.683183 0.729887
vn -0.008068 -0.787121 0.616746
vn 0.001839 -0.737121 0.675759
vn -0.021691 -0.783082 0.621540
vn -0.011991 -0.732296 0.680881
vn 0.014479 -0.679514 0.733519
vn 0.001931 -0.674410 0.738355
vn -0.031747 -0.779943 0.625045
vn -0.023035 -0.727663 0.685548
vn -0.034586 -0.777873 0.627469
vn -0.025466 -0.722956 0.690424
vn -0.007519 -0.667869 0.744241
vn -0.005742 -0.659152 0.751988
vn -0.028429 -0.776210 0.629833
vn -0.015096 -0.717166 0.696738
vn -0.010307 -0.772169 0.635334
vn 0.013077 -0.707707 0.706385
vn 0.013577 -0.646987 0.762380
vn 0.057271 -0.628764 0.775484
vn 0.018338 -0.761613 0.647773
vn 0.059069 -0.690236 0.721169
vn 0.056885 -0.738148 0.672236
vn 0.123910 -0.658564 0.742253
vn 0.126029 -0.599809 0.790156
vn 0.220527 -0.554627 0.802345
vn 0.103735 -0.691604 0.714789
vn 0.211152 -0.602619 0.769587
vn 0.160907 -0.601272 0.782676
vn 0.330261 -0.502607 0.798946
vn 0.347590 -0.484429 0.802814
vn 0.508695 -0.378583 0.773242
vn 0.280216 -0.445055 0.850532
vn 0.466561 -0.356396 0.809508
vn 0.364268 -0.281864 0.887616
vn 0.573566 -0.239432 0.783387
vn 0.644754 -0.249765 0.722434
vn 0.748352 -0.157158 0.644415
vn -0.571134 -0.115115 0.812745
vn -0.530423 -0.196148 0.824729
vn -0.510897 -0.292567 0.808325
vn -0.626327 -0.171534 0.760454
vn -0.599473 -0.253325 0.759249
vn -0.666118 -0.102126 0.738822
vn -0.481814 -0.374786 0.792080
vn -0.435479 -0.441378 0.784566
vn -0.559715 -0.322157 0.763501
vn -0.503307 -0.376885 0.777586
vn -0.370933 -0.495677 0.785311
vn -0.287466 -0.538390 0.792148
vn -0.428764 -0.420829 0.799415
vn -0.333705 -0.455002 0.825600
vn -0.197960 -0.567947 0.798905
vn -0.115717 -0.585637 0.802271
vn -0.231882 -0.477943 0.847232
vn -0.138505 -0.491015 0.860070
vn -0.048530 -0.594332 0.802755
vn -0.003527 -0.597664 0.801739
vn -0.062253 -0.497246 0.865373
vn -0.010565 -0.499816 0.866067
vn 0.021604 -0.598378 0.800923
vn 0.029110 -0.597346 0.801455
vn 0.019905 -0.500743 0.865367
vn 0.032648 -0.500169 0.865312
vn 0.025716 -0.594447 0.803723
vn 0.018377 -0.588708 0.808137
vn 0.035323 -0.497323 0.866846
vn 0.035805 -0.490633 0.870630
vn 0.015948 -0.579148 0.815067
vn 0.027525 -0.564628 0.824886
vn 0.043365 -0.478778 0.876865
vn 0.067314 -0.460493 0.885107
vn 0.060365 -0.543574 0.837188
vn 0.121548 -0.513657 0.849343
vn 0.114570 -0.434158 0.893521
vn 0.190993 -0.398128 0.897227
vn 0.209923 -0.471115 0.856728
vn 0.322279 -0.413837 0.851396
vn 0.291963 -0.350200 0.890010
vn 0.410163 -0.291183 0.864280
vn 0.462966 -0.339366 0.818837
vn 0.621092 -0.250368 0.742671
vn 0.546471 -0.223159 0.807199
vn 0.685620 -0.154859 0.711298
vn 0.734108 -0.166326 0.658348
vn 0.820028 -0.113614 0.560933
vn 0.777484 -0.102083 0.620563
vn 0.850384 -0.073331 0.521028
vn -0.734038 -0.080369 0.674336
vn -0.695336 -0.137364 0.705436
vn -0.663967 -0.204095 0.719370
vn -0.743651 -0.097776 0.661379
vn -0.709490 -0.148794 0.688829
vn -0.782108 -0.053632 0.620830
vn -0.616336 -0.260143 0.743273
vn -0.551837 -0.304064 0.776544
vn -0.656244 -0.191381 0.729874
vn -0.585368 -0.224118 0.779176
vn -0.469346 -0.338596 0.815517
vn -0.365547 -0.364913 0.856279
vn -0.496676 -0.249072 0.831430
vn -0.386766 -0.267737 0.882456
vn -0.254964 -0.382010 0.888291
vn -0.154510 -0.391434 0.907142
vn -0.270701 -0.279915 0.921069
vn -0.166395 -0.287050 0.943353
vn -0.072855 -0.396066 0.915327
vn -0.016819 -0.398262 0.917118
vn -0.081829 -0.291315 0.953121
vn -0.023090 -0.294225 0.955457
vn 0.017762 -0.399323 0.916638
vn 0.035454 -0.398836 0.916337
vn 0.014755 -0.296350 0.954965
vn 0.037019 -0.296888 0.954195
vn 0.044502 -0.395812 0.917253
vn 0.053323 -0.388604 0.919860
vn 0.052206 -0.294705 0.954161
vn 0.069006 -0.288274 0.955058
vn 0.071032 -0.375897 0.923935
vn 0.106764 -0.356508 0.928172
vn 0.096084 -0.276452 0.956213
vn 0.142006 -0.258288 0.955574
vn 0.166223 -0.329112 0.929546
vn 0.253603 -0.292750 0.921945
vn 0.211168 -0.232793 0.949324
vn 0.305980 -0.199708 0.930856
vn 0.361156 -0.246543 0.899324
vn 0.478807 -0.192807 0.856487
vn 0.416178 -0.159360 0.895210
vn 0.530199 -0.114795 0.840066
vn 0.604474 -0.135604 0.784998
vn 0.723322 -0.084787 0.685286
vn 0.644230 -0.070539 0.761572
vn 0.745467 -0.035046 0.665620
vn 0.799089 -0.052067 0.598954
vn 0.861933 -0.038030 0.505594
vn 0.809003 -0.015963 0.587588
vn 0.863804 -0.010514 0.503718
vn -0.814490 -0.026903 0.579553
vn -0.775451 -0.058762 0.628667
vn -0.739216 -0.094719 0.666774
vn -0.795166 -0.026313 0.605820
vn -0.757067 -0.048978 0.651499
vn -0.835598 -0.005409 0.549315
vn -0.681866 -0.124226 0.720851
vn -0.606005 -0.146247 0.781901
vn -0.696663 -0.067000 0.714263
vn -0.617135 -0.080038 0.782776
vn -0.512816 -0.162421 0.842994
vn -0.399504 -0.174467 0.899977
vn -0.521020 -0.089364 0.848854
vn -0.406459 -0.096582 0.908550
vn -0.281143 -0.182933 0.942069
vn -0.175655 -0.188821 0.966174
vn -0.288106 -0.102673 0.952078
vn -0.183398 -0.108282 0.977057
vn -0.090274 -0.193594 0.976920
vn -0.030222 -0.197943 0.979748
vn -0.098714 -0.114025 0.988562
vn -0.038223 -0.119908 0.992049
vn 0.010096 -0.201671 0.979401
vn 0.036406 -0.203878 0.978319
vn 0.003840 -0.125368 0.992103
vn 0.033499 -0.129471 0.991017
vn 0.057247 -0.203309 0.977440
vn 0.081046 -0.198815 0.976680
vn 0.059050 -0.131178 0.989599
vn 0.088699 -0.129467 0.987609
vn 0.116109 -0.189413 0.975008
vn 0.170304 -0.174397 0.969836
vn 0.130326 -0.123467 0.983754
vn 0.191184 -0.112723 0.975060
vn 0.246718 -0.153087 0.956919
vn 0.346084 -0.125847 0.929725
vn 0.273109 -0.096774 0.957103
vn 0.375508 -0.076199 0.923682
vn 0.456641 -0.093603 0.884713
vn 0.566103 -0.059513 0.822183
vn 0.485521 -0.052258 0.872662
vn 0.590663 -0.027713 0.806442
vn 0.670081 -0.027629 0.741773
vn 0.758098 -0.003857 0.652130
vn 0.686899 -0.005692 0.726731
vn 0.765665 0.010255 0.643158
vn 0.812972 0.007138 0.582260
vn 0.861495 0.008609 0.507692
vn 0.814510 0.017409 0.579888
vn 0.858019 0.018075 0.513300
vn -0.848193 0.009132 0.529609
vn -0.806012 -0.002421 0.591894
vn -0.766295 -0.014008 0.642337
vn -0.810814 0.010488 0.585210
vn -0.769907 0.007291 0.638114
vn -0.854943 0.014648 0.518516
vn -0.703955 -0.022779 0.709879
vn -0.622259 -0.029012 0.782274
vn -0.706809 0.005051 0.707386
vn -0.624157 0.003368 0.781292
vn -0.524655 -0.033407 0.850659
vn -0.410475 -0.037386 0.911105
vn -0.526106 0.002136 0.850416
vn -0.413195 0.000272 0.910643
vn -0.293753 -0.042050 0.954956
vn -0.190881 -0.047618 0.980458
vn -0.298702 -0.003170 0.954341
vn -0.198262 -0.008308 0.980114
vn -0.107616 -0.054212 0.992713
vn -0.047352 -0.061383 0.996991
vn -0.116880 -0.015085 0.993032
vn -0.057293 -0.022859 0.998096
vn -0.004183 -0.068420 0.997648
vn 0.027921 -0.074452 0.996834
vn -0.013654 -0.030874 0.999430
vn 0.020110 -0.038339 0.999062
vn 0.057122 -0.078594 0.995269
vn 0.091561 -0.079909 0.992588
vn 0.052030 -0.044477 0.997655
vn 0.090091 -0.048579 0.994748
vn 0.138408 -0.077708 0.987322
vn 0.204569 -0.071564 0.976233
vn 0.141140 -0.049950 0.988729
vn 0.211518 -0.048178 0.976186
vn 0.290800 -0.061241 0.954822
vn 0.395406 -0.047314 0.917287
vn 0.301193 -0.042966 0.952595
vn 0.407724 -0.034750 0.912444
vn 0.504901 -0.030899 0.862624
vn 0.606762 -0.014195 0.794756
vn 0.517078 -0.024406 0.855591
vn 0.616650 -0.013684 0.787118
vn 0.697757 0.000545 0.716334
vn 0.770830 0.011788 0.636932
vn 0.704624 -0.003927 0.709570
vn 0.774848 0.004647 0.632130
vn 0.815920 0.017973 0.577885
vn 0.855764 0.019754 0.516989
vn 0.817965 0.011204 0.575160
vn 0.855145 0.014598 0.518184
vn -0.857599 0.013078 0.514153
vn -0.811557 0.014124 0.584102
vn -0.770174 0.016522 0.637619
vn -0.809924 0.009715 0.586455
vn -0.768505 0.014981 0.639669
vn -0.857783 0.005990 0.513977
vn -0.707452 0.018504 0.706520
vn -0.624792 0.019813 0.780540
vn -0.706618 0.019523 0.707326
vn -0.624215 0.023214 0.780908
vn -0.526821 0.020848 0.849720
vn -0.415297 0.020851 0.909447
vn -0.526290 0.026608 0.849889
vn -0.415925 0.028996 0.908937
vn -0.303004 0.018932 0.952801
vn -0.205073 0.014898 0.978633
vn -0.305728 0.029373 0.951666
vn -0.210440 0.027335 0.977225
vn -0.125917 0.008769 0.992002
vn -0.067461 0.001272 0.997721
vn -0.133663 0.022920 0.990762
vn -0.076961 0.016554 0.996897
vn -0.023990 -0.006976 0.999688
vn 0.010558 -0.015351 0.999826
vn -0.034555 0.008779 0.999364
vn -0.000086 0.000267 1.000000
vn 0.044195 -0.023079 0.998756
vn 0.084822 -0.029435 0.995961
vn 0.034495 -0.008197 0.999371
vn 0.076874 -0.015973 0.996913
vn 0.139025 -0.033805 0.989712
vn 0.212957 -0.035667 0.976410
vn 0.133461 -0.022406 0.990801
vn 0.210279 -0.026897 0.977271
vn 0.305669 -0.034629 0.951508
vn 0.414046 -0.030974 0.909729
vn 0.305714 -0.028902 0.951685
vn 0.416033 -0.028507 0.908903
vn 0.523728 -0.025272 0.851511
vn 0.622092 -0.018831 0.782717
vn 0.526470 -0.026128 0.849792
vn 0.624384 -0.022766 0.780786
vn 0.708822 -0.012462 0.705277
vn 0.778358 -0.005655 0.627795
vn 0.710905 -0.019054 0.703030
vn 0.780882 -0.014430 0.624512
vn 0.820806 0.001037 0.571207
vn 0.856052 0.005298 0.516863
vn 0.823232 -0.009588 0.567624
vn 0.857371 -0.006172 0.514662
vn -0.857141 -0.003739 0.515069
vn -0.807390 0.000627 0.590018
vn -0.765871 0.006800 0.642958
vn -0.804794 -0.009456 0.593480
vn -0.762485 -0.003491 0.646997
vn -0.856744 -0.012974 0.515579
vn -0.704439 0.013081 0.709644
vn -0.621837 0.019295 0.782909
vn -0.700249 0.004536 0.713884
vn -0.616340 0.014122 0.787354
vn -0.523492 0.025730 0.851642
vn -0.413881 0.031433 0.909788
vn -0.516778 0.024857 0.855758
vn -0.407473 0.035208 0.912539
vn -0.305621 0.035137 0.951505
vn -0.213025 0.036222 0.976375
vn -0.301084 0.043434 0.952608
vn -0.211534 0.048668 0.976158
vn -0.139206 0.034404 0.989666
vn -0.084961 0.030038 0.995931
vn -0.141249 0.050499 0.988685
vn -0.090263 0.049144 0.994705
vn -0.044303 0.023644 0.998738
vn -0.010665 0.015913 0.999817
vn -0.052223 0.044990 0.997622
vn -0.020285 0.038783 0.999042
vn 0.023922 0.007519 0.999686
vn 0.067193 -0.000874 0.997740
vn 0.013429 0.031184 0.999424
vn 0.057015 0.023123 0.998106
vn 0.125607 -0.008426 0.992044
vn 0.204995 -0.014496 0.978656
vn 0.116675 0.015401 0.993051
vn 0.198195 0.008658 0.980124
vn 0.303036 -0.018507 0.952799
vn 0.415367 -0.020434 0.909424
vn 0.298684 0.003459 0.954346
vn 0.413290 0.000031 0.910600
vn 0.526938 -0.020427 0.849658
vn 0.624815 -0.019474 0.780530
vn 0.526163 -0.001834 0.850382
vn 0.624034 -0.003151 0.781391
vn 0.711411 -0.018291 0.702538
vn 0.781679 -0.017485 0.623436
vn 0.709737 -0.005261 0.704447
vn 0.778330 -0.011471 0.627751
vn 0.823752 -0.018348 0.566653
vn 0.857733 -0.019317 0.513733
vn 0.818652 -0.024221 0.573779
vn 0.852054 -0.035519 0.522248
vn -0.857669 -0.018903 0.513854
vn -0.802881 -0.016802 0.595902
vn -0.758443 -0.010877 0.651649
vn -0.801390 -0.016900 0.597904
vn -0.753029 -0.009646 0.657917
vn -0.859948 -0.018010 0.510064
vn -0.693325 -0.000025 0.720626
vn -0.606361 0.014609 0.795055
vn -0.682274 0.006128 0.731071
vn -0.590176 0.028083 0.806786
vn -0.504542 0.031314 0.862819
vn -0.395118 0.047755 0.917388
vn -0.485063 0.052671 0.872891
vn -0.375171 0.076638 0.923782
vn -0.290684 0.061677 0.954829
vn -0.204568 0.072015 0.976200
vn -0.273031 0.097197 0.957083
vn -0.191269 0.113123 0.974997
vn -0.138561 0.078146 0.987266
vn -0.091816 0.080300 0.992533
vn -0.130612 0.123868 0.983665
vn -0.089080 0.129843 0.987525
vn -0.057408 0.078949 0.995224
vn -0.028251 0.074741 0.996803
vn -0.059409 0.131519 0.989532
vn -0.033853 0.129799 0.990962
vn 0.003892 0.068660 0.997633
vn 0.047113 0.061574 0.996990
vn -0.004187 0.125630 0.992068
vn 0.037976 0.120100 0.992035
vn 0.107530 0.054399 0.992712
vn 0.190850 0.047824 0.980454
vn 0.098741 0.114252 0.988533
vn 0.183496 0.108521 0.977012
vn 0.293763 0.042250 0.954944
vn 0.410631 0.037628 0.911025
vn 0.288306 0.102977 0.951985
vn 0.406687 0.096882 0.908416
vn 0.524677 0.033630 0.850637
vn 0.622071 0.029176 0.782417
vn 0.521033 0.089630 0.848817
vn 0.616923 0.080278 0.782918
vn 0.704545 0.022049 0.709316
vn 0.767578 0.005473 0.640932
vn 0.693359 0.066017 0.717561
vn 0.745926 0.036385 0.665034
vn 0.803405 -0.024426 0.594932
vn 0.834612 -0.051094 0.548463
vn 0.773482 -0.014759 0.633647
vn 0.800318 -0.061195 0.596444
vn -0.863078 -0.009569 0.504980
vn -0.799473 -0.007432 0.600657
vn -0.744923 0.004544 0.667135
vn -0.794882 0.018739 0.606475
vn -0.731564 0.042356 0.680456
vn -0.864794 0.011292 0.501999
vn -0.665145 0.029361 0.746136
vn -0.565519 0.062461 0.822366
vn -0.638957 0.084469 0.764591
vn -0.529380 0.136289 0.837366
vn -0.456120 0.097886 0.884519
vn -0.345728 0.131302 0.929103
vn -0.415092 0.188152 0.890111
vn -0.304742 0.234746 0.923053
vn -0.246630 0.159497 0.955894
vn -0.170368 0.181522 0.968517
vn -0.210055 0.272625 0.938910
vn -0.140989 0.301754 0.942903
vn -0.116368 0.197019 0.973469
vn -0.081454 0.206721 0.975003
vn -0.095338 0.322336 0.941812
vn -0.068566 0.335760 0.939449
vn -0.057654 0.211317 0.975716
vn -0.036842 0.211795 0.976620
vn -0.052195 0.342945 0.937904
vn -0.037334 0.345327 0.937739
vn -0.010502 0.209460 0.977761
vn 0.030058 0.205620 0.978170
vn -0.015322 0.344637 0.938611
vn 0.022444 0.342194 0.939361
vn 0.090397 0.201164 0.975378
vn 0.175844 0.196240 0.964660
vn 0.081095 0.338840 0.937342
vn 0.165392 0.334006 0.927947
vn 0.281387 0.190210 0.940554
vn 0.399617 0.181461 0.898542
vn 0.269270 0.326012 0.906206
vn 0.384621 0.312303 0.868639
vn 0.512653 0.168994 0.841800
vn 0.605569 0.152235 0.781096
vn 0.493873 0.291250 0.819307
vn 0.582205 0.262910 0.769361
vn 0.672645 0.128127 0.728788
vn 0.708364 0.084060 0.700824
vn 0.638998 0.225585 0.735387
vn 0.655651 0.169328 0.735833
vn 0.721633 0.011992 0.692172
vn 0.739903 -0.054527 0.670500
vn 0.652602 0.086796 0.752713
vn 0.661712 0.011165 0.749675
vn -0.861940 0.048395 0.504696
vn -0.783551 0.067974 0.617598
vn -0.707577 0.111237 0.697826
vn -0.759250 0.121666 0.639325
vn -0.666934 0.183768 0.722100
vn -0.848843 0.086557 0.521511
vn -0.597405 0.176133 0.782359
vn -0.475699 0.248158 0.843877
vn -0.537397 0.262012 0.801595
vn -0.405760 0.339492 0.848589
vn -0.357068 0.314800 0.879433
vn -0.249033 0.371169 0.894548
vn -0.287047 0.406201 0.867528
vn -0.186237 0.459551 0.868406
vn -0.161826 0.414833 0.895391
vn -0.102823 0.447443 0.888382
vn -0.110443 0.499210 0.859414
vn -0.063938 0.527958 0.846860
vn -0.067847 0.470288 0.879901
vn -0.050996 0.485227 0.872900
vn -0.040748 0.547893 0.835556
vn -0.033961 0.560782 0.827267
vn -0.043179 0.493616 0.868608
vn -0.035132 0.497138 0.866960
vn -0.034156 0.568097 0.822253
vn -0.032136 0.571306 0.820108
vn -0.018481 0.497646 0.867184
vn 0.015096 0.496421 0.867950
vn -0.020171 0.572022 0.819990
vn 0.009400 0.571116 0.820815
vn 0.069864 0.493854 0.866734
vn 0.149981 0.488592 0.859525
vn 0.059936 0.568495 0.820501
vn 0.134676 0.561945 0.816137
vn 0.248543 0.477898 0.842520
vn 0.357100 0.458356 0.813873
vn 0.226264 0.548083 0.805239
vn 0.326312 0.523576 0.787013
vn 0.459358 0.428068 0.778298
vn 0.541358 0.387811 0.746012
vn 0.420091 0.486888 0.765809
vn 0.494210 0.439252 0.750210
vn 0.589364 0.338181 0.733678
vn 0.591618 0.276155 0.757447
vn 0.533637 0.382287 0.754379
vn 0.525017 0.316768 0.789946
vn 0.577919 0.197058 0.791945
vn 0.582697 0.126678 0.802756
vn 0.502782 0.241065 0.830119
vn 0.505060 0.177862 0.844559
vn -0.815640 0.124861 0.564925
vn -0.713092 0.180258 0.677501
vn -0.601504 0.264425 0.753839
vn -0.623100 0.272369 0.733186
vn -0.492045 0.389257 0.778698
vn -0.741193 0.183535 0.645714
vn -0.454826 0.353587 0.817380
vn -0.319582 0.429725 0.844514
vn -0.341076 0.489547 0.802503
vn -0.217963 0.559646 0.799555
vn -0.207518 0.488558 0.847495
vn -0.119714 0.531933 0.838282
vn -0.124312 0.605281 0.786245
vn -0.056274 0.634330 0.771011
vn -0.059090 0.562367 0.824774
vn -0.026740 0.583742 0.811499
vn -0.013095 0.652533 0.757647
vn 0.005896 0.664693 0.747094
vn -0.015567 0.598534 0.800946
vn -0.018253 0.608330 0.793474
vn 0.007523 0.673514 0.739136
vn -0.001927 0.680280 0.732950
vn -0.025593 0.614320 0.788642
vn -0.028992 0.617392 0.786121
vn -0.014395 0.685622 0.727816
vn -0.022705 0.689498 0.723932
vn -0.021463 0.618538 0.785461
vn 0.003695 0.617888 0.786258
vn -0.020953 0.691761 0.721823
vn -0.003589 0.691485 0.722382
vn 0.048495 0.614464 0.787453
vn 0.115218 0.605514 0.787450
vn 0.030421 0.686924 0.726092
vn 0.082752 0.675149 0.733025
vn 0.196761 0.587391 0.785020
vn 0.285513 0.557215 0.779740
vn 0.147491 0.652515 0.743283
vn 0.218809 0.616201 0.756584
vn 0.368386 0.513709 0.774851
vn 0.432504 0.458121 0.776573
vn 0.285526 0.564482 0.774490
vn 0.335415 0.497429 0.800038
vn 0.462673 0.392094 0.795108
vn 0.444816 0.317434 0.837481
vn 0.354932 0.415206 0.837632
vn 0.332205 0.321646 0.886670
vn 0.416445 0.237145 0.877688
vn 0.424459 0.175672 0.888242
vn 0.304405 0.227580 0.924957
vn 0.324902 0.159762 0.932156
vn -0.576761 0.284485 0.765778
vn -0.459537 0.386824 0.799495
vn -0.327365 0.514236 0.792713
vn -0.300388 0.470104 0.829921
vn -0.176286 0.604226 0.777067
vn -0.388047 0.339540 0.856815
vn -0.206550 0.608062 0.766549
vn -0.119383 0.664035 0.738109
vn -0.102536 0.689090 0.717385
vn -0.052458 0.735440 0.675556
vn -0.056596 0.695879 0.715925
vn -0.011881 0.713252 0.700807
vn -0.016532 0.758435 0.651539
vn 0.010599 0.768306 0.639995
vn 0.015648 0.722556 0.691135
vn 0.025902 0.728255 0.684816
vn 0.028053 0.771633 0.635450
vn 0.034297 0.772686 0.633861
vn 0.023662 0.733051 0.679762
vn 0.012753 0.737901 0.674789
vn 0.031916 0.774426 0.631858
vn 0.022254 0.777527 0.628456
vn -0.001021 0.742991 0.669300
vn -0.012965 0.747315 0.664343
vn 0.008933 0.781811 0.623451
vn -0.005389 0.785573 0.618746
vn -0.018196 0.749801 0.661414
vn -0.012188 0.748867 0.662608
vn -0.016510 0.787130 0.616567
vn -0.020449 0.784444 0.619863
vn 0.005990 0.742574 0.669738
vn 0.037940 0.728378 0.684125
vn -0.015904 0.775516 0.631127
vn -0.001269 0.758072 0.652170
vn 0.079253 0.702890 0.706870
vn 0.126169 0.663214 0.737719
vn 0.020187 0.728884 0.684340
vn 0.045748 0.685369 0.726757
vn 0.168679 0.606334 0.777115
vn 0.195371 0.530028 0.825167
vn 0.066040 0.623927 0.778687
vn 0.071013 0.543208 0.836590
vn 0.199751 0.432468 0.879245
vn 0.179710 0.320573 0.930020
vn 0.062372 0.444105 0.893801
vn 0.046406 0.331807 0.942205
vn 0.159867 0.211282 0.964263
vn 0.195209 0.143898 0.970148
vn 0.048169 0.230332 0.971919
vn 0.084298 0.141795 0.986300
vn -0.484499 0.462896 -0.742286
vn -0.241588 0.928387 -0.282370
vn -0.093892 0.956355 -0.276712
vn -0.038371 0.170662 -0.984582
vn -0.060458 0.313616 -0.947623
vn -0.043149 0.033942 -0.998492
vn -0.070231 0.968649 -0.238300
vn -0.045206 0.977912 -0.204072
vn -0.085837 0.442913 -0.892446
vn -0.085352 0.543574 -0.835010
vn -0.020100 0.986889 -0.160145
vn 0.003928 0.993196 -0.116390
vn -0.069390 0.623702 -0.778576
vn -0.045680 0.684848 -0.727253
vn 0.023715 0.996666 -0.078063
vn 0.035120 0.998292 -0.046697
vn -0.019954 0.728177 -0.685098
vn 0.001551 0.757133 -0.653259
vn 0.038199 0.998952 -0.025202
vn 0.031573 0.999427 -0.012176
vn 0.016115 0.774339 -0.632566
vn 0.020500 0.783056 -0.621613
vn 0.018066 0.999820 -0.005843
vn -0.000141 0.999995 -0.003078
vn 0.016393 0.785590 -0.618530
vn 0.005155 0.783957 -0.620794
vn -0.018306 0.999833 -0.000143
vn -0.031668 0.999477 0.006582
vn -0.009184 0.780205 -0.625457
vn -0.022407 0.776011 -0.630322
vn -0.038119 0.999069 0.020191
vn -0.034910 0.998491 0.042399
vn -0.031912 0.773061 -0.633528
vn -0.034119 0.771489 -0.635328
vn -0.023464 0.996938 0.074588
vn -0.003775 0.993491 0.113846
vn -0.027744 0.770577 -0.636743
vn -0.010274 0.767339 -0.641159
vn 0.019005 0.987383 0.157206
vn 0.039495 0.979355 0.198251
vn 0.017492 0.757638 -0.652441
vn 0.055134 0.736319 -0.674384
vn 0.059206 0.971726 0.228568
vn 0.084006 0.963010 0.256038
vn 0.103932 0.694962 -0.711495
vn 0.172222 0.610639 -0.772955
vn 0.242800 0.942506 0.229632
vn 0.545275 0.557150 0.626306
vn 0.313594 0.455660 -0.833086
vn 0.422230 0.283424 -0.861042
vn -0.227169 0.070448 -0.971304
vn -0.200751 0.178459 -0.963250
vn -0.217099 0.320437 -0.922057
vn -0.393411 0.198890 -0.897592
vn -0.386923 0.317145 -0.865858
vn -0.429614 0.098164 -0.897661
vn -0.221960 0.437923 -0.871181
vn -0.204473 0.531358 -0.822101
vn -0.372148 0.416928 -0.829263
vn -0.337949 0.497909 -0.798672
vn -0.170681 0.606000 -0.776938
vn -0.125904 0.662759 -0.738172
vn -0.286013 0.564101 -0.774588
vn -0.218436 0.615789 -0.757027
vn -0.078743 0.702327 -0.707486
vn -0.037318 0.727637 -0.684947
vn -0.146764 0.651970 -0.743905
vn -0.081879 0.674436 -0.733779
vn -0.005441 0.741651 -0.670764
vn 0.012513 0.747793 -0.663814
vn -0.029606 0.686038 -0.726963
vn 0.004109 0.690480 -0.723340
vn 0.018229 0.748634 -0.662733
vn 0.012753 0.746114 -0.665696
vn 0.021069 0.690699 -0.722836
vn 0.022453 0.688447 -0.724939
vn 0.000663 0.741808 -0.670612
vn -0.013117 0.736788 -0.675996
vn 0.013898 0.684614 -0.728773
vn 0.001368 0.679330 -0.733832
vn -0.023885 0.732038 -0.680845
vn -0.025893 0.727349 -0.685780
vn -0.007958 0.672651 -0.739917
vn -0.006045 0.663939 -0.747763
vn -0.015404 0.721726 -0.692007
vn 0.012287 0.712435 -0.701631
vn 0.013332 0.651848 -0.758232
vn 0.056858 0.633664 -0.771516
vn 0.057210 0.695065 -0.716667
vn 0.120251 0.663508 -0.738442
vn 0.125193 0.604576 -0.786647
vn 0.219034 0.558851 -0.799819
vn 0.210987 0.607212 -0.766015
vn 0.346424 0.502671 -0.792031
vn 0.353355 0.486206 -0.799215
vn 0.534586 0.369834 -0.759895
vn 0.502367 0.344259 -0.793166
vn 0.629131 0.218920 -0.745834
vn 0.684980 0.221674 -0.694019
vn 0.789702 0.118872 -0.601863
vn -0.569830 0.116749 -0.813427
vn -0.528815 0.203492 -0.823981
vn -0.508957 0.305196 -0.804872
vn -0.621927 0.205139 -0.755728
vn -0.592705 0.301237 -0.746965
vn -0.663357 0.121459 -0.738380
vn -0.479621 0.389942 -0.786072
vn -0.433042 0.457942 -0.776379
vn -0.551605 0.378641 -0.743211
vn -0.494562 0.438767 -0.750261
vn -0.368404 0.513309 -0.775108
vn -0.285011 0.556747 -0.780257
vn -0.419995 0.486377 -0.766186
vn -0.325685 0.522990 -0.787662
vn -0.195903 0.586768 -0.785701
vn -0.114230 0.604707 -0.788214
vn -0.225271 0.547337 -0.806025
vn -0.133588 0.561014 -0.816956
vn -0.047585 0.613505 -0.788256
vn -0.003140 0.616862 -0.787066
vn -0.059049 0.567495 -0.821257
vn -0.008926 0.570108 -0.821522
vn 0.021527 0.617528 -0.786254
vn 0.028647 0.616394 -0.786917
vn 0.020195 0.571032 -0.820680
vn 0.031764 0.570338 -0.820795
vn 0.024990 0.613353 -0.789414
vn 0.017547 0.607429 -0.794180
vn 0.033449 0.567176 -0.822917
vn 0.033195 0.559878 -0.827910
vn 0.014957 0.597697 -0.801583
vn 0.026481 0.582991 -0.812047
vn 0.040064 0.547029 -0.836154
vn 0.063511 0.527202 -0.847363
vn 0.059263 0.561725 -0.825198
vn 0.120263 0.531406 -0.838537
vn 0.110400 0.498588 -0.859780
vn 0.186658 0.459002 -0.868606
vn 0.208483 0.488077 -0.847535
vn 0.320753 0.429299 -0.844287
vn 0.287856 0.405733 -0.867479
vn 0.406751 0.339145 -0.848254
vn 0.473542 0.350083 -0.808208
vn 0.656748 0.244444 -0.713393
vn 0.559908 0.258580 -0.787172
vn 0.727627 0.166377 -0.665491
vn 0.780223 0.134824 -0.610799
vn 0.858290 0.071019 -0.508227
vn 0.827258 0.085123 -0.555336
vn 0.888159 0.043833 -0.457441
vn -0.731663 0.103447 -0.673771
vn -0.691179 0.179335 -0.700079
vn -0.656724 0.265813 -0.705731
vn -0.742752 0.114760 -0.659658
vn -0.707650 0.175342 -0.684461
vn -0.781475 0.061956 -0.620852
vn -0.607061 0.334905 -0.720636
vn -0.541646 0.387263 -0.746088
vn -0.653628 0.224973 -0.722605
vn -0.582382 0.262534 -0.769355
vn -0.459233 0.427472 -0.778699
vn -0.356460 0.457677 -0.814535
vn -0.493723 0.290802 -0.819556
vn -0.384097 0.311783 -0.869058
vn -0.247565 0.477121 -0.843248
vn -0.148996 0.487699 -0.860203
vn -0.268502 0.325448 -0.906637
vn -0.164680 0.333401 -0.928291
vn -0.069131 0.492941 -0.867312
vn -0.014732 0.495512 -0.868476
vn -0.080665 0.338247 -0.937594
vn -0.022309 0.341657 -0.939560
vn 0.018402 0.496761 -0.867692
vn 0.034675 0.496309 -0.867453
vn 0.015108 0.344118 -0.938805
vn 0.036804 0.344825 -0.937945
vn 0.042482 0.492808 -0.869101
vn 0.050228 0.484425 -0.873390
vn 0.051548 0.342405 -0.938137
vn 0.067864 0.335224 -0.939691
vn 0.067090 0.469551 -0.880353
vn 0.102344 0.446728 -0.888797
vn 0.094703 0.321857 -0.942040
vn 0.140629 0.301236 -0.943123
vn 0.161740 0.414176 -0.895711
vn 0.249371 0.370598 -0.894691
vn 0.209934 0.272163 -0.939071
vn 0.305020 0.234331 -0.923067
vn 0.357741 0.314313 -0.879334
vn 0.476550 0.247766 -0.843512
vn 0.415674 0.187783 -0.889917
vn 0.530075 0.136034 -0.836968
vn 0.621186 0.173261 -0.764270
vn 0.768897 0.101406 -0.631280
vn 0.661275 0.083338 -0.745500
vn 0.788109 0.045509 -0.613851
vn 0.850156 0.052360 -0.523922
vn 0.899828 0.032384 -0.435041
vn 0.855930 0.037272 -0.515747
vn 0.898998 0.040881 -0.436041
vn -0.814358 0.027751 -0.579700
vn -0.775372 0.060981 -0.628554
vn -0.739066 0.098491 -0.666394
vn -0.795122 0.026430 -0.605873
vn -0.757010 0.049096 -0.651557
vn -0.835540 0.005514 -0.549401
vn -0.681599 0.129164 -0.720235
vn -0.605695 0.152018 -0.781041
vn -0.696582 0.067112 -0.714332
vn -0.617040 0.080156 -0.782839
vn -0.512503 0.168740 -0.841942
vn -0.399222 0.181173 -0.898776
vn -0.520928 0.089490 -0.848897
vn -0.406406 0.096737 -0.908558
vn -0.280862 0.189911 -0.940771
vn -0.175455 0.196040 -0.964772
vn -0.288068 0.102856 -0.952070
vn -0.183336 0.108468 -0.977048
vn -0.090250 0.200967 -0.975432
vn -0.030137 0.205428 -0.978208
vn -0.098696 0.114219 -0.988541
vn -0.038194 0.120063 -0.992031
vn 0.010184 0.209313 -0.977796
vn 0.036403 0.211592 -0.976680
vn 0.003824 0.125597 -0.992074
vn 0.033440 0.129737 -0.990984
vn 0.057103 0.211094 -0.975796
vn 0.080812 0.206474 -0.975109
vn 0.058978 0.131424 -0.989570
vn 0.088698 0.129628 -0.987588
vn 0.115908 0.196719 -0.973585
vn 0.170137 0.181231 -0.968612
vn 0.130273 0.123593 -0.983745
vn 0.191086 0.112876 -0.975062
vn 0.246591 0.159210 -0.955952
vn 0.346012 0.130993 -0.929041
vn 0.273095 0.096898 -0.957094
vn 0.375445 0.076350 -0.923695
vn 0.456589 0.097606 -0.884308
vn 0.566101 0.062226 -0.821984
vn 0.485464 0.052400 -0.872685
vn 0.590643 0.027840 -0.806453
vn 0.682079 0.030289 -0.730651
vn 0.788425 0.017901 -0.614870
vn 0.692238 0.007765 -0.721627
vn 0.779222 0.005195 -0.626726
vn 0.846431 0.034629 -0.531372
vn 0.886812 0.051844 -0.459214
vn 0.829095 0.026170 -0.558494
vn 0.869998 0.044397 -0.491053
vn -0.848139 -0.009046 -0.529697
vn -0.805968 0.002498 -0.591954
vn -0.766236 0.014083 -0.642405
vn -0.810769 -0.010412 -0.585273
vn -0.769859 -0.007219 -0.638174
vn -0.854884 -0.014573 -0.518615
vn -0.703880 0.022870 -0.709951
vn -0.622171 0.029096 -0.782341
vn -0.706720 -0.005004 -0.707476
vn -0.624056 -0.003333 -0.781372
vn -0.524589 0.033505 -0.850696
vn -0.410418 0.037485 -0.911127
vn -0.526048 -0.002072 -0.850453
vn -0.413167 -0.000189 -0.910655
vn -0.293681 0.042153 -0.954974
vn -0.190886 0.047766 -0.980449
vn -0.298700 0.003271 -0.954342
vn -0.198318 0.008470 -0.980101
vn -0.107631 0.054404 -0.992701
vn -0.047359 0.061574 -0.996978
vn -0.116859 0.015191 -0.993032
vn -0.057233 0.022903 -0.998098
vn -0.004232 0.068581 -0.997637
vn 0.027908 0.074553 -0.996827
vn -0.013607 0.030897 -0.999430
vn 0.020047 0.038417 -0.999061
vn 0.057114 0.078695 -0.995261
vn 0.091576 0.080030 -0.992577
vn 0.051954 0.044602 -0.997653
vn 0.090103 0.048705 -0.994741
vn 0.138343 0.077830 -0.987321
vn 0.204500 0.071680 -0.976239
vn 0.141072 0.050077 -0.988732
vn 0.211471 0.048262 -0.976192
vn 0.290758 0.061357 -0.954827
vn 0.395337 0.047439 -0.917310
vn 0.301147 0.043071 -0.952605
vn 0.407676 0.034841 -0.912462
vn 0.504866 0.031004 -0.862641
vn 0.606719 0.014327 -0.794788
vn 0.517010 0.024510 -0.855629
vn 0.616613 0.013766 -0.787146
vn 0.697846 0.001063 -0.716247
vn 0.770192 -0.000586 -0.637812
vn 0.701499 0.004991 -0.712653
vn 0.765209 0.001717 -0.643779
vn 0.814001 0.013017 -0.580717
vn 0.856258 0.024634 -0.515961
vn 0.805191 0.005121 -0.592994
vn 0.847030 0.008580 -0.531476
vn -0.857546 -0.013003 -0.514243
vn -0.811503 -0.014061 -0.584179
vn -0.770097 -0.016495 -0.637714
vn -0.809855 -0.009670 -0.586551
vn -0.768416 -0.014947 -0.639776
vn -0.857725 -0.005933 -0.514075
vn -0.707349 -0.018505 -0.706622
vn -0.624735 -0.019788 -0.780586
vn -0.706517 -0.019502 -0.707427
vn -0.624172 -0.023174 -0.780943
vn -0.526789 -0.020801 -0.849742
vn -0.415256 -0.020791 -0.909467
vn -0.526279 -0.026570 -0.849897
vn -0.415935 -0.028935 -0.908934
vn -0.303061 -0.018845 -0.952785
vn -0.205093 -0.014823 -0.978630
vn -0.305768 -0.029311 -0.951655
vn -0.210377 -0.027323 -0.977239
vn -0.125778 -0.008783 -0.992020
vn -0.067451 -0.001251 -0.997722
vn -0.133592 -0.022845 -0.990773
vn -0.076969 -0.016484 -0.996897
vn -0.024059 0.007060 -0.999686
vn 0.010475 0.015413 -0.999826
vn -0.034577 -0.008730 -0.999364
vn -0.000086 -0.000267 -1.000000
vn 0.044134 0.023094 -0.998759
vn 0.084814 0.029479 -0.995961
vn 0.034414 0.008196 -0.999374
vn 0.076815 0.015991 -0.996917
vn 0.139022 0.033850 -0.989711
vn 0.212892 0.035733 -0.976422
vn 0.133406 0.022426 -0.990808
vn 0.210212 0.026902 -0.977286
vn 0.305614 0.034708 -0.951523
vn 0.414019 0.031015 -0.909740
vn 0.305716 0.028890 -0.951685
vn 0.416008 0.028518 -0.908914
vn 0.523685 0.025307 -0.851536
vn 0.622051 0.018875 -0.782749
vn 0.526419 0.026128 -0.849824
vn 0.624316 0.022777 -0.780840
vn 0.704488 0.012922 -0.709599
vn 0.765652 0.007376 -0.643212
vn 0.706703 0.019083 -0.707253
vn 0.768831 0.013817 -0.639302
vn 0.804503 0.002284 -0.593944
vn 0.843884 -0.000330 -0.536525
vn 0.807746 0.007087 -0.589489
vn 0.843853 0.003323 -0.536565
vn -0.857078 0.003792 -0.515173
vn -0.807315 -0.000579 -0.590120
vn -0.765770 -0.006760 -0.643079
vn -0.804713 0.009496 -0.593588
vn -0.762387 0.003523 -0.647112
vn -0.856676 0.013029 -0.515690
vn -0.704350 -0.013030 -0.709733
vn -0.621785 -0.019262 -0.782951
vn -0.700144 -0.004500 -0.713987
vn -0.616244 -0.014118 -0.787429
vn -0.523465 -0.025733 -0.851659
vn -0.413900 -0.031439 -0.909780
vn -0.516761 -0.024834 -0.855770
vn -0.407512 -0.035193 -0.912522
vn -0.305651 -0.035127 -0.951496
vn -0.213025 -0.036189 -0.976376
vn -0.301125 -0.043459 -0.952594
vn -0.211483 -0.048737 -0.976166
vn -0.139133 -0.034395 -0.989676
vn -0.084969 -0.030031 -0.995931
vn -0.141194 -0.050505 -0.988693
vn -0.090270 -0.049135 -0.994705
vn -0.044307 -0.023640 -0.998738
vn -0.010666 -0.015910 -0.999817
vn -0.052209 -0.045029 -0.997621
vn -0.020372 -0.038776 -0.999040
vn 0.023821 -0.007470 -0.999688
vn 0.067199 0.000876 -0.997739
vn 0.013363 -0.031225 -0.999423
vn 0.057020 -0.023183 -0.998104
vn 0.125600 0.008410 -0.992045
vn 0.204945 0.014456 -0.978667
vn 0.116684 -0.015459 -0.993049
vn 0.198193 -0.008731 -0.980124
vn 0.302990 0.018472 -0.952815
vn 0.415376 0.020377 -0.909422
vn 0.298705 -0.003572 -0.954339
vn 0.413284 -0.000128 -0.910602
vn 0.526908 0.020373 -0.849678
vn 0.624762 0.019408 -0.780574
vn 0.526148 0.001736 -0.850391
vn 0.624004 0.003051 -0.781415
vn 0.707677 0.018156 -0.706302
vn 0.771242 0.015717 -0.636348
vn 0.707108 0.004806 -0.707089
vn 0.771475 0.006737 -0.636224
vn 0.810215 0.012295 -0.586003
vn 0.843730 0.010877 -0.536658
vn 0.810076 0.009217 -0.586253
vn 0.841283 0.012821 -0.540443
vn -0.857593 0.018957 -0.513980
vn -0.802787 0.016837 -0.596028
vn -0.758345 0.010893 -0.651762
vn -0.801283 0.016929 -0.598046
vn -0.752918 0.009650 -0.658043
vn -0.859873 0.018054 -0.510189
vn -0.693218 0.000035 -0.720728
vn -0.606289 -0.014593 -0.795111
vn -0.682155 -0.006164 -0.731181
vn -0.590100 -0.028102 -0.806841
vn -0.504513 -0.031311 -0.862836
vn -0.395081 -0.047787 -0.917402
vn -0.485027 -0.052693 -0.872910
vn -0.375174 -0.076633 -0.923781
vn -0.290667 -0.061729 -0.954831
vn -0.204629 -0.072023 -0.976186
vn -0.273033 -0.097196 -0.957082
vn -0.191305 -0.113129 -0.974989
vn -0.138569 -0.078130 -0.987266
vn -0.091755 -0.080304 -0.992538
vn -0.130618 -0.123845 -0.983667
vn -0.089067 -0.129802 -0.987532
vn -0.057411 -0.078935 -0.995225
vn -0.028271 -0.074747 -0.996802
vn -0.059411 -0.131497 -0.989535
vn -0.033853 -0.129778 -0.990965
vn 0.003893 -0.068714 -0.997629
vn 0.047135 -0.061675 -0.996983
vn -0.004120 -0.125628 -0.992069
vn 0.038064 -0.120145 -0.992026
vn 0.107539 -0.054517 -0.992705
vn 0.190848 -0.047891 -0.980451
vn 0.098680 -0.114275 -0.988536
vn 0.183510 -0.108558 -0.977005
vn 0.293801 -0.042338 -0.954929
vn 0.410642 -0.037713 -0.911016
vn 0.288359 -0.103018 -0.951964
vn 0.406655 -0.096888 -0.908430
vn 0.524670 -0.033688 -0.850639
vn 0.622013 -0.029230 -0.782461
vn 0.521047 -0.089648 -0.848807
vn 0.616894 -0.080295 -0.782940
vn 0.704341 -0.022977 -0.709490
vn 0.768235 -0.014342 -0.640007
vn 0.697096 -0.067181 -0.713824
vn 0.759238 -0.049045 -0.648963
vn 0.805660 -0.003181 -0.592370
vn 0.834140 0.007844 -0.551497
vn 0.794923 -0.026387 -0.606137
vn 0.820322 -0.005843 -0.571873
vn -0.863053 0.009192 -0.505030
vn -0.799377 0.007151 -0.600787
vn -0.744781 -0.004327 -0.667295
vn -0.794678 -0.015803 -0.606825
vn -0.731249 -0.035559 -0.681183
vn -0.864772 -0.009656 -0.502071
vn -0.665023 -0.028100 -0.746294
vn -0.565444 -0.059904 -0.822608
vn -0.638727 -0.071039 -0.766147
vn -0.529429 -0.115214 -0.840494
vn -0.456086 -0.094034 -0.884954
vn -0.345746 -0.126265 -0.929794
vn -0.415590 -0.159812 -0.895402
vn -0.305658 -0.200179 -0.930861
vn -0.246709 -0.153502 -0.956855
vn -0.170586 -0.174757 -0.969722
vn -0.211272 -0.233231 -0.949193
vn -0.142367 -0.258752 -0.955395
vn -0.116487 -0.189790 -0.974890
vn -0.081499 -0.199196 -0.976565
vn -0.096602 -0.276910 -0.956028
vn -0.069610 -0.288705 -0.954884
vn -0.057714 -0.203643 -0.977343
vn -0.036836 -0.204183 -0.978240
vn -0.052741 -0.295151 -0.953994
vn -0.037415 -0.297370 -0.954029
vn -0.010383 -0.201969 -0.979337
vn 0.030209 -0.198275 -0.979681
vn -0.014926 -0.296873 -0.954800
vn 0.023207 -0.294759 -0.955290
vn 0.090464 -0.193972 -0.976827
vn 0.175991 -0.189226 -0.966034
vn 0.082209 -0.291846 -0.952926
vn 0.167002 -0.287618 -0.943073
vn 0.281551 -0.183346 -0.941867
vn 0.399841 -0.174894 -0.899744
vn 0.271367 -0.280498 -0.920696
vn 0.387268 -0.268277 -0.882072
vn 0.512891 -0.162837 -0.842868
vn 0.605720 -0.146593 -0.782057
vn 0.496775 -0.249527 -0.831234
vn 0.585062 -0.224521 -0.779290
vn 0.682273 -0.124448 -0.720428
vn 0.741412 -0.094502 -0.664362
vn 0.656503 -0.191620 -0.729579
vn 0.711380 -0.148250 -0.686994
vn 0.774912 -0.057976 -0.629405
vn 0.796887 -0.026158 -0.603562
vn 0.742263 -0.096013 -0.663194
vn 0.760862 -0.051352 -0.646879
vn -0.861933 -0.037366 -0.505644
vn -0.783527 -0.052273 -0.619154
vn -0.707823 -0.085636 -0.701180
vn -0.759946 -0.103366 -0.641715
vn -0.668467 -0.156318 -0.727129
vn -0.848933 -0.073511 -0.523363
vn -0.598411 -0.136217 -0.789525
vn -0.477927 -0.193248 -0.856879
vn -0.539859 -0.223826 -0.811452
vn -0.409207 -0.291571 -0.864601
vn -0.360495 -0.247026 -0.899456
vn -0.253310 -0.293243 -0.921869
vn -0.291285 -0.350634 -0.890061
vn -0.190729 -0.398573 -0.897085
vn -0.166382 -0.329606 -0.929342
vn -0.107195 -0.357049 -0.927915
vn -0.114730 -0.434638 -0.893268
vn -0.067785 -0.461023 -0.884796
vn -0.071673 -0.376447 -0.923662
vn -0.053973 -0.389181 -0.919579
vn -0.044042 -0.479360 -0.876513
vn -0.036492 -0.491267 -0.870245
vn -0.045033 -0.396406 -0.916970
vn -0.035801 -0.399459 -0.916052
vn -0.035859 -0.497977 -0.866448
vn -0.032878 -0.500901 -0.864880
vn -0.017841 -0.399985 -0.916348
vn 0.017099 -0.398983 -0.916799
vn -0.019801 -0.501547 -0.864904
vn 0.011061 -0.500649 -0.865580
vn 0.073486 -0.396829 -0.914946
vn 0.155382 -0.392189 -0.906666
vn 0.063097 -0.498080 -0.864832
vn 0.139487 -0.491768 -0.859481
vn 0.255800 -0.382664 -0.887769
vn 0.366086 -0.365438 -0.855825
vn 0.232775 -0.478552 -0.846642
vn 0.334269 -0.455474 -0.825111
vn 0.469432 -0.339023 -0.815289
vn 0.551523 -0.304468 -0.776609
vn 0.428852 -0.421222 -0.799161
vn 0.502940 -0.377237 -0.777653
vn 0.616295 -0.260363 -0.743231
vn 0.665061 -0.203253 -0.718597
vn 0.559148 -0.322324 -0.763846
vn 0.598970 -0.252214 -0.760015
vn 0.692192 -0.134539 -0.709063
vn 0.707476 -0.076207 -0.702617
vn 0.620056 -0.167641 -0.766438
vn 0.632597 -0.095886 -0.768522
vn -0.815948 -0.117291 -0.566103
vn -0.713488 -0.171002 -0.679480
vn -0.602271 -0.253319 -0.757033
vn -0.620708 -0.261786 -0.739047
vn -0.490058 -0.383882 -0.782610
vn -0.740232 -0.170134 -0.650470
vn -0.456109 -0.340162 -0.822347
vn -0.321292 -0.414091 -0.851646
vn -0.341758 -0.485391 -0.804734
vn -0.219770 -0.554810 -0.802426
vn -0.209286 -0.471409 -0.856722
vn -0.121338 -0.513975 -0.849180
vn -0.125591 -0.600051 -0.790041
vn -0.057144 -0.629072 -0.775244
vn -0.060534 -0.543959 -0.836926
vn -0.027970 -0.565097 -0.824550
vn -0.013713 -0.647398 -0.762029
vn 0.005378 -0.659672 -0.751534
vn -0.016552 -0.579704 -0.814659
vn -0.018999 -0.589349 -0.807655
vn 0.007051 -0.668495 -0.743683
vn -0.002382 -0.675137 -0.737689
vn -0.026132 -0.595169 -0.803176
vn -0.029214 -0.598128 -0.800868
vn -0.014773 -0.680322 -0.732764
vn -0.022972 -0.684024 -0.729098
vn -0.021418 -0.599170 -0.800335
vn 0.004150 -0.598469 -0.801135
vn -0.021031 -0.686166 -0.727140
vn -0.003323 -0.685887 -0.727701
vn 0.049501 -0.595087 -0.802135
vn 0.116769 -0.586261 -0.801663
vn 0.031083 -0.681434 -0.731220
vn 0.083810 -0.669878 -0.737726
vn 0.198853 -0.568397 -0.798363
vn 0.287991 -0.538683 -0.791758
vn 0.148896 -0.647569 -0.747319
vn 0.220346 -0.611646 -0.759827
vn 0.370965 -0.495888 -0.785163
vn 0.435007 -0.441563 -0.784724
vn 0.287355 -0.560391 -0.776781
vn 0.338422 -0.494685 -0.800473
vn 0.480400 -0.374847 -0.792910
vn 0.507625 -0.291484 -0.810774
vn 0.371231 -0.414150 -0.831064
vn 0.384270 -0.316454 -0.867291
vn 0.519168 -0.192254 -0.832768
vn 0.529673 -0.108738 -0.841203
vn 0.384436 -0.205323 -0.900029
vn 0.392611 -0.113735 -0.912645
vn -0.562966 -0.262385 -0.783724
vn -0.445155 -0.372116 -0.814473
vn -0.318315 -0.507561 -0.800661
vn -0.269926 -0.459011 -0.846433
vn -0.158535 -0.604222 -0.780886
vn -0.353425 -0.311141 -0.882203
vn -0.208136 -0.603318 -0.769862
vn -0.123485 -0.658888 -0.742036
vn -0.103394 -0.692036 -0.714420
vn -0.056774 -0.738587 -0.671763
vn -0.058837 -0.690640 -0.720801
vn -0.012981 -0.708205 -0.705887
vn -0.018209 -0.762170 -0.647121
vn 0.010459 -0.772871 -0.634476
vn 0.015064 -0.717780 -0.696107
vn 0.025290 -0.723700 -0.689652
vn 0.028564 -0.777075 -0.628760
vn 0.034646 -0.778912 -0.626176
vn 0.022777 -0.728532 -0.684633
vn 0.011739 -0.733269 -0.679838
vn 0.031722 -0.781144 -0.623544
vn 0.021605 -0.784402 -0.619876
vn -0.002012 -0.738165 -0.674617
vn -0.013747 -0.742285 -0.669944
vn 0.007973 -0.788502 -0.614980
vn -0.006402 -0.791906 -0.610609
vn -0.018506 -0.744631 -0.667219
vn -0.011701 -0.743674 -0.668441
vn -0.017214 -0.793129 -0.608810
vn -0.020369 -0.790274 -0.612415
vn 0.007436 -0.737496 -0.675310
vn 0.040335 -0.723519 -0.689125
vn -0.014761 -0.781454 -0.623789
vn 0.001050 -0.764434 -0.644702
vn 0.082430 -0.698344 -0.711000
vn 0.129672 -0.659042 -0.740844
vn 0.023527 -0.736043 -0.676526
vn 0.049555 -0.693552 -0.718700
vn 0.173849 -0.602686 -0.778811
vn 0.206283 -0.528469 -0.823510
vn 0.072665 -0.633296 -0.770490
vn 0.086741 -0.553496 -0.828322
vn 0.224385 -0.435602 -0.871724
vn 0.226737 -0.324130 -0.918439
vn 0.090874 -0.452568 -0.887087
vn 0.085514 -0.330323 -0.939986
vn 0.217901 -0.201364 -0.954972
vn 0.230253 -0.111859 -0.966680
vn 0.085129 -0.209161 -0.974169
vn 0.094159 -0.100886 -0.990432
vn -0.525075 -0.489696 0.696057
vn -0.257086 -0.931158 0.258558
vn -0.102330 -0.957263 0.270511
vn -0.071362 -0.971181 0.227411
vn -0.045375 -0.980888 0.189210
vn -0.020879 -0.988793 0.147827
vn 0.003127 -0.994239 0.107141
vn 0.023148 -0.997153 0.071759
vn 0.034833 -0.998466 0.043048
vn 0.038103 -0.999003 0.023256
vn 0.031627 -0.999435 0.011338
vn 0.018187 -0.999820 0.005424
vn -0.000027 -0.999996 0.002766
vn -0.018216 -0.999834 -0.000005
vn -0.031577 -0.999482 -0.006237
vn -0.037975 -0.999105 -0.018636
vn -0.034681 -0.998636 -0.039018
vn -0.023056 -0.997391 -0.068407
vn -0.003193 -0.994518 -0.104518
vn 0.020599 -0.989078 -0.145947
vn 0.044872 -0.981137 -0.188035
vn 0.070481 -0.971335 -0.227028
vn 0.100941 -0.956865 -0.272435
vn 0.257063 -0.928928 -0.266481
vn 0.494923 -0.479859 -0.724422
vn 0.909597 -0.243827 -0.336424
vn 0.925484 -0.140067 -0.351940
vn 0.946452 -0.106850 -0.304651
vn 0.962806 -0.077459 -0.258852
vn 0.976788 -0.049831 -0.208331
vn 0.987222 -0.023754 -0.157570
vn 0.993637 -0.001757 -0.112616
vn 0.997130 0.012671 -0.074638
vn 0.998737 0.019516 -0.046298
vn 0.999506 0.017894 -0.025838
vn 0.999878 0.010440 -0.011632
vn 1.000000 -0.000701 -0.000627
vn 0.999910 -0.011414 0.006992
vn 0.999679 -0.018460 0.017373
vn 0.999072 -0.021747 0.037191
vn 0.997666 -0.019609 0.065402
vn 0.992820 -0.016066 0.118534
vn 0.982537 0.010808 0.185754
vn 0.970307 0.074048 0.230265
vn 0.955525 0.117477 0.270502
vn 0.943371 0.138264 0.301552
vn 0.933689 0.159793 0.320453
vn 0.925812 0.254694 0.279291
vn -0.922635 -0.237364 0.303980
vn -0.942391 -0.137286 0.305045
vn -0.958896 -0.107349 0.262667
vn -0.971610 -0.078507 0.223182
vn -0.982539 -0.050479 0.179077
vn -0.990534 -0.024000 0.135157
vn -0.995351 -0.001755 0.096302
vn -0.997895 0.012781 0.063580
vn -0.999041 0.019608 0.039148
vn -0.999606 0.017912 0.021617
vn -0.999900 0.010568 0.009359
vn -1.000000 0.000036 -0.000068
vn -0.999900 -0.010497 -0.009519
vn -0.999603 -0.017839 -0.021807
vn -0.999035 -0.019527 -0.039332
vn -0.997886 -0.012701 -0.063737
vn -0.995322 0.001774 -0.096595
vn -0.990379 0.027868 -0.135544
vn -0.981750 0.065446 -0.178559
vn -0.970186 0.093398 -0.223644
vn -0.958812 0.110503 -0.261665
vn -0.944532 0.130891 -0.301209
vn -0.921332 0.226406 -0.316050
s 1
g pCube1
usemtl initialShadingGroup
f 1/1477/1 675/714/2 678/1476/3
f 678/1476/3 675/714/2 1011/378/4
f 675/714/2 2/3/5 1011/378/4
f 1011/378/4 2/3/5 676/716/6
f 1011/378/4 676/716/6 677/717/7
f 677/717/7 676/716/6 15/28/8
f 678/1476/3 1011/378/4 14/1473/9
f 14/1473/9 1011/378/4 677/717/7
f 2/3/5 679/719/10 676/716/6
f 676/716/6 679/719/10 1012/379/11
f 679/719/10 3/5/12 1012/379/11
f 1012/379/11 3/5/12 680/721/13
f 1012/379/11 680/721/13 681/722/14
f 681/722/14 680/721/13 16/29/15
f 676/716/6 1012/379/11 15/28/8
f 15/28/8 1012/379/11 681/722/14
f 3/5/12 682/723/16 680/721/13
f 680/721/13 682/723/16 1013/380/17
f 682/723/16 4/7/18 1013/380/17
f 1013/380/17 4/7/18 683/725/19
f 1013/380/17 683/725/19 684/726/20
f 684/726/20 683/725/19 17/30/21
f 680/721/13 1013/380/17 16/29/15
f 16/29/15 1013/380/17 684/726/20
f 4/7/18 685/727/22 683/725/19
f 683/725/19 685/727/22 1014/381/23
f 685/727/22 5/9/24 1014/381/23
f 1014/381/23 5/9/24 686/729/25
f 1014/381/23 686/729/25 687/730/26
f 687/730/26 686/729/25 18/31/27
f 683/725/19 1014/381/23 17/30/21
f 17/30/21 1014/381/23 687/730/26
f 5/9/24 688/731/28 686/729/25
f 686/729/25 688/731/28 1015/382/29
f 688/731/28 6/11/30 1015/382/29
f 1015/382/29 6/11/30 689/733/31
f 1015/382/29 689/733/31 690/734/32
f 690/734/32 689/733/31 19/32/33
f 686/729/25 1015/382/29 18/31/27
f 18/31/27 1015/382/29 690/734/32
f 6/11/30 691/735/34 689/733/31
f 689/733/31 691/735/34 1016/383/35
f 691/735/34 7/13/36 1016/383/35
f 1016/383/35 7/13/36 692/737/37
f 1016/383/35 692/737/37 693/738/38
f 693/738/38 692/737/37 20/33/39
f 689/733/31 1016/383/35 19/32/33
f 19/32/33 1016/383/35 693/738/38
f 7/13/36 694/739/40 692/737/37
f 692/737/37 694/739/40 1017/384/41
f 694/739/40 8/15/42 1017/384/41
f 1017/384/41 8/15/42 695/741/43
f 1017/384/41 695/741/43 696/742/44
f 696/742/44 695/741/43 21/34/45
f 692/737/37 1017/384/41 20/33/39
f 20/33/39 1017/384/41 696/742/44
f 8/15/42 697/743/46 695/741/43
f 695/741/43 697/743/46 1018/385/47
f 697/743/46 9/17/48 1018/385/47
f 1018/385/47 9/17/48 698/745/49
f 1018/385/47 698/745/49 699/746/50
f 699/746/50 698/745/49 22/35/51
f 695/741/43 1018/385/47 21/34/45
f 21/34/45 1018/385/47 699/746/50
f 9/17/48 700/747/52 698/745/49
f 698/745/49 700/747/52 1019/386/53
f 700/747/52 10/19/54 1019/386/53
f 1019/386/53 10/19/54 701/749/55
f 1019/386/53 701/749/55 702/750/56
f 702/750/56 701/749/55 23/36/57
f 698/745/49 1019/386/53 22/35/51
f 22/35/51 1019/386/53 702/750/56
f 10/19/54 703/751/58 701/749/55
f 701/749/55 703/751/58 1020/387/59
f 703/751/58 11/21/60 1020/387/59
f 1020/387/59 11/21/60 704/753/61
f 1020/387/59 704/753/61 705/754/62
f 705/754/62 704/753/61 24/37/63
f 701/749/55 1020/387/59 23/36/57
f 23/36/57 1020/387/59 705/754/62
f 11/21/60 706/755/64 704/753/61
f 704/753/61 706/755/64 1021/388/65
f 706/755/64 12/23/66 1021/388/65
f 1021/388/65 12/23/66 707/757/67
f 1021/388/65 707/757/67 708/758/68
f 708/758/68 707/757/67 25/38/69
f 704/753/61 1021/388/65 24/37/63
f 24/37/63 1021/388/65 708/758/68
f 12/23/66 709/759/70 707/757/67
f 707/757/67 709/759/70 1022/389/71
f 709/759/70 13/25/72 1022/389/71
f 1022/389/71 13/25/72 710/1474/73
f 1022/389/71 710/1474/73 711/762/74
f 711/762/74 710/1474/73 26/1471/75
f 707/757/67 1022/389/71 25/38/69
f 25/38/69 1022/389/71 711/762/74
f 14/1473/9 677/717/7 714/1472/76
f 714/1472/76 677/717/7 1023/390/77
f 677/717/7 15/28/8 1023/390/77
f 1023/390/77 15/28/8 712/763/78
f 1023/390/77 712/763/78 713/764/79
f 713/764/79 712/763/78 28/41/80
f 714/1472/76 1023/390/77 27/1469/81
f 27/1469/81 1023/390/77 713/764/79
f 15/28/8 681/722/14 712/763/78
f 712/763/78 681/722/14 1024/391/82
f 681/722/14 16/29/15 1024/391/82
f 1024/391/82 16/29/15 715/766/83
f 1024/391/82 715/766/83 716/767/84
f 716/767/84 715/766/83 29/42/85
f 712/763/78 1024/391/82 28/41/80
f 28/41/80 1024/391/82 716/767/84
f 16/29/15 684/726/20 715/766/83
f 715/766/83 684/726/20 1025/392/86
f 684/726/20 17/30/21 1025/392/86
f 1025/392/86 17/30/21 717/768/87
f 1025/392/86 717/768/87 718/769/88
f 718/769/88 717/768/87 30/43/89
f 715/766/83 1025/392/86 29/42/85
f 29/42/85 1025/392/86 718/769/88
f 17/30/21 687/730/26 717/768/87
f 717/768/87 687/730/26 1026/393/90
f 687/730/26 18/31/27 1026/393/90
f 1026/393/90 18/31/27 719/770/91
f 1026/393/90 719/770/91 720/771/92
f 720/771/92 719/770/91 31/44/93
f 717/768/87 1026/393/90 30/43/89
f 30/43/89 1026/393/90 720/771/92
f 18/31/27 690/734/32 719/770/91
f 719/770/91 690/734/32 1027/394/94
f 690/734/32 19/32/33 1027/394/94
f 1027/394/94 19/32/33 721/772/95
f 1027/394/94 721/772/95 722/773/96
f 722/773/96 721/772/95 32/45/97
f 719/770/91 1027/394/94 31/44/93
f 31/44/93 1027/394/94 722/773/96
f 19/32/33 693/738/38 721/772/95
f 721/772/95 693/738/38 1028/395/98
f 693/738/38 20/33/39 1028/395/98
f 1028/395/98 20/33/39 723/774/99
f 1028/395/98 723/774/99 724/775/100
f 724/775/100 723/774/99 33/46/101
f 721/772/95 1028/395/98 32/45/97
f 32/45/97 1028/395/98 724/775/100
f 20/33/39 696/742/44 723/774/99
f 723/774/99 696/742/44 1029/396/102
f 696/742/44 21/34/45 1029/396/102
f 1029/396/102 21/34/45 725/776/103
f 1029/396/102 725/776/103 726/777/104
f 726/777/104 725/776/103 34/47/105
f 723/774/99 1029/396/102 33/46/101
f 33/46/101 1029/396/102 726/777/104
f 21/34/45 699/746/50 725/776/103
f 725/776/103 699/746/50 1030/397/106
f 699/746/50 22/35/51 1030/397/106
f 1030/397/106 22/35/51 727/778/107
f 1030/397/106 727/778/107 728/779/108
f 728/779/108 727/778/107 35/48/109
f 725/776/103 1030/397/106 34/47/105
f 34/47/105 1030/397/106 728/779/108
f 22/35/51 702/750/56 727/778/107
f 727/778/107 702/750/56 1031/398/110
f 702/750/56 23/36/57 1031/398/110
f 1031/398/110 23/36/57 729/780/111
f 1031/398/110 729/780/111 730/781/112
f 730/781/112 729/780/111 36/49/113
f 727/778/107 1031/398/110 35/48/109
f 35/48/109 1031/398/110 730/781/112
f 23/36/57 705/754/62 729/780/111
f 729/780/111 705/754/62 1032/399/114
f 705/754/62 24/37/63 1032/399/114
f 1032/399/114 24/37/63 731/782/115
f 1032/399/114 731/782/115 732/783/116
f 732/783/116 731/782/115 37/50/117
f 729/780/111 1032/399/114 36/49/113
f 36/49/113 1032/399/114 732/783/116
f 24/37/63 708/758/68 731/782/115
f 731/782/115 708/758/68 1033/400/118
f 708/758/68 25/38/69 1033/400/118
f 1033/400/118 25/38/69 733/784/119
f 1033/400/118 733/784/119 734/785/120
f 734/785/120 733/784/119 38/51/121
f 731/782/115 1033/400/118 37/50/117
f 37/50/117 1033/400/118 734/785/120
f 25/38/69 711/762/74 733/784/119
f 733/784/119 711/762/74 1034/401/122
f 711/762/74 26/1471/75 1034/401/122
f 1034/401/122 26/1471/75 735/1470/123
f 1034/401/122 735/1470/123 736/787/124
f 736/787/124 735/1470/123 39/1467/125
f 733/784/119 1034/401/122 38/51/121
f 38/51/121 1034/401/122 736/787/124
f 27/1469/81 713/764/79 739/1468/126
f 739/1468/126 713/764/79 1035/402/127
f 713/764/79 28/41/80 1035/402/127
f 1035/402/127 28/41/80 737/788/128
f 1035/402/127 737/788/128 738/789/129
f 738/789/129 737/788/128 41/54/130
f 739/1468/126 1035/402/127 40/1465/131
f 40/1465/131 1035/402/127 738/789/129
f 28/41/80 716/767/84 737/788/128
f 737/788/128 716/767/84 1036/403/132
f 716/767/84 29/42/85 1036/403/132
f 1036/403/132 29/42/85 740/791/133
f 1036/403/132 740/791/133 741/792/134
f 741/792/134 740/791/133 42/55/135
f 737/788/128 1036/403/132 41/54/130
f 41/54/130 1036/403/132 741/792/134
f 29/42/85 718/769/88 740/791/133
f 740/791/133 718/769/88 1037/404/136
f 718/769/88 30/43/89 1037/404/136
f 1037/404/136 30/43/89 742/793/137
f 1037/404/136 742/793/137 743/794/138
f 743/794/138 742/793/137 43/56/139
f 740/791/133 1037/404/136 42/55/135
f 42/55/135 1037/404/136 743/794/138
f 30/43/89 720/771/92 742/793/137
f 742/793/137 720/771/92 1038/405/140
f 720/771/92 31/44/93 1038/405/140
f 1038/405/140 31/44/93 744/795/141
f 1038/405/140 744/795/141 745/796/142
f 745/796/142 744/795/141 44/57/143
f 742/793/137 1038/405/140 43/56/139
f 43/56/139 1038/405/140 745/796/142
f 31/44/93 722/773/96 744/795/141
f 744/795/141 722/773/96 1039/406/144
f 722/773/96 32/45/97 1039/406/144
f 1039/406/144 32/45/97 746/797/145
f 1039/406/144 746/797/145 747/798/146
f 747/798/146 746/797/145 45/58/147
f 744/795/141 1039/406/144 44/57/143
f 44/57/143 1039/406/144 747/798/146
f 32/45/97 724/775/100 746/797/145
f 746/797/145 724/775/100 1040/407/148
f 724/775/100 33/46/101 1040/407/148
f 1040/407/148 33/46/101 748/799/149
f 1040/407/148 748/799/149 749/800/150
f 749/800/150 748/799/149 46/59/151
f 746/797/145 1040/407/148 45/58/147
f 45/58/147 1040/407/148 749/800/150
f 33/46/101 726/777/104 748/799/149
f 748/799/149 726/777/104 1041/408/152
f 726/777/104 34/47/105 1041/408/152
f 1041/408/152 34/47/105 750/801/153
f 1041/408/152 750/801/153 751/802/154
f 751/802/154 750/801/153 47/60/155
f 748/799/149 1041/408/152 46/59/151
f 46/59/151 1041/408/152 751/802/154
f 34/47/105 728/779/108 750/801/153
f 750/801/153 728/779/108 1042/409/156
f 728/779/108 35/48/109 1042/409/156
f 1042/409/156 35/48/109 752/803/157
f 1042/409/156 752/803/157 753/804/158
f 753/804/158 752/803/157 48/61/159
f 750/801/153 1042/409/156 47/60/155
f 47/60/155 1042/409/156 753/804/158
f 35/48/109 730/781/112 752/803/157
f 752/803/157 730/781/112 1043/410/160
f 730/781/112 36/49/113 1043/410/160
f 1043/410/160 36/49/113 754/805/161
f 1043/410/160 754/805/161 755/806/162
f 755/806/162 754/805/161 49/62/163
f 752/803/157 1043/410/160 48/61/159
f 48/61/159 1043/410/160 755/806/162
f 36/49/113 732/783/116 754/805/161
f 754/805/161 732/783/116 1044/411/164
f 732/783/116 37/50/117 1044/411/164
f 1044/411/164 37/50/117 756/807/165
f 1044/411/164 756/807/165 757/808/166
f 757/808/166 756/807/165 50/63/167
f 754/805/161 1044/411/164 49/62/163
f 49/62/163 1044/411/164 757/808/166
f 37/50/117 734/785/120 756/807/165
f 756/807/165 734/785/120 1045/412/168
f 734/785/120 38/51/121 1045/412/168
f 1045/412/168 38/51/121 758/809/169
f 1045/412/168 758/809/169 759/810/170
f 759/810/170 758/809/169 51/64/171
f 756/807/165 1045/412/168 50/63/167
f 50/63/167 1045/412/168 759/810/170
f 38/51/121 736/787/124 758/809/169
f 758/809/169 736/787/124 1046/413/172
f 736/787/124 39/1467/125 1046/413/172
f 1046/413/172 39/1467/125 760/1466/173
f 1046/413/172 760/1466/173 761/812/174
f 761/812/174 760/1466/173 52/1463/175
f 758/809/169 1046/413/172 51/64/171
f 51/64/171 1046/413/172 761/812/174
f 40/1465/131 738/789/129 764/1464/176
f 764/1464/176 738/789/129 1047/414/177
f 738/789/129 41/54/130 1047/414/177
f 1047/414/177 41/54/130 762/813/178
f 1047/414/177 762/813/178 763/814/179
f 763/814/179 762/813/178 54/67/180
f 764/1464/176 1047/414/177 53/1461/181
f 53/1461/181 1047/414/177 763/814/179
f 41/54/130 741/792/134 762/813/178
f 762/813/178 741/792/134 1048/415/182
f 741/792/134 42/55/135 1048/415/182
f 1048/415/182 42/55/135 765/816/183
f 1048/415/182 765/816/183 766/817/184
f 766/817/184 765/816/183 55/68/185
f 762/813/178 1048/415/182 54/67/180
f 54/67/180 1048/415/182 766/817/184
f 42/55/135 743/794/138 765/816/183
f 765/816/183 743/794/138 1049/416/186
f 743/794/138 43/56/139 1049/416/186
f 1049/416/186 43/56/139 767/818/187
f 1049/416/186 767/818/187 768/819/188
f 768/819/188 767/818/187 56/69/189
f 765/816/183 1049/416/186 55/68/185
f 55/68/185 1049/416/186 768/819/188
f 43/56/139 745/796/142 767/818/187
f 767/818/187 745/796/142 1050/417/190
f 745/796/142 44/57/143 1050/417/190
f 1050/417/190 44/57/143 769/820/191
f 1050/417/190 769/820/191 770/821/192
f 770/821/192 769/820/191 57/70/193
f 767/818/187 1050/417/190 56/69/189
f 56/69/189 1050/417/190 770/821/192
f 44/57/143 747/798/146 769/820/191
f 769/820/191 747/798/146 1051/418/194
f 747/798/146 45/58/147 1051/418/194
f 1051/418/194 45/58/147 771/822/195
f 1051/418/194 771/822/195 772/823/196
f 772/823/196 771/822/195 58/71/197
f 769/820/191 1051/418/194 57/70/193
f 57/70/193 1051/418/194 772/823/196
f 45/58/147 749/800/150 771/822/195
f 771/822/195 749/800/150 1052/419/198
f 749/800/150 46/59/151 1052/419/198
f 1052/419/198 46/59/151 773/824/199
f 1052/419/198 773/824/199 774/825/200
f 774/825/200 773/824/199 59/72/201
f 771/822/195 1052/419/198 58/71/197
f 58/71/197 1052/419/198 774/825/200
f 46/59/151 751/802/154 773/824/199
f 773/824/199 751/802/154 1053/420/202
f 751/802/154 47/60/155 1053/420/202
f 1053/420/202 47/60/155 775/826/203
f 1053/420/202 775/826/203 776/827/204
f 776/827/204 775/826/203 60/73/205
f 773/824/199 1053/420/202 59/72/201
f 59/72/201 1053/420/202 776/827/204
f 47/60/155 753/804/158 775/826/203
f 775/826/203 753/804/158 1054/421/206
f 753/804/158 48/61/159 1054/421/206
f 1054/421/206 48/61/159 777/828/207
f 1054/421/206 777/828/207 778/829/208
f 778/829/208 777/828/207 61/74/209
f 775/826/203 1054/421/206 60/73/205
f 60/73/205 1054/421/206 778/829/208
f 48/61/159 755/806/162 777/828/207
f 777/828/207 755/806/162 1055/422/210
f 755/806/162 49/62/163 1055/422/210
f 1055/422/210 49/62/163 779/830/211
f 1055/422/210 779/830/211 780/831/212
f 780/831/212 779/830/211 62/75/213
f 777/828/207 1055/422/210 61/74/209
f 61/74/209 1055/422/210 780/831/212
f 49/62/163 757/808/166 779/830/211
f 779/830/211 757/808/166 1056/423/214
f 757/808/166 50/63/167 1056/423/214
f 1056/423/214 50/63/167 781/832/215
f 1056/423/214 781/832/215 782/833/216
f 782/833/216 781/832/215 63/76/217
f 779/830/211 1056/423/214 62/75/213
f 62/75/213 1056/423/214 782/833/216
f 50/63/167 759/810/170 781/832/215
f 781/832/215 759/810/170 1057/424/218
f 759/810/170 51/64/171 1057/424/218
f 1057/424/218 51/64/171 783/834/219
f 1057/424/218 783/834/219 784/835/220
f 784/835/220 783/834/219 64/77/221
f 781/832/215 1057/424/218 63/76/217
f 63/76/217 1057/424/218 784/835/220
f 51/64/171 761/812/174 783/834/219
f 783/834/219 761/812/174 1058/425/222
f 761/812/174 52/1463/175 1058/425/222
f 1058/425/222 52/1463/175 785/1462/223
f 1058/425/222 785/1462/223 786/837/224
f 786/837/224 785/1462/223 65/1459/225
f 783/834/219 1058/425/222 64/77/221
f 64/77/221 1058/425/222 786/837/224
f 53/1461/181 763/814/179 789/1460/226
f 789/1460/226 763/814/179 1059/426/227
f 763/814/179 54/67/180 1059/426/227
f 1059/426/227 54/67/180 787/838/228
f 1059/426/227 787/838/228 788/839/229
f 788/839/229 787/838/228 67/80/230
f 789/1460/226 1059/426/227 66/1457/231
f 66/1457/231 1059/426/227 788/839/229
f 54/67/180 766/817/184 787/838/228
f 787/838/228 766/817/184 1060/427/232
f 766/817/184 55/68/185 1060/427/232
f 1060/427/232 55/68/185 790/841/233
f 1060/427/232 790/841/233 791/842/234
f 791/842/234 790/841/233 68/81/235
f 787/838/228 1060/427/232 67/80/230
f 67/80/230 1060/427/232 791/842/234
f 55/68/185 768/819/188 790/841/233
f 790/841/233 768/819/188 1061/428/236
f 768/819/188 56/69/189 1061/428/236
f 1061/428/236 56/69/189 792/843/237
f 1061/428/236 792/843/237 793/844/238
f 793/844/238 792/843/237 69/82/239
f 790/841/233 1061/428/236 68/81/235
f 68/81/235 1061/428/236 793/844/238
f 56/69/189 770/821/192 792/843/237
f 792/843/237 770/821/192 1062/429/240
f 770/821/192 57/70/193 1062/429/240
f 1062/429/240 57/70/193 794/845/241
f 1062/429/240 794/845/241 795/846/242
f 795/846/242 794/845/241 70/83/243
f 792/843/237 1062/429/240 69/82/239
f 69/82/239 1062/429/240 795/846/242
f 57/70/193 772/823/196 794/845/241
f 794/845/241 772/823/196 1063/430/244
f 772/823/196 58/71/197 1063/430/244
f 1063/430/244 58/71/197 796/847/245
f 1063/430/244 796/847/245 797/848/246
f 797/848/246 796/847/245 71/84/247
f 794/845/241 1063/430/244 70/83/243
f 70/83/243 1063/430/244 797/848/246
f 58/71/197 774/825/200 796/847/245
f 796/847/245 774/825/200 1064/431/248
f 774/825/200 59/72/201 1064/431/248
f 1064/431/248 59/72/201 798/849/249
f 1064/431/248 798/849/249 799/850/250
f 799/850/250 798/849/249 72/85/251
f 796/847/245 1064/431/248 71/84/247
f 71/84/247 1064/431/248 799/850/250
f 59/72/201 776/827/204 798/849/249
f 798/849/249 776/827/204 1065/432/252
f 776/827/204 60/73/205 1065/432/252
f 1065/432/252 60/73/205 800/851/253
f 1065/432/252 800/851/253 801/852/254
f 801/852/254 800/851/253 73/86/255
f 798/849/249 1065/432/252 72/85/251
f 72/85/251 1065/432/252 801/852/254
f 60/73/205 778/829/208 800/851/253
f 800/851/253 778/829/208 1066/433/256
f 778/829/208 61/74/209 1066/433/256
f 1066/433/256 61/74/209 802/853/257
f 1066/433/256 802/853/257 803/854/258
f 803/854/258 802/853/257 74/87/259
f 800/851/253 1066/433/256 73/86/255
f 73/86/255 1066/433/256 803/854/258
f 61/74/209 780/831/212 802/853/257
f 802/853/257 780/831/212 1067/434/260
f 780/831/212 62/75/213 1067/434/260
f 1067/434/260 62/75/213 804/855/261
f 1067/434/260 804/855/261 805/856/262
f 805/856/262 804/855/261 75/88/263
f 802/853/257 1067/434/260 74/87/259
f 74/87/259 1067/434/260 805/856/262
f 62/75/213 782/833/216 804/855/261
f 804/855/261 782/833/216 1068/435/264
f 782/833/216 63/76/217 1068/435/264
f 1068/435/264 63/76/217 806/857/265
f 1068/435/264 806/857/265 807/858/266
f 807/858/266 806/857/265 76/89/267
f 804/855/261 1068/435/264 75/88/263
f 75/88/263 1068/435/264 807/858/266
f 63/76/217 784/835/220 806/857/265
f 806/857/265 784/835/220 1069/436/268
f 784/835/220 64/77/221 1069/436/268
f 1069/436/268 64/77/221 808/859/269
f 1069/436/268 808/859/269 809/860/270
f 809/860/270 808/859/269 77/90/271
f 806/857/265 1069/436/268 76/89/267
f 76/89/267 1069/436/268 809/860/270
f 64/77/221 786/837/224 808/859/269
f 808/859/269 786/837/224 1070/437/272
f 786/837/224 65/1459/225 1070/437/272
f 1070/437/272 65/1459/225 810/1458/273
f 1070/437/272 810/1458/273 811/862/274
f 811/862/274 810/1458/273 78/1455/275
f 808/859/269 1070/437/272 77/90/271
f 77/90/271 1070/437/272 811/862/274
f 66/1457/231 788/839/229 814/1456/276
f 814/1456/276 788/839/229 1071/438/277
f 788/839/229 67/80/230 1071/438/277
f 1071/438/277 67/80/230 812/863/278
f 1071/438/277 812/863/278 813/864/279
f 813/864/279 812/863/278 80/93/280
f 814/1456/276 1071/438/277 79/1453/281
f 79/1453/281 1071/438/277 813/864/279
f 67/80/230 791/842/234 812/863/278
f 812/863/278 791/842/234 1072/439/282
f 791/842/234 68/81/235 1072/439/282
f 1072/439/282 68/81/235 815/866/283
f 1072/439/282 815/866/283 816/867/284
f 816/867/284 815/866/283 81/94/285
f 812/863/278 1072/439/282 80/93/280
f 80/93/280 1072/439/282 816/867/284
f 68/81/235 793/844/238 815/866/283
f 815/866/283 793/844/238 1073/440/286
f 793/844/238 69/82/239 1073/440/286
f 1073/440/286 69/82/239 817/868/287
f 1073/440/286 817/868/287 818/869/288
f 818/869/288 817/868/287 82/95/289
f 815/866/283 1073/440/286 81/94/285
f 81/94/285 1073/440/286 818/869/288
f 69/82/239 795/846/242 817/868/287
f 817/868/287 795/846/242 1074/441/290
f 795/846/242 70/83/243 1074/441/290
f 1074/441/290 70/83/243 819/870/291
f 1074/441/290 819/870/291 820/871/292
f 820/871/292 819/870/291 83/96/293
f 817/868/287 1074/441/290 82/95/289
f 82/95/289 1074/441/290 820/871/292
f 70/83/243 797/848/246 819/870/291
f 819/870/291 797/848/246 1075/442/294
f 797/848/246 71/84/247 1075/442/294
f 1075/442/294 71/84/247 821/872/295
f 1075/442/294 821/872/295 822/873/296
f 822/873/296 821/872/295 84/97/297
f 819/870/291 1075/442/294 83/96/293
f 83/96/293 1075/442/294 822/873/296
f 71/84/247 799/850/250 821/872/295
f 821/872/295 799/850/250 1076/443/298
f 799/850/250 72/85/251 1076/443/298
f 1076/443/298 72/85/251 823/874/299
f 1076/443/298 823/874/299 824/875/300
f 824/875/300 823/874/299 85/98/301
f 821/872/295 1076/443/298 84/97/297
f 84/97/297 1076/443/298 824/875/300
f 72/85/251 801/852/254 823/874/299
f 823/874/299 801/852/254 1077/444/302
f 801/852/254 73/86/255 1077/444/302
f 1077/444/302 73/86/255 825/876/303
f 1077/444/302 825/876/303 826/877/304
f 826/877/304 825/876/303 86/99/305
f 823/874/299 1077/444/302 85/98/301
f 85/98/301 1077/444/302 826/877/304
f 73/86/255 803/854/258 825/876/303
f 825/876/303 803/854/258 1078/445/306
f 803/854/258 74/87/259 1078/445/306
f 1078/445/306 74/87/259 827/878/307
f 1078/445/306 827/878/307 828/879/308
f 828/879/308 827/878/307 87/100/309
f 825/876/303 1078/445/306 86/99/305
f 86/99/305 1078/445/306 828/879/308
f 74/87/259 805/856/262 827/878/307
f 827/878/307 805/856/262 1079/446/310
f 805/856/262 75/88/263 1079/446/310
f 1079/446/310 75/88/263 829/880/311
f 1079/446/310 829/880/311 830/881/312
f 830/881/312 829/880/311 88/101/313
f 827/878/307 1079/446/310 87/100/309
f 87/100/309 1079/446/310 830/881/312
f 75/88/263 807/858/266 829/880/311
f 829/880/311 807/858/266 1080/447/314
f 807/858/266 76/89/267 1080/447/314
f 1080/447/314 76/89/267 831/882/315
f 1080/447/314 831/882/315 832/883/316
f 832/883/316 831/882/315 89/102/317
f 829/880/311 1080/447/314 88/101/313
f 88/101/313 1080/447/314 832/883/316
f 76/89/267 809/860/270 831/882/315
f 831/882/315 809/860/270 1081/448/318
f 809/860/270 77/90/271 1081/448/318
f 1081/448/318 77/90/271 833/884/319
f 1081/448/318 833/884/319 834/885/320
f 834/885/320 833/884/319 90/103/321
f 831/882/315 1081/448/318 89/102/317
f 89/102/317 1081/448/318 834/885/320
f 77/90/271 811/862/274 833/884/319
f 833/884/319 811/862/274 1082/449/322
f 811/862/274 78/1455/275 1082/449/322
f 1082/449/322 78/1455/275 835/1454/323
f 1082/449/322 835/1454/323 836/887/324
f 836/887/324 835/1454/323 91/1451/325
f 833/884/319 1082/449/322 90/103/321
f 90/103/321 1082/449/322 836/887/324
f 79/1453/281 813/864/279 839/1452/326
f 839/1452/326 813/864/279 1083/450/327
f 813/864/279 80/93/280 1083/450/327
f 1083/450/327 80/93/280 837/888/328
f 1083/450/327 837/888/328 838/889/329
f 838/889/329 837/888/328 93/106/330
f 839/1452/326 1083/450/327 92/1449/331
f 92/1449/331 1083/450/327 838/889/329
f 80/93/280 816/867/284 837/888/328
f 837/888/328 816/867/284 1084/451/332
f 816/867/284 81/94/285 1084/451/332
f 1084/451/332 81/94/285 840/891/333
f 1084/451/332 840/891/333 841/892/334
f 841/892/334 840/891/333 94/107/335
f 837/888/328 1084/451/332 93/106/330
f 93/106/330 1084/451/332 841/892/334
f 81/94/285 818/869/288 840/891/333
f 840/891/333 818/869/288 1085/452/336
f 818/869/288 82/95/289 1085/452/336
f 1085/452/336 82/95/289 842/893/337
f 1085/452/336 842/893/337 843/894/338
f 843/894/338 842/893/337 95/108/339
f 840/891/333 1085/452/336 94/107/335
f 94/107/335 1085/452/336 843/894/338
f 82/95/289 820/871/292 842/893/337
f 842/893/337 820/871/292 1086/453/340
f 820/871/292 83/96/293 1086/453/340
f 1086/453/340 83/96/293 844/895/341
f 1086/453/340 844/895/341 845/896/342
f 845/896/342 844/895/341 96/109/343
f 842/893/337 1086/453/340 95/108/339
f 95/108/339 1086/453/340 845/896/342
f 83/96/293 822/873/296 844/895/341
f 844/895/341 822/873/296 1087/454/344
f 822/873/296 84/97/297 1087/454/344
f 1087/454/344 84/97/297 846/897/345
f 1087/454/344 846/897/345 847/898/346
f 847/898/346 846/897/345 97/110/347
f 844/895/341 1087/454/344 96/109/343
f 96/109/343 1087/454/344 847/898/346
f 84/97/297 824/875/300 846/897/345
f 846/897/345 824/875/300 1088/455/348
f 824/875/300 85/98/301 1088/455/348
f 1088/455/348 85/98/301 848/899/349
f 1088/455/348 848/899/349 849/900/350
f 849/900/350 848/899/349 98/111/351
f 846/897/345 1088/455/348 97/110/347
f 97/110/347 1088/455/348 849/900/350
f 85/98/301 826/877/304 848/899/349
f 848/899/349 826/877/304 1089/456/352
f 826/877/304 86/99/305 1089/456/352
f 1089/456/352 86/99/305 850/901/353
f 1089/456/352 850/901/353 851/902/354
f 851/902/354 850/901/353 99/112/355
f 848/899/349 1089/456/352 98/111/351
f 98/111/351 1089/456/352 851/902/354
f 86/99/305 828/879/308 850/901/353
f 850/901/353 828/879/308 1090/457/356
f 828/879/308 87/100/309 1090/457/356
f 1090/457/356 87/100/309 852/903/357
f 1090/457/356 852/903/357 853/904/358
f 853/904/358 852/903/357 100/113/359
f 850/901/353 1090/457/356 99/112/355
f 99/112/355 1090/457/356 853/904/358
f 87/100/309 830/881/312 852/903/357
f 852/903/357 830/881/312 1091/458/360
f 830/881/312 88/101/313 1091/458/360
f 1091/458/360 88/101/313 854/905/361
f 1091/458/360 854/905/361 855/906/362
f 855/906/362 854/905/361 101/114/363
f 852/903/357 1091/458/360 100/113/359
f 100/113/359 1091/458/360 855/906/362
f 88/101/313 832/883/316 854/905/361
f 854/905/361 832/883/316 1092/459/364
f 832/883/316 89/102/317 1092/459/364
f 1092/459/364 89/102/317 856/907/365
f 1092/459/364 856/907/365 857/908/366
f 857/908/366 856/907/365 102/115/367
f 854/905/361 1092/459/364 101/114/363
f 101/114/363 1092/459/364 857/908/366
f 89/102/317 834/885/320 856/907/365
f 856/907/365 834/885/320 1093/460/368
f 834/885/320 90/103/321 1093/460/368
f 1093/460/368 90/103/321 858/909/369
f 1093/460/368 858/909/369 859/910/370
f 859/910/370 858/909/369 103/116/371
f 856/907/365 1093/460/368 102/115/367
f 102/115/367 1093/460/368 859/910/370
f 90/103/321 836/887/324 858/909/369
f 858/909/369 836/887/324 1094/461/372
f 836/887/324 91/1451/325 1094/461/372
f 1094/461/372 91/1451/325 860/1450/373
f 1094/461/372 860/1450/373 861/912/374
f 861/912/374 860/1450/373 104/1447/375
f 858/909/369 1094/461/372 103/116/371
f 103/116/371 1094/461/372 861/912/374
f 92/1449/331 838/889/329 864/1448/376
f 864/1448/376 838/889/329 1095/462/377
f 838/889/329 93/106/330 1095/462/377
f 1095/462/377 93/106/330 862/913/378
f 1095/462/377 862/913/378 863/914/379
f 863/914/379 862/913/378 106/119/380
f 864/1448/376 1095/462/377 105/1445/381
f 105/1445/381 1095/462/377 863/914/379
f 93/106/330 841/892/334 862/913/378
f 862/913/378 841/892/334 1096/463/382
f 841/892/334 94/107/335 1096/463/382
f 1096/463/382 94/107/335 865/916/383
f 1096/463/382 865/916/383 866/917/384
f 866/917/384 865/916/383 107/120/385
f 862/913/378 1096/463/382 106/119/380
f 106/119/380 1096/463/382 866/917/384
f 94/107/335 843/894/338 865/916/383
f 865/916/383 843/894/338 1097/464/386
f 843/894/338 95/108/339 1097/464/386
f 1097/464/386 95/108/339 867/918/387
f 1097/464/386 867/918/387 868/919/388
f 868/919/388 867/918/387 108/121/389
f 865/916/383 1097/464/386 107/120/385
f 107/120/385 1097/464/386 868/919/388
f 95/108/339 845/896/342 867/918/387
f 867/918/387 845/896/342 1098/465/390
f 845/896/342 96/109/343 1098/465/390
f 1098/465/390 96/109/343 869/920/391
f 1098/465/390 869/920/391 870/921/392
f 870/921/392 869/920/391 109/122/393
f 867/918/387 1098/465/390 108/121/389
f 108/121/389 1098/465/390 870/921/392
f 96/109/343 847/898/346 869/920/391
f 869/920/391 847/898/346 1099/466/394
f 847/898/346 97/110/347 1099/466/394
f 1099/466/394 97/110/347 871/922/395
f 1099/466/394 871/922/395 872/923/396
f 872/923/396 871/922/395 110/123/397
f 869/920/391 1099/466/394 109/122/393
f 109/122/393 1099/466/394 872/923/396
f 97/110/347 849/900/350 871/922/395
f 871/922/395 849/900/350 1100/467/398
f 849/900/350 98/111/351 1100/467/398
f 1100/467/398 98/111/351 873/924/399
f 1100/467/398 873/924/399 874/925/400
f 874/925/400 873/924/399 111/124/401
f 871/922/395 1100/467/398 110/123/397
f 110/123/397 1100/467/398 874/925/400
f 98/111/351 851/902/354 873/924/399
f 873/924/399 851/902/354 1101/468/402
f 851/902/354 99/112/355 1101/468/402
f 1101/468/402 99/112/355 875/926/403
f 1101/468/402 875/926/403 876/927/404
f 876/927/404 875/926/403 112/125/405
f 873/924/399 1101/468/402 111/124/401
f 111/124/401 1101/468/402 876/927/404
f 99/112/355 853/904/358 875/926/403
f 875/926/403 853/904/358 1102/469/406
f 853/904/358 100/113/359 1102/469/406
f 1102/469/406 100/113/359 877/928/407
f 1102/469/406 877/928/407 878/929/408
f 878/929/408 877/928/407 113/126/409
f 875/926/403 1102/469/406 112/125/405
f 112/125/405 1102/469/406 878/929/408
f 100/113/359 855/906/362 877/928/407
f 877/928/407 855/906/362 1103/470/410
f 855/906/362 101/114/363 1103/470/410
f 1103/470/410 101/114/363 879/930/411
f 1103/470/410 879/930/411 880/931/412
f 880/931/412 879/930/411 114/127/413
f 877/928/407 1103/470/410 113/126/409
f 113/126/409 1103/470/410 880/931/412
f 101/114/363 857/908/366 879/930/411
f 879/930/411 857/908/366 1104/471/414
f 857/908/366 102/115/367 1104/471/414
f 1104/471/414 102/115/367 881/932/415
f 1104/471/414 881/932/415 882/933/416
f 882/933/416 881/932/415 115/128/417
f 879/930/411 1104/471/414 114/127/413
f 114/127/413 1104/471/414 882/933/416
f 102/115/367 859/910/370 881/932/415
f 881/932/415 859/910/370 1105/472/418
f 859/910/370 103/116/371 1105/472/418
f 1105/472/418 103/116/371 883/934/419
f 1105/472/418 883/934/419 884/935/420
f 884/935/420 883/934/419 116/129/421
f 881/932/415 1105/472/418 115/128/417
f 115/128/417 1105/472/418 884/935/420
f 103/116/371 861/912/374 883/934/419
f 883/934/419 861/912/374 1106/473/422
f 861/912/374 104/1447/375 1106/473/422
f 1106/473/422 104/1447/375 885/1446/423
f 1106/473/422 885/1446/423 886/937/424
f 886/937/424 885/1446/423 117/1443/425
f 883/934/419 1106/473/422 116/129/421
f 116/129/421 1106/473/422 886/937/424
f 105/1445/381 863/914/379 889/1444/426
f 889/1444/426 863/914/379 1107/474/427
f 863/914/379 106/119/380 1107/474/427
f 1107/474/427 106/119/380 887/938/428
f 1107/474/427 887/938/428 888/939/429
f 888/939/429 887/938/428 119/132/430
f 889/1444/426 1107/474/427 118/1441/431
f 118/1441/431 1107/474/427 888/939/429
f 106/119/380 866/917/384 887/938/428
f 887/938/428 866/917/384 1108/475/432
f 866/917/384 107/120/385 1108/475/432
f 1108/475/432 107/120/385 890/941/433
f 1108/475/432 890/941/433 891/942/434
f 891/942/434 890/941/433 120/133/435
f 887/938/428 1108/475/432 119/132/430
f 119/132/430 1108/475/432 891/942/434
f 107/120/385 868/919/388 890/941/433
f 890/941/433 868/919/388 1109/476/436
f 868/919/388 108/121/389 1109/476/436
f 1109/476/436 108/121/389 892/943/437
f 1109/476/436 892/943/437 893/944/438
f 893/944/438 892/943/437 121/134/439
f 890/941/433 1109/476/436 120/133/435
f 120/133/435 1109/476/436 893/944/438
f 108/121/389 870/921/392 892/943/437
f 892/943/437 870/921/392 1110/477/440
f 870/921/392 109/122/393 1110/477/440
f 1110/477/440 109/122/393 894/945/441
f 1110/477/440 894/945/441 895/946/442
f 895/946/442 894/945/441 122/135/443
f 892/943/437 1110/477/440 121/134/439
f 121/134/439 1110/477/440 895/946/442
f 109/122/393 872/923/396 894/945/441
f 894/945/441 872/923/396 1111/478/444
f 872/923/396 110/123/397 1111/478/444
f 1111/478/444 110/123/397 896/947/445
f 1111/478/444 896/947/445 897/948/446
f 897/948/446 896/947/445 123/136/447
f 894/945/441 1111/478/444 122/135/443
f 122/135/443 1111/478/444 897/948/446
f 110/123/397 874/925/400 896/947/445
f 896/947/445 874/925/400 1112/479/448
f 874/925/400 111/124/401 1112/479/448
f 1112/479/448 111/124/401 898/949/449
f 1112/479/448 898/949/449 899/950/450
f 899/950/450 898/949/449 124/137/451
f 896/947/445 1112/479/448 123/136/447
f 123/136/447 1112/479/448 899/950/450
f 111/124/401 876/927/404 898/949/449
f 898/949/449 876/927/404 1113/480/452
f 876/927/404 112/125/405 1113/480/452
f 1113/480/452 112/125/405 900/951/453
f 1113/480/452 900/951/453 901/952/454
f 901/952/454 900/951/453 125/138/455
f 898/949/449 1113/480/452 124/137/451
f 124/137/451 1113/480/452 901/952/454
f 112/125/405 878/929/408 900/951/453
f 900/951/453 878/929/408 1114/481/456
f 878/929/408 113/126/409 1114/481/456
f 1114/481/456 113/126/409 902/953/457
f 1114/481/456 902/953/457 903/954/458
f 903/954/458 902/953/457 126/139/459
f 900/951/453 1114/481/456 125/138/455
f 125/138/455 1114/481/456 903/954/458
f 113/126/409 880/931/412 902/953/457
f 902/953/457 880/931/412 1115/482/460
f 880/931/412 114/127/413 1115/482/460
f 1115/482/460 114/127/413 904/955/461
f 1115/482/460 904/955/461 905/956/462
f 905/956/462 904/955/461 127/140/463
f 902/953/457 1115/482/460 126/139/459
f 126/139/459 1115/482/460 905/956/462
f 114/127/413 882/933/416 904/955/461
f 904/955/461 882/933/416 1116/483/464
f 882/933/416 115/128/417 1116/483/464
f 1116/483/464 115/128/417 906/957/465
f 1116/483/464 906/957/465 907/958/466
f 907/958/466 906/957/465 128/141/467
f 904/955/461 1116/483/464 127/140/463
f 127/140/463 1116/483/464 907/958/466
f 115/128/417 884/935/420 906/957/465
f 906/957/465 884/935/420 1117/484/468
f 884/935/420 116/129/421 1117/484/468
f 1117/484/468 116/129/421 908/959/469
f 1117/484/468 908/959/469 909/960/470
f 909/960/470 908/959/469 129/142/471
f 906/957/465 1117/484/468 128/141/467
f 128/141/467 1117/484/468 909/960/470
f 116/129/421 886/937/424 908/959/469
f 908/959/469 886/937/424 1118/485/472
f 886/937/424 117/1443/425 1118/485/472
f 1118/485/472 117/1443/425 910/1442/473
f 1118/485/472 910/1442/473 911/962/474
f 911/962/474 910/1442/473 130/1439/475
f 908/959/469 1118/485/472 129/142/471
f 129/142/471 1118/485/472 911/962/474
f 118/1441/431 888/939/429 914/1440/476
f 914/1440/476 888/939/429 1119/486/477
f 888/939/429 119/132/430 1119/486/477
f 1119/486/477 119/132/430 912/963/478
f 1119/486/477 912/963/478 913/964/479
f 913/964/479 912/963/478 132/145/480
f 914/1440/476 1119/486/477 131/1437/481
f 131/1437/481 1119/486/477 913/964/479
f 119/132/430 891/942/434 912/963/478
f 912/963/478 891/942/434 1120/487/482
f 891/942/434 120/133/435 1120/487/482
f 1120/487/482 120/133/435 915/966/483
f 1120/487/482 915/966/483 916/967/484
f 916/967/484 915/966/483 133/146/485
f 912/963/478 1120/487/482 132/145/480
f 132/145/480 1120/487/482 916/967/484
f 120/133/435 893/944/438 915/966/483
f 915/966/483 893/944/438 1121/488/486
f 893/944/438 121/134/439 1121/488/486
f 1121/488/486 121/134/439 917/968/487
f 1121/488/486 917/968/487 918/969/488
f 918/969/488 917/968/487 134/147/489
f 915/966/483 1121/488/486 133/146/485
f 133/146/485 1121/488/486 918/969/488
f 121/134/439 895/946/442 917/968/487
f 917/968/487 895/946/442 1122/489/490
f 895/946/442 122/135/443 1122/489/490
f 1122/489/490 122/135/443 919/970/491
f 1122/489/490 919/970/491 920/971/492
f 920/971/492 919/970/491 135/148/493
f 917/968/487 1122/489/490 134/147/489
f 134/147/489 1122/489/490 920/971/492
f 122/135/443 897/948/446 919/970/491
f 919/970/491 897/948/446 1123/490/494
f 897/948/446 123/136/447 1123/490/494
f 1123/490/494 123/136/447 921/972/495
f 1123/490/494 921/972/495 922/973/496
f 922/973/496 921/972/495 136/149/497
f 919/970/491 1123/490/494 135/148/493
f 135/148/493 1123/490/494 922/973/496
f 123/136/447 899/950/450 921/972/495
f 921/972/495 899/950/450 1124/491/498
f 899/950/450 124/137/451 1124/491/498
f 1124/491/498 124/137/451 923/974/499
f 1124/491/498 923/974/499 924/975/500
f 924/975/500 923/974/499 137/150/501
f 921/972/495 1124/491/498 136/149/497
f 136/149/497 1124/491/498 924/975/500
f 124/137/451 901/952/454 923/974/499
f 923/974/499 901/952/454 1125/492/502
f 901/952/454 125/138/455 1125/492/502
f 1125/492/502 125/138/455 925/976/503
f 1125/492/502 925/976/503 926/977/504
f 926/977/504 925/976/503 138/151/505
f 923/974/499 1125/492/502 137/150/501
f 137/150/501 1125/492/502 926/977/504
f 125/138/455 903/954/458 925/976/503
f 925/976/503 903/954/458 1126/493/506
f 903/954/458 126/139/459 1126/493/506
f 1126/493/506 126/139/459 927/978/507
f 1126/493/506 927/978/507 928/979/508
f 928/979/508 927/978/507 139/152/509
f 925/976/503 1126/493/506 138/151/505
f 138/151/505 1126/493/506 928/979/508
f 126/139/459 905/956/462 927/978/507
f 927/978/507 905/956/462 1127/494/510
f 905/956/462 127/140/463 1127/494/510
f 1127/494/510 127/140/463 929/980/511
f 1127/494/510 929/980/511 930/981/512
f 930/981/512 929/980/511 140/153/513
f 927/978/507 1127/494/510 139/152/509
f 139/152/509 1127/494/510 930/981/512
f 127/140/463 907/958/466 929/980/511
f 929/980/511 907/958/466 1128/495/514
f 907/958/466 128/141/467 1128/495/514
f 1128/495/514 128/141/467 931/982/515
f 1128/495/514 931/982/515 932/983/516
f 932/983/516 931/982/515 141/154/517
f 929/980/511 1128/495/514 140/153/513
f 140/153/513 1128/495/514 932/983/516
f 128/141/467 909/960/470 931/982/515
f 931/982/515 909/960/470 1129/496/518
f 909/960/470 129/142/471 1129/496/518
f 1129/496/518 129/142/471 933/984/519
f 1129/496/518 933/984/519 934/985/520
f 934/985/520 933/984/519 142/155/521
f 931/982/515 1129/496/518 141/154/517
f 141/154/517 1129/496/518 934/985/520
f 129/142/471 911/962/474 933/984/519
f 933/984/519 911/962/474 1130/497/522
f 911/962/474 130/1439/475 1130/497/522
f 1130/497/522 130/1439/475 935/1438/523
f 1130/497/522 935/1438/523 936/987/524
f 936/987/524 935/1438/523 143/1435/525
f 933/984/519 1130/497/522 142/155/521
f 142/155/521 1130/497/522 936/987/524
f 131/1437/481 913/964/479 939/1436/526
f 939/1436/526 913/964/479 1131/498/527
f 913/964/479 132/145/480 1131/498/527
f 1131/498/527 132/145/480 937/988/528
f 1131/498/527 937/988/528 938/989/529
f 938/989/529 937/988/528 145/158/530
f 939/1436/526 1131/498/527 144/1433/531
f 144/1433/531 1131/498/527 938/989/529
f 132/145/480 916/967/484 937/988/528
f 937/988/528 916/967/484 1132/499/532
f 916/967/484 133/146/485 1132/499/532
f 1132/499/532 133/146/485 940/991/533
f 1132/499/532 940/991/533 941/992/534
f 941/992/534 940/991/533 146/159/535
f 937/988/528 1132/499/532 145/158/530
f 145/158/530 1132/499/532 941/992/534
f 133/146/485 918/969/488 940/991/533
f 940/991/533 918/969/488 1133/500/536
f 918/969/488 134/147/489 1133/500/536
f 1133/500/536 134/147/489 942/993/537
f 1133/500/536 942/993/537 943/994/538
f 943/994/538 942/993/537 147/160/539
f 940/991/533 1133/500/536 146/159/535
f 146/159/535 1133/500/536 943/994/538
f 134/147/489 920/971/492 942/993/537
f 942/993/537 920/971/492 1134/501/540
f 920/971/492 135/148/493 1134/501/540
f 1134/501/540 135/148/493 944/995/541
f 1134/501/540 944/995/541 945/996/542
f 945/996/542 944/995/541 148/161/543
f 942/993/537 1134/501/540 147/160/539
f 147/160/539 1134/501/540 945/996/542
f 135/148/493 922/973/496 944/995/541
f 944/995/541 922/973/496 1135/502/544
f 922/973/496 136/149/497 1135/502/544
f 1135/502/544 136/149/497 946/997/545
f 1135/502/544 946/997/545 947/998/546
f 947/998/546 946/997/545 149/162/547
f 944/995/541 1135/502/544 148/161/543
f 148/161/543 1135/502/544 947/998/546
f 136/149/497 924/975/500 946/997/545
f 946/997/545 924/975/500 1136/503/548
f 924/975/500 137/150/501 1136/503/548
f 1136/503/548 137/150/501 948/999/549
f 1136/503/548 948/999/549 949/1000/550
f 949/1000/550 948/999/549 150/163/551
f 946/997/545 1136/503/548 149/162/547
f 149/162/547 1136/503/548 949/1000/550
f 137/150/501 926/977/504 948/999/549
f 948/999/549 926/977/504 1137/504/552
f 926/977/504 138/151/505 1137/504/552
f 1137/504/552 138/151/505 950/1001/553
f 1137/504/552 950/1001/553 951/1002/554
f 951/1002/554 950/1001/553 151/164/555
f 948/999/549 1137/504/552 150/163/551
f 150/163/551 1137/504/552 951/1002/554
f 138/151/505 928/979/508 950/1001/553
f 950/1001/553 928/979/508 1138/505/556
f 928/979/508 139/152/509 1138/505/556
f 1138/505/556 139/152/509 952/1003/557
f 1138/505/556 952/1003/557 953/1004/558
f 953/1004/558 952/1003/557 152/165/559
f 950/1001/553 1138/505/556 151/164/555
f 151/164/555 1138/505/556 953/1004/558
f 139/152/509 930/981/512 952/1003/557
f 952/1003/557 930/981/512 1139/506/560
f 930/981/512 140/153/513 1139/506/560
f 1139/506/560 140/153/513 954/1005/561
f 1139/506/560 954/1005/561 955/1006/562
f 955/1006/562 954/1005/561 153/166/563
f 952/1003/557 1139/506/560 152/165/559
f 152/165/559 1139/506/560 955/1006/562
f 140/153/513 932/983/516 954/1005/561
f 954/1005/561 932/983/516 1140/507/564
f 932/983/516 141/154/517 1140/507/564
f 1140/507/564 141/154/517 956/1007/565
f 1140/507/564 956/1007/565 957/1008/566
f 957/1008/566 956/1007/565 154/167/567
f 954/1005/561 1140/507/564 153/166/563
f 153/166/563 1140/507/564 957/1008/566
f 141/154/517 934/985/520 956/1007/565
f 956/1007/565 934/985/520 1141/508/568
f 934/985/520 142/155/521 1141/508/568
f 1141/508/568 142/155/521 958/1009/569
f 1141/508/568 958/1009/569 959/1010/570
f 959/1010/570 958/1009/569 155/168/571
f 956/1007/565 1141/508/568 154/167/567
f 154/167/567 1141/508/568 959/1010/570
f 142/155/521 936/987/524 958/1009/569
f 958/1009/569 936/987/524 1142/509/572
f 936/987/524 143/1435/525 1142/509/572
f 1142/509/572 143/1435/525 960/1434/573
f 1142/509/572 960/1434/573 961/1012/574
f 961/1012/574 960/1434/573 156/1429/575
f 958/1009/569 1142/509/572 155/168/571
f 155/168/571 1142/509/572 961/1012/574
f 144/1433/531 938/989/529 964/1430/576
f 964/1430/576 938/989/529 1143/510/577
f 938/989/529 145/158/530 1143/510/577
f 1143/510/577 145/158/530 962/1013/578
f 1143/510/577 962/1013/578 963/1550/579
f 963/1550/579 962/1013/578 158/1549/580
f 964/1430/576 1143/510/577 157/1431/581
f 157/1431/581 1143/510/577 963/1550/579
f 145/158/530 941/992/534 962/1013/578
f 962/1013/578 941/992/534 1144/511/582
f 941/992/534 146/159/535 1144/511/582
f 1144/511/582 146/159/535 965/1016/583
f 1144/511/582 965/1016/583 966/1548/584
f 966/1548/584 965/1016/583 159/1547/585
f 962/1013/578 1144/511/582 158/1549/580
f 158/1549/580 1144/511/582 966/1548/584
f 146/159/535 943/994/538 965/1016/583
f 965/1016/583 943/994/538 1145/512/586
f 943/994/538 147/160/539 1145/512/586
f 1145/512/586 147/160/539 967/1018/587
f 1145/512/586 967/1018/587 968/1546/588
f 968/1546/588 967/1018/587 160/1545/589
f 965/1016/583 1145/512/586 159/1547/585
f 159/1547/585 1145/512/586 968/1546/588
f 147/160/539 945/996/542 967/1018/587
f 967/1018/587 945/996/542 1146/513/590
f 945/996/542 148/161/543 1146/513/590
f 1146/513/590 148/161/543 969/1020/591
f 1146/513/590 969/1020/591 970/1544/592
f 970/1544/592 969/1020/591 161/1543/593
f 967/1018/587 1146/513/590 160/1545/589
f 160/1545/589 1146/513/590 970/1544/592
f 148/161/543 947/998/546 969/1020/591
f 969/1020/591 947/998/546 1147/514/594
f 947/998/546 149/162/547 1147/514/594
f 1147/514/594 149/162/547 971/1022/595
f 1147/514/594 971/1022/595 972/1542/596
f 972/1542/596 971/1022/595 162/1541/597
f 969/1020/591 1147/514/594 161/1543/593
f 161/1543/593 1147/514/594 972/1542/596
f 149/162/547 949/1000/550 971/1022/595
f 971/1022/595 949/1000/550 1148/515/598
f 949/1000/550 150/163/551 1148/515/598
f 1148/515/598 150/163/551 973/1024/599
f 1148/515/598 973/1024/599 974/1540/600
f 974/1540/600 973/1024/599 163/1539/601
f 971/1022/595 1148/515/598 162/1541/597
f 162/1541/597 1148/515/598 974/1540/600
f 150/163/551 951/1002/554 973/1024/599
f 973/1024/599 951/1002/554 1149/516/602
f 951/1002/554 151/164/555 1149/516/602
f 1149/516/602 151/164/555 975/1026/603
f 1149/516/602 975/1026/603 976/1538/604
f 976/1538/604 975/1026/603 164/1537/605
f 973/1024/599 1149/516/602 163/1539/601
f 163/1539/601 1149/516/602 976/1538/604
f 151/164/555 953/1004/558 975/1026/603
f 975/1026/603 953/1004/558 1150/517/606
f 953/1004/558 152/165/559 1150/517/606
f 1150/517/606 152/165/559 977/1028/607
f 1150/517/606 977/1028/607 978/1536/608
f 978/1536/608 977/1028/607 165/1535/609
f 975/1026/603 1150/517/606 164/1537/605
f 164/1537/605 1150/517/606 978/1536/608
f 152/165/559 955/1006/562 977/1028/607
f 977/1028/607 955/1006/562 1151/518/610
f 955/1006/562 153/166/563 1151/518/610
f 1151/518/610 153/166/563 979/1030/611
f 1151/518/610 979/1030/611 980/1534/612
f 980/1534/612 979/1030/611 166/1533/613
f 977/1028/607 1151/518/610 165/1535/609
f 165/1535/609 1151/518/610 980/1534/612
f 153/166/563 957/1008/566 979/1030/611
f 979/1030/611 957/1008/566 1152/519/614
f 957/1008/566 154/167/567 1152/519/614
f 1152/519/614 154/167/567 981/1032/615
f 1152/519/614 981/1032/615 982/1532/616
f 982/1532/616 981/1032/615 167/1531/617
f 979/1030/611 1152/519/614 166/1533/613
f 166/1533/613 1152/519/614 982/1532/616
f 154/167/567 959/1010/570 981/1032/615
f 981/1032/615 959/1010/570 1153/520/618
f 959/1010/570 155/168/571 1153/520/618
f 1153/520/618 155/168/571 983/1034/619
f 1153/520/618 983/1034/619 984/1530/620
f 984/1530/620 983/1034/619 168/1529/621
f 981/1032/615 1153/520/618 167/1531/617
f 167/1531/617 1153/520/618 984/1530/620
f 155/168/571 961/1012/574 983/1034/619
f 983/1034/619 961/1012/574 1154/521/622
f 961/1012/574 156/1429/575 1154/521/622
f 1154/521/622 156/1429/575 985/1426/623
f 1154/521/622 985/1426/623 986/1528/624
f 986/1528/624 985/1426/623 169/1427/625
f 983/1034/619 1154/521/622 168/1529/621
f 168/1529/621 1154/521/622 986/1528/624
f 157/170/581 963/1014/579 989/1040/626
f 989/1040/626 963/1014/579 1155/522/627
f 963/1014/579 158/171/580 1155/522/627
f 1155/522/627 158/171/580 987/1038/628
f 1155/522/627 987/1038/628 988/1526/629
f 988/1526/629 987/1038/628 171/1525/630
f 989/1040/626 1155/522/627 170/1527/631
f 170/1527/631 1155/522/627 988/1526/629
f 158/171/580 966/1017/584 987/1038/628
f 987/1038/628 966/1017/584 1156/523/632
f 966/1017/584 159/172/585 1156/523/632
f 1156/523/632 159/172/585 990/1042/633
f 1156/523/632 990/1042/633 991/1524/634
f 991/1524/634 990/1042/633 172/1523/635
f 987/1038/628 1156/523/632 171/1525/630
f 171/1525/630 1156/523/632 991/1524/634
f 159/172/585 968/1019/588 990/1042/633
f 990/1042/633 968/1019/588 1157/524/636
f 968/1019/588 160/173/589 1157/524/636
f 1157/524/636 160/173/589 992/1044/637
f 1157/524/636 992/1044/637 993/1522/638
f 993/1522/638 992/1044/637 173/1521/639
f 990/1042/633 1157/524/636 172/1523/635
f 172/1523/635 1157/524/636 993/1522/638
f 160/173/589 970/1021/592 992/1044/637
f 992/1044/637 970/1021/592 1158/525/640
f 970/1021/592 161/174/593 1158/525/640
f 1158/525/640 161/174/593 994/1046/641
f 1158/525/640 994/1046/641 995/1520/642
f 995/1520/642 994/1046/641 174/1519/643
f 992/1044/637 1158/525/640 173/1521/639
f 173/1521/639 1158/525/640 995/1520/642
f 161/174/593 972/1023/596 994/1046/641
f 994/1046/641 972/1023/596 1159/526/644
f 972/1023/596 162/175/597 1159/526/644
f 1159/526/644 162/175/597 996/1048/645
f 1159/526/644 996/1048/645 997/1518/646
f 997/1518/646 996/1048/645 175/1517/647
f 994/1046/641 1159/526/644 174/1519/643
f 174/1519/643 1159/526/644 997/1518/646
f 162/175/597 974/1025/600 996/1048/645
f 996/1048/645 974/1025/600 1160/527/648
f 974/1025/600 163/176/601 1160/527/648
f 1160/527/648 163/176/601 998/1050/649
f 1160/527/648 998/1050/649 999/1516/650
f 999/1516/650 998/1050/649 176/1515/651
f 996/1048/645 1160/527/648 175/1517/647
f 175/1517/647 1160/527/648 999/1516/650
f 163/176/601 976/1027/604 998/1050/649
f 998/1050/649 976/1027/604 1161/528/652
f 976/1027/604 164/177/605 1161/528/652
f 1161/528/652 164/177/605 1000/1052/653
f 1161/528/652 1000/1052/653 1001/1514/654
f 1001/1514/654 1000/1052/653 177/1513/655
f 998/1050/649 1161/528/652 176/1515/651
f 176/1515/651 1161/528/652 1001/1514/654
f 164/177/605 978/1029/608 1000/1052/653
f 1000/1052/653 978/1029/608 1162/529/656
f 978/1029/608 165/178/609 1162/529/656
f 1162/529/656 165/178/609 1002/1054/657
f 1162/529/656 1002/1054/657 1003/1512/658
f 1003/1512/658 1002/1054/657 178/1511/659
f 1000/1052/653 1162/529/656 177/1513/655
f 177/1513/655 1162/529/656 1003/1512/658
f 165/178/609 980/1031/612 1002/1054/657
f 1002/1054/657 980/1031/612 1163/530/660
f 980/1031/612 166/179/613 1163/530/660
f 1163/530/660 166/179/613 1004/1056/661
f 1163/530/660 1004/1056/661 1005/1510/662
f 1005/1510/662 1004/1056/661 179/1509/663
f 1002/1054/657 1163/530/660 178/1511/659
f 178/1511/659 1163/530/660 1005/1510/662
f 166/179/613 982/1033/616 1004/1056/661
f 1004/1056/661 982/1033/616 1164/531/664
f 982/1033/616 167/180/617 1164/531/664
f 1164/531/664 167/180/617 1006/1058/665
f 1164/531/664 1006/1058/665 1007/1508/666
f 1007/1508/666 1006/1058/665 180/1507/667
f 1004/1056/661 1164/531/664 179/1509/663
f 179/1509/663 1164/531/664 1007/1508/666
f 167/180/617 984/1035/620 1006/1058/665
f 1006/1058/665 984/1035/620 1165/532/668
f 984/1035/620 168/181/621 1165/532/668
f 1165/532/668 168/181/621 1008/1060/669
f 1165/532/668 1008/1060/669 1009/1506/670
f 1009/1506/670 1008/1060/669 181/1505/671
f 1006/1058/665 1165/532/668 180/1507/667
f 180/1507/667 1165/532/668 1009/1506/670
f 168/181/621 986/1037/624 1008/1060/669
f 1008/1060/669 986/1037/624 1166/533/672
f 986/1037/624 169/1428/625 1166/533/672
f 1166/533/672 169/1428/625 1010/1062/673
f 1166/533/672 1010/1062/673 339/1503/674
f 339/1503/674 1010/1062/673 182/196/675
f 1008/1060/669 1166/533/672 181/1505/671
f 181/1505/671 1166/533/672 339/1503/674
f 170/183/631 988/1039/629 342/1067/676
f 342/1067/676 988/1039/629 1167/534/677
f 988/1039/629 171/185/630 1167/534/677
f 1167/534/677 171/185/630 340/1065/678
f 1167/534/677 340/1065/678 341/1066/679
f 341/1066/679 340/1065/678 184/200/680
f 342/1067/676 1167/534/677 183/198/681
f 183/198/681 1167/534/677 341/1066/679
f 171/185/630 991/1043/634 340/1065/678
f 340/1065/678 991/1043/634 1168/535/682
f 991/1043/634 172/186/635 1168/535/682
f 1168/535/682 172/186/635 343/1069/683
f 1168/535/682 343/1069/683 344/1070/684
f 344/1070/684 343/1069/683 185/201/685
f 340/1065/678 1168/535/682 184/200/680
f 184/200/680 1168/535/682 344/1070/684
f 172/186/635 993/1045/638 343/1069/683
f 343/1069/683 993/1045/638 1169/536/686
f 993/1045/638 173/187/639 1169/536/686
f 1169/536/686 173/187/639 345/1071/687
f 1169/536/686 345/1071/687 346/1072/688
f 346/1072/688 345/1071/687 186/202/689
f 343/1069/683 1169/536/686 185/201/685
f 185/201/685 1169/536/686 346/1072/688
f 173/187/639 995/1047/642 345/1071/687
f 345/1071/687 995/1047/642 1170/537/690
f 995/1047/642 174/188/643 1170/537/690
f 1170/537/690 174/188/643 347/1073/691
f 1170/537/690 347/1073/691 348/1074/692
f 348/1074/692 347/1073/691 187/203/693
f 345/1071/687 1170/537/690 186/202/689
f 186/202/689 1170/537/690 348/1074/692
f 174/188/643 997/1049/646 347/1073/691
f 347/1073/691 997/1049/646 1171/538/694
f 997/1049/646 175/189/647 1171/538/694
f 1171/538/694 175/189/647 349/1075/695
f 1171/538/694 349/1075/695 350/1076/696
f 350/1076/696 349/1075/695 188/204/697
f 347/1073/691 1171/538/694 187/203/693
f 187/203/693 1171/538/694 350/1076/696
f 175/189/647 999/1051/650 349/1075/695
f 349/1075/695 999/1051/650 1172/539/698
f 999/1051/650 176/190/651 1172/539/698
f 1172/539/698 176/190/651 351/1077/699
f 1172/539/698 351/1077/699 352/1078/700
f 352/1078/700 351/1077/699 189/205/701
f 349/1075/695 1172/539/698 188/204/697
f 188/204/697 1172/539/698 352/1078/700
f 176/190/651 1001/1053/654 351/1077/699
f 351/1077/699 1001/1053/654 1173/540/702
f 1001/1053/654 177/191/655 1173/540/702
f 1173/540/702 177/191/655 353/1079/703
f 1173/540/702 353/1079/703 354/1080/704
f 354/1080/704 353/1079/703 190/206/705
f 351/1077/699 1173/540/702 189/205/701
f 189/205/701 1173/540/702 354/1080/704
f 177/191/655 1003/1055/658 353/1079/703
f 353/1079/703 1003/1055/658 1174/541/706
f 1003/1055/658 178/192/659 1174/541/706
f 1174/541/706 178/192/659 355/1081/707
f 1174/541/706 355/1081/707 356/1082/708
f 356/1082/708 355/1081/707 191/207/709
f 353/1079/703 1174/541/706 190/206/705
f 190/206/705 1174/541/706 356/1082/708
f 178/192/659 1005/1057/662 355/1081/707
f 355/1081/707 1005/1057/662 1175/542/710
f 1005/1057/662 179/193/663 1175/542/710
f 1175/542/710 179/193/663 357/1083/711
f 1175/542/710 357/1083/711 358/1084/712
f 358/1084/712 357/1083/711 192/208/713
f 355/1081/707 1175/542/710 191/207/709
f 191/207/709 1175/542/710 358/1084/712
f 179/193/663 1007/1059/666 357/1083/711
f 357/1083/711 1007/1059/666 1176/543/714
f 1007/1059/666 180/194/667 1176/543/714
f 1176/543/714 180/194/667 359/1085/715
f 1176/543/714 359/1085/715 360/1086/716
f 360/1086/716 359/1085/715 193/209/717
f 357/1083/711 1176/543/714 192/208/713
f 192/208/713 1176/543/714 360/1086/716
f 180/194/667 1009/1061/670 359/1085/715
f 359/1085/715 1009/1061/670 1177/544/718
f 1009/1061/670 181/195/671 1177/544/718
f 1177/544/718 181/195/671 361/1087/719
f 1177/544/718 361/1087/719 362/1088/720
f 362/1088/720 361/1087/719 194/210/721
f 359/1085/715 1177/544/718 193/209/717
f 193/209/717 1177/544/718 362/1088/720
f 181/195/671 339/1064/674 361/1087/719
f 361/1087/719 339/1064/674 1178/545/722
f 339/1064/674 182/1504/675 1178/545/722
f 1178/545/722 182/1504/675 363/1089/723
f 1178/545/722 363/1089/723 364/1091/724
f 364/1091/724 363/1089/723 195/211/725
f 361/1087/719 1178/545/722 194/210/721
f 194/210/721 1178/545/722 364/1091/724
f 183/198/681 341/1066/679 367/1094/726
f 367/1094/726 341/1066/679 1179/546/727
f 341/1066/679 184/200/680 1179/546/727
f 1179/546/727 184/200/680 365/1092/728
f 1179/546/727 365/1092/728 366/1093/729
f 366/1093/729 365/1092/728 197/215/730
f 367/1094/726 1179/546/727 196/213/731
f 196/213/731 1179/546/727 366/1093/729
f 184/200/680 344/1070/684 365/1092/728
f 365/1092/728 344/1070/684 1180/547/732
f 344/1070/684 185/201/685 1180/547/732
f 1180/547/732 185/201/685 368/1096/733
f 1180/547/732 368/1096/733 369/1097/734
f 369/1097/734 368/1096/733 198/216/735
f 365/1092/728 1180/547/732 197/215/730
f 197/215/730 1180/547/732 369/1097/734
f 185/201/685 346/1072/688 368/1096/733
f 368/1096/733 346/1072/688 1181/548/736
f 346/1072/688 186/202/689 1181/548/736
f 1181/548/736 186/202/689 370/1098/737
f 1181/548/736 370/1098/737 371/1099/738
f 371/1099/738 370/1098/737 199/217/739
f 368/1096/733 1181/548/736 198/216/735
f 198/216/735 1181/548/736 371/1099/738
f 186/202/689 348/1074/692 370/1098/737
f 370/1098/737 348/1074/692 1182/549/740
f 348/1074/692 187/203/693 1182/549/740
f 1182/549/740 187/203/693 372/1100/741
f 1182/549/740 372/1100/741 373/1101/742
f 373/1101/742 372/1100/741 200/218/743
f 370/1098/737 1182/549/740 199/217/739
f 199/217/739 1182/549/740 373/1101/742
f 187/203/693 350/1076/696 372/1100/741
f 372/1100/741 350/1076/696 1183/550/744
f 350/1076/696 188/204/697 1183/550/744
f 1183/550/744 188/204/697 374/1102/745
f 1183/550/744 374/1102/745 375/1103/746
f 375/1103/746 374/1102/745 201/219/747
f 372/1100/741 1183/550/744 200/218/743
f 200/218/743 1183/550/744 375/1103/746
f 188/204/697 352/1078/700 374/1102/745
f 374/1102/745 352/1078/700 1184/551/748
f 352/1078/700 189/205/701 1184/551/748
f 1184/551/748 189/205/701 376/1104/749
f 1184/551/748 376/1104/749 377/1105/750
f 377/1105/750 376/1104/749 202/220/751
f 374/1102/745 1184/551/748 201/219/747
f 201/219/747 1184/551/748 377/1105/750
f 189/205/701 354/1080/704 376/1104/749
f 376/1104/749 354/1080/704 1185/552/752
f 354/1080/704 190/206/705 1185/552/752
f 1185/552/752 190/206/705 378/1106/753
f 1185/552/752 378/1106/753 379/1107/754
f 379/1107/754 378/1106/753 203/221/755
f 376/1104/749 1185/552/752 202/220/751
f 202/220/751 1185/552/752 379/1107/754
f 190/206/705 356/1082/708 378/1106/753
f 378/1106/753 356/1082/708 1186/553/756
f 356/1082/708 191/207/709 1186/553/756
f 1186/553/756 191/207/709 380/1108/757
f 1186/553/756 380/1108/757 381/1109/758
f 381/1109/758 380/1108/757 204/222/759
f 378/1106/753 1186/553/756 203/221/755
f 203/221/755 1186/553/756 381/1109/758
f 191/207/709 358/1084/712 380/1108/757
f 380/1108/757 358/1084/712 1187/554/760
f 358/1084/712 192/208/713 1187/554/760
f 1187/554/760 192/208/713 382/1110/761
f 1187/554/760 382/1110/761 383/1111/762
f 383/1111/762 382/1110/761 205/223/763
f 380/1108/757 1187/554/760 204/222/759
f 204/222/759 1187/554/760 383/1111/762
f 192/208/713 360/1086/716 382/1110/761
f 382/1110/761 360/1086/716 1188/555/764
f 360/1086/716 193/209/717 1188/555/764
f 1188/555/764 193/209/717 384/1112/765
f 1188/555/764 384/1112/765 385/1113/766
f 385/1113/766 384/1112/765 206/224/767
f 382/1110/761 1188/555/764 205/223/763
f 205/223/763 1188/555/764 385/1113/766
f 193/209/717 362/1088/720 384/1112/765
f 384/1112/765 362/1088/720 1189/556/768
f 362/1088/720 194/210/721 1189/556/768
f 1189/556/768 194/210/721 386/1114/769
f 1189/556/768 386/1114/769 387/1115/770
f 387/1115/770 386/1114/769 207/225/771
f 384/1112/765 1189/556/768 206/224/767
f 206/224/767 1189/556/768 387/1115/770
f 194/210/721 364/1091/724 386/1114/769
f 386/1114/769 364/1091/724 1190/557/772
f 364/1091/724 195/211/725 1190/557/772
f 1190/557/772 195/211/725 388/1116/773
f 1190/557/772 388/1116/773 389/1118/774
f 389/1118/774 388/1116/773 208/226/775
f 386/1114/769 1190/557/772 207/225/771
f 207/225/771 1190/557/772 389/1118/774
f 196/213/731 366/1093/729 392/1121/776
f 392/1121/776 366/1093/729 1191/558/777
f 366/1093/729 197/215/730 1191/558/777
f 1191/558/777 197/215/730 390/1119/778
f 1191/558/777 390/1119/778 391/1120/779
f 391/1120/779 390/1119/778 210/230/780
f 392/1121/776 1191/558/777 209/228/781
f 209/228/781 1191/558/777 391/1120/779
f 197/215/730 369/1097/734 390/1119/778
f 390/1119/778 369/1097/734 1192/559/782
f 369/1097/734 198/216/735 1192/559/782
f 1192/559/782 198/216/735 393/1123/783
f 1192/559/782 393/1123/783 394/1124/784
f 394/1124/784 393/1123/783 211/231/785
f 390/1119/778 1192/559/782 210/230/780
f 210/230/780 1192/559/782 394/1124/784
f 198/216/735 371/1099/738 393/1123/783
f 393/1123/783 371/1099/738 1193/560/786
f 371/1099/738 199/217/739 1193/560/786
f 1193/560/786 199/217/739 395/1125/787
f 1193/560/786 395/1125/787 396/1126/788
f 396/1126/788 395/1125/787 212/232/789
f 393/1123/783 1193/560/786 211/231/785
f 211/231/785 1193/560/786 396/1126/788
f 199/217/739 373/1101/742 395/1125/787
f 395/1125/787 373/1101/742 1194/561/790
f 373/1101/742 200/218/743 1194/561/790
f 1194/561/790 200/218/743 397/1127/791
f 1194/561/790 397/1127/791 398/1128/792
f 398/1128/792 397/1127/791 213/233/793
f 395/1125/787 1194/561/790 212/232/789
f 212/232/789 1194/561/790 398/1128/792
f 200/218/743 375/1103/746 397/1127/791
f 397/1127/791 375/1103/746 1195/562/794
f 375/1103/746 201/219/747 1195/562/794
f 1195/562/794 201/219/747 399/1129/795
f 1195/562/794 399/1129/795 400/1130/796
f 400/1130/796 399/1129/795 214/234/797
f 397/1127/791 1195/562/794 213/233/793
f 213/233/793 1195/562/794 400/1130/796
f 201/219/747 377/1105/750 399/1129/795
f 399/1129/795 377/1105/750 1196/563/798
f 377/1105/750 202/220/751 1196/563/798
f 1196/563/798 202/220/751 401/1131/799
f 1196/563/798 401/1131/799 402/1132/800
f 402/1132/800 401/1131/799 215/235/801
f 399/1129/795 1196/563/798 214/234/797
f 214/234/797 1196/563/798 402/1132/800
f 202/220/751 379/1107/754 401/1131/799
f 401/1131/799 379/1107/754 1197/564/802
f 379/1107/754 203/221/755 1197/564/802
f 1197/564/802 203/221/755 403/1133/803
f 1197/564/802 403/1133/803 404/1134/804
f 404/1134/804 403/1133/803 216/236/805
f 401/1131/799 1197/564/802 215/235/801
f 215/235/801 1197/564/802 404/1134/804
f 203/221/755 381/1109/758 403/1133/803
f 403/1133/803 381/1109/758 1198/565/806
f 381/1109/758 204/222/759 1198/565/806
f 1198/565/806 204/222/759 405/1135/807
f 1198/565/806 405/1135/807 406/1136/808
f 406/1136/808 405/1135/807 217/237/809
f 403/1133/803 1198/565/806 216/236/805
f 216/236/805 1198/565/806 406/1136/808
f 204/222/759 383/1111/762 405/1135/807
f 405/1135/807 383/1111/762 1199/566/810
f 383/1111/762 205/223/763 1199/566/810
f 1199/566/810 205/223/763 407/1137/811
f 1199/566/810 407/1137/811 408/1138/812
f 408/1138/812 407/1137/811 218/238/813
f 405/1135/807 1199/566/810 217/237/809
f 217/237/809 1199/566/810 408/1138/812
f 205/223/763 385/1113/766 407/1137/811
f 407/1137/811 385/1113/766 1200/567/814
f 385/1113/766 206/224/767 1200/567/814
f 1200/567/814 206/224/767 409/1139/815
f 1200/567/814 409/1139/815 410/1140/816
f 410/1140/816 409/1139/815 219/239/817
f 407/1137/811 1200/567/814 218/238/813
f 218/238/813 1200/567/814 410/1140/816
f 206/224/767 387/1115/770 409/1139/815
f 409/1139/815 387/1115/770 1201/568/818
f 387/1115/770 207/225/771 1201/568/818
f 1201/568/818 207/225/771 411/1141/819
f 1201/568/818 411/1141/819 412/1142/820
f 412/1142/820 411/1141/819 220/240/821
f 409/1139/815 1201/568/818 219/239/817
f 219/239/817 1201/568/818 412/1142/820
f 207/225/771 389/1118/774 411/1141/819
f 411/1141/819 389/1118/774 1202/569/822
f 389/1118/774 208/226/775 1202/569/822
f 1202/569/822 208/226/775 413/1143/823
f 1202/569/822 413/1143/823 414/1145/824
f 414/1145/824 413/1143/823 221/241/825
f 411/1141/819 1202/569/822 220/240/821
f 220/240/821 1202/569/822 414/1145/824
f 209/228/781 391/1120/779 417/1148/826
f 417/1148/826 391/1120/779 1203/570/827
f 391/1120/779 210/230/780 1203/570/827
f 1203/570/827 210/230/780 415/1146/828
f 1203/570/827 415/1146/828 416/1147/829
f 416/1147/829 415/1146/828 223/245/830
f 417/1148/826 1203/570/827 222/243/831
f 222/243/831 1203/570/827 416/1147/829
f 210/230/780 394/1124/784 415/1146/828
f 415/1146/828 394/1124/784 1204/571/832
f 394/1124/784 211/231/785 1204/571/832
f 1204/571/832 211/231/785 418/1150/833
f 1204/571/832 418/1150/833 419/1151/834
f 419/1151/834 418/1150/833 224/246/835
f 415/1146/828 1204/571/832 223/245/830
f 223/245/830 1204/571/832 419/1151/834
f 211/231/785 396/1126/788 418/1150/833
f 418/1150/833 396/1126/788 1205/572/836
f 396/1126/788 212/232/789 1205/572/836
f 1205/572/836 212/232/789 420/1152/837
f 1205/572/836 420/1152/837 421/1153/838
f 421/1153/838 420/1152/837 225/247/839
f 418/1150/833 1205/572/836 224/246/835
f 224/246/835 1205/572/836 421/1153/838
f 212/232/789 398/1128/792 420/1152/837
f 420/1152/837 398/1128/792 1206/573/840
f 398/1128/792 213/233/793 1206/573/840
f 1206/573/840 213/233/793 422/1154/841
f 1206/573/840 422/1154/841 423/1155/842
f 423/1155/842 422/1154/841 226/248/843
f 420/1152/837 1206/573/840 225/247/839
f 225/247/839 1206/573/840 423/1155/842
f 213/233/793 400/1130/796 422/1154/841
f 422/1154/841 400/1130/796 1207/574/844
f 400/1130/796 214/234/797 1207/574/844
f 1207/574/844 214/234/797 424/1156/845
f 1207/574/844 424/1156/845 425/1157/846
f 425/1157/846 424/1156/845 227/249/847
f 422/1154/841 1207/574/844 226/248/843
f 226/248/843 1207/574/844 425/1157/846
f 214/234/797 402/1132/800 424/1156/845
f 424/1156/845 402/1132/800 1208/575/848
f 402/1132/800 215/235/801 1208/575/848
f 1208/575/848 215/235/801 426/1158/849
f 1208/575/848 426/1158/849 427/1159/850
f 427/1159/850 426/1158/849 228/250/851
f 424/1156/845 1208/575/848 227/249/847
f 227/249/847 1208/575/848 427/1159/850
f 215/235/801 404/1134/804 426/1158/849
f 426/1158/849 404/1134/804 1209/576/852
f 404/1134/804 216/236/805 1209/576/852
f 1209/576/852 216/236/805 428/1160/853
f 1209/576/852 428/1160/853 429/1161/854
f 429/1161/854 428/1160/853 229/251/855
f 426/1158/849 1209/576/852 228/250/851
f 228/250/851 1209/576/852 429/1161/854
f 216/236/805 406/1136/808 428/1160/853
f 428/1160/853 406/1136/808 1210/577/856
f 406/1136/808 217/237/809 1210/577/856
f 1210/577/856 217/237/809 430/1162/857
f 1210/577/856 430/1162/857 431/1163/858
f 431/1163/858 430/1162/857 230/252/859
f 428/1160/853 1210/577/856 229/251/855
f 229/251/855 1210/577/856 431/1163/858
f 217/237/809 408/1138/812 430/1162/857
f 430/1162/857 408/1138/812 1211/578/860
f 408/1138/812 218/238/813 1211/578/860
f 1211/578/860 218/238/813 432/1164/861
f 1211/578/860 432/1164/861 433/1165/862
f 433/1165/862 432/1164/861 231/253/863
f 430/1162/857 1211/578/860 230/252/859
f 230/252/859 1211/578/860 433/1165/862
f 218/238/813 410/1140/816 432/1164/861
f 432/1164/861 410/1140/816 1212/579/864
f 410/1140/816 219/239/817 1212/579/864
f 1212/579/864 219/239/817 434/1166/865
f 1212/579/864 434/1166/865 435/1167/866
f 435/1167/866 434/1166/865 232/254/867
f 432/1164/861 1212/579/864 231/253/863
f 231/253/863 1212/579/864 435/1167/866
f 219/239/817 412/1142/820 434/1166/865
f 434/1166/865 412/1142/820 1213/580/868
f 412/1142/820 220/240/821 1213/580/868
f 1213/580/868 220/240/821 436/1168/869
f 1213/580/868 436/1168/869 437/1169/870
f 437/1169/870 436/1168/869 233/255/871
f 434/1166/865 1213/580/868 232/254/867
f 232/254/867 1213/580/868 437/1169/870
f 220/240/821 414/1145/824 436/1168/869
f 436/1168/869 414/1145/824 1214/581/872
f 414/1145/824 221/241/825 1214/581/872
f 1214/581/872 221/241/825 438/1170/873
f 1214/581/872 438/1170/873 439/1172/874
f 439/1172/874 438/1170/873 234/256/875
f 436/1168/869 1214/581/872 233/255/871
f 233/255/871 1214/581/872 439/1172/874
f 222/243/831 416/1147/829 442/1175/876
f 442/1175/876 416/1147/829 1215/582/877
f 416/1147/829 223/245/830 1215/582/877
f 1215/582/877 223/245/830 440/1173/878
f 1215/582/877 440/1173/878 441/1174/879
f 441/1174/879 440/1173/878 236/260/880
f 442/1175/876 1215/582/877 235/258/881
f 235/258/881 1215/582/877 441/1174/879
f 223/245/830 419/1151/834 440/1173/878
f 440/1173/878 419/1151/834 1216/583/882
f 419/1151/834 224/246/835 1216/583/882
f 1216/583/882 224/246/835 443/1177/883
f 1216/583/882 443/1177/883 444/1178/884
f 444/1178/884 443/1177/883 237/261/885
f 440/1173/878 1216/583/882 236/260/880
f 236/260/880 1216/583/882 444/1178/884
f 224/246/835 421/1153/838 443/1177/883
f 443/1177/883 421/1153/838 1217/584/886
f 421/1153/838 225/247/839 1217/584/886
f 1217/584/886 225/247/839 445/1179/887
f 1217/584/886 445/1179/887 446/1180/888
f 446/1180/888 445/1179/887 238/262/889
f 443/1177/883 1217/584/886 237/261/885
f 237/261/885 1217/584/886 446/1180/888
f 225/247/839 423/1155/842 445/1179/887
f 445/1179/887 423/1155/842 1218/585/890
f 423/1155/842 226/248/843 1218/585/890
f 1218/585/890 226/248/843 447/1181/891
f 1218/585/890 447/1181/891 448/1182/892
f 448/1182/892 447/1181/891 239/263/893
f 445/1179/887 1218/585/890 238/262/889
f 238/262/889 1218/585/890 448/1182/892
f 226/248/843 425/1157/846 447/1181/891
f 447/1181/891 425/1157/846 1219/586/894
f 425/1157/846 227/249/847 1219/586/894
f 1219/586/894 227/249/847 449/1183/895
f 1219/586/894 449/1183/895 450/1184/896
f 450/1184/896 449/1183/895 240/264/897
f 447/1181/891 1219/586/894 239/263/893
f 239/263/893 1219/586/894 450/1184/896
f 227/249/847 427/1159/850 449/1183/895
f 449/1183/895 427/1159/850 1220/587/898
f 427/1159/850 228/250/851 1220/587/898
f 1220/587/898 228/250/851 451/1185/899
f 1220/587/898 451/1185/899 452/1186/900
f 452/1186/900 451/1185/899 241/265/901
f 449/1183/895 1220/587/898 240/264/897
f 240/264/897 1220/587/898 452/1186/900
f 228/250/851 429/1161/854 451/1185/899
f 451/1185/899 429/1161/854 1221/588/902
f 429/1161/854 229/251/855 1221/588/902
f 1221/588/902 229/251/855 453/1187/903
f 1221/588/902 453/1187/903 454/1188/904
f 454/1188/904 453/1187/903 242/266/905
f 451/1185/899 1221/588/902 241/265/901
f 241/265/901 1221/588/902 454/1188/904
f 229/251/855 431/1163/858 453/1187/903
f 453/1187/903 431/1163/858 1222/589/906
f 431/1163/858 230/252/859 1222/589/906
f 1222/589/906 230/252/859 455/1189/907
f 1222/589/906 455/1189/907 456/1190/908
f 456/1190/908 455/1189/907 243/267/909
f 453/1187/903 1222/589/906 242/266/905
f 242/266/905 1222/589/906 456/1190/908
f 230/252/859 433/1165/862 455/1189/907
f 455/1189/907 433/1165/862 1223/590/910
f 433/1165/862 231/253/863 1223/590/910
f 1223/590/910 231/253/863 457/1191/911
f 1223/590/910 457/1191/911 458/1192/912
f 458/1192/912 457/1191/911 244/268/913
f 455/1189/907 1223/590/910 243/267/909
f 243/267/909 1223/590/910 458/1192/912
f 231/253/863 435/1167/866 457/1191/911
f 457/1191/911 435/1167/866 1224/591/914
f 435/1167/866 232/254/867 1224/591/914
f 1224/591/914 232/254/867 459/1193/915
f 1224/591/914 459/1193/915 460/1194/916
f 460/1194/916 459/1193/915 245/269/917
f 457/1191/911 1224/591/914 244/268/913
f 244/268/913 1224/591/914 460/1194/916
f 232/254/867 437/1169/870 459/1193/915
f 459/1193/915 437/1169/870 1225/592/918
f 437/1169/870 233/255/871 1225/592/918
f 1225/592/918 233/255/871 461/1195/919
f 1225/592/918 461/1195/919 462/1196/920
f 462/1196/920 461/1195/919 246/270/921
f 459/1193/915 1225/592/918 245/269/917
f 245/269/917 1225/592/918 462/1196/920
f 233/255/871 439/1172/874 461/1195/919
f 461/1195/919 439/1172/874 1226/593/922
f 439/1172/874 234/256/875 1226/593/922
f 1226/593/922 234/256/875 463/1197/923
f 1226/593/922 463/1197/923 464/1199/924
f 464/1199/924 463/1197/923 247/271/925
f 461/1195/919 1226/593/922 246/270/921
f 246/270/921 1226/593/922 464/1199/924
f 235/258/881 441/1174/879 467/1202/926
f 467/1202/926 441/1174/879 1227/594/927
f 441/1174/879 236/260/880 1227/594/927
f 1227/594/927 236/260/880 465/1200/928
f 1227/594/927 465/1200/928 466/1201/929
f 466/1201/929 465/1200/928 249/275/930
f 467/1202/926 1227/594/927 248/273/931
f 248/273/931 1227/594/927 466/1201/929
f 236/260/880 444/1178/884 465/1200/928
f 465/1200/928 444/1178/884 1228/595/932
f 444/1178/884 237/261/885 1228/595/932
f 1228/595/932 237/261/885 468/1204/933
f 1228/595/932 468/1204/933 469/1205/934
f 469/1205/934 468/1204/933 250/276/935
f 465/1200/928 1228/595/932 249/275/930
f 249/275/930 1228/595/932 469/1205/934
f 237/261/885 446/1180/888 468/1204/933
f 468/1204/933 446/1180/888 1229/596/936
f 446/1180/888 238/262/889 1229/596/936
f 1229/596/936 238/262/889 470/1206/937
f 1229/596/936 470/1206/937 471/1207/938
f 471/1207/938 470/1206/937 251/277/939
f 468/1204/933 1229/596/936 250/276/935
f 250/276/935 1229/596/936 471/1207/938
f 238/262/889 448/1182/892 470/1206/937
f 470/1206/937 448/1182/892 1230/597/940
f 448/1182/892 239/263/893 1230/597/940
f 1230/597/940 239/263/893 472/1208/941
f 1230/597/940 472/1208/941 473/1209/942
f 473/1209/942 472/1208/941 252/278/943
f 470/1206/937 1230/597/940 251/277/939
f 251/277/939 1230/597/940 473/1209/942
f 239/263/893 450/1184/896 472/1208/941
f 472/1208/941 450/1184/896 1231/598/944
f 450/1184/896 240/264/897 1231/598/944
f 1231/598/944 240/264/897 474/1210/945
f 1231/598/944 474/1210/945 475/1211/946
f 475/1211/946 474/1210/945 253/279/947
f 472/1208/941 1231/598/944 252/278/943
f 252/278/943 1231/598/944 475/1211/946
f 240/264/897 452/1186/900 474/1210/945
f 474/1210/945 452/1186/900 1232/599/948
f 452/1186/900 241/265/901 1232/599/948
f 1232/599/948 241/265/901 476/1212/949
f 1232/599/948 476/1212/949 477/1213/950
f 477/1213/950 476/1212/949 254/280/951
f 474/1210/945 1232/599/948 253/279/947
f 253/279/947 1232/599/948 477/1213/950
f 241/265/901 454/1188/904 476/1212/949
f 476/1212/949 454/1188/904 1233/600/952
f 454/1188/904 242/266/905 1233/600/952
f 1233/600/952 242/266/905 478/1214/953
f 1233/600/952 478/1214/953 479/1215/954
f 479/1215/954 478/1214/953 255/281/955
f 476/1212/949 1233/600/952 254/280/951
f 254/280/951 1233/600/952 479/1215/954
f 242/266/905 456/1190/908 478/1214/953
f 478/1214/953 456/1190/908 1234/601/956
f 456/1190/908 243/267/909 1234/601/956
f 1234/601/956 243/267/909 480/1216/957
f 1234/601/956 480/1216/957 481/1217/958
f 481/1217/958 480/1216/957 256/282/959
f 478/1214/953 1234/601/956 255/281/955
f 255/281/955 1234/601/956 481/1217/958
f 243/267/909 458/1192/912 480/1216/957
f 480/1216/957 458/1192/912 1235/602/960
f 458/1192/912 244/268/913 1235/602/960
f 1235/602/960 244/268/913 482/1218/961
f 1235/602/960 482/1218/961 483/1219/962
f 483/1219/962 482/1218/961 257/283/963
f 480/1216/957 1235/602/960 256/282/959
f 256/282/959 1235/602/960 483/1219/962
f 244/268/913 460/1194/916 482/1218/961
f 482/1218/961 460/1194/916 1236/603/964
f 460/1194/916 245/269/917 1236/603/964
f 1236/603/964 245/269/917 484/1220/965
f 1236/603/964 484/1220/965 485/1221/966
f 485/1221/966 484/1220/965 258/284/967
f 482/1218/961 1236/603/964 257/283/963
f 257/283/963 1236/603/964 485/1221/966
f 245/269/917 462/1196/920 484/1220/965
f 484/1220/965 462/1196/920 1237/604/968
f 462/1196/920 246/270/921 1237/604/968
f 1237/604/968 246/270/921 486/1222/969
f 1237/604/968 486/1222/969 487/1223/970
f 487/1223/970 486/1222/969 259/285/971
f 484/1220/965 1237/604/968 258/284/967
f 258/284/967 1237/604/968 487/1223/970
f 246/270/921 464/1199/924 486/1222/969
f 486/1222/969 464/1199/924 1238/605/972
f 464/1199/924 247/271/925 1238/605/972
f 1238/605/972 247/271/925 488/1224/973
f 1238/605/972 488/1224/973 489/1226/974
f 489/1226/974 488/1224/973 260/286/975
f 486/1222/969 1238/605/972 259/285/971
f 259/285/971 1238/605/972 489/1226/974
f 248/273/931 466/1201/929 492/1229/976
f 492/1229/976 466/1201/929 1239/606/977
f 466/1201/929 249/275/930 1239/606/977
f 1239/606/977 249/275/930 490/1227/978
f 1239/606/977 490/1227/978 491/1228/979
f 491/1228/979 490/1227/978 262/290/980
f 492/1229/976 1239/606/977 261/288/981
f 261/288/981 1239/606/977 491/1228/979
f 249/275/930 469/1205/934 490/1227/978
f 490/1227/978 469/1205/934 1240/607/982
f 469/1205/934 250/276/935 1240/607/982
f 1240/607/982 250/276/935 493/1231/983
f 1240/607/982 493/1231/983 494/1232/984
f 494/1232/984 493/1231/983 263/291/985
f 490/1227/978 1240/607/982 262/290/980
f 262/290/980 1240/607/982 494/1232/984
f 250/276/935 471/1207/938 493/1231/983
f 493/1231/983 471/1207/938 1241/608/986
f 471/1207/938 251/277/939 1241/608/986
f 1241/608/986 251/277/939 495/1233/987
f 1241/608/986 495/1233/987 496/1234/988
f 496/1234/988 495/1233/987 264/292/989
f 493/1231/983 1241/608/986 263/291/985
f 263/291/985 1241/608/986 496/1234/988
f 251/277/939 473/1209/942 495/1233/987
f 495/1233/987 473/1209/942 1242/609/990
f 473/1209/942 252/278/943 1242/609/990
f 1242/609/990 252/278/943 497/1235/991
f 1242/609/990 497/1235/991 498/1236/992
f 498/1236/992 497/1235/991 265/293/993
f 495/1233/987 1242/609/990 264/292/989
f 264/292/989 1242/609/990 498/1236/992
f 252/278/943 475/1211/946 497/1235/991
f 497/1235/991 475/1211/946 1243/610/994
f 475/1211/946 253/279/947 1243/610/994
f 1243/610/994 253/279/947 499/1237/995
f 1243/610/994 499/1237/995 500/1238/996
f 500/1238/996 499/1237/995 266/294/997
f 497/1235/991 1243/610/994 265/293/993
f 265/293/993 1243/610/994 500/1238/996
f 253/279/947 477/1213/950 499/1237/995
f 499/1237/995 477/1213/950 1244/611/998
f 477/1213/950 254/280/951 1244/611/998
f 1244/611/998 254/280/951 501/1239/999
f 1244/611/998 501/1239/999 502/1240/1000
f 502/1240/1000 501/1239/999 267/295/1001
f 499/1237/995 1244/611/998 266/294/997
f 266/294/997 1244/611/998 502/1240/1000
f 254/280/951 479/1215/954 501/1239/999
f 501/1239/999 479/1215/954 1245/612/1002
f 479/1215/954 255/281/955 1245/612/1002
f 1245/612/1002 255/281/955 503/1241/1003
f 1245/612/1002 503/1241/1003 504/1242/1004
f 504/1242/1004 503/1241/1003 268/296/1005
f 501/1239/999 1245/612/1002 267/295/1001
f 267/295/1001 1245/612/1002 504/1242/1004
f 255/281/955 481/1217/958 503/1241/1003
f 503/1241/1003 481/1217/958 1246/613/1006
f 481/1217/958 256/282/959 1246/613/1006
f 1246/613/1006 256/282/959 505/1243/1007
f 1246/613/1006 505/1243/1007 506/1244/1008
f 506/1244/1008 505/1243/1007 269/297/1009
f 503/1241/1003 1246/613/1006 268/296/1005
f 268/296/1005 1246/613/1006 506/1244/1008
f 256/282/959 483/1219/962 505/1243/1007
f 505/1243/1007 483/1219/962 1247/614/1010
f 483/1219/962 257/283/963 1247/614/1010
f 1247/614/1010 257/283/963 507/1245/1011
f 1247/614/1010 507/1245/1011 508/1246/1012
f 508/1246/1012 507/1245/1011 270/298/1013
f 505/1243/1007 1247/614/1010 269/297/1009
f 269/297/1009 1247/614/1010 508/1246/1012
f 257/283/963 485/1221/966 507/1245/1011
f 507/1245/1011 485/1221/966 1248/615/1014
f 485/1221/966 258/284/967 1248/615/1014
f 1248/615/1014 258/284/967 509/1247/1015
f 1248/615/1014 509/1247/1015 510/1248/1016
f 510/1248/1016 509/1247/1015 271/299/1017
f 507/1245/1011 1248/615/1014 270/298/1013
f 270/298/1013 1248/615/1014 510/1248/1016
f 258/284/967 487/1223/970 509/1247/1015
f 509/1247/1015 487/1223/970 1249/616/1018
f 487/1223/970 259/285/971 1249/616/1018
f 1249/616/1018 259/285/971 511/1249/1019
f 1249/616/1018 511/1249/1019 512/1250/1020
f 512/1250/1020 511/1249/1019 272/300/1021
f 509/1247/1015 1249/616/1018 271/299/1017
f 271/299/1017 1249/616/1018 512/1250/1020
f 259/285/971 489/1226/974 511/1249/1019
f 511/1249/1019 489/1226/974 1250/617/1022
f 489/1226/974 260/286/975 1250/617/1022
f 1250/617/1022 260/286/975 513/1251/1023
f 1250/617/1022 513/1251/1023 514/1253/1024
f 514/1253/1024 513/1251/1023 273/301/1025
f 511/1249/1019 1250/617/1022 272/300/1021
f 272/300/1021 1250/617/1022 514/1253/1024
f 261/288/981 491/1228/979 517/1256/1026
f 517/1256/1026 491/1228/979 1251/618/1027
f 491/1228/979 262/290/980 1251/618/1027
f 1251/618/1027 262/290/980 515/1254/1028
f 1251/618/1027 515/1254/1028 516/1255/1029
f 516/1255/1029 515/1254/1028 275/305/1030
f 517/1256/1026 1251/618/1027 274/303/1031
f 274/303/1031 1251/618/1027 516/1255/1029
f 262/290/980 494/1232/984 515/1254/1028
f 515/1254/1028 494/1232/984 1252/619/1032
f 494/1232/984 263/291/985 1252/619/1032
f 1252/619/1032 263/291/985 518/1258/1033
f 1252/619/1032 518/1258/1033 519/1259/1034
f 519/1259/1034 518/1258/1033 276/306/1035
f 515/1254/1028 1252/619/1032 275/305/1030
f 275/305/1030 1252/619/1032 519/1259/1034
f 263/291/985 496/1234/988 518/1258/1033
f 518/1258/1033 496/1234/988 1253/620/1036
f 496/1234/988 264/292/989 1253/620/1036
f 1253/620/1036 264/292/989 520/1260/1037
f 1253/620/1036 520/1260/1037 521/1261/1038
f 521/1261/1038 520/1260/1037 277/307/1039
f 518/1258/1033 1253/620/1036 276/306/1035
f 276/306/1035 1253/620/1036 521/1261/1038
f 264/292/989 498/1236/992 520/1260/1037
f 520/1260/1037 498/1236/992 1254/621/1040
f 498/1236/992 265/293/993 1254/621/1040
f 1254/621/1040 265/293/993 522/1262/1041
f 1254/621/1040 522/1262/1041 523/1263/1042
f 523/1263/1042 522/1262/1041 278/308/1043
f 520/1260/1037 1254/621/1040 277/307/1039
f 277/307/1039 1254/621/1040 523/1263/1042
f 265/293/993 500/1238/996 522/1262/1041
f 522/1262/1041 500/1238/996 1255/622/1044
f 500/1238/996 266/294/997 1255/622/1044
f 1255/622/1044 266/294/997 524/1264/1045
f 1255/622/1044 524/1264/1045 525/1265/1046
f 525/1265/1046 524/1264/1045 279/309/1047
f 522/1262/1041 1255/622/1044 278/308/1043
f 278/308/1043 1255/622/1044 525/1265/1046
f 266/294/997 502/1240/1000 524/1264/1045
f 524/1264/1045 502/1240/1000 1256/623/1048
f 502/1240/1000 267/295/1001 1256/623/1048
f 1256/623/1048 267/295/1001 526/1266/1049
f 1256/623/1048 526/1266/1049 527/1267/1050
f 527/1267/1050 526/1266/1049 280/310/1051
f 524/1264/1045 1256/623/1048 279/309/1047
f 279/309/1047 1256/623/1048 527/1267/1050
f 267/295/1001 504/1242/1004 526/1266/1049
f 526/1266/1049 504/1242/1004 1257/624/1052
f 504/1242/1004 268/296/1005 1257/624/1052
f 1257/624/1052 268/296/1005 528/1268/1053
f 1257/624/1052 528/1268/1053 529/1269/1054
f 529/1269/1054 528/1268/1053 281/311/1055
f 526/1266/1049 1257/624/1052 280/310/1051
f 280/310/1051 1257/624/1052 529/1269/1054
f 268/296/1005 506/1244/1008 528/1268/1053
f 528/1268/1053 506/1244/1008 1258/625/1056
f 506/1244/1008 269/297/1009 1258/625/1056
f 1258/625/1056 269/297/1009 530/1270/1057
f 1258/625/1056 530/1270/1057 531/1271/1058
f 531/1271/1058 530/1270/1057 282/312/1059
f 528/1268/1053 1258/625/1056 281/311/1055
f 281/311/1055 1258/625/1056 531/1271/1058
f 269/297/1009 508/1246/1012 530/1270/1057
f 530/1270/1057 508/1246/1012 1259/626/1060
f 508/1246/1012 270/298/1013 1259/626/1060
f 1259/626/1060 270/298/1013 532/1272/1061
f 1259/626/1060 532/1272/1061 533/1273/1062
f 533/1273/1062 532/1272/1061 283/313/1063
f 530/1270/1057 1259/626/1060 282/312/1059
f 282/312/1059 1259/626/1060 533/1273/1062
f 270/298/1013 510/1248/1016 532/1272/1061
f 532/1272/1061 510/1248/1016 1260/627/1064
f 510/1248/1016 271/299/1017 1260/627/1064
f 1260/627/1064 271/299/1017 534/1274/1065
f 1260/627/1064 534/1274/1065 535/1275/1066
f 535/1275/1066 534/1274/1065 284/314/1067
f 532/1272/1061 1260/627/1064 283/313/1063
f 283/313/1063 1260/627/1064 535/1275/1066
f 271/299/1017 512/1250/1020 534/1274/1065
f 534/1274/1065 512/1250/1020 1261/628/1068
f 512/1250/1020 272/300/1021 1261/628/1068
f 1261/628/1068 272/300/1021 536/1276/1069
f 1261/628/1068 536/1276/1069 537/1277/1070
f 537/1277/1070 536/1276/1069 285/315/1071
f 534/1274/1065 1261/628/1068 284/314/1067
f 284/314/1067 1261/628/1068 537/1277/1070
f 272/300/1021 514/1253/1024 536/1276/1069
f 536/1276/1069 514/1253/1024 1262/629/1072
f 514/1253/1024 273/301/1025 1262/629/1072
f 1262/629/1072 273/301/1025 538/1278/1073
f 1262/629/1072 538/1278/1073 539/1280/1074
f 539/1280/1074 538/1278/1073 286/316/1075
f 536/1276/1069 1262/629/1072 285/315/1071
f 285/315/1071 1262/629/1072 539/1280/1074
f 274/303/1031 516/1255/1029 542/1283/1076
f 542/1283/1076 516/1255/1029 1263/630/1077
f 516/1255/1029 275/305/1030 1263/630/1077
f 1263/630/1077 275/305/1030 540/1281/1078
f 1263/630/1077 540/1281/1078 541/1282/1079
f 541/1282/1079 540/1281/1078 288/320/1080
f 542/1283/1076 1263/630/1077 287/318/1081
f 287/318/1081 1263/630/1077 541/1282/1079
f 275/305/1030 519/1259/1034 540/1281/1078
f 540/1281/1078 519/1259/1034 1264/631/1082
f 519/1259/1034 276/306/1035 1264/631/1082
f 1264/631/1082 276/306/1035 543/1285/1083
f 1264/631/1082 543/1285/1083 544/1286/1084
f 544/1286/1084 543/1285/1083 289/321/1085
f 540/1281/1078 1264/631/1082 288/320/1080
f 288/320/1080 1264/631/1082 544/1286/1084
f 276/306/1035 521/1261/1038 543/1285/1083
f 543/1285/1083 521/1261/1038 1265/632/1086
f 521/1261/1038 277/307/1039 1265/632/1086
f 1265/632/1086 277/307/1039 545/1287/1087
f 1265/632/1086 545/1287/1087 546/1288/1088
f 546/1288/1088 545/1287/1087 290/322/1089
f 543/1285/1083 1265/632/1086 289/321/1085
f 289/321/1085 1265/632/1086 546/1288/1088
f 277/307/1039 523/1263/1042 545/1287/1087
f 545/1287/1087 523/1263/1042 1266/633/1090
f 523/1263/1042 278/308/1043 1266/633/1090
f 1266/633/1090 278/308/1043 547/1289/1091
f 1266/633/1090 547/1289/1091 548/1290/1092
f 548/1290/1092 547/1289/1091 291/323/1093
f 545/1287/1087 1266/633/1090 290/322/1089
f 290/322/1089 1266/633/1090 548/1290/1092
f 278/308/1043 525/1265/1046 547/1289/1091
f 547/1289/1091 525/1265/1046 1267/634/1094
f 525/1265/1046 279/309/1047 1267/634/1094
f 1267/634/1094 279/309/1047 549/1291/1095
f 1267/634/1094 549/1291/1095 550/1292/1096
f 550/1292/1096 549/1291/1095 292/324/1097
f 547/1289/1091 1267/634/1094 291/323/1093
f 291/323/1093 1267/634/1094 550/1292/1096
f 279/309/1047 527/1267/1050 549/1291/1095
f 549/1291/1095 527/1267/1050 1268/635/1098
f 527/1267/1050 280/310/1051 1268/635/1098
f 1268/635/1098 280/310/1051 551/1293/1099
f 1268/635/1098 551/1293/1099 552/1294/1100
f 552/1294/1100 551/1293/1099 293/325/1101
f 549/1291/1095 1268/635/1098 292/324/1097
f 292/324/1097 1268/635/1098 552/1294/1100
f 280/310/1051 529/1269/1054 551/1293/1099
f 551/1293/1099 529/1269/1054 1269/636/1102
f 529/1269/1054 281/311/1055 1269/636/1102
f 1269/636/1102 281/311/1055 553/1295/1103
f 1269/636/1102 553/1295/1103 554/1296/1104
f 554/1296/1104 553/1295/1103 294/326/1105
f 551/1293/1099 1269/636/1102 293/325/1101
f 293/325/1101 1269/636/1102 554/1296/1104
f 281/311/1055 531/1271/1058 553/1295/1103
f 553/1295/1103 531/1271/1058 1270/637/1106
f 531/1271/1058 282/312/1059 1270/637/1106
f 1270/637/1106 282/312/1059 555/1297/1107
f 1270/637/1106 555/1297/1107 556/1298/1108
f 556/1298/1108 555/1297/1107 295/327/1109
f 553/1295/1103 1270/637/1106 294/326/1105
f 294/326/1105 1270/637/1106 556/1298/1108
f 282/312/1059 533/1273/1062 555/1297/1107
f 555/1297/1107 533/1273/1062 1271/638/1110
f 533/1273/1062 283/313/1063 1271/638/1110
f 1271/638/1110 283/313/1063 557/1299/1111
f 1271/638/1110 557/1299/1111 558/1300/1112
f 558/1300/1112 557/1299/1111 296/328/1113
f 555/1297/1107 1271/638/1110 295/327/1109
f 295/327/1109 1271/638/1110 558/1300/1112
f 283/313/1063 535/1275/1066 557/1299/1111
f 557/1299/1111 535/1275/1066 1272/639/1114
f 535/1275/1066 284/314/1067 1272/639/1114
f 1272/639/1114 284/314/1067 559/1301/1115
f 1272/639/1114 559/1301/1115 560/1302/1116
f 560/1302/1116 559/1301/1115 297/329/1117
f 557/1299/1111 1272/639/1114 296/328/1113
f 296/328/1113 1272/639/1114 560/1302/1116
f 284/314/1067 537/1277/1070 559/1301/1115
f 559/1301/1115 537/1277/1070 1273/640/1118
f 537/1277/1070 285/315/1071 1273/640/1118
f 1273/640/1118 285/315/1071 561/1303/1119
f 1273/640/1118 561/1303/1119 562/1304/1120
f 562/1304/1120 561/1303/1119 298/330/1121
f 559/1301/1115 1273/640/1118 297/329/1117
f 297/329/1117 1273/640/1118 562/1304/1120
f 285/315/1071 539/1280/1074 561/1303/1119
f 561/1303/1119 539/1280/1074 1274/641/1122
f 539/1280/1074 286/316/1075 1274/641/1122
f 1274/641/1122 286/316/1075 563/1305/1123
f 1274/641/1122 563/1305/1123 564/1307/1124
f 564/1307/1124 563/1305/1123 299/331/1125
f 561/1303/1119 1274/641/1122 298/330/1121
f 298/330/1121 1274/641/1122 564/1307/1124
f 287/318/1081 541/1282/1079 567/1310/1126
f 567/1310/1126 541/1282/1079 1275/642/1127
f 541/1282/1079 288/320/1080 1275/642/1127
f 1275/642/1127 288/320/1080 565/1308/1128
f 1275/642/1127 565/1308/1128 566/1309/1129
f 566/1309/1129 565/1308/1128 301/335/1130
f 567/1310/1126 1275/642/1127 300/333/1131
f 300/333/1131 1275/642/1127 566/1309/1129
f 288/320/1080 544/1286/1084 565/1308/1128
f 565/1308/1128 544/1286/1084 1276/643/1132
f 544/1286/1084 289/321/1085 1276/643/1132
f 1276/643/1132 289/321/1085 568/1312/1133
f 1276/643/1132 568/1312/1133 569/1313/1134
f 569/1313/1134 568/1312/1133 302/336/1135
f 565/1308/1128 1276/643/1132 301/335/1130
f 301/335/1130 1276/643/1132 569/1313/1134
f 289/321/1085 546/1288/1088 568/1312/1133
f 568/1312/1133 546/1288/1088 1277/644/1136
f 546/1288/1088 290/322/1089 1277/644/1136
f 1277/644/1136 290/322/1089 570/1314/1137
f 1277/644/1136 570/1314/1137 571/1315/1138
f 571/1315/1138 570/1314/1137 303/337/1139
f 568/1312/1133 1277/644/1136 302/336/1135
f 302/336/1135 1277/644/1136 571/1315/1138
f 290/322/1089 548/1290/1092 570/1314/1137
f 570/1314/1137 548/1290/1092 1278/645/1140
f 548/1290/1092 291/323/1093 1278/645/1140
f 1278/645/1140 291/323/1093 572/1316/1141
f 1278/645/1140 572/1316/1141 573/1317/1142
f 573/1317/1142 572/1316/1141 304/338/1143
f 570/1314/1137 1278/645/1140 303/337/1139
f 303/337/1139 1278/645/1140 573/1317/1142
f 291/323/1093 550/1292/1096 572/1316/1141
f 572/1316/1141 550/1292/1096 1279/646/1144
f 550/1292/1096 292/324/1097 1279/646/1144
f 1279/646/1144 292/324/1097 574/1318/1145
f 1279/646/1144 574/1318/1145 575/1319/1146
f 575/1319/1146 574/1318/1145 305/339/1147
f 572/1316/1141 1279/646/1144 304/338/1143
f 304/338/1143 1279/646/1144 575/1319/1146
f 292/324/1097 552/1294/1100 574/1318/1145
f 574/1318/1145 552/1294/1100 1280/647/1148
f 552/1294/1100 293/325/1101 1280/647/1148
f 1280/647/1148 293/325/1101 576/1320/1149
f 1280/647/1148 576/1320/1149 577/1321/1150
f 577/1321/1150 576/1320/1149 306/340/1151
f 574/1318/1145 1280/647/1148 305/339/1147
f 305/339/1147 1280/647/1148 577/1321/1150
f 293/325/1101 554/1296/1104 576/1320/1149
f 576/1320/1149 554/1296/1104 1281/648/1152
f 554/1296/1104 294/326/1105 1281/648/1152
f 1281/648/1152 294/326/1105 578/1322/1153
f 1281/648/1152 578/1322/1153 579/1323/1154
f 579/1323/1154 578/1322/1153 307/341/1155
f 576/1320/1149 1281/648/1152 306/340/1151
f 306/340/1151 1281/648/1152 579/1323/1154
f 294/326/1105 556/1298/1108 578/1322/1153
f 578/1322/1153 556/1298/1108 1282/649/1156
f 556/1298/1108 295/327/1109 1282/649/1156
f 1282/649/1156 295/327/1109 580/1324/1157
f 1282/649/1156 580/1324/1157 581/1325/1158
f 581/1325/1158 580/1324/1157 308/342/1159
f 578/1322/1153 1282/649/1156 307/341/1155
f 307/341/1155 1282/649/1156 581/1325/1158
f 295/327/1109 558/1300/1112 580/1324/1157
f 580/1324/1157 558/1300/1112 1283/650/1160
f 558/1300/1112 296/328/1113 1283/650/1160
f 1283/650/1160 296/328/1113 582/1326/1161
f 1283/650/1160 582/1326/1161 583/1327/1162
f 583/1327/1162 582/1326/1161 309/343/1163
f 580/1324/1157 1283/650/1160 308/342/1159
f 308/342/1159 1283/650/1160 583/1327/1162
f 296/328/1113 560/1302/1116 582/1326/1161
f 582/1326/1161 560/1302/1116 1284/651/1164
f 560/1302/1116 297/329/1117 1284/651/1164
f 1284/651/1164 297/329/1117 584/1328/1165
f 1284/651/1164 584/1328/1165 585/1329/1166
f 585/1329/1166 584/1328/1165 310/344/1167
f 582/1326/1161 1284/651/1164 309/343/1163
f 309/343/1163 1284/651/1164 585/1329/1166
f 297/329/1117 562/1304/1120 584/1328/1165
f 584/1328/1165 562/1304/1120 1285/652/1168
f 562/1304/1120 298/330/1121 1285/652/1168
f 1285/652/1168 298/330/1121 586/1330/1169
f 1285/652/1168 586/1330/1169 587/1331/1170
f 587/1331/1170 586/1330/1169 311/345/1171
f 584/1328/1165 1285/652/1168 310/344/1167
f 310/344/1167 1285/652/1168 587/1331/1170
f 298/330/1121 564/1307/1124 586/1330/1169
f 586/1330/1169 564/1307/1124 1286/653/1172
f 564/1307/1124 299/331/1125 1286/653/1172
f 1286/653/1172 299/331/1125 588/1332/1173
f 1286/653/1172 588/1332/1173 589/1334/1174
f 589/1334/1174 588/1332/1173 312/346/1175
f 586/1330/1169 1286/653/1172 311/345/1171
f 311/345/1171 1286/653/1172 589/1334/1174
f 300/333/1131 566/1309/1129 592/1337/1176
f 592/1337/1176 566/1309/1129 1287/654/1177
f 566/1309/1129 301/335/1130 1287/654/1177
f 1287/654/1177 301/335/1130 590/1335/1178
f 1287/654/1177 590/1335/1178 591/1336/1179
f 591/1336/1179 590/1335/1178 314/350/1180
f 592/1337/1176 1287/654/1177 313/348/1181
f 313/348/1181 1287/654/1177 591/1336/1179
f 301/335/1130 569/1313/1134 590/1335/1178
f 590/1335/1178 569/1313/1134 1288/655/1182
f 569/1313/1134 302/336/1135 1288/655/1182
f 1288/655/1182 302/336/1135 593/1339/1183
f 1288/655/1182 593/1339/1183 594/1340/1184
f 594/1340/1184 593/1339/1183 315/351/1185
f 590/1335/1178 1288/655/1182 314/350/1180
f 314/350/1180 1288/655/1182 594/1340/1184
f 302/336/1135 571/1315/1138 593/1339/1183
f 593/1339/1183 571/1315/1138 1289/656/1186
f 571/1315/1138 303/337/1139 1289/656/1186
f 1289/656/1186 303/337/1139 595/1341/1187
f 1289/656/1186 595/1341/1187 596/1342/1188
f 596/1342/1188 595/1341/1187 316/352/1189
f 593/1339/1183 1289/656/1186 315/351/1185
f 315/351/1185 1289/656/1186 596/1342/1188
f 303/337/1139 573/1317/1142 595/1341/1187
f 595/1341/1187 573/1317/1142 1290/657/1190
f 573/1317/1142 304/338/1143 1290/657/1190
f 1290/657/1190 304/338/1143 597/1343/1191
f 1290/657/1190 597/1343/1191 598/1344/1192
f 598/1344/1192 597/1343/1191 317/353/1193
f 595/1341/1187 1290/657/1190 316/352/1189
f 316/352/1189 1290/657/1190 598/1344/1192
f 304/338/1143 575/1319/1146 597/1343/1191
f 597/1343/1191 575/1319/1146 1291/658/1194
f 575/1319/1146 305/339/1147 1291/658/1194
f 1291/658/1194 305/339/1147 599/1345/1195
f 1291/658/1194 599/1345/1195 600/1346/1196
f 600/1346/1196 599/1345/1195 318/354/1197
f 597/1343/1191 1291/658/1194 317/353/1193
f 317/353/1193 1291/658/1194 600/1346/1196
f 305/339/1147 577/1321/1150 599/1345/1195
f 599/1345/1195 577/1321/1150 1292/659/1198
f 577/1321/1150 306/340/1151 1292/659/1198
f 1292/659/1198 306/340/1151 601/1347/1199
f 1292/659/1198 601/1347/1199 602/1348/1200
f 602/1348/1200 601/1347/1199 319/355/1201
f 599/1345/1195 1292/659/1198 318/354/1197
f 318/354/1197 1292/659/1198 602/1348/1200
f 306/340/1151 579/1323/1154 601/1347/1199
f 601/1347/1199 579/1323/1154 1293/660/1202
f 579/1323/1154 307/341/1155 1293/660/1202
f 1293/660/1202 307/341/1155 603/1349/1203
f 1293/660/1202 603/1349/1203 604/1350/1204
f 604/1350/1204 603/1349/1203 320/356/1205
f 601/1347/1199 1293/660/1202 319/355/1201
f 319/355/1201 1293/660/1202 604/1350/1204
f 307/341/1155 581/1325/1158 603/1349/1203
f 603/1349/1203 581/1325/1158 1294/661/1206
f 581/1325/1158 308/342/1159 1294/661/1206
f 1294/661/1206 308/342/1159 605/1351/1207
f 1294/661/1206 605/1351/1207 606/1352/1208
f 606/1352/1208 605/1351/1207 321/357/1209
f 603/1349/1203 1294/661/1206 320/356/1205
f 320/356/1205 1294/661/1206 606/1352/1208
f 308/342/1159 583/1327/1162 605/1351/1207
f 605/1351/1207 583/1327/1162 1295/662/1210
f 583/1327/1162 309/343/1163 1295/662/1210
f 1295/662/1210 309/343/1163 607/1353/1211
f 1295/662/1210 607/1353/1211 608/1354/1212
f 608/1354/1212 607/1353/1211 322/358/1213
f 605/1351/1207 1295/662/1210 321/357/1209
f 321/357/1209 1295/662/1210 608/1354/1212
f 309/343/1163 585/1329/1166 607/1353/1211
f 607/1353/1211 585/1329/1166 1296/663/1214
f 585/1329/1166 310/344/1167 1296/663/1214
f 1296/663/1214 310/344/1167 609/1355/1215
f 1296/663/1214 609/1355/1215 610/1356/1216
f 610/1356/1216 609/1355/1215 323/359/1217
f 607/1353/1211 1296/663/1214 322/358/1213
f 322/358/1213 1296/663/1214 610/1356/1216
f 310/344/1167 587/1331/1170 609/1355/1215
f 609/1355/1215 587/1331/1170 1297/664/1218
f 587/1331/1170 311/345/1171 1297/664/1218
f 1297/664/1218 311/345/1171 611/1357/1219
f 1297/664/1218 611/1357/1219 612/1358/1220
f 612/1358/1220 611/1357/1219 324/360/1221
f 609/1355/1215 1297/664/1218 323/359/1217
f 323/359/1217 1297/664/1218 612/1358/1220
f 311/345/1171 589/1334/1174 611/1357/1219
f 611/1357/1219 589/1334/1174 1298/665/1222
f 589/1334/1174 312/346/1175 1298/665/1222
f 1298/665/1222 312/346/1175 613/1359/1223
f 1298/665/1222 613/1359/1223 614/1361/1224
f 614/1361/1224 613/1359/1223 325/361/1225
f 611/1357/1219 1298/665/1222 324/360/1221
f 324/360/1221 1298/665/1222 614/1361/1224
f 313/348/1181 591/1336/1179 617/1364/1226
f 617/1364/1226 591/1336/1179 1299/666/1227
f 591/1336/1179 314/350/1180 1299/666/1227
f 1299/666/1227 314/350/1180 615/1362/1228
f 1299/666/1227 615/1362/1228 616/1501/1229
f 616/1501/1229 615/1362/1228 327/1500/1230
f 617/1364/1226 1299/666/1227 326/1502/1231
f 326/1502/1231 1299/666/1227 616/1501/1229
f 314/350/1180 594/1340/1184 615/1362/1228
f 615/1362/1228 594/1340/1184 1300/667/1232
f 594/1340/1184 315/351/1185 1300/667/1232
f 1300/667/1232 315/351/1185 618/1366/1233
f 1300/667/1232 618/1366/1233 619/1499/1234
f 619/1499/1234 618/1366/1233 328/1498/1235
f 615/1362/1228 1300/667/1232 327/1500/1230
f 327/1500/1230 1300/667/1232 619/1499/1234
f 315/351/1185 596/1342/1188 618/1366/1233
f 618/1366/1233 596/1342/1188 1301/668/1236
f 596/1342/1188 316/352/1189 1301/668/1236
f 1301/668/1236 316/352/1189 620/1368/1237
f 1301/668/1236 620/1368/1237 621/1497/1238
f 621/1497/1238 620/1368/1237 329/1496/1239
f 618/1366/1233 1301/668/1236 328/1498/1235
f 328/1498/1235 1301/668/1236 621/1497/1238
f 316/352/1189 598/1344/1192 620/1368/1237
f 620/1368/1237 598/1344/1192 1302/669/1240
f 598/1344/1192 317/353/1193 1302/669/1240
f 1302/669/1240 317/353/1193 622/1370/1241
f 1302/669/1240 622/1370/1241 623/1495/1242
f 623/1495/1242 622/1370/1241 330/1494/1243
f 620/1368/1237 1302/669/1240 329/1496/1239
f 329/1496/1239 1302/669/1240 623/1495/1242
f 317/353/1193 600/1346/1196 622/1370/1241
f 622/1370/1241 600/1346/1196 1303/670/1244
f 600/1346/1196 318/354/1197 1303/670/1244
f 1303/670/1244 318/354/1197 624/1372/1245
f 1303/670/1244 624/1372/1245 625/1493/1246
f 625/1493/1246 624/1372/1245 331/1492/1247
f 622/1370/1241 1303/670/1244 330/1494/1243
f 330/1494/1243 1303/670/1244 625/1493/1246
f 318/354/1197 602/1348/1200 624/1372/1245
f 624/1372/1245 602/1348/1200 1304/671/1248
f 602/1348/1200 319/355/1201 1304/671/1248
f 1304/671/1248 319/355/1201 626/1374/1249
f 1304/671/1248 626/1374/1249 627/1491/1250
f 627/1491/1250 626/1374/1249 332/1490/1251
f 624/1372/1245 1304/671/1248 331/1492/1247
f 331/1492/1247 1304/671/1248 627/1491/1250
f 319/355/1201 604/1350/1204 626/1374/1249
f 626/1374/1249 604/1350/1204 1305/672/1252
f 604/1350/1204 320/356/1205 1305/672/1252
f 1305/672/1252 320/356/1205 628/1376/1253
f 1305/672/1252 628/1376/1253 629/1489/1254
f 629/1489/1254 628/1376/1253 333/1488/1255
f 626/1374/1249 1305/672/1252 332/1490/1251
f 332/1490/1251 1305/672/1252 629/1489/1254
f 320/356/1205 606/1352/1208 628/1376/1253
f 628/1376/1253 606/1352/1208 1306/673/1256
f 606/1352/1208 321/357/1209 1306/673/1256
f 1306/673/1256 321/357/1209 630/1378/1257
f 1306/673/1256 630/1378/1257 631/1487/1258
f 631/1487/1258 630/1378/1257 334/1486/1259
f 628/1376/1253 1306/673/1256 333/1488/1255
f 333/1488/1255 1306/673/1256 631/1487/1258
f 321/357/1209 608/1354/1212 630/1378/1257
f 630/1378/1257 608/1354/1212 1307/674/1260
f 608/1354/1212 322/358/1213 1307/674/1260
f 1307/674/1260 322/358/1213 632/1380/1261
f 1307/674/1260 632/1380/1261 633/1485/1262
f 633/1485/1262 632/1380/1261 335/1484/1263
f 630/1378/1257 1307/674/1260 334/1486/1259
f 334/1486/1259 1307/674/1260 633/1485/1262
f 322/358/1213 610/1356/1216 632/1380/1261
f 632/1380/1261 610/1356/1216 1308/675/1264
f 610/1356/1216 323/359/1217 1308/675/1264
f 1308/675/1264 323/359/1217 634/1382/1265
f 1308/675/1264 634/1382/1265 635/1483/1266
f 635/1483/1266 634/1382/1265 336/1482/1267
f 632/1380/1261 1308/675/1264 335/1484/1263
f 335/1484/1263 1308/675/1264 635/1483/1266
f 323/359/1217 612/1358/1220 634/1382/1265
f 634/1382/1265 612/1358/1220 1309/676/1268
f 612/1358/1220 324/360/1221 1309/676/1268
f 1309/676/1268 324/360/1221 636/1384/1269
f 1309/676/1268 636/1384/1269 637/1481/1270
f 637/1481/1270 636/1384/1269 337/1480/1271
f 634/1382/1265 1309/676/1268 336/1482/1267
f 336/1482/1267 1309/676/1268 637/1481/1270
f 324/360/1221 614/1361/1224 636/1384/1269
f 636/1384/1269 614/1361/1224 1310/677/1272
f 614/1361/1224 325/361/1225 1310/677/1272
f 1310/677/1272 325/361/1225 638/1386/1273
f 1310/677/1272 638/1386/1273 639/1478/1274
f 639/1478/1274 638/1386/1273 338/376/1275
f 636/1384/1269 1310/677/1272 337/1480/1271
f 337/1480/1271 1310/677/1272 639/1478/1274
f 326/363/1231 616/1363/1229 641/1390/1276
f 641/1390/1276 616/1363/1229 1311/678/1277
f 616/1363/1229 327/365/1230 1311/678/1277
f 1311/678/1277 327/365/1230 640/1389/1278
f 1311/678/1277 640/1389/1278 675/715/2
f 675/715/2 640/1389/1278 2/4/5
f 641/1390/1276 1311/678/1277 1/2/1
f 1/2/1 1311/678/1277 675/715/2
f 327/365/1230 619/1367/1234 640/1389/1278
f 640/1389/1278 619/1367/1234 1312/679/1279
f 619/1367/1234 328/366/1235 1312/679/1279
f 1312/679/1279 328/366/1235 642/1392/1280
f 1312/679/1279 642/1392/1280 679/720/10
f 679/720/10 642/1392/1280 3/6/12
f 640/1389/1278 1312/679/1279 2/4/5
f 2/4/5 1312/679/1279 679/720/10
f 328/366/1235 621/1369/1238 642/1392/1280
f 642/1392/1280 621/1369/1238 1313/680/1281
f 621/1369/1238 329/367/1239 1313/680/1281
f 1313/680/1281 329/367/1239 643/1393/1282
f 1313/680/1281 643/1393/1282 682/724/16
f 682/724/16 643/1393/1282 4/8/18
f 642/1392/1280 1313/680/1281 3/6/12
f 3/6/12 1313/680/1281 682/724/16
f 329/367/1239 623/1371/1242 643/1393/1282
f 643/1393/1282 623/1371/1242 1314/681/1283
f 623/1371/1242 330/368/1243 1314/681/1283
f 1314/681/1283 330/368/1243 644/1394/1284
f 1314/681/1283 644/1394/1284 685/728/22
f 685/728/22 644/1394/1284 5/10/24
f 643/1393/1282 1314/681/1283 4/8/18
f 4/8/18 1314/681/1283 685/728/22
f 330/368/1243 625/1373/1246 644/1394/1284
f 644/1394/1284 625/1373/1246 1315/682/1285
f 625/1373/1246 331/369/1247 1315/682/1285
f 1315/682/1285 331/369/1247 645/1395/1286
f 1315/682/1285 645/1395/1286 688/732/28
f 688/732/28 645/1395/1286 6/12/30
f 644/1394/1284 1315/682/1285 5/10/24
f 5/10/24 1315/682/1285 688/732/28
f 331/369/1247 627/1375/1250 645/1395/1286
f 645/1395/1286 627/1375/1250 1316/683/1287
f 627/1375/1250 332/370/1251 1316/683/1287
f 1316/683/1287 332/370/1251 646/1396/1288
f 1316/683/1287 646/1396/1288 691/736/34
f 691/736/34 646/1396/1288 7/14/36
f 645/1395/1286 1316/683/1287 6/12/30
f 6/12/30 1316/683/1287 691/736/34
f 332/370/1251 629/1377/1254 646/1396/1288
f 646/1396/1288 629/1377/1254 1317/684/1289
f 629/1377/1254 333/371/1255 1317/684/1289
f 1317/684/1289 333/371/1255 647/1397/1290
f 1317/684/1289 647/1397/1290 694/740/40
f 694/740/40 647/1397/1290 8/16/42
f 646/1396/1288 1317/684/1289 7/14/36
f 7/14/36 1317/684/1289 694/740/40
f 333/371/1255 631/1379/1258 647/1397/1290
f 647/1397/1290 631/1379/1258 1318/685/1291
f 631/1379/1258 334/372/1259 1318/685/1291
f 1318/685/1291 334/372/1259 648/1398/1292
f 1318/685/1291 648/1398/1292 697/744/46
f 697/744/46 648/1398/1292 9/18/48
f 647/1397/1290 1318/685/1291 8/16/42
f 8/16/42 1318/685/1291 697/744/46
f 334/372/1259 633/1381/1262 648/1398/1292
f 648/1398/1292 633/1381/1262 1319/686/1293
f 633/1381/1262 335/373/1263 1319/686/1293
f 1319/686/1293 335/373/1263 649/1399/1294
f 1319/686/1293 649/1399/1294 700/748/52
f 700/748/52 649/1399/1294 10/20/54
f 648/1398/1292 1319/686/1293 9/18/48
f 9/18/48 1319/686/1293 700/748/52
f 335/373/1263 635/1383/1266 649/1399/1294
f 649/1399/1294 635/1383/1266 1320/687/1295
f 635/1383/1266 336/374/1267 1320/687/1295
f 1320/687/1295 336/374/1267 650/1400/1296
f 1320/687/1295 650/1400/1296 703/752/58
f 703/752/58 650/1400/1296 11/22/60
f 649/1399/1294 1320/687/1295 10/20/54
f 10/20/54 1320/687/1295 703/752/58
f 336/374/1267 637/1385/1270 650/1400/1296
f 650/1400/1296 637/1385/1270 1321/688/1297
f 637/1385/1270 337/375/1271 1321/688/1297
f 1321/688/1297 337/375/1271 651/1401/1298
f 1321/688/1297 651/1401/1298 706/756/64
f 706/756/64 651/1401/1298 12/24/66
f 650/1400/1296 1321/688/1297 11/22/60
f 11/22/60 1321/688/1297 706/756/64
f 337/375/1271 639/1388/1274 651/1401/1298
f 651/1401/1298 639/1388/1274 1322/689/1299
f 639/1388/1274 338/1479/1275 1322/689/1299
f 1322/689/1299 338/1479/1275 652/1402/1300
f 1322/689/1299 652/1402/1300 709/760/70
f 709/760/70 652/1402/1300 13/26/72
f 651/1401/1298 1322/689/1299 12/24/66
f 12/24/66 1322/689/1299 709/760/70
f 13/1475/72 652/1403/1300 710/761/73
f 710/761/73 652/1403/1300 1323/690/1301
f 652/1403/1300 338/377/1275 1323/690/1301
f 1323/690/1301 338/377/1275 638/1387/1273
f 1323/690/1301 638/1387/1273 653/1404/1302
f 653/1404/1302 638/1387/1273 325/362/1225
f 710/761/73 1323/690/1301 26/39/75
f 26/39/75 1323/690/1301 653/1404/1302
f 26/39/75 653/1404/1302 735/786/123
f 735/786/123 653/1404/1302 1324/691/1303
f 653/1404/1302 325/362/1225 1324/691/1303
f 1324/691/1303 325/362/1225 613/1360/1223
f 1324/691/1303 613/1360/1223 654/1405/1304
f 654/1405/1304 613/1360/1223 312/347/1175
f 735/786/123 1324/691/1303 39/52/125
f 39/52/125 1324/691/1303 654/1405/1304
f 39/52/125 654/1405/1304 760/811/173
f 760/811/173 654/1405/1304 1325/692/1305
f 654/1405/1304 312/347/1175 1325/692/1305
f 1325/692/1305 312/347/1175 588/1333/1173
f 1325/692/1305 588/1333/1173 655/1406/1306
f 655/1406/1306 588/1333/1173 299/332/1125
f 760/811/173 1325/692/1305 52/65/175
f 52/65/175 1325/692/1305 655/1406/1306
f 52/65/175 655/1406/1306 785/836/223
f 785/836/223 655/1406/1306 1326/693/1307
f 655/1406/1306 299/332/1125 1326/693/1307
f 1326/693/1307 299/332/1125 563/1306/1123
f 1326/693/1307 563/1306/1123 656/1407/1308
f 656/1407/1308 563/1306/1123 286/317/1075
f 785/836/223 1326/693/1307 65/78/225
f 65/78/225 1326/693/1307 656/1407/1308
f 65/78/225 656/1407/1308 810/861/273
f 810/861/273 656/1407/1308 1327/694/1309
f 656/1407/1308 286/317/1075 1327/694/1309
f 1327/694/1309 286/317/1075 538/1279/1073
f 1327/694/1309 538/1279/1073 657/1408/1310
f 657/1408/1310 538/1279/1073 273/302/1025
f 810/861/273 1327/694/1309 78/91/275
f 78/91/275 1327/694/1309 657/1408/1310
f 78/91/275 657/1408/1310 835/886/323
f 835/886/323 657/1408/1310 1328/695/1311
f 657/1408/1310 273/302/1025 1328/695/1311
f 1328/695/1311 273/302/1025 513/1252/1023
f 1328/695/1311 513/1252/1023 658/1409/1312
f 658/1409/1312 513/1252/1023 260/287/975
f 835/886/323 1328/695/1311 91/104/325
f 91/104/325 1328/695/1311 658/1409/1312
f 91/104/325 658/1409/1312 860/911/373
f 860/911/373 658/1409/1312 1329/696/1313
f 658/1409/1312 260/287/975 1329/696/1313
f 1329/696/1313 260/287/975 488/1225/973
f 1329/696/1313 488/1225/973 659/1410/1314
f 659/1410/1314 488/1225/973 247/272/925
f 860/911/373 1329/696/1313 104/117/375
f 104/117/375 1329/696/1313 659/1410/1314
f 104/117/375 659/1410/1314 885/936/423
f 885/936/423 659/1410/1314 1330/697/1315
f 659/1410/1314 247/272/925 1330/697/1315
f 1330/697/1315 247/272/925 463/1198/923
f 1330/697/1315 463/1198/923 660/1411/1316
f 660/1411/1316 463/1198/923 234/257/875
f 885/936/423 1330/697/1315 117/130/425
f 117/130/425 1330/697/1315 660/1411/1316
f 117/130/425 660/1411/1316 910/961/473
f 910/961/473 660/1411/1316 1331/698/1317
f 660/1411/1316 234/257/875 1331/698/1317
f 1331/698/1317 234/257/875 438/1171/873
f 1331/698/1317 438/1171/873 661/1412/1318
f 661/1412/1318 438/1171/873 221/242/825
f 910/961/473 1331/698/1317 130/143/475
f 130/143/475 1331/698/1317 661/1412/1318
f 130/143/475 661/1412/1318 935/986/523
f 935/986/523 661/1412/1318 1332/699/1319
f 661/1412/1318 221/242/825 1332/699/1319
f 1332/699/1319 221/242/825 413/1144/823
f 1332/699/1319 413/1144/823 662/1413/1320
f 662/1413/1320 413/1144/823 208/227/775
f 935/986/523 1332/699/1319 143/156/525
f 143/156/525 1332/699/1319 662/1413/1320
f 143/156/525 662/1413/1320 960/1011/573
f 960/1011/573 662/1413/1320 1333/700/1321
f 662/1413/1320 208/227/775 1333/700/1321
f 1333/700/1321 208/227/775 388/1117/773
f 1333/700/1321 388/1117/773 663/1414/1322
f 663/1414/1322 388/1117/773 195/212/725
f 960/1011/573 1333/700/1321 156/169/575
f 156/169/575 1333/700/1321 663/1414/1322
f 156/169/575 663/1414/1322 985/1036/623
f 985/1036/623 663/1414/1322 1334/701/1323
f 663/1414/1322 195/212/725 1334/701/1323
f 1334/701/1323 195/212/725 363/1090/723
f 1334/701/1323 363/1090/723 1010/1063/673
f 1010/1063/673 363/1090/723 182/197/675
f 985/1036/623 1334/701/1323 169/182/625
f 169/182/625 1334/701/1323 1010/1063/673
f 326/364/1231 641/1391/1276 617/1365/1226
f 617/1365/1226 641/1391/1276 1335/702/1324
f 641/1391/1276 1/1/1 1335/702/1324
f 1335/702/1324 1/1/1 678/718/3
f 1335/702/1324 678/718/3 664/1415/1325
f 664/1415/1325 678/718/3 14/27/9
f 617/1365/1226 1335/702/1324 313/349/1181
f 313/349/1181 1335/702/1324 664/1415/1325
f 313/349/1181 664/1415/1325 592/1338/1176
f 592/1338/1176 664/1415/1325 1336/703/1326
f 664/1415/1325 14/27/9 1336/703/1326
f 1336/703/1326 14/27/9 714/765/76
f 1336/703/1326 714/765/76 665/1416/1327
f 665/1416/1327 714/765/76 27/40/81
f 592/1338/1176 1336/703/1326 300/334/1131
f 300/334/1131 1336/703/1326 665/1416/1327
f 300/334/1131 665/1416/1327 567/1311/1126
f 567/1311/1126 665/1416/1327 1337/704/1328
f 665/1416/1327 27/40/81 1337/704/1328
f 1337/704/1328 27/40/81 739/790/126
f 1337/704/1328 739/790/126 666/1417/1329
f 666/1417/1329 739/790/126 40/53/131
f 567/1311/1126 1337/704/1328 287/319/1081
f 287/319/1081 1337/704/1328 666/1417/1329
f 287/319/1081 666/1417/1329 542/1284/1076
f 542/1284/1076 666/1417/1329 1338/705/1330
f 666/1417/1329 40/53/131 1338/705/1330
f 1338/705/1330 40/53/131 764/815/176
f 1338/705/1330 764/815/176 667/1418/1331
f 667/1418/1331 764/815/176 53/66/181
f 542/1284/1076 1338/705/1330 274/304/1031
f 274/304/1031 1338/705/1330 667/1418/1331
f 274/304/1031 667/1418/1331 517/1257/1026
f 517/1257/1026 667/1418/1331 1339/706/1332
f 667/1418/1331 53/66/181 1339/706/1332
f 1339/706/1332 53/66/181 789/840/226
f 1339/706/1332 789/840/226 668/1419/1333
f 668/1419/1333 789/840/226 66/79/231
f 517/1257/1026 1339/706/1332 261/289/981
f 261/289/981 1339/706/1332 668/1419/1333
f 261/289/981 668/1419/1333 492/1230/976
f 492/1230/976 668/1419/1333 1340/707/1334
f 668/1419/1333 66/79/231 1340/707/1334
f 1340/707/1334 66/79/231 814/865/276
f 1340/707/1334 814/865/276 669/1420/1335
f 669/1420/1335 814/865/276 79/92/281
f 492/1230/976 1340/707/1334 248/274/931
f 248/274/931 1340/707/1334 669/1420/1335
f 248/274/931 669/1420/1335 467/1203/926
f 467/1203/926 669/1420/1335 1341/708/1336
f 669/1420/1335 79/92/281 1341/708/1336
f 1341/708/1336 79/92/281 839/890/326
f 1341/708/1336 839/890/326 670/1421/1337
f 670/1421/1337 839/890/326 92/105/331
f 467/1203/926 1341/708/1336 235/259/881
f 235/259/881 1341/708/1336 670/1421/1337
f 235/259/881 670/1421/1337 442/1176/876
f 442/1176/876 670/1421/1337 1342/709/1338
f 670/1421/1337 92/105/331 1342/709/1338
f 1342/709/1338 92/105/331 864/915/376
f 1342/709/1338 864/915/376 671/1422/1339
f 671/1422/1339 864/915/376 105/118/381
f 442/1176/876 1342/709/1338 222/244/831
f 222/244/831 1342/709/1338 671/1422/1339
f 222/244/831 671/1422/1339 417/1149/826
f 417/1149/826 671/1422/1339 1343/710/1340
f 671/1422/1339 105/118/381 1343/710/1340
f 1343/710/1340 105/118/381 889/940/426
f 1343/710/1340 889/940/426 672/1423/1341
f 672/1423/1341 889/940/426 118/131/431
f 417/1149/826 1343/710/1340 209/229/781
f 209/229/781 1343/710/1340 672/1423/1341
f 209/229/781 672/1423/1341 392/1122/776
f 392/1122/776 672/1423/1341 1344/711/1342
f 672/1423/1341 118/131/431 1344/711/1342
f 1344/711/1342 118/131/431 914/965/476
f 1344/711/1342 914/965/476 673/1424/1343
f 673/1424/1343 914/965/476 131/144/481
f 392/1122/776 1344/711/1342 196/214/731
f 196/214/731 1344/711/1342 673/1424/1343
f 196/214/731 673/1424/1343 367/1095/726
f 367/1095/726 673/1424/1343 1345/712/1344
f 673/1424/1343 131/144/481 1345/712/1344
f 1345/712/1344 131/144/481 939/990/526
f 1345/712/1344 939/990/526 674/1425/1345
f 674/1425/1345 939/990/526 144/157/531
f 367/1095/726 1345/712/1344 183/199/681
f 183/199/681 1345/712/1344 674/1425/1345
f 183/199/681 674/1425/1345 342/1068/676
f 342/1068/676 674/1425/1345 1346/713/1346
f 674/1425/1345 144/157/531 1346/713/1346
f 1346/713/1346 144/157/531 964/1015/576
f 1346/713/1346 964/1015/576 989/1041/626
f 989/1041/626 964/1015/576 157/1432/581
f 342/1068/676 1346/713/1346 170/184/631
f 170/184/631 1346/713/1346 989/1041/626
