# This file uses meters as units for non-parametric coordinates.

mtllib Scythe.mtl
g default
v 1.518030 167.198608 0.000000
v 1.402477 167.198608 -0.580925
v 1.073409 167.198608 -1.073409
v 0.580925 167.198608 -1.402476
v 0.000000 167.198608 -1.518030
v -0.580924 167.198608 -1.402476
v -1.073409 167.198608 -1.073409
v -1.402476 167.198608 -0.580924
v -1.518029 167.198608 0.000001
v -1.402475 167.198608 0.580925
v -1.073408 167.198608 1.073409
v -0.580923 167.198608 1.402477
v 0.000001 167.198608 1.518029
v 0.580926 167.198608 1.402476
v 1.073410 167.198608 1.073409
v 1.402477 167.198608 0.580924
v 1.518030 167.751556 0.000000
v 1.402477 167.751556 -0.580925
v 1.073409 167.751556 -1.073409
v 0.580925 167.751556 -1.402476
v 0.000000 167.751556 -1.518030
v -0.580924 167.751556 -1.402476
v -1.073409 167.751556 -1.073409
v -1.402476 167.751556 -0.580924
v -1.518029 167.751556 0.000001
v -1.402475 167.751556 0.580925
v -1.073408 167.751556 1.073409
v -0.580923 167.751556 1.402477
v 0.000001 167.751556 1.518029
v 0.580926 167.751556 1.402476
v 1.073410 167.751556 1.073409
v 1.402477 167.751556 0.580924
v 1.518030 168.304520 0.000000
v 1.402477 168.304520 -0.580925
v 1.073409 168.304520 -1.073409
v 0.580925 168.304520 -1.402476
v 0.000000 168.304520 -1.518030
v -0.580924 168.304520 -1.402476
v -1.073409 168.304520 -1.073409
v -1.402476 168.304520 -0.580924
v -1.518029 168.304520 0.000001
v -1.402475 168.304520 0.580925
v -1.073408 168.304520 1.073409
v -0.580923 168.304520 1.402477
v 0.000001 168.304520 1.518029
v 0.580926 168.304520 1.402476
v 1.073410 168.304520 1.073409
v 1.402477 168.304520 0.580924
v 1.518030 168.857452 0.000000
v 1.402477 168.857452 -0.580925
v 1.073409 168.857452 -1.073409
v 0.580925 168.857452 -1.402476
v 0.000000 168.857452 -1.518030
v -0.580924 168.857452 -1.402476
v -1.073409 168.857452 -1.073409
v -1.402476 168.857452 -0.580924
v -1.518029 168.857452 0.000001
v -1.402475 168.857452 0.580925
v -1.073408 168.857452 1.073409
v -0.580923 168.857452 1.402477
v 0.000001 168.857452 1.518029
v 0.580926 168.857452 1.402476
v 1.073410 168.857452 1.073409
v 1.402477 168.857452 0.580924
v 1.518030 169.410370 0.000000
v 1.402477 169.410370 -0.580925
v 1.073409 169.410370 -1.073409
v 0.580925 169.410370 -1.402476
v 0.000000 169.410370 -1.518030
v -0.580924 169.410370 -1.402476
v -1.073409 169.410370 -1.073409
v -1.402476 169.410370 -0.580924
v -1.518029 169.410370 0.000001
v -1.402475 169.410370 0.580925
v -1.073408 169.410370 1.073409
v -0.580923 169.410370 1.402477
v 0.000001 169.410370 1.518029
v 0.580926 169.410370 1.402476
v 1.073410 169.410370 1.073409
v 1.402477 169.410370 0.580924
v 1.518030 169.963303 0.000000
v 1.402477 169.963303 -0.580925
v 1.073409 169.963303 -1.073409
v 0.580925 169.963303 -1.402476
v 0.000000 169.963303 -1.518030
v -0.580924 169.963303 -1.402476
v -1.073409 169.963303 -1.073409
v -1.402476 169.963303 -0.580924
v -1.518029 169.963303 0.000001
v -1.402475 169.963303 0.580925
v -1.073408 169.963303 1.073409
v -0.580923 169.963303 1.402477
v 0.000001 169.963303 1.518029
v 0.580926 169.963303 1.402476
v 1.073410 169.963303 1.073409
v 1.402477 169.963303 0.580924
v 1.518030 170.516266 0.000000
v 1.402477 170.516266 -0.580925
v 1.073409 170.516266 -1.073409
v 0.580925 170.516266 -1.402476
v 0.000000 170.516266 -1.518030
v -0.580924 170.516266 -1.402476
v -1.073409 170.516266 -1.073409
v -1.402476 170.516266 -0.580924
v -1.518029 170.516266 0.000001
v -1.402475 170.516266 0.580925
v -1.073408 170.516266 1.073409
v -0.580923 170.516266 1.402477
v 0.000001 170.516266 1.518029
v 0.580926 170.516266 1.402476
v 1.073410 170.516266 1.073409
v 1.402477 170.516266 0.580924
v 3.036060 170.516266 0.000000
v 2.804953 170.516266 -1.161850
v 2.146818 170.516266 -2.146818
v 1.161850 170.516266 -2.804953
v 0.000000 170.516266 -3.036059
v -1.161849 170.516266 -2.804952
v -2.146818 170.516266 -2.146817
v -2.804953 170.516266 -1.161848
v -3.036058 170.516266 0.000001
v -2.804951 170.516266 1.161851
v -2.146816 170.516266 2.146819
v -1.161847 170.516266 2.804954
v 0.000002 170.516266 3.036059
v 1.161851 170.516266 2.804952
v 2.146820 170.516266 2.146817
v 2.804954 170.516266 1.161848
v 3.036060 169.963303 0.000000
v 2.804953 169.963303 -1.161850
v 2.146818 169.963303 -2.146818
v 1.161850 169.963303 -2.804953
v 0.000000 169.963303 -3.036059
v -1.161849 169.963303 -2.804952
v -2.146818 169.963303 -2.146817
v -2.804953 169.963303 -1.161848
v -3.036058 169.963303 0.000001
v -2.804951 169.963303 1.161851
v -2.146816 169.963303 2.146819
v -1.161847 169.963303 2.804954
v 1.161851 169.963303 2.804952
v 2.146820 169.963303 2.146817
v 2.804954 169.963303 1.161848
v 3.036060 169.410370 0.000000
v 2.804953 169.410370 -1.161850
v 2.146818 169.410370 -2.146818
v 1.161850 169.410370 -2.804953
v 0.000000 169.410370 -3.036059
v -1.161849 169.410370 -2.804952
v -2.146818 169.410370 -2.146817
v -2.804953 169.410370 -1.161848
v -3.036058 169.410370 0.000001
v -2.804951 169.410370 1.161851
v -2.146816 169.410370 2.146819
v -1.161847 169.410370 2.804954
v 1.161851 169.410370 2.804952
v 2.146820 169.410370 2.146817
v 2.804954 169.410370 1.161848
v 3.036060 168.857452 0.000000
v 2.804953 168.857452 -1.161850
v 2.146818 168.857452 -2.146818
v 1.161850 168.857452 -2.804953
v 0.000000 168.857452 -3.036059
v -1.161849 168.857452 -2.804952
v -2.146818 168.857452 -2.146817
v -2.804953 168.857452 -1.161848
v -3.036058 168.857452 0.000001
v -2.804951 168.857452 1.161851
v -2.146816 168.857452 2.146819
v -1.161847 168.857452 2.804954
v 1.161851 168.857452 2.804952
v 2.146820 168.857452 2.146817
v 2.804954 168.857452 1.161848
v 3.036060 168.304520 0.000000
v 2.804953 168.304520 -1.161850
v 2.146818 168.304520 -2.146818
v 1.161850 168.304520 -2.804953
v 0.000000 168.304520 -3.036059
v -1.161849 168.304520 -2.804952
v -2.146818 168.304520 -2.146817
v -2.804953 168.304520 -1.161848
v -3.036058 168.304520 0.000001
v -2.804951 168.304520 1.161851
v -2.146816 168.304520 2.146819
v -1.161847 168.304520 2.804954
v 1.161851 168.304520 2.804952
v 2.146820 168.304520 2.146817
v 2.804954 168.304520 1.161848
v 3.036060 167.751556 0.000000
v 2.804953 167.751556 -1.161850
v 2.146818 167.751556 -2.146818
v 1.161850 167.751556 -2.804953
v 0.000000 167.751556 -3.036059
v -1.161849 167.751556 -2.804952
v -2.146818 167.751556 -2.146817
v -2.804953 167.751556 -1.161848
v -3.036058 167.751556 0.000001
v -2.804951 167.751556 1.161851
v -2.146816 167.751556 2.146819
v -1.161847 167.751556 2.804954
v 1.161851 167.751556 2.804952
v 2.146820 167.751556 2.146817
v 2.804954 167.751556 1.161848
v 3.036060 167.198608 0.000000
v 2.804953 167.198608 -1.161850
v 2.146818 167.198608 -2.146818
v 1.161850 167.198608 -2.804953
v 0.000000 167.198608 -3.036059
v -1.161849 167.198608 -2.804952
v -2.146818 167.198608 -2.146817
v -2.804953 167.198608 -1.161848
v -3.036058 167.198608 0.000001
v -2.804951 167.198608 1.161851
v -2.146816 167.198608 2.146819
v -1.161847 167.198608 2.804954
v 0.000002 167.198608 3.036059
v 1.161851 167.198608 2.804952
v 2.146820 167.198608 2.146817
v 2.804954 167.198608 1.161848
v -1.161847 170.516266 2.804954
v 0.000002 170.516266 3.036059
v -1.161847 169.963303 2.804954
v 1.161851 170.516266 2.804952
v 1.161851 169.963303 2.804952
v -1.161847 169.410370 2.804954
v 1.161851 169.410370 2.804952
v -1.161847 168.857452 2.804954
v 1.161851 168.857452 2.804952
v -1.161847 168.304520 2.804954
v 1.161851 168.304520 2.804952
v -1.161847 167.751556 2.804954
v 1.161851 167.751556 2.804952
v -1.161847 167.198608 2.804954
v 0.000002 167.198608 3.036059
v 1.161851 167.198608 2.804952
v -0.320242 170.516266 3.831698
v -0.000169 145.245941 96.810036
v -0.320247 169.963303 3.831653
v -0.000169 145.222916 96.810074
v 0.319906 170.516266 3.831713
v 0.319906 169.963303 3.831713
v -0.320242 169.410370 3.831698
v -0.000170 145.199905 96.810074
v 0.319910 169.410370 3.831661
v -0.320247 168.857452 3.831653
v -0.000170 145.176895 96.810074
v 0.319906 168.857452 3.831713
v -0.320242 168.304520 3.831698
v -0.000171 145.153870 96.810074
v 0.319910 168.304520 3.831661
v -0.320254 167.751556 3.831572
v -0.000172 145.130859 96.810043
v 0.319906 167.751556 3.831713
v -0.320254 167.198608 3.831572
v -0.000173 145.107834 96.810081
v 0.319906 167.198608 3.831713
v -0.000160 170.516266 3.831750
v -0.000165 167.198608 3.831616
v 0.313115 167.334763 44.697914
v 0.264381 166.474472 44.697929
v 0.214413 165.614197 44.697903
v 0.161957 164.753937 44.697929
v 0.115121 163.893661 44.697903
v 0.071564 163.033371 44.697937
v 0.024536 162.173065 44.697956
v -0.313446 167.334763 44.697906
v -0.264718 166.474472 44.697899
v -0.214745 165.614197 44.697922
v -0.162296 164.753937 44.697899
v -0.115459 163.893661 44.697922
v -0.071909 163.033371 44.697868
v -0.024882 162.173065 44.697884
v -0.000157 167.334763 44.697933
v -0.000167 162.173065 44.697906
v -0.316844 171.805298 18.641855
v -0.000159 171.805298 18.641891
v 0.316510 171.805298 18.641867
v 0.267249 170.629166 18.641874
v 0.216739 169.453064 18.641832
v 0.163714 168.276962 18.641874
v 0.116371 167.100861 18.641832
v 0.072342 165.924713 18.641876
v 0.024805 164.748596 18.641886
v -0.000166 164.748596 18.641815
v -0.025150 164.748596 18.641781
v -0.072687 165.924713 18.641771
v -0.116709 167.100861 18.641863
v -0.164055 168.276962 18.641829
v -0.217073 169.453064 18.641863
v -0.267588 170.629166 18.641829
v -0.318543 172.877975 5.613827
v -0.000159 172.877975 5.613873
v 0.318208 172.877975 5.613842
v 0.268682 171.537766 5.613845
v 0.217902 170.197601 5.613799
v 0.164593 168.857452 5.613845
v 0.116996 167.517288 5.613799
v 0.072731 166.177094 5.613845
v 0.024938 164.836899 5.613851
v -0.000166 164.836899 5.613768
v -0.025284 164.836899 5.613727
v -0.073076 166.177094 5.613723
v -0.117334 167.517288 5.613831
v -0.164934 168.857452 5.613793
v -0.218237 170.197601 5.613831
v -0.269023 171.537766 5.613793
v 0.314813 169.807770 31.669888
v -0.000158 169.807770 31.669910
v -0.315145 169.807770 31.669882
v -0.266153 168.788696 31.669863
v -0.215909 167.769653 31.669891
v -0.163175 166.750610 31.669863
v -0.116084 165.731583 31.669891
v -0.072298 164.712524 31.669815
v -0.025016 163.693436 31.669832
v -0.000167 163.693436 31.669859
v 0.024671 163.693436 31.669918
v 0.071953 164.712524 31.669909
v 0.115746 165.731583 31.669865
v 0.162835 166.750610 31.669897
v 0.215576 167.769653 31.669865
v 0.265815 168.788696 31.669897
v 0.031159 145.287369 96.787743
v 0.026286 145.250534 96.787781
v 0.021289 145.213715 96.787781
v 0.016042 145.176895 96.787781
v 0.011359 145.140045 96.787781
v 0.007002 145.103241 96.787834
v 0.002298 145.066391 96.787804
v -0.031497 145.287369 96.787743
v -0.026624 145.250534 96.787781
v -0.021627 145.213715 96.787781
v -0.016383 145.176895 96.787781
v -0.011699 145.140045 96.787781
v -0.007346 145.103241 96.787773
v -0.002644 145.066391 96.787827
v -0.000168 145.287369 96.787743
v -0.000173 145.066391 96.787804
v -0.172471 159.636734 70.742828
v -0.000162 159.636734 70.742844
v 0.172137 159.636734 70.742836
v 0.145334 159.116882 70.742851
v 0.117851 158.597046 70.742836
v 0.089000 158.077225 70.742851
v 0.063240 157.557404 70.742836
v 0.039283 157.037552 70.742874
v 0.013417 156.517700 70.742897
v -0.000170 156.517700 70.742874
v -0.013763 156.517700 70.742851
v -0.039627 157.037552 70.742828
v -0.063579 157.557404 70.742851
v -0.089340 158.077225 70.742836
v -0.118186 158.597046 70.742851
v -0.145671 159.116882 70.742836
v -0.242958 164.061569 57.720367
v -0.000160 164.061569 57.720387
v 0.242626 164.061569 57.720375
v 0.204857 163.383179 57.720387
v 0.166132 162.704803 57.720367
v 0.125478 162.026443 57.720387
v 0.089181 161.348083 57.720367
v 0.055424 160.669693 57.720398
v 0.018977 159.991302 57.720425
v -0.000169 159.991302 57.720387
v -0.019322 159.991302 57.720367
v -0.055768 160.669693 57.720341
v -0.089519 161.348083 57.720387
v -0.125818 162.026443 57.720367
v -0.166466 162.704803 57.720387
v -0.205195 163.383179 57.720367
v 0.101648 153.430710 83.765289
v -0.000165 153.430710 83.765297
v -0.101984 153.430710 83.765289
v -0.086148 153.101791 83.765312
v -0.069907 152.772858 83.765312
v -0.052861 152.443939 83.765312
v -0.037639 152.115021 83.765312
v -0.023487 151.786072 83.765312
v -0.008203 151.457153 83.765335
v -0.000171 151.457153 83.765350
v 0.007858 151.457153 83.765366
v 0.023142 151.786072 83.765327
v 0.037299 152.115021 83.765312
v 0.052521 152.443939 83.765312
v 0.069570 152.772858 83.765312
v 0.085810 153.101791 83.765312
v -0.573094 170.516266 3.318326
v -0.000080 170.516266 3.433905
v 0.572927 170.516266 3.318332
v 0.572927 169.963303 3.318332
v 0.572929 169.410370 3.318307
v 0.572927 168.857452 3.318332
v 0.572929 168.304520 3.318307
v 0.572927 167.751556 3.318332
v 0.572927 167.198608 3.318332
v -0.000082 167.198608 3.433838
v -0.573098 167.198608 3.318263
v -0.573098 167.751556 3.318263
v -0.573094 168.304520 3.318326
v -0.573096 168.857452 3.318303
v -0.573094 169.410370 3.318326
v -0.573096 169.963303 3.318304
v -0.319393 171.171387 4.722763
v -0.000160 171.171387 4.722812
v 0.319057 171.171387 4.722777
v 0.319057 170.400055 4.722779
v 0.319061 169.628754 4.722730
v 0.319057 168.857452 4.722779
v 0.319061 168.086136 4.722730
v 0.319057 167.314804 4.722779
v 0.319056 166.543472 4.722782
v -0.000165 166.543472 4.722692
v -0.319405 166.543472 4.722650
v -0.319404 167.314804 4.722647
v -0.319393 168.086136 4.722764
v -0.319397 168.857452 4.722723
v -0.319393 169.628754 4.722764
v -0.319397 170.400055 4.722723
v -0.319818 170.776199 4.277230
v -0.000160 170.776199 4.277281
v 0.319481 170.776199 4.277245
v 0.319481 170.136597 4.277246
v 0.319486 169.497009 4.277195
v 0.319481 168.857452 4.277246
v 0.319486 168.217865 4.277195
v 0.319481 167.578262 4.277246
v 0.319481 166.938660 4.277247
v -0.000165 166.938660 4.277154
v -0.319829 166.938660 4.277110
v -0.319829 167.578262 4.277110
v -0.319818 168.217865 4.277231
v -0.319822 168.857452 4.277188
v -0.319818 169.497009 4.277231
v -0.319822 170.136597 4.277188
v 0.318632 171.916855 5.168310
v -0.000159 171.916855 5.168342
v -0.318968 171.916855 5.168295
v -0.318972 170.897034 5.168259
v -0.318968 169.877228 5.168298
v -0.318972 168.857452 5.168259
v -0.318968 167.837662 5.168298
v -0.318980 166.817841 5.168186
v -0.318980 165.798019 5.168189
v -0.000165 165.798019 5.168230
v 0.318631 165.798019 5.168316
v 0.318632 166.817841 5.168313
v 0.318637 167.837662 5.168264
v 0.318632 168.857452 5.168313
v 0.318637 169.877228 5.168264
v 0.318632 170.897034 5.168313
v 1.411524 0.965539 12.048794
v 1.150685 0.513753 12.048794
v 0.751057 0.178425 12.048794
v 0.260840 0.000000 12.048794
v -0.260838 -0.000000 12.048794
v -0.751055 0.178424 12.048794
v -1.150683 0.513752 12.048794
v -1.411523 0.965539 12.048794
v -1.502111 1.479291 12.048794
v -1.411523 1.993044 12.048794
v -1.150684 2.444830 12.048794
v -0.751055 2.780158 12.048794
v -0.260839 2.958583 12.048794
v 0.260839 2.958583 12.048794
v 0.751056 2.780158 12.048794
v 1.150685 2.444830 12.048794
v 1.411524 1.993044 12.048794
v 1.502112 1.479291 12.048794
v 1.411524 0.965539 -12.048794
v 1.150685 0.513753 -12.048794
v 0.751057 0.178425 -12.048794
v 0.260840 0.000000 -12.048794
v -0.260838 -0.000000 -12.048794
v -0.751055 0.178424 -12.048794
v -1.150683 0.513752 -12.048794
v -1.411523 0.965539 -12.048794
v -1.502111 1.479291 -12.048794
v -1.411523 1.993044 -12.048794
v -1.150684 2.444830 -12.048794
v -0.751055 2.780158 -12.048794
v -0.260839 2.958583 -12.048794
v 0.260839 2.958583 -12.048794
v 0.751056 2.780158 -12.048794
v 1.150685 2.444830 -12.048794
v 1.411524 1.993044 -12.048794
v 1.502112 1.479291 -12.048794
v 0.000001 1.479291 12.048794
v 0.000001 1.479291 -12.048794
v 1.411524 0.965539 0.000000
v 1.502112 1.479291 0.000000
v 1.411524 1.993044 0.000000
v 1.150685 2.444830 0.000000
v 0.751056 2.780158 0.000000
v 0.260839 2.958583 0.000000
v -0.260839 2.958583 0.000000
v -0.751055 2.780158 0.000000
v -1.150684 2.444830 0.000000
v -1.411523 1.993044 0.000000
v -1.502111 1.479291 0.000000
v -1.411523 0.965539 0.000000
v -1.150683 0.513752 0.000000
v -0.751055 0.178424 0.000000
v -0.260838 -0.000000 0.000000
v 0.260840 0.000000 0.000000
v 0.751057 0.178425 0.000000
v 1.150685 0.513753 0.000000
v 0.004425 77.230042 1.063119
v 0.004425 76.889771 0.866662
v 0.004425 76.637215 0.565674
v 0.004425 76.502823 0.196457
v 0.004425 76.502823 -0.196456
v 0.004425 76.637215 -0.565673
v 0.004425 76.889771 -0.866662
v 0.004425 77.230042 -1.063118
v 0.004425 77.616989 -1.131347
v 0.004425 78.003929 -1.063119
v 0.004425 78.344208 -0.866662
v 0.004425 78.596764 -0.565674
v 0.004425 78.731148 -0.196457
v 0.004425 78.731148 0.196456
v 0.004425 78.596764 0.565673
v 0.004425 78.344208 0.866662
v 0.004425 78.003929 1.063119
v 0.004425 77.616989 1.131347
v 12.670180 77.230042 1.063119
v 12.670180 76.889771 0.866662
v 12.670180 76.637215 0.565674
v 12.670180 76.502823 0.196457
v 12.670180 76.502823 -0.196456
v 12.670180 76.637215 -0.565673
v 12.670180 76.889771 -0.866662
v 12.670180 77.230042 -1.063118
v 12.670180 77.616989 -1.131347
v 12.670180 78.003929 -1.063119
v 12.670180 78.344208 -0.866662
v 12.670180 78.596764 -0.565674
v 12.670180 78.731148 -0.196457
v 12.670180 78.731148 0.196456
v 12.670180 78.596764 0.565673
v 12.670180 78.344208 0.866662
v 12.670180 78.003929 1.063119
v 12.670180 77.616989 1.131347
v 0.004425 77.616989 -0.000000
v 12.670180 77.616989 -0.000000
v 1.411524 1.479291 -0.513752
v 1.150685 1.479291 -0.965538
v 0.751057 1.479291 -1.300867
v 0.260840 1.479291 -1.479291
v -0.260838 1.479291 -1.479291
v -0.751055 1.479291 -1.300867
v -1.150683 1.479291 -0.965539
v -1.411523 1.479291 -0.513753
v -1.502111 1.479291 -0.000000
v -1.411523 1.479291 0.513752
v -1.150684 1.479291 0.965539
v -0.751055 1.479291 1.300867
v -0.260839 1.479291 1.479291
v 0.260839 1.479291 1.479291
v 0.751056 1.479291 1.300867
v 1.150685 1.479291 0.965539
v 1.411524 1.479291 0.513752
v 1.502112 1.479291 0.000000
v 1.411524 173.149200 -0.513752
v 1.150685 173.149200 -0.965538
v 0.751057 173.149200 -1.300867
v 0.260840 173.149200 -1.479291
v -0.260838 173.149200 -1.479291
v -0.751055 173.149200 -1.300867
v -1.150683 173.149200 -0.965539
v -1.411523 173.149200 -0.513753
v -1.502111 173.149200 -0.000000
v -1.411523 173.149200 0.513752
v -1.150684 173.149200 0.965539
v -0.751055 173.149200 1.300867
v -0.260839 173.149200 1.479291
v 0.260839 173.149200 1.479291
v 0.751056 173.149200 1.300867
v 1.150685 173.149200 0.965539
v 1.411524 173.149200 0.513752
v 1.502112 173.149200 0.000000
v 0.000001 1.479291 0.000000
v 0.000001 173.149200 0.000000
vt 0.695111 0.063124
vt 0.698661 0.062766
vt 0.702259 0.062439
vt 0.705912 0.062174
vt 0.709614 0.061984
vt 0.713348 0.061876
vt 0.717093 0.061850
vt 0.720823 0.061914
vt 0.724519 0.062073
vt 0.728170 0.062327
vt 0.731775 0.062667
vt 0.735344 0.063066
vt 0.802969 0.059548
vt 0.806368 0.058980
vt 0.809747 0.058427
vt 0.813132 0.057901
vt 0.816543 0.057391
vt 0.694764 0.059838
vt 0.698327 0.059466
vt 0.701964 0.059131
vt 0.705675 0.058861
vt 0.709451 0.058669
vt 0.713270 0.058560
vt 0.717105 0.058534
vt 0.720929 0.058598
vt 0.724715 0.058757
vt 0.728445 0.059014
vt 0.732111 0.059360
vt 0.735715 0.059771
vt 0.802457 0.056366
vt 0.805858 0.055787
vt 0.809244 0.055227
vt 0.812636 0.054700
vt 0.816051 0.054193
vt 0.694337 0.056574
vt 0.697911 0.056168
vt 0.701593 0.055815
vt 0.705379 0.055541
vt 0.709251 0.055351
vt 0.713180 0.055245
vt 0.717132 0.055220
vt 0.721071 0.055281
vt 0.724963 0.055435
vt 0.728781 0.055692
vt 0.732508 0.056050
vt 0.736145 0.056489
vt 0.801956 0.053203
vt 0.805348 0.052595
vt 0.808729 0.052020
vt 0.812122 0.051497
vt 0.815540 0.051005
vt 0.693779 0.053331
vt 0.697365 0.052869
vt 0.701108 0.052491
vt 0.704996 0.052216
vt 0.708998 0.052035
vt 0.713071 0.051937
vt 0.717171 0.051912
vt 0.721256 0.051966
vt 0.725283 0.052108
vt 0.729211 0.052358
vt 0.733014 0.052731
vt 0.736683 0.053220
vt 0.801449 0.050067
vt 0.804823 0.049402
vt 0.808197 0.048800
vt 0.811596 0.048292
vt 0.815024 0.047838
vt 0.693025 0.050104
vt 0.696630 0.049558
vt 0.700466 0.049155
vt 0.704500 0.048890
vt 0.708675 0.048730
vt 0.712934 0.048646
vt 0.717223 0.048623
vt 0.721493 0.048662
vt 0.725694 0.048781
vt 0.729773 0.049011
vt 0.733682 0.049394
vt 0.737392 0.049957
vt 0.800911 0.046980
vt 0.804254 0.046205
vt 0.807642 0.045560
vt 0.811078 0.045083
vt 0.814533 0.044711
vt 0.691980 0.046887
vt 0.695621 0.046217
vt 0.699617 0.045799
vt 0.703867 0.045568
vt 0.708275 0.045448
vt 0.712767 0.045389
vt 0.717286 0.045367
vt 0.721784 0.045384
vt 0.726209 0.045463
vt 0.730501 0.045651
vt 0.734582 0.046024
vt 0.738367 0.046683
vt 0.800277 0.043986
vt 0.803572 0.043002
vt 0.807053 0.042285
vt 0.810615 0.041859
vt 0.814142 0.041659
vt 0.690454 0.043695
vt 0.694228 0.042811
vt 0.698530 0.042416
vt 0.703102 0.042261
vt 0.707811 0.042207
vt 0.712582 0.042183
vt 0.717366 0.042162
vt 0.722125 0.042147
vt 0.726822 0.042167
vt 0.731405 0.042284
vt 0.735789 0.042612
vt 0.739782 0.043357
vt 0.799390 0.041207
vt 0.802631 0.039787
vt 0.806426 0.038969
vt 0.810356 0.038582
vt 0.814040 0.038742
vt 0.683185 0.034107
vt 0.689839 0.033302
vt 0.695923 0.033289
vt 0.701673 0.033479
vt 0.707227 0.033647
vt 0.712665 0.033726
vt 0.718044 0.033704
vt 0.723408 0.033602
vt 0.728802 0.033466
vt 0.734272 0.033400
vt 0.739870 0.033659
vt 0.745610 0.034796
vt 0.505736 0.011193
vt 0.506015 0.021338
vt 0.805219 0.030185
vt 0.811500 0.030043
vt 0.818014 0.030700
vt 0.682341 0.029952
vt 0.689068 0.029853
vt 0.695360 0.030037
vt 0.701307 0.030314
vt 0.707019 0.030520
vt 0.712587 0.030607
vt 0.718084 0.030576
vt 0.723579 0.030447
vt 0.729137 0.030259
vt 0.734827 0.030104
vt 0.740729 0.030190
vt 0.509804 0.000334
vt 0.617684 0.233849
vt 0.510118 0.022439
vt 0.804995 0.027063
vt 0.811648 0.026926
vt 0.818417 0.027271
vt 0.681975 0.025779
vt 0.688709 0.026310
vt 0.695069 0.026786
vt 0.701110 0.027176
vt 0.706906 0.027420
vt 0.712546 0.027513
vt 0.718113 0.027472
vt 0.723689 0.027318
vt 0.729354 0.027078
vt 0.735190 0.026810
vt 0.741284 0.026651
vt 0.514121 0.000009
vt 0.617704 0.233701
vt 0.514122 0.023085
vt 0.804871 0.023912
vt 0.811716 0.023794
vt 0.818593 0.023873
vt 0.682050 0.021627
vt 0.688716 0.022748
vt 0.695042 0.023540
vt 0.701082 0.024053
vt 0.706887 0.024333
vt 0.712537 0.024429
vt 0.718119 0.024378
vt 0.723721 0.024203
vt 0.729430 0.023914
vt 0.735334 0.023523
vt 0.741519 0.023084
vt 0.518277 0.000243
vt 0.617723 0.233558
vt 0.518082 0.023468
vt 0.804809 0.020753
vt 0.811729 0.020653
vt 0.818632 0.020487
vt 0.682560 0.017531
vt 0.689072 0.019224
vt 0.695274 0.020316
vt 0.701223 0.020938
vt 0.706960 0.021245
vt 0.712557 0.021339
vt 0.718097 0.021280
vt 0.723666 0.021090
vt 0.729352 0.020762
vt 0.735244 0.020259
vt 0.741424 0.019533
vt 0.522285 0.000705
vt 0.617742 0.233418
vt 0.522114 0.023693
vt 0.804798 0.017603
vt 0.811697 0.017519
vt 0.818563 0.017093
vt 0.683530 0.013532
vt 0.689780 0.015793
vt 0.695758 0.017126
vt 0.701527 0.017821
vt 0.707120 0.018138
vt 0.712600 0.018228
vt 0.718040 0.018162
vt 0.723517 0.017965
vt 0.729112 0.017616
vt 0.734907 0.017033
vt 0.740983 0.016053
vt 0.526304 0.001398
vt 0.617760 0.233275
vt 0.526313 0.023275
vt 0.804847 0.014476
vt 0.811603 0.014408
vt 0.818363 0.013665
vt 0.685025 0.009701
vt 0.690852 0.012519
vt 0.696487 0.013977
vt 0.701978 0.014688
vt 0.707351 0.014996
vt 0.712653 0.015076
vt 0.717939 0.015008
vt 0.723267 0.014815
vt 0.728699 0.014466
vt 0.734306 0.013856
vt 0.740159 0.012732
vt 0.530320 0.002611
vt 0.530571 0.012679
vt 0.798494 0.010243
vt 0.804986 0.011384
vt 0.811396 0.011349
vt 0.817962 0.010184
vt 0.692638 0.002640
vt 0.695732 0.004532
vt 0.699678 0.005592
vt 0.704004 0.006128
vt 0.708529 0.006355
vt 0.713164 0.006392
vt 0.717856 0.006300
vt 0.722559 0.006091
vt 0.727220 0.005737
vt 0.731753 0.005161
vt 0.736002 0.004211
vt 0.739664 0.002625
vt 0.742069 0.000004
vt 0.802689 0.002100
vt 0.806165 0.002904
vt 0.809929 0.002752
vt 0.813445 0.001707
vt 0.505737 0.011195
vt 0.505735 0.001798
vt 0.509804 0.000334
vt 0.506015 0.021337
vt 0.510118 0.022439
vt 0.514121 0.000009
vt 0.514122 0.023085
vt 0.518277 0.000243
vt 0.518082 0.023468
vt 0.522285 0.000705
vt 0.522114 0.023693
vt 0.526304 0.001398
vt 0.526313 0.023275
vt 0.530320 0.002612
vt 0.530570 0.012679
vt 0.530282 0.021999
vt 0.063412 0.320589
vt 0.508941 0.007384
vt 0.511324 0.007988
vt 0.509712 0.015107
vt 0.512315 0.014790
vt 0.514046 0.008719
vt 0.515426 0.014215
vt 0.517358 0.009514
vt 0.518942 0.014204
vt 0.520867 0.009518
vt 0.522204 0.014990
vt 0.523967 0.008969
vt 0.524835 0.015713
vt 0.526578 0.008661
vt 0.617766 0.233131
vt 0.527163 0.016344
vt 0.617903 0.013145
vt 0.617761 0.035088
vt 0.386870 0.384043
vt 0.386087 0.379088
vt 0.385303 0.374133
vt 0.384517 0.369175
vt 0.383731 0.364219
vt 0.382943 0.359266
vt 0.382155 0.354310
vt 0.296320 0.307623
vt 0.297088 0.302664
vt 0.297857 0.297705
vt 0.298626 0.292744
vt 0.299397 0.287786
vt 0.300170 0.282829
vt 0.300943 0.277870
vt 0.386756 0.385864
vt 0.382153 0.354166
vt 0.142742 0.311521
vt 0.540418 0.389931
vt 0.540393 0.388087
vt 0.539499 0.381291
vt 0.538603 0.374492
vt 0.537705 0.367693
vt 0.536807 0.360897
vt 0.535909 0.354100
vt 0.535011 0.347301
vt 0.148195 0.270598
vt 0.148182 0.270743
vt 0.147274 0.277541
vt 0.146366 0.284336
vt 0.145458 0.291131
vt 0.144551 0.297929
vt 0.143645 0.304726
vt 0.066821 0.308238
vt 0.606914 0.000000
vt 0.504352 0.012508
vt 0.496680 0.011653
vt 0.489024 0.011486
vt 0.481243 0.011634
vt 0.473480 0.011741
vt 0.465807 0.012217
vt 0.457944 0.012500
vt 0.072660 0.261566
vt 0.605348 0.047366
vt 0.605653 0.039506
vt 0.606110 0.031821
vt 0.606241 0.024045
vt 0.606413 0.016277
vt 0.606227 0.008642
vt 0.463866 0.387034
vt 0.219317 0.312410
vt 0.219271 0.310576
vt 0.220128 0.304695
vt 0.220986 0.298814
vt 0.221845 0.292931
vt 0.222706 0.287051
vt 0.223568 0.281174
vt 0.224433 0.275293
vt 0.458744 0.351600
vt 0.458750 0.351745
vt 0.459606 0.357627
vt 0.460461 0.363505
vt 0.461314 0.369386
vt 0.462166 0.375270
vt 0.463016 0.381152
vt 0.063674 0.320759
vt 0.063610 0.320546
vt 0.063545 0.320332
vt 0.063484 0.320119
vt 0.063432 0.319908
vt 0.063392 0.319702
vt 0.063372 0.319501
vt 0.617407 0.234186
vt 0.617459 0.233970
vt 0.617513 0.233753
vt 0.617563 0.233537
vt 0.617605 0.233324
vt 0.617634 0.233115
vt 0.617643 0.232914
vt 0.617512 0.234335
vt 0.063370 0.319486
vt 0.453112 0.288128
vt 0.229892 0.368025
vt 0.230073 0.367038
vt 0.229443 0.364072
vt 0.228811 0.361107
vt 0.228177 0.358142
vt 0.227542 0.355178
vt 0.226906 0.352212
vt 0.226268 0.349247
vt 0.226276 0.349169
vt 0.226285 0.349090
vt 0.455772 0.273202
vt 0.455239 0.276187
vt 0.454706 0.279172
vt 0.454174 0.282157
vt 0.453642 0.285143
vt 0.374115 0.300756
vt 0.309010 0.379187
vt 0.309170 0.377782
vt 0.308465 0.373889
vt 0.307759 0.369996
vt 0.307051 0.366102
vt 0.306343 0.362209
vt 0.305633 0.358316
vt 0.304920 0.354425
vt 0.304924 0.354313
vt 0.377988 0.277330
vt 0.377341 0.281234
vt 0.376694 0.285137
vt 0.376048 0.289042
vt 0.375403 0.292947
vt 0.374759 0.296851
vt 0.148333 0.348579
vt 0.534359 0.266843
vt 0.534172 0.266280
vt 0.534540 0.264391
vt 0.534895 0.262506
vt 0.535251 0.260620
vt 0.535609 0.258735
vt 0.535969 0.256850
vt 0.145641 0.337280
vt 0.145634 0.337326
vt 0.145626 0.337372
vt 0.146080 0.339240
vt 0.146533 0.341107
vt 0.146983 0.342974
vt 0.147431 0.344841
vt 0.147876 0.346708
vt 0.507631 0.006146
vt 0.508066 0.012296
vt 0.507932 0.016432
vt 0.511355 0.017752
vt 0.514838 0.018045
vt 0.518239 0.018257
vt 0.521572 0.018675
vt 0.524942 0.018825
vt 0.528452 0.017603
vt 0.528200 0.011528
vt 0.528386 0.007408
vt 0.524924 0.006059
vt 0.521432 0.005707
vt 0.517983 0.005438
vt 0.514579 0.004986
vt 0.511122 0.004866
vt 0.611612 0.010434
vt 0.496104 0.004855
vt 0.494875 0.006278
vt 0.490274 0.006263
vt 0.485737 0.006300
vt 0.481224 0.006323
vt 0.476714 0.006329
vt 0.472179 0.006328
vt 0.467583 0.006391
vt 0.612871 0.039012
vt 0.611470 0.037729
vt 0.611520 0.033129
vt 0.611528 0.028592
vt 0.611552 0.024081
vt 0.611593 0.019570
vt 0.611639 0.015035
vt 0.614289 0.012866
vt 0.493843 0.002404
vt 0.492432 0.003609
vt 0.488666 0.003715
vt 0.484937 0.003735
vt 0.481214 0.003745
vt 0.477489 0.003756
vt 0.473749 0.003759
vt 0.469967 0.003689
vt 0.615343 0.036767
vt 0.614158 0.035330
vt 0.614089 0.031555
vt 0.614104 0.027822
vt 0.614130 0.024099
vt 0.614155 0.020375
vt 0.614188 0.016639
vt 0.499100 0.009263
vt 0.610132 0.005189
vt 0.608608 0.006226
vt 0.609026 0.012167
vt 0.609042 0.018108
vt 0.608976 0.024064
vt 0.608955 0.030023
vt 0.608867 0.035969
vt 0.608490 0.041791
vt 0.462323 0.008015
vt 0.463532 0.009381
vt 0.469346 0.008989
vt 0.475282 0.008899
vt 0.481235 0.008899
vt 0.487196 0.008853
vt 0.493150 0.008869
vt 0.626430 0.000009
vt 0.629469 0.000010
vt 0.626425 0.070194
vt 0.629464 0.070195
vt 0.632507 0.000010
vt 0.632503 0.070195
vt 0.635546 0.000010
vt 0.635542 0.070195
vt 0.638585 0.000010
vt 0.638580 0.070195
vt 0.641624 0.000010
vt 0.641619 0.070195
vt 0.644663 0.000011
vt 0.644658 0.070196
vt 0.647702 0.000011
vt 0.647697 0.070196
vt 0.650740 0.000011
vt 0.650736 0.070196
vt 0.653779 0.000011
vt 0.653774 0.070196
vt 0.656818 0.000011
vt 0.656813 0.070196
vt 0.659857 0.000012
vt 0.659852 0.070197
vt 0.662896 0.000012
vt 0.662891 0.070197
vt 0.665934 0.000012
vt 0.665930 0.070197
vt 0.668973 0.000012
vt 0.668968 0.070197
vt 0.672012 0.000012
vt 0.672007 0.070197
vt 0.675051 0.000013
vt 0.675046 0.070198
vt 0.678090 0.000013
vt 0.678085 0.070198
vt 0.681128 0.000013
vt 0.681124 0.070198
vt 0.546090 0.003002
vt 0.547610 0.005634
vt 0.539387 0.008626
vt 0.543762 0.001049
vt 0.540907 0.000009
vt 0.537868 0.000009
vt 0.535013 0.001049
vt 0.532685 0.003002
vt 0.531165 0.005634
vt 0.530638 0.008626
vt 0.531165 0.011619
vt 0.532685 0.014251
vt 0.535013 0.016204
vt 0.537868 0.017243
vt 0.540907 0.017243
vt 0.543762 0.016204
vt 0.546090 0.014251
vt 0.547610 0.011619
vt 0.548137 0.008626
vt 0.566766 0.011619
vt 0.565247 0.014251
vt 0.558544 0.008626
vt 0.562919 0.016204
vt 0.560063 0.017243
vt 0.557025 0.017243
vt 0.554169 0.016204
vt 0.551841 0.014251
vt 0.550322 0.011619
vt 0.549794 0.008626
vt 0.550322 0.005634
vt 0.551841 0.003002
vt 0.554169 0.001049
vt 0.557025 0.000009
vt 0.560063 0.000009
vt 0.562919 0.001049
vt 0.565247 0.003002
vt 0.566766 0.005634
vt 0.567294 0.008626
vt 0.678080 0.140383
vt 0.681119 0.140383
vt 0.675041 0.140383
vt 0.672003 0.140382
vt 0.668964 0.140382
vt 0.665925 0.140382
vt 0.662886 0.140382
vt 0.659847 0.140382
vt 0.656809 0.140381
vt 0.653770 0.140381
vt 0.650731 0.140381
vt 0.647692 0.140381
vt 0.644653 0.140381
vt 0.641615 0.140380
vt 0.638576 0.140380
vt 0.635537 0.140380
vt 0.632498 0.140380
vt 0.629459 0.140380
vt 0.626420 0.140379
vt 0.750938 0.000017
vt 0.753227 0.000016
vt 0.750952 0.073796
vt 0.753240 0.073795
vt 0.755516 0.000016
vt 0.755529 0.073795
vt 0.757805 0.000015
vt 0.757818 0.073794
vt 0.760093 0.000015
vt 0.760107 0.073794
vt 0.762382 0.000015
vt 0.762395 0.073794
vt 0.764671 0.000014
vt 0.764684 0.073793
vt 0.766960 0.000014
vt 0.766973 0.073793
vt 0.769248 0.000013
vt 0.769262 0.073792
vt 0.771537 0.000013
vt 0.771550 0.073792
vt 0.773826 0.000013
vt 0.773839 0.073791
vt 0.776115 0.000012
vt 0.776128 0.073791
vt 0.778403 0.000012
vt 0.778417 0.073791
vt 0.780692 0.000011
vt 0.780705 0.073790
vt 0.782981 0.000011
vt 0.782994 0.073790
vt 0.785269 0.000011
vt 0.785283 0.073789
vt 0.787558 0.000010
vt 0.787572 0.073789
vt 0.789847 0.000010
vt 0.789860 0.073789
vt 0.792136 0.000009
vt 0.792149 0.073788
vt 0.850697 0.002263
vt 0.851842 0.004245
vt 0.845649 0.006499
vt 0.848944 0.000792
vt 0.846793 0.000009
vt 0.844504 0.000009
vt 0.842354 0.000792
vt 0.840600 0.002263
vt 0.839456 0.004245
vt 0.839059 0.006499
vt 0.839456 0.008753
vt 0.840600 0.010735
vt 0.842354 0.012207
vt 0.844504 0.012989
vt 0.846793 0.012989
vt 0.848944 0.012207
vt 0.850697 0.010735
vt 0.851842 0.008753
vt 0.852239 0.006499
vt 0.600890 0.008753
vt 0.599746 0.010735
vt 0.594698 0.006499
vt 0.597993 0.012207
vt 0.595842 0.012989
vt 0.593553 0.012989
vt 0.591402 0.012207
vt 0.589649 0.010735
vt 0.588505 0.008753
vt 0.588107 0.006499
vt 0.588505 0.004245
vt 0.589649 0.002263
vt 0.591402 0.000792
vt 0.593553 0.000009
vt 0.595842 0.000009
vt 0.597993 0.000792
vt 0.599746 0.002263
vt 0.600890 0.004245
vt 0.601288 0.006499
vt 0.000027 0.000009
vt 0.003065 0.000009
vt 0.000000 0.999999
vt 0.003039 0.999999
vt 0.006104 0.000009
vt 0.006078 0.999999
vt 0.009143 0.000010
vt 0.009116 0.999999
vt 0.012182 0.000010
vt 0.012155 0.999999
vt 0.015221 0.000010
vt 0.015194 0.999999
vt 0.018259 0.000010
vt 0.018233 0.999999
vt 0.021298 0.000010
vt 0.021272 0.999999
vt 0.024337 0.000010
vt 0.024310 0.999999
vt 0.027376 0.000010
vt 0.027349 0.999999
vt 0.030415 0.000010
vt 0.030388 0.999999
vt 0.033454 0.000010
vt 0.033427 0.999999
vt 0.036492 0.000010
vt 0.036466 1.000000
vt 0.039531 0.000010
vt 0.039504 1.000000
vt 0.042570 0.000010
vt 0.042543 1.000000
vt 0.045609 0.000011
vt 0.045582 1.000000
vt 0.048648 0.000011
vt 0.048621 1.000000
vt 0.051686 0.000011
vt 0.051660 1.000000
vt 0.054725 0.000011
vt 0.054699 1.000000
vt 0.584403 0.003002
vt 0.585923 0.005634
vt 0.577701 0.008626
vt 0.582076 0.001049
vt 0.579220 0.000009
vt 0.576181 0.000009
vt 0.573326 0.001049
vt 0.570998 0.003002
vt 0.569478 0.005634
vt 0.568951 0.008626
vt 0.569478 0.011619
vt 0.570998 0.014251
vt 0.573326 0.016204
vt 0.576181 0.017243
vt 0.579220 0.017243
vt 0.582076 0.016204
vt 0.584403 0.014251
vt 0.585923 0.011619
vt 0.586451 0.008626
vt 0.836874 0.011619
vt 0.835355 0.014251
vt 0.828652 0.008626
vt 0.833027 0.016204
vt 0.830171 0.017243
vt 0.827133 0.017243
vt 0.824277 0.016204
vt 0.821949 0.014251
vt 0.820430 0.011619
vt 0.819902 0.008626
vt 0.820430 0.005634
vt 0.821949 0.003002
vt 0.824277 0.001049
vt 0.827133 0.000009
vt 0.830171 0.000009
vt 0.833027 0.001049
vt 0.835355 0.003002
vt 0.836874 0.005634
vt 0.837402 0.008626
vt 0.067785 0.300481
vt 0.605352 0.000978
vt 0.068755 0.292726
vt 0.069728 0.284970
vt 0.070702 0.277217
vt 0.071674 0.269465
vt 0.072642 0.261712
vt 0.457843 0.012395
vt 0.072677 0.261421
vt 0.611523 0.346135
vt 0.612484 0.353889
vt 0.613446 0.361644
vt 0.614408 0.369401
vt 0.615366 0.377158
vt 0.616319 0.384916
vt 0.616393 0.386769
vt 0.526946 0.015437
vt 0.471669 0.001144
vt 0.616702 0.033626
vt 0.509163 0.008281
vt 0.616823 0.014600
vt 0.490694 0.001084
vt 0.616675 0.030492
vt 0.616696 0.027314
vt 0.481205 0.001154
vt 0.616722 0.024118
vt 0.484399 0.001149
vt 0.616739 0.020921
vt 0.487572 0.001141
vt 0.616759 0.017741
vt 0.474821 0.001178
vt 0.478007 0.001167
vt 0.500140 0.007719
vt 0.505338 0.010938
vt 0.615510 0.011420
vt 0.613013 0.009181
vt 0.528222 0.014067
vt 0.526486 0.010313
vt 0.507909 0.009643
vt 0.509765 0.013470
vt 0.492135 0.000006
vt 0.799917 0.000005
vt 0.738887 0.063480
vt 0.743206 0.044839
vt 0.741886 0.047638
vt 0.740945 0.050648
vt 0.740245 0.053767
vt 0.739706 0.056956
vt 0.739269 0.060197
vt 0.798073 0.013791
vt 0.530282 0.021999
vt 0.747410 0.014592
vt 0.746274 0.010520
vt 0.797917 0.017274
vt 0.748012 0.018691
vt 0.797922 0.020715
vt 0.748143 0.022787
vt 0.798054 0.024140
vt 0.747821 0.026853
vt 0.798337 0.027575
vt 0.747014 0.030868
vt 0.798851 0.031041
vt 0.505734 0.001798
vt 0.793083 0.005948
vt 0.750572 0.004851
vt 0.750576 0.038559
vt 0.793088 0.034554
vt 0.063261 0.319725
vt 0.617643 0.232900
vt 0.063576 0.320914
vt 0.617658 0.234002
vt 0.610567 0.338381
vt 0.534999 0.347156
vt 0.148173 0.349150
vt 0.374297 0.302158
vt 0.453327 0.289108
vt 0.463818 0.388868
vt 0.296440 0.309444
vt 0.066744 0.310091
vt 0.142714 0.313365
vt 0.063275 0.319868
vt 0.063300 0.320010
vt 0.063326 0.320148
vt 0.063351 0.320290
vt 0.063379 0.320438
vt 0.609854 0.043015
vt 0.605453 0.047468
vt 0.468494 0.002511
vt 0.466288 0.005029
vt 0.470183 0.000058
vt 0.224440 0.275148
vt 0.382151 0.354022
vt 0.304928 0.354202
vt 0.456306 0.270217
vt 0.536331 0.254964
vt 0.536318 0.254919
vn -0.923881 0.000000 0.382680
vn -1.000000 0.000000 0.000003
vn -0.923880 0.000000 0.382682
vn -1.000000 0.000000 -0.000002
vn -0.707100 0.000000 0.707114
vn -0.707103 0.000000 0.707111
vn -0.382681 0.000000 0.923881
vn -0.382681 0.000000 0.923880
vn 0.000000 0.000000 1.000000
vn 0.000000 0.000000 1.000000
vn 0.382681 0.000000 0.923881
vn 0.382682 0.000000 0.923880
vn 0.707115 0.000000 0.707099
vn 0.707105 0.000000 0.707109
vn 0.923878 0.000000 0.382688
vn 0.923878 0.000000 0.382688
vn 1.000000 0.000000 -0.000003
vn 1.000000 0.000000 0.000002
vn 0.923881 0.000000 -0.382680
vn 0.923880 0.000000 -0.382682
vn 0.707106 0.000000 -0.707108
vn 0.707106 0.000000 -0.707108
vn 0.382680 0.000000 -0.923881
vn 0.382679 0.000000 -0.923881
vn -0.000001 0.000000 -1.000000
vn -0.000001 0.000000 -1.000000
vn -0.382690 0.000000 -0.923877
vn -0.382682 0.000000 -0.923880
vn -0.707103 0.000000 -0.707111
vn -0.707102 0.000000 -0.707112
vn -0.923882 0.000000 -0.382678
vn -0.923878 0.000000 -0.382688
vn -0.923881 0.000000 0.382680
vn -1.000000 0.000000 -0.000005
vn -0.707106 0.000000 0.707108
vn -0.382685 0.000000 0.923879
vn 0.000000 0.000000 1.000000
vn 0.382688 0.000000 0.923878
vn 0.707105 0.000000 0.707108
vn 0.923879 0.000000 0.382685
vn 1.000000 0.000000 0.000005
vn 0.923881 0.000000 -0.382680
vn 0.707105 0.000000 -0.707108
vn 0.382687 0.000000 -0.923878
vn -0.000001 0.000000 -1.000000
vn -0.382681 0.000000 -0.923881
vn -0.707109 0.000000 -0.707105
vn -0.923879 0.000000 -0.382685
vn -0.923882 0.000000 0.382677
vn -1.000000 0.000000 -0.000002
vn -0.707111 0.000000 0.707102
vn -0.382686 0.000000 0.923878
vn 0.000000 0.000000 1.000000
vn 0.382686 0.000000 0.923878
vn 0.707112 0.000000 0.707102
vn 0.923880 0.000000 0.382681
vn 1.000000 0.000000 0.000002
vn 0.923881 0.000000 -0.382680
vn 0.707109 0.000000 -0.707105
vn 0.382686 0.000000 -0.923879
vn -0.000001 0.000000 -1.000000
vn -0.382686 0.000000 -0.923878
vn -0.707109 0.000000 -0.707105
vn -0.923880 0.000000 -0.382681
vn -0.923880 0.000000 0.382682
vn -1.000000 0.000000 0.000002
vn -0.707105 0.000000 0.707108
vn -0.382684 0.000000 0.923879
vn 0.000000 0.000000 1.000000
vn 0.382684 0.000000 0.923879
vn 0.707109 0.000000 0.707105
vn 0.923880 0.000000 0.382684
vn 1.000000 0.000000 0.000001
vn 0.923880 0.000000 -0.382682
vn 0.707108 0.000000 -0.707105
vn 0.382681 0.000000 -0.923880
vn -0.000001 0.000000 -1.000000
vn -0.382689 0.000000 -0.923877
vn -0.707109 0.000000 -0.707105
vn -0.923882 0.000000 -0.382679
vn -0.923880 0.000000 0.382682
vn -1.000000 0.000000 0.000003
vn -0.707106 0.000000 0.707108
vn -0.382681 0.000000 0.923881
vn 0.000000 0.000000 1.000000
vn 0.382685 0.000000 0.923879
vn 0.707108 0.000000 0.707105
vn 0.923882 0.000000 0.382678
vn 1.000000 0.000000 -0.000003
vn 0.923879 0.000000 -0.382684
vn 0.707105 0.000000 -0.707108
vn 0.382683 0.000000 -0.923880
vn -0.000001 0.000000 -1.000000
vn -0.382685 0.000000 -0.923879
vn -0.707109 0.000000 -0.707105
vn -0.923882 0.000000 -0.382678
vn -0.923876 0.000000 0.382691
vn -1.000000 0.000000 0.000006
vn -0.707110 0.000000 0.707104
vn -0.382677 0.000000 0.923882
vn 0.000000 0.000000 1.000000
vn 0.382682 0.000000 0.923880
vn 0.707103 0.000000 0.707110
vn 0.923881 0.000000 0.382681
vn 1.000000 0.000000 -0.000000
vn 0.923876 0.000000 -0.382692
vn 0.707098 0.000000 -0.707116
vn 0.382677 0.000000 -0.923882
vn -0.000001 0.000000 -1.000000
vn -0.382678 0.000000 -0.923882
vn -0.707104 0.000000 -0.707110
vn -0.923881 0.000000 -0.382681
vn 0.000000 1.000000 0.000011
vn 0.000000 1.000000 0.000007
vn 0.000000 1.000000 -0.000004
vn 0.000000 1.000000 -0.000009
vn 0.000000 1.000000 -0.000002
vn 0.000000 1.000000 -0.000013
vn 0.000000 1.000000 0.000002
vn 0.000000 1.000000 -0.000006
vn 0.000000 1.000000 -0.000007
vn 0.000000 1.000000 0.000008
vn 0.000000 1.000000 -0.000007
vn 0.000000 1.000000 0.000006
vn 0.000000 1.000000 -0.000003
vn 0.000000 1.000000 -0.000005
vn 0.000000 1.000000 -0.000017
vn 0.000000 1.000000 -0.000003
vn 0.000000 1.000000 -0.000023
vn 0.000000 1.000000 0.000005
vn 0.000000 1.000000 0.000000
vn 0.000000 1.000000 0.000007
vn 0.000000 1.000000 0.000000
vn 0.000000 1.000000 0.000000
vn 0.000000 1.000000 -0.000001
vn 0.000000 1.000000 0.000000
vn 0.000000 1.000000 0.000001
vn 0.000000 1.000000 0.000009
vn 0.000000 1.000000 -0.000012
vn 0.000000 1.000000 0.000024
vn 0.000000 1.000000 -0.000031
vn 0.000000 1.000000 0.000019
vn 0.000000 1.000000 -0.000020
vn 0.000000 1.000000 -0.000005
vn 0.923880 0.000000 -0.382682
vn 1.000000 0.000000 0.000003
vn 0.923880 0.000000 -0.382681
vn 1.000000 0.000000 0.000002
vn 0.707103 0.000000 -0.707110
vn 0.707107 0.000000 -0.707107
vn 0.382690 0.000000 -0.923877
vn 0.382691 0.000000 -0.923876
vn -0.000000 0.000000 -1.000000
vn -0.000000 0.000000 -1.000000
vn -0.382678 0.000000 -0.923882
vn -0.382684 0.000000 -0.923879
vn -0.707112 0.000000 -0.707101
vn -0.707106 0.000000 -0.707108
vn -0.923876 0.000000 -0.382691
vn -0.923879 0.000000 -0.382685
vn -1.000000 0.000000 -0.000000
vn -1.000000 0.000000 0.000001
vn -0.923882 0.000000 0.382677
vn -0.923881 0.000000 0.382680
vn -0.707103 0.000000 0.707110
vn -0.707107 0.000000 0.707107
vn -0.555573 0.000000 0.831468
vn -0.555573 0.000000 0.831467
vn -0.989667 -0.124995 -0.070260
vn -0.989192 -0.128842 -0.069991
vn -0.000012 -0.042849 0.999082
vn 0.000014 -0.053721 0.998556
vn 1.000000 -0.000000 0.000953
vn 1.000000 0.000004 0.000951
vn 1.000000 0.000000 0.000953
vn 1.000000 0.000005 0.000951
vn 0.707112 0.000000 0.707101
vn 0.555573 0.000000 0.831468
vn 0.707107 0.000000 0.707107
vn 0.555578 0.000000 0.831464
vn 0.923876 0.000000 0.382692
vn 0.923877 0.000000 0.382690
vn 0.923879 0.000000 -0.382685
vn 1.000000 0.000000 0.000002
vn 0.707110 0.000000 -0.707104
vn 0.382687 0.000000 -0.923878
vn -0.000000 0.000000 -1.000000
vn -0.382689 0.000000 -0.923877
vn -0.707103 0.000000 -0.707110
vn -0.923880 0.000000 -0.382684
vn -1.000000 0.000000 -0.000001
vn -0.923880 0.000000 0.382683
vn -0.707110 0.000000 0.707104
vn -0.555568 0.000000 0.831471
vn -0.987521 -0.138421 -0.075113
vn -0.000018 -0.076961 0.997034
vn 1.000000 -0.000000 0.000952
vn 1.000000 -0.000001 0.000953
vn 0.707106 0.000000 0.707107
vn 0.555579 0.000000 0.831464
vn 0.923879 0.000000 0.382686
vn 0.923879 0.000000 -0.382685
vn 1.000000 0.000000 -0.000002
vn 0.707110 0.000000 -0.707103
vn 0.382684 0.000000 -0.923880
vn -0.000000 0.000000 -1.000000
vn -0.382683 0.000000 -0.923880
vn -0.707111 0.000000 -0.707103
vn -0.923881 0.000000 -0.382680
vn -1.000000 0.000000 0.000005
vn -0.923879 0.000000 0.382684
vn -0.707110 0.000000 0.707103
vn -0.555571 0.000000 0.831469
vn -0.989634 -0.126711 -0.067589
vn -0.000008 0.000000 1.000000
vn 1.000000 -0.000000 0.000953
vn 1.000000 0.000000 0.000953
vn 0.707110 0.000000 0.707103
vn 0.555564 0.000000 0.831474
vn 0.923881 0.000000 0.382680
vn 0.923878 0.000000 -0.382688
vn 1.000000 0.000000 -0.000009
vn 0.707104 0.000000 -0.707110
vn 0.382682 0.000000 -0.923880
vn -0.000000 0.000000 -1.000000
vn -0.382681 0.000000 -0.923881
vn -0.707107 0.000000 -0.707107
vn -0.923881 0.000000 -0.382679
vn -1.000000 0.000000 0.000009
vn -0.923877 0.000000 0.382688
vn -0.707104 0.000000 0.707110
vn -0.555581 0.000000 0.831462
vn 0.000051 -0.104747 0.994499
vn -0.990738 -0.120108 -0.063345
vn 1.000000 0.000001 0.000953
vn 1.000000 0.000000 0.000952
vn 0.707107 0.000000 0.707107
vn 0.555563 0.000000 0.831475
vn 0.923881 0.000000 0.382679
vn 0.923878 0.000000 -0.382688
vn 1.000000 0.000000 -0.000002
vn 0.707107 0.000000 -0.707107
vn 0.382682 0.000000 -0.923880
vn -0.000000 0.000000 -1.000000
vn -0.382681 0.000000 -0.923880
vn -0.707102 0.000000 -0.707111
vn -0.923881 0.000000 -0.382679
vn -1.000000 0.000000 0.000002
vn -0.923878 0.000000 0.382688
vn -0.707107 0.000000 0.707107
vn -0.555573 0.000000 0.831468
vn -0.000852 -0.129394 0.991593
vn -0.992163 -0.111913 -0.055568
vn 1.000000 -0.000005 0.000951
vn 1.000000 -0.000004 0.000951
vn 0.707104 0.000000 0.707110
vn 0.555568 0.000000 0.831471
vn 0.923879 0.000000 0.382684
vn 0.923877 0.000000 -0.382689
vn 1.000000 0.000000 0.000004
vn 0.707116 0.000000 -0.707098
vn 0.382687 0.000000 -0.923878
vn -0.000000 0.000000 -1.000000
vn -0.382677 0.000000 -0.923882
vn -0.707100 0.000000 -0.707114
vn -0.923882 0.000000 -0.382678
vn -1.000000 0.000000 -0.000004
vn -0.923877 0.000000 0.382689
vn -0.707116 0.000000 0.707098
vn -0.555569 0.000000 0.831471
vn -0.004523 -0.167718 0.985825
vn -0.990084 -0.126402 -0.061283
vn 1.000000 -0.000000 0.000953
vn 1.000000 -0.000000 0.000953
vn 0.707106 0.000000 0.707108
vn 0.555563 0.000000 0.831475
vn 0.923880 0.000000 0.382683
vn 0.000000 -1.000000 -0.000014
vn 0.000000 -1.000000 -0.000004
vn 0.000000 -1.000000 0.000018
vn 0.000000 -1.000000 0.000017
vn 0.000000 -1.000000 -0.000014
vn 0.000000 -1.000000 0.000017
vn 0.000000 -1.000000 -0.000012
vn 0.000000 -1.000000 0.000002
vn 0.000000 -1.000000 0.000002
vn 0.000000 -1.000000 -0.000010
vn 0.000000 -1.000000 0.000009
vn 0.000000 -1.000000 0.000002
vn 0.000000 -1.000000 -0.000006
vn 0.000000 -1.000000 0.000007
vn 0.000000 -1.000000 -0.000014
vn 0.000000 -1.000000 0.000011
vn 0.000000 -1.000000 0.000003
vn 0.000000 -1.000000 -0.000009
vn 0.000000 -1.000000 0.000018
vn 0.000000 -1.000000 0.000006
vn 0.000000 -1.000000 0.000007
vn 0.000000 -1.000000 -0.000021
vn 0.000000 -1.000000 0.000018
vn 0.000000 -1.000000 -0.000011
vn 0.000000 -1.000000 0.000006
vn 0.000000 -1.000000 -0.000007
vn 0.000000 -1.000000 0.000000
vn 0.000000 -1.000000 -0.000004
vn 0.000000 -1.000000 -0.000001
vn 0.000000 -1.000000 -0.000004
vn 0.000000 -1.000000 0.000000
vn 0.000000 -1.000000 -0.000000
vn 0.000000 0.000000 0.000000
vn 0.000000 0.000000 0.000000
vn 0.000000 1.000000 0.000000
vn 0.000000 1.000000 0.000000
vn -0.000000 0.000000 0.000000
vn -1.000000 0.000000 0.000000
vn 0.000000 0.000000 0.000000
vn 0.000000 0.000000 0.000000
vn 0.000000 0.000000 0.000000
vn 0.000000 0.000000 0.000000
vn 0.000000 0.000000 0.000000
vn 0.000000 0.000000 0.000000
vn 0.000000 0.000000 0.000000
vn 0.000000 0.000000 0.000000
vn 0.000000 0.000000 0.000000
vn 0.000000 0.000000 0.000000
vn 0.000000 0.000000 0.000000
vn 0.000000 0.000000 0.000000
vn 0.000000 0.000000 0.000000
vn 0.000000 0.000000 0.000000
vn 0.000000 0.000000 0.000000
vn 0.000000 0.000000 0.000000
vn 0.000000 0.000000 0.000000
vn 0.000000 0.000000 0.000000
vn 0.000000 0.000000 0.000000
vn 0.000000 0.000000 0.000000
vn 0.000000 0.000000 0.000000
vn 0.000000 0.000000 0.000000
vn 0.000000 0.000000 0.000000
vn 0.000000 0.000000 0.000000
vn 0.000000 0.000000 0.000000
vn 0.000000 0.000000 0.000000
vn 0.000000 0.000000 0.000000
vn 0.000000 0.000000 0.000000
vn 0.000000 0.000000 0.000000
vn 0.000000 -0.000000 0.000000
vn 0.000000 -1.000000 0.000000
vn 0.000000 -1.000000 0.000000
vn 0.000000 0.000000 0.000000
vn 1.000000 0.000000 0.000000
vn -0.000002 0.959007 0.283383
vn -0.000006 0.976530 0.215383
vn -0.000014 0.959052 0.283231
vn -0.000024 0.976537 0.215350
vn -0.657188 0.000000 0.753727
vn -0.657184 -0.000006 0.753731
vn -0.773392 -0.000017 0.633928
vn -0.773385 -0.000005 0.633936
vn 0.000009 0.959040 0.283271
vn 0.000011 0.976545 0.215313
vn 0.657103 -0.000006 0.753801
vn 0.657106 0.000000 0.753798
vn 0.773266 -0.000015 0.634082
vn 0.773267 0.000000 0.634080
vn -0.657201 0.000005 0.753716
vn -0.773389 0.000005 0.633932
vn 0.657100 0.000006 0.753804
vn 0.773252 0.000006 0.634098
vn -0.657201 -0.000005 0.753716
vn -0.773371 -0.000004 0.633953
vn 0.657103 -0.000007 0.753801
vn 0.773267 -0.000006 0.634080
vn -0.657212 0.000006 0.753706
vn -0.773384 -0.000011 0.633938
vn 0.657088 0.000007 0.753814
vn 0.773257 0.000006 0.634093
vn -0.657182 -0.000016 0.753732
vn -0.773353 -0.000037 0.633976
vn 0.657095 0.000000 0.753808
vn 0.773267 0.000010 0.634080
vn -0.657167 0.000000 0.753745
vn -0.773353 0.000000 0.633975
vn 0.000028 -0.979702 -0.200461
vn 0.000065 -0.955644 -0.294523
vn 0.000081 -0.805728 -0.592286
vn 0.000127 -0.805692 -0.592334
vn 0.000060 -0.979702 -0.200458
vn 0.000172 -0.805699 -0.592325
vn 0.657095 0.000000 0.753808
vn 0.773267 0.000000 0.634080
vn 0.000000 1.000000 0.000000
vn 0.000000 1.000000 0.000007
vn 0.000000 1.000000 0.000000
vn 0.000000 1.000000 0.000004
vn 0.000000 1.000000 0.000000
vn 0.000000 1.000000 0.000004
vn 0.000000 -1.000000 0.000000
vn 0.000000 -1.000000 0.000002
vn 0.000000 -1.000000 -0.000008
vn 0.000000 -1.000000 -0.000008
vn 0.000000 -1.000000 0.000000
vn 0.000000 -1.000000 -0.000002
vn 0.998384 -0.056089 -0.009110
vn 0.998396 -0.055610 -0.010596
vn 0.998325 -0.057143 -0.009073
vn 0.998352 -0.056265 -0.011284
vn 0.998193 -0.059358 -0.009320
vn 0.998224 -0.058365 -0.011970
vn 0.998305 -0.057529 -0.008831
vn 0.998324 -0.056679 -0.011730
vn 0.998603 -0.052304 -0.007544
vn 0.998612 -0.051607 -0.010559
vn 0.998595 -0.052489 -0.007248
vn 0.998611 -0.051619 -0.010589
vn 0.998481 -0.054570 -0.007611
vn 0.998496 -0.053610 -0.011469
vn -1.000000 0.000006 0.000949
vn -1.000000 0.000007 0.000950
vn -1.000000 -0.000000 0.000953
vn -1.000000 -0.000002 0.000954
vn -1.000000 0.000000 0.000954
vn -1.000000 0.000001 0.000954
vn -1.000000 0.000000 0.000953
vn -1.000000 0.000000 0.000953
vn -1.000000 0.000005 0.000955
vn -1.000000 0.000004 0.000955
vn -1.000000 0.000009 0.000957
vn -1.000000 0.000012 0.000957
vn -1.000000 0.000000 0.000953
vn -1.000000 0.000000 0.000953
vn -0.000023 0.979707 -0.200435
vn 0.000007 0.955649 -0.294510
vn -0.000067 0.805734 -0.592277
vn 0.000013 0.805695 -0.592331
vn 0.000033 0.979703 -0.200453
vn 0.000094 0.805744 -0.592264
vn 0.000284 -0.977232 -0.212175
vn 0.000205 -0.990053 -0.140692
vn 0.000359 -0.977221 -0.212222
vn 0.000270 -0.990048 -0.140729
vn 0.000209 -0.977236 -0.212153
vn 0.000141 -0.990055 -0.140682
vn -0.000000 0.985598 0.169104
vn -0.000014 0.985599 0.169101
vn 0.000013 0.985599 0.169101
vn 0.998836 -0.047651 -0.007443
vn 0.998792 -0.048551 -0.007547
vn 0.998696 -0.050505 -0.007474
vn 0.998778 -0.048977 -0.006684
vn 0.998995 -0.044494 -0.005394
vn 0.998993 -0.044608 -0.004925
vn 0.998902 -0.046566 -0.005054
vn 0.000164 -0.995151 -0.098357
vn 0.000223 -0.995148 -0.098389
vn 0.000106 -0.995152 -0.098354
vn -0.998481 -0.054568 -0.007611
vn -0.998596 -0.052483 -0.007247
vn -0.998902 -0.046565 -0.005053
vn -0.998993 -0.044604 -0.004925
vn -0.998603 -0.052301 -0.007543
vn -0.998995 -0.044492 -0.005394
vn -0.998305 -0.057526 -0.008830
vn -0.998778 -0.048975 -0.006683
vn -0.998193 -0.059357 -0.009320
vn -0.998696 -0.050504 -0.007474
vn -0.998325 -0.057142 -0.009073
vn -0.998792 -0.048551 -0.007547
vn -0.998385 -0.056083 -0.009109
vn -0.998837 -0.047645 -0.007443
vn -0.000002 0.993129 0.117022
vn 0.000000 0.999966 0.008275
vn -0.000014 0.993130 0.117014
vn -0.000001 0.999966 0.008244
vn 0.000009 0.993130 0.117016
vn 0.000001 0.999966 0.008226
vn 0.999316 -0.036928 -0.002083
vn 0.999122 -0.041661 -0.004411
vn 0.999315 -0.036996 0.000684
vn 0.999096 -0.042286 -0.004445
vn 0.999253 -0.038402 0.004258
vn 0.999026 -0.043936 -0.004172
vn 0.999281 -0.037110 0.007716
vn 0.999082 -0.042701 -0.003481
vn 0.999349 -0.033965 0.012158
vn 0.999243 -0.038824 -0.002625
vn 0.999303 -0.033995 0.015403
vn 0.999244 -0.038815 -0.002194
vn 0.999341 -0.035875 0.005500
vn 0.999175 -0.040567 -0.002126
vn 0.000193 -0.996977 -0.077703
vn 0.000272 -0.974957 -0.222393
vn 0.000069 -0.999040 -0.043810
vn 0.000098 -0.999039 -0.043826
vn 0.000127 -0.999036 -0.043910
vn 0.000135 -0.974821 -0.222991
vn -0.999175 -0.040566 -0.002126
vn -0.999244 -0.038811 -0.002194
vn -0.999341 -0.035875 0.005500
vn -0.999303 -0.033993 0.015404
vn -0.999243 -0.038822 -0.002625
vn -0.999349 -0.033965 0.012156
vn -0.999082 -0.042699 -0.003481
vn -0.999281 -0.037108 0.007716
vn -0.999026 -0.043935 -0.004171
vn -0.999253 -0.038401 0.004257
vn -0.999096 -0.042286 -0.004445
vn -0.999315 -0.036996 0.000684
vn -0.999122 -0.041656 -0.004411
vn -0.999316 -0.036925 -0.002082
vn 0.989663 -0.125016 -0.070271
vn 0.989191 -0.128849 -0.069993
vn 0.987515 -0.138453 -0.075130
vn 0.989629 -0.126743 -0.067605
vn 0.990720 -0.120224 -0.063412
vn 0.992163 -0.111917 -0.055570
vn 0.990096 -0.126328 -0.061248
vn -0.998352 -0.056265 -0.011284
vn -0.998397 -0.055603 -0.010594
vn -0.998224 -0.058364 -0.011970
vn -0.998324 -0.056675 -0.011729
vn -0.998612 -0.051603 -0.010558
vn -0.998611 -0.051613 -0.010587
vn -0.998496 -0.053609 -0.011469
vn 0.000000 0.847073 0.531477
vn 0.000000 0.473804 0.880631
vn 0.000000 0.847371 0.531001
vn -0.001705 -0.899140 -0.437657
vn 0.000000 -0.899099 -0.437746
vn 0.000000 -0.473512 0.880788
vn 0.000010 0.875907 0.482481
vn 0.000000 0.847374 0.530996
vn -0.000020 0.876022 0.482272
vn 0.000040 0.875962 0.482380
vn 0.998582 -0.048707 -0.021464
vn 0.998640 -0.048148 -0.020006
vn 0.998475 -0.050509 -0.022261
vn 0.998562 -0.049100 -0.021509
vn 0.998816 -0.044674 -0.019268
vn 0.998816 -0.044687 -0.019243
vn 0.998707 -0.046418 -0.020733
vn 0.000668 -0.915425 -0.402488
vn 0.000801 -0.915410 -0.402522
vn -0.003405 -0.899107 -0.437717
vn 0.000534 -0.915456 -0.402419
vn -0.998707 -0.046413 -0.020730
vn -0.998816 -0.044677 -0.019238
vn -0.998563 -0.049095 -0.021507
vn -0.998816 -0.044667 -0.019265
vn -0.998476 -0.050506 -0.022260
vn -0.998583 -0.048705 -0.021463
vn -0.998640 -0.048141 -0.020002
vn -0.000006 0.925879 0.377820
vn -0.000038 0.925967 0.377606
vn 0.000025 0.925936 0.377680
vn 0.998559 -0.051570 -0.014858
vn 0.998511 -0.052149 -0.016033
vn 0.998394 -0.054074 -0.016887
vn 0.998479 -0.052576 -0.016601
vn 0.998742 -0.047840 -0.015037
vn 0.998741 -0.047839 -0.015075
vn 0.998631 -0.049674 -0.016382
vn 0.000737 -0.950313 -0.311294
vn 0.000615 -0.950285 -0.311380
vn 0.000492 -0.950275 -0.311412
vn -0.998631 -0.049672 -0.016381
vn -0.998742 -0.047832 -0.015072
vn -0.998742 -0.047835 -0.015036
vn -0.998479 -0.052572 -0.016599
vn -0.998394 -0.054072 -0.016887
vn -0.998511 -0.052148 -0.016033
vn -0.998559 -0.051563 -0.014856
vn 0.896972 -0.000017 0.442088
vn 0.896971 0.000000 0.442089
vn 0.896969 0.000004 0.442093
vn 0.896978 -0.000004 0.442076
vn 0.896975 0.000004 0.442082
vn 0.896975 0.000013 0.442081
vn 0.896976 0.000000 0.442079
vn -0.897071 -0.000041 0.441887
vn -0.897067 0.000000 0.441895
vn -0.897086 -0.000017 0.441856
vn -0.897088 -0.000003 0.441851
vn -0.897091 0.000003 0.441847
vn -0.897089 -0.000003 0.441849
vn -0.897090 -0.000022 0.441848
vn 0.000020 0.462842 -0.886441
vn 0.000130 0.462858 -0.886432
vn -0.000091 0.462856 -0.886434
vn 0.995313 -0.014769 0.095567
vn 0.996810 -0.023286 0.076344
vn 0.989274 -0.013930 0.145404
vn 0.982678 0.000000 0.185321
vn 0.972045 -0.012022 0.234488
vn 0.960770 -0.011880 0.277092
vn 0.897730 -0.019335 0.440123
vn 0.000179 -0.463180 -0.886264
vn 0.000239 -0.467241 -0.884130
vn 0.000114 -0.467212 -0.884145
vn -0.897731 -0.019335 0.440121
vn -0.960779 -0.011902 0.277061
vn -0.972044 -0.012017 0.234492
vn -0.982680 -0.000000 0.185310
vn -0.989274 -0.013935 0.145407
vn -0.995314 -0.014765 0.095562
vn -0.996810 -0.023284 0.076340
vn 0.000018 0.615622 -0.788041
vn 0.000121 0.615676 -0.788000
vn -0.000086 0.615678 -0.787998
vn 1.000000 0.000003 0.000950
vn 1.000000 -0.000000 0.000953
vn 1.000000 -0.000000 0.000952
vn 1.000000 0.000000 0.000953
vn 1.000000 0.000000 0.000952
vn 1.000000 -0.000003 0.000950
vn 1.000000 -0.000000 0.000953
vn 0.000163 -0.615651 -0.788019
vn 0.000221 -0.615678 -0.787998
vn 0.000105 -0.615699 -0.787982
vn -1.000000 0.000000 0.000953
vn -1.000000 0.000008 0.000960
vn -1.000000 0.000004 0.000955
vn -1.000000 0.000000 0.000953
vn -1.000000 0.000000 0.000954
vn -1.000000 -0.000001 0.000954
vn -1.000000 0.000005 0.000947
vn 0.939693 -0.342020 0.000000
vn 0.766045 -0.642788 0.000000
vn 0.939693 -0.342020 0.000000
vn 0.766045 -0.642787 0.000000
vn 0.500000 -0.866025 0.000000
vn 0.500000 -0.866025 0.000000
vn 0.173649 -0.984808 0.000000
vn 0.173649 -0.984808 0.000000
vn -0.173648 -0.984808 0.000000
vn -0.173648 -0.984808 0.000000
vn -0.500000 -0.866026 0.000000
vn -0.500000 -0.866026 0.000000
vn -0.766044 -0.642788 0.000000
vn -0.766044 -0.642788 0.000000
vn -0.939692 -0.342021 0.000000
vn -0.939693 -0.342020 0.000000
vn -1.000000 -0.000000 0.000000
vn -1.000000 -0.000000 0.000000
vn -0.939693 0.342020 0.000000
vn -0.939693 0.342020 0.000000
vn -0.766044 0.642788 0.000000
vn -0.766044 0.642788 0.000000
vn -0.500000 0.866025 0.000000
vn -0.500000 0.866025 0.000000
vn -0.173649 0.984808 0.000000
vn -0.173649 0.984808 0.000000
vn 0.173648 0.984808 0.000000
vn 0.173648 0.984808 0.000000
vn 0.500000 0.866025 0.000000
vn 0.500000 0.866025 0.000000
vn 0.766044 0.642788 0.000000
vn 0.766044 0.642788 0.000000
vn 0.939693 0.342020 0.000000
vn 0.939693 0.342020 0.000000
vn 1.000000 0.000000 0.000000
vn 1.000000 0.000000 0.000000
vn -0.000000 0.000000 1.000000
vn -0.000001 0.000000 1.000000
vn 0.000000 0.000000 1.000000
vn 0.000001 0.000000 1.000000
vn -0.000002 0.000000 1.000000
vn -0.000001 0.000000 1.000000
vn 0.000000 0.000000 1.000000
vn -0.000001 0.000000 1.000000
vn 0.000000 0.000000 1.000000
vn 0.000000 0.000000 1.000000
vn 0.000000 0.000000 1.000000
vn -0.000001 0.000000 1.000000
vn 0.000001 0.000000 1.000000
vn 0.000002 0.000000 1.000000
vn 0.000000 0.000000 1.000000
vn 0.000001 0.000000 1.000000
vn 0.000001 0.000000 1.000000
vn 0.000000 0.000000 1.000000
vn 0.000000 0.000000 1.000000
vn -0.000001 0.000000 -1.000000
vn 0.000001 0.000000 -1.000000
vn -0.000000 0.000000 -1.000000
vn 0.000002 0.000000 -1.000000
vn -0.000001 0.000000 -1.000000
vn -0.000002 0.000000 -1.000000
vn -0.000001 0.000000 -1.000000
vn -0.000001 0.000000 -1.000000
vn 0.000000 0.000000 -1.000000
vn -0.000000 0.000000 -1.000000
vn -0.000000 0.000000 -1.000000
vn 0.000000 0.000000 -1.000000
vn 0.000001 0.000000 -1.000000
vn 0.000001 0.000000 -1.000000
vn 0.000000 0.000000 -1.000000
vn 0.000000 0.000000 -1.000000
vn 0.000000 0.000000 -1.000000
vn 0.000000 0.000000 -1.000000
vn 0.000000 0.000000 -1.000000
vn 1.000000 0.000000 0.000000
vn 0.939693 -0.342020 0.000000
vn 0.939693 0.342020 0.000000
vn 0.766044 0.642788 0.000000
vn 0.500000 0.866025 0.000000
vn 0.173648 0.984808 0.000000
vn -0.173649 0.984808 0.000000
vn -0.500000 0.866025 0.000000
vn -0.766044 0.642788 0.000000
vn -0.939693 0.342020 0.000000
vn -1.000000 -0.000000 0.000000
vn -0.939693 -0.342020 0.000000
vn -0.766044 -0.642788 0.000000
vn -0.500000 -0.866026 0.000000
vn -0.173648 -0.984808 0.000000
vn 0.173649 -0.984808 0.000000
vn 0.500000 -0.866025 0.000000
vn 0.766045 -0.642787 0.000000
vn 0.000000 -0.342017 0.939694
vn 0.000000 -0.642787 0.766045
vn 0.000000 -0.342017 0.939694
vn 0.000000 -0.642793 0.766040
vn 0.000000 -0.866022 0.500005
vn 0.000000 -0.866023 0.500005
vn 0.000000 -0.984806 0.173656
vn 0.000000 -0.984804 0.173668
vn 0.000000 -0.984804 -0.173668
vn 0.000000 -0.984806 -0.173656
vn 0.000000 -0.866023 -0.500005
vn 0.000000 -0.866022 -0.500005
vn 0.000000 -0.642794 -0.766040
vn 0.000000 -0.642788 -0.766045
vn 0.000000 -0.342018 -0.939694
vn 0.000000 -0.342018 -0.939694
vn 0.000000 -0.000000 -1.000000
vn 0.000000 -0.000000 -1.000000
vn 0.000000 0.342021 -0.939692
vn 0.000000 0.342017 -0.939694
vn 0.000000 0.642781 -0.766050
vn 0.000000 0.642793 -0.766040
vn 0.000000 0.866022 -0.500005
vn 0.000000 0.866033 -0.499987
vn 0.000000 0.984807 -0.173655
vn 0.000000 0.984809 -0.173643
vn 0.000000 0.984809 0.173643
vn 0.000000 0.984807 0.173655
vn 0.000000 0.866033 0.499987
vn 0.000000 0.866023 0.500005
vn 0.000000 0.642793 0.766040
vn 0.000000 0.642782 0.766050
vn 0.000000 0.342018 0.939694
vn 0.000000 0.342022 0.939692
vn 0.000000 -0.000000 1.000000
vn 0.000000 -0.000000 1.000000
vn -1.000000 -0.000000 0.000000
vn -1.000000 -0.000000 0.000000
vn -1.000000 -0.000000 0.000000
vn -1.000000 0.000000 0.000000
vn -1.000000 -0.000000 0.000000
vn -1.000000 -0.000000 0.000000
vn -1.000000 0.000000 0.000000
vn -1.000000 0.000000 0.000000
vn -1.000000 0.000000 0.000000
vn -1.000000 0.000000 0.000000
vn -1.000000 -0.000000 0.000000
vn -1.000000 0.000000 0.000000
vn -1.000000 0.000000 0.000000
vn -1.000000 -0.000000 0.000000
vn -1.000000 -0.000000 0.000000
vn -1.000000 -0.000000 0.000000
vn -1.000000 0.000000 0.000000
vn -1.000000 0.000000 0.000000
vn -1.000000 0.000000 0.000000
vn 1.000000 0.000000 0.000000
vn 1.000000 0.000000 0.000000
vn 1.000000 -0.000000 0.000000
vn 1.000000 -0.000001 0.000000
vn 1.000000 -0.000001 0.000000
vn 1.000000 0.000000 0.000000
vn 1.000000 0.000001 0.000000
vn 1.000000 -0.000001 0.000000
vn 1.000000 -0.000000 0.000000
vn 1.000000 0.000002 0.000000
vn 1.000000 0.000002 0.000000
vn 1.000000 -0.000000 0.000000
vn 1.000000 -0.000002 0.000000
vn 1.000000 0.000001 0.000000
vn 1.000000 0.000001 0.000000
vn 1.000000 0.000001 0.000000
vn 1.000000 -0.000002 0.000000
vn 1.000000 -0.000002 0.000000
vn 1.000000 0.000000 0.000000
vn 0.939693 0.000000 -0.342019
vn 0.766045 0.000000 -0.642787
vn 0.939692 0.000000 -0.342021
vn 0.766044 0.000000 -0.642788
vn 0.500001 0.000000 -0.866025
vn 0.500000 0.000000 -0.866026
vn 0.173649 0.000000 -0.984808
vn 0.173648 0.000000 -0.984808
vn -0.173647 0.000000 -0.984808
vn -0.173648 0.000000 -0.984808
vn -0.499999 0.000000 -0.866026
vn -0.500000 0.000000 -0.866025
vn -0.766044 0.000000 -0.642788
vn -0.766044 0.000000 -0.642788
vn -0.939692 0.000000 -0.342021
vn -0.939693 0.000000 -0.342020
vn -1.000000 0.000000 -0.000001
vn -1.000000 0.000000 0.000000
vn -0.939693 0.000000 0.342019
vn -0.939692 0.000000 0.342020
vn -0.766045 0.000000 0.642787
vn -0.766044 0.000000 0.642788
vn -0.500001 0.000000 0.866025
vn -0.500000 0.000000 0.866026
vn -0.173649 0.000000 0.984808
vn -0.173648 0.000000 0.984808
vn 0.173647 0.000000 0.984808
vn 0.173649 0.000000 0.984808
vn 0.500000 0.000000 0.866026
vn 0.500001 0.000000 0.866025
vn 0.766044 0.000000 0.642788
vn 0.766045 0.000000 0.642787
vn 0.939692 0.000000 0.342021
vn 0.939693 0.000000 0.342020
vn 1.000000 0.000000 0.000001
vn 1.000000 0.000000 -0.000000
vn 0.000000 -1.000000 0.000000
vn 0.000000 -1.000000 -0.000000
vn 0.000000 -1.000000 -0.000000
vn 0.000000 -1.000000 0.000000
vn 0.000000 -1.000000 0.000000
vn 0.000000 -1.000000 0.000000
vn 0.000000 -1.000000 0.000000
vn 0.000000 -1.000000 0.000000
vn 0.000000 -1.000000 0.000000
vn 0.000000 -1.000000 0.000000
vn 0.000000 -1.000000 0.000000
vn 0.000000 -1.000000 0.000000
vn 0.000000 -1.000000 0.000000
vn 0.000000 -1.000000 -0.000000
vn 0.000000 -1.000000 -0.000000
vn 0.000000 -1.000000 -0.000000
vn 0.000000 -1.000000 0.000000
vn 0.000000 -1.000000 0.000000
vn 0.000000 -1.000000 -0.000000
vn 0.000000 1.000000 -0.000040
vn 0.000000 1.000000 0.000000
vn 0.000000 1.000000 -0.000004
vn 0.000000 1.000000 0.000000
vn 0.000000 1.000000 0.000010
vn 0.000000 1.000000 0.000010
vn 0.000000 1.000000 0.000000
vn 0.000000 1.000000 0.000020
vn 0.000000 1.000000 0.000000
vn 0.000000 1.000000 -0.000020
vn 0.000000 1.000000 0.000000
vn 0.000000 1.000000 -0.000020
vn 0.000000 1.000000 -0.000020
vn 0.000000 1.000000 0.000005
vn 0.000000 1.000000 0.000010
vn 0.000000 1.000000 0.000005
vn 0.000000 1.000000 0.000000
vn 0.000000 1.000000 0.000000
vn 0.000000 1.000000 -0.000040
s 1
g pPipe2
usemtl initialShadingGroup
f 2/2/1 1/1/2 18/19/3
f 18/19/3 1/1/2 17/18/4
f 3/3/5 2/2/1 19/20/6
f 19/20/6 2/2/1 18/19/3
f 4/4/7 3/3/5 20/21/8
f 20/21/8 3/3/5 19/20/6
f 5/5/9 4/4/7 21/22/10
f 21/22/10 4/4/7 20/21/8
f 6/6/11 5/5/9 22/23/12
f 22/23/12 5/5/9 21/22/10
f 7/7/13 6/6/11 23/24/14
f 23/24/14 6/6/11 22/23/12
f 8/8/15 7/7/13 24/25/16
f 24/25/16 7/7/13 23/24/14
f 9/9/17 8/8/15 25/26/18
f 25/26/18 8/8/15 24/25/16
f 10/10/19 9/9/17 26/27/20
f 26/27/20 9/9/17 25/26/18
f 11/11/21 10/10/19 27/28/22
f 27/28/22 10/10/19 26/27/20
f 12/12/23 11/11/21 28/29/24
f 28/29/24 11/11/21 27/28/22
f 13/771/25 12/12/23 29/777/26
f 29/777/26 12/12/23 28/29/24
f 14/14/27 13/13/25 30/31/28
f 30/31/28 13/13/25 29/30/26
f 15/15/29 14/14/27 31/32/30
f 31/32/30 14/14/27 30/31/28
f 16/16/31 15/15/29 32/33/32
f 32/33/32 15/15/29 31/32/30
f 1/17/2 16/16/31 17/34/4
f 17/34/4 16/16/31 32/33/32
f 18/19/3 17/18/4 34/36/33
f 34/36/33 17/18/4 33/35/34
f 19/20/6 18/19/3 35/37/35
f 35/37/35 18/19/3 34/36/33
f 20/21/8 19/20/6 36/38/36
f 36/38/36 19/20/6 35/37/35
f 21/22/10 20/21/8 37/39/37
f 37/39/37 20/21/8 36/38/36
f 22/23/12 21/22/10 38/40/38
f 38/40/38 21/22/10 37/39/37
f 23/24/14 22/23/12 39/41/39
f 39/41/39 22/23/12 38/40/38
f 24/25/16 23/24/14 40/42/40
f 40/42/40 23/24/14 39/41/39
f 25/26/18 24/25/16 41/43/41
f 41/43/41 24/25/16 40/42/40
f 26/27/20 25/26/18 42/44/42
f 42/44/42 25/26/18 41/43/41
f 27/28/22 26/27/20 43/45/43
f 43/45/43 26/27/20 42/44/42
f 28/29/24 27/28/22 44/46/44
f 44/46/44 27/28/22 43/45/43
f 29/777/26 28/29/24 45/776/45
f 45/776/45 28/29/24 44/46/44
f 30/31/28 29/30/26 46/48/46
f 46/48/46 29/30/26 45/47/45
f 31/32/30 30/31/28 47/49/47
f 47/49/47 30/31/28 46/48/46
f 32/33/32 31/32/30 48/50/48
f 48/50/48 31/32/30 47/49/47
f 17/34/4 32/33/32 33/51/34
f 33/51/34 32/33/32 48/50/48
f 34/36/33 33/35/34 50/53/49
f 50/53/49 33/35/34 49/52/50
f 35/37/35 34/36/33 51/54/51
f 51/54/51 34/36/33 50/53/49
f 36/38/36 35/37/35 52/55/52
f 52/55/52 35/37/35 51/54/51
f 37/39/37 36/38/36 53/56/53
f 53/56/53 36/38/36 52/55/52
f 38/40/38 37/39/37 54/57/54
f 54/57/54 37/39/37 53/56/53
f 39/41/39 38/40/38 55/58/55
f 55/58/55 38/40/38 54/57/54
f 40/42/40 39/41/39 56/59/56
f 56/59/56 39/41/39 55/58/55
f 41/43/41 40/42/40 57/60/57
f 57/60/57 40/42/40 56/59/56
f 42/44/42 41/43/41 58/61/58
f 58/61/58 41/43/41 57/60/57
f 43/45/43 42/44/42 59/62/59
f 59/62/59 42/44/42 58/61/58
f 44/46/44 43/45/43 60/63/60
f 60/63/60 43/45/43 59/62/59
f 45/776/45 44/46/44 61/775/61
f 61/775/61 44/46/44 60/63/60
f 46/48/46 45/47/45 62/65/62
f 62/65/62 45/47/45 61/64/61
f 47/49/47 46/48/46 63/66/63
f 63/66/63 46/48/46 62/65/62
f 48/50/48 47/49/47 64/67/64
f 64/67/64 47/49/47 63/66/63
f 33/51/34 48/50/48 49/68/50
f 49/68/50 48/50/48 64/67/64
f 50/53/49 49/52/50 66/70/65
f 66/70/65 49/52/50 65/69/66
f 51/54/51 50/53/49 67/71/67
f 67/71/67 50/53/49 66/70/65
f 52/55/52 51/54/51 68/72/68
f 68/72/68 51/54/51 67/71/67
f 53/56/53 52/55/52 69/73/69
f 69/73/69 52/55/52 68/72/68
f 54/57/54 53/56/53 70/74/70
f 70/74/70 53/56/53 69/73/69
f 55/58/55 54/57/54 71/75/71
f 71/75/71 54/57/54 70/74/70
f 56/59/56 55/58/55 72/76/72
f 72/76/72 55/58/55 71/75/71
f 57/60/57 56/59/56 73/77/73
f 73/77/73 56/59/56 72/76/72
f 58/61/58 57/60/57 74/78/74
f 74/78/74 57/60/57 73/77/73
f 59/62/59 58/61/58 75/79/75
f 75/79/75 58/61/58 74/78/74
f 60/63/60 59/62/59 76/80/76
f 76/80/76 59/62/59 75/79/75
f 61/775/61 60/63/60 77/774/77
f 77/774/77 60/63/60 76/80/76
f 62/65/62 61/64/61 78/82/78
f 78/82/78 61/64/61 77/81/77
f 63/66/63 62/65/62 79/83/79
f 79/83/79 62/65/62 78/82/78
f 64/67/64 63/66/63 80/84/80
f 80/84/80 63/66/63 79/83/79
f 49/68/50 64/67/64 65/85/66
f 65/85/66 64/67/64 80/84/80
f 66/70/65 65/69/66 82/87/81
f 82/87/81 65/69/66 81/86/82
f 67/71/67 66/70/65 83/88/83
f 83/88/83 66/70/65 82/87/81
f 68/72/68 67/71/67 84/89/84
f 84/89/84 67/71/67 83/88/83
f 69/73/69 68/72/68 85/90/85
f 85/90/85 68/72/68 84/89/84
f 70/74/70 69/73/69 86/91/86
f 86/91/86 69/73/69 85/90/85
f 71/75/71 70/74/70 87/92/87
f 87/92/87 70/74/70 86/91/86
f 72/76/72 71/75/71 88/93/88
f 88/93/88 71/75/71 87/92/87
f 73/77/73 72/76/72 89/94/89
f 89/94/89 72/76/72 88/93/88
f 74/78/74 73/77/73 90/95/90
f 90/95/90 73/77/73 89/94/89
f 75/79/75 74/78/74 91/96/91
f 91/96/91 74/78/74 90/95/90
f 76/80/76 75/79/75 92/97/92
f 92/97/92 75/79/75 91/96/91
f 77/774/77 76/80/76 93/773/93
f 93/773/93 76/80/76 92/97/92
f 78/82/78 77/81/77 94/99/94
f 94/99/94 77/81/77 93/98/93
f 79/83/79 78/82/78 95/100/95
f 95/100/95 78/82/78 94/99/94
f 80/84/80 79/83/79 96/101/96
f 96/101/96 79/83/79 95/100/95
f 65/85/66 80/84/80 81/102/82
f 81/102/82 80/84/80 96/101/96
f 82/87/81 81/86/82 98/104/97
f 98/104/97 81/86/82 97/103/98
f 83/88/83 82/87/81 99/105/99
f 99/105/99 82/87/81 98/104/97
f 84/89/84 83/88/83 100/106/100
f 100/106/100 83/88/83 99/105/99
f 85/90/85 84/89/84 101/107/101
f 101/107/101 84/89/84 100/106/100
f 86/91/86 85/90/85 102/108/102
f 102/108/102 85/90/85 101/107/101
f 87/92/87 86/91/86 103/109/103
f 103/109/103 86/91/86 102/108/102
f 88/93/88 87/92/87 104/110/104
f 104/110/104 87/92/87 103/109/103
f 89/94/89 88/93/88 105/111/105
f 105/111/105 88/93/88 104/110/104
f 90/95/90 89/94/89 106/112/106
f 106/112/106 89/94/89 105/111/105
f 91/96/91 90/95/90 107/113/107
f 107/113/107 90/95/90 106/112/106
f 92/97/92 91/96/91 108/114/108
f 108/114/108 91/96/91 107/113/107
f 93/773/93 92/97/92 109/772/109
f 109/772/109 92/97/92 108/114/108
f 94/99/94 93/98/93 110/116/110
f 110/116/110 93/98/93 109/115/109
f 95/100/95 94/99/94 111/117/111
f 111/117/111 94/99/94 110/116/110
f 96/101/96 95/100/95 112/118/112
f 112/118/112 95/100/95 111/117/111
f 81/102/82 96/101/96 97/119/98
f 97/119/98 96/101/96 112/118/112
s 2
f 98/104/113 97/103/114 114/121/115
f 114/121/115 97/103/114 113/120/116
f 99/105/117 98/104/113 115/122/118
f 115/122/118 98/104/113 114/121/115
f 100/106/119 99/105/117 116/123/120
f 116/123/120 99/105/117 115/122/118
f 101/107/121 100/106/119 117/124/122
f 117/124/122 100/106/119 116/123/120
f 102/108/123 101/107/121 118/125/124
f 118/125/124 101/107/121 117/124/122
f 103/109/125 102/108/123 119/126/126
f 119/126/126 102/108/123 118/125/124
f 104/110/127 103/109/125 120/127/128
f 120/127/128 103/109/125 119/126/126
f 105/111/129 104/110/127 121/128/130
f 121/128/130 104/110/127 120/127/128
f 106/112/131 105/111/129 122/129/132
f 122/129/132 105/111/129 121/128/130
f 107/113/133 106/112/131 123/130/134
f 123/130/134 106/112/131 122/129/132
f 108/114/135 107/113/133 124/131/136
f 124/131/136 107/113/133 123/130/134
f 109/772/137 108/114/135 125/794/138
f 125/794/138 108/114/135 124/131/136
f 110/116/139 109/115/137 126/790/140
f 126/790/140 109/115/137 125/795/138
f 111/117/141 110/116/139 127/134/142
f 127/134/142 110/116/139 126/790/140
f 112/118/143 111/117/141 128/135/144
f 128/135/144 111/117/141 127/134/142
f 97/119/114 112/118/143 113/136/116
f 113/136/116 112/118/143 128/135/144
s 3
f 114/121/145 113/120/146 130/138/147
f 130/138/147 113/120/146 129/137/148
f 115/122/149 114/121/145 131/139/150
f 131/139/150 114/121/145 130/138/147
f 116/123/151 115/122/149 132/140/152
f 132/140/152 115/122/149 131/139/150
f 117/124/153 116/123/151 133/141/154
f 133/141/154 116/123/151 132/140/152
f 118/125/155 117/124/153 134/142/156
f 134/142/156 117/124/153 133/141/154
f 119/126/157 118/125/155 135/143/158
f 135/143/158 118/125/155 134/142/156
f 120/127/159 119/126/157 136/144/160
f 136/144/160 119/126/157 135/143/158
f 121/128/161 120/127/159 137/145/162
f 137/145/162 120/127/159 136/144/160
f 122/129/163 121/128/161 138/146/164
f 138/146/164 121/128/161 137/145/162
f 123/130/165 122/129/163 139/147/166
f 139/147/166 122/129/163 138/146/164
f 124/131/167 123/130/165 140/789/168
f 140/789/168 123/130/165 139/147/166
s 4
f 330/361/169 331/362/170 237/799/171
f 237/799/171 331/362/170 239/149/172
f 421/452/173 422/453/174 240/750/175
f 240/750/175 422/453/174 241/757/176
s 3
f 127/134/177 126/790/178 142/151/179
f 142/151/179 126/790/178 141/788/180
f 128/135/181 127/134/177 143/152/182
f 143/152/182 127/134/177 142/151/179
f 113/136/146 128/135/181 129/153/148
f 129/153/148 128/135/181 143/152/182
f 130/138/147 129/137/148 145/155/183
f 145/155/183 129/137/148 144/154/184
f 131/139/150 130/138/147 146/156/185
f 146/156/185 130/138/147 145/155/183
f 132/140/152 131/139/150 147/157/186
f 147/157/186 131/139/150 146/156/185
f 133/141/154 132/140/152 148/158/187
f 148/158/187 132/140/152 147/157/186
f 134/142/156 133/141/154 149/159/188
f 149/159/188 133/141/154 148/158/187
f 135/143/158 134/142/156 150/160/189
f 150/160/189 134/142/156 149/159/188
f 136/144/160 135/143/158 151/161/190
f 151/161/190 135/143/158 150/160/189
f 137/145/162 136/144/160 152/162/191
f 152/162/191 136/144/160 151/161/190
f 138/146/164 137/145/162 153/163/192
f 153/163/192 137/145/162 152/162/191
f 139/147/166 138/146/164 154/164/193
f 154/164/193 138/146/164 153/163/192
f 140/789/168 139/147/166 155/787/194
f 155/787/194 139/147/166 154/164/193
s 4
f 331/362/170 332/363/195 239/149/172
f 239/149/172 332/363/195 243/166/196
f 422/453/174 423/454/197 241/757/176
f 241/757/176 423/454/197 244/755/198
s 3
f 142/151/179 141/788/180 157/168/199
f 157/168/199 141/788/180 156/786/200
f 143/152/182 142/151/179 158/169/201
f 158/169/201 142/151/179 157/168/199
f 129/153/148 143/152/182 144/170/184
f 144/170/184 143/152/182 158/169/201
f 145/155/183 144/154/184 160/172/202
f 160/172/202 144/154/184 159/171/203
f 146/156/185 145/155/183 161/173/204
f 161/173/204 145/155/183 160/172/202
f 147/157/186 146/156/185 162/174/205
f 162/174/205 146/156/185 161/173/204
f 148/158/187 147/157/186 163/175/206
f 163/175/206 147/157/186 162/174/205
f 149/159/188 148/158/187 164/176/207
f 164/176/207 148/158/187 163/175/206
f 150/160/189 149/159/188 165/177/208
f 165/177/208 149/159/188 164/176/207
f 151/161/190 150/160/189 166/178/209
f 166/178/209 150/160/189 165/177/208
f 152/162/191 151/161/190 167/179/210
f 167/179/210 151/161/190 166/178/209
f 153/163/192 152/162/191 168/180/211
f 168/180/211 152/162/191 167/179/210
f 154/164/193 153/163/192 169/181/212
f 169/181/212 153/163/192 168/180/211
f 155/787/194 154/164/193 170/785/213
f 170/785/213 154/164/193 169/181/212
s 4
f 332/363/195 333/364/214 243/166/196
f 243/166/196 333/364/214 246/183/215
f 423/454/197 424/455/216 244/755/198
f 244/755/198 424/455/216 247/753/217
s 3
f 157/168/199 156/786/200 172/185/218
f 172/185/218 156/786/200 171/784/219
f 158/169/201 157/168/199 173/186/220
f 173/186/220 157/168/199 172/185/218
f 144/170/184 158/169/201 159/187/203
f 159/187/203 158/169/201 173/186/220
f 160/172/202 159/171/203 175/189/221
f 175/189/221 159/171/203 174/188/222
f 161/173/204 160/172/202 176/190/223
f 176/190/223 160/172/202 175/189/221
f 162/174/205 161/173/204 177/191/224
f 177/191/224 161/173/204 176/190/223
f 163/175/206 162/174/205 178/192/225
f 178/192/225 162/174/205 177/191/224
f 164/176/207 163/175/206 179/193/226
f 179/193/226 163/175/206 178/192/225
f 165/177/208 164/176/207 180/194/227
f 180/194/227 164/176/207 179/193/226
f 166/178/209 165/177/208 181/195/228
f 181/195/228 165/177/208 180/194/227
f 167/179/210 166/178/209 182/196/229
f 182/196/229 166/178/209 181/195/228
f 168/180/211 167/179/210 183/197/230
f 183/197/230 167/179/210 182/196/229
f 169/181/212 168/180/211 184/198/231
f 184/198/231 168/180/211 183/197/230
f 170/785/213 169/181/212 185/783/232
f 185/783/232 169/181/212 184/198/231
s 4
f 246/183/215 333/364/214 249/200/233
f 249/200/233 333/364/214 334/365/234
f 247/753/217 424/455/216 250/760/235
f 250/760/235 424/455/216 425/456/236
s 3
f 172/185/218 171/784/219 187/202/237
f 187/202/237 171/784/219 186/782/238
f 173/186/220 172/185/218 188/203/239
f 188/203/239 172/185/218 187/202/237
f 159/187/203 173/186/220 174/204/222
f 174/204/222 173/186/220 188/203/239
f 175/189/221 174/188/222 190/206/240
f 190/206/240 174/188/222 189/205/241
f 176/190/223 175/189/221 191/207/242
f 191/207/242 175/189/221 190/206/240
f 177/191/224 176/190/223 192/208/243
f 192/208/243 176/190/223 191/207/242
f 178/192/225 177/191/224 193/209/244
f 193/209/244 177/191/224 192/208/243
f 179/193/226 178/192/225 194/210/245
f 194/210/245 178/192/225 193/209/244
f 180/194/227 179/193/226 195/211/246
f 195/211/246 179/193/226 194/210/245
f 181/195/228 180/194/227 196/212/247
f 196/212/247 180/194/227 195/211/246
f 182/196/229 181/195/228 197/213/248
f 197/213/248 181/195/228 196/212/247
f 183/197/230 182/196/229 198/214/249
f 198/214/249 182/196/229 197/213/248
f 184/198/231 183/197/230 199/215/250
f 199/215/250 183/197/230 198/214/249
f 185/783/232 184/198/231 200/780/251
f 200/780/251 184/198/231 199/215/250
s 4
f 249/200/233 334/365/234 252/217/252
f 252/217/252 334/365/234 335/366/253
f 250/760/235 425/456/236 253/759/254
f 253/759/254 425/456/236 426/457/255
s 3
f 187/202/237 186/782/238 202/219/256
f 202/219/256 186/782/238 201/778/257
f 188/203/239 187/202/237 203/220/258
f 203/220/258 187/202/237 202/219/256
f 174/204/222 188/203/239 189/221/241
f 189/221/241 188/203/239 203/220/258
f 190/206/240 189/205/241 205/223/259
f 205/223/259 189/205/241 204/222/260
f 191/207/242 190/206/240 206/224/261
f 206/224/261 190/206/240 205/223/259
f 192/208/243 191/207/242 207/225/262
f 207/225/262 191/207/242 206/224/261
f 193/209/244 192/208/243 208/226/263
f 208/226/263 192/208/243 207/225/262
f 194/210/245 193/209/244 209/227/264
f 209/227/264 193/209/244 208/226/263
f 195/211/246 194/210/245 210/228/265
f 210/228/265 194/210/245 209/227/264
f 196/212/247 195/211/246 211/229/266
f 211/229/266 195/211/246 210/228/265
f 197/213/248 196/212/247 212/230/267
f 212/230/267 196/212/247 211/229/266
f 198/214/249 197/213/248 213/231/268
f 213/231/268 197/213/248 212/230/267
f 199/215/250 198/214/249 214/232/269
f 214/232/269 198/214/249 213/231/268
f 200/780/251 199/215/250 215/781/270
f 215/781/270 199/215/250 214/232/269
s 4
f 252/217/252 335/366/253 255/286/271
f 255/286/271 335/366/253 336/367/272
f 253/759/254 426/457/255 256/746/273
f 256/746/273 426/457/255 427/458/274
s 3
f 202/219/256 201/778/257 218/236/275
f 218/236/275 201/778/257 217/235/276
f 203/220/258 202/219/256 219/237/277
f 219/237/277 202/219/256 218/236/275
f 189/221/241 203/220/258 204/238/260
f 204/238/260 203/220/258 219/237/277
s 7
f 205/223/278 204/222/279 2/240/280
f 2/240/280 204/222/279 1/239/281
f 206/224/282 205/223/278 3/241/283
f 3/241/283 205/223/278 2/240/280
f 207/225/284 206/224/282 4/242/285
f 4/242/285 206/224/282 3/241/283
f 208/226/286 207/225/284 5/243/287
f 5/243/287 207/225/284 4/242/285
f 209/227/288 208/226/286 6/244/289
f 6/244/289 208/226/286 5/243/287
f 210/228/290 209/227/288 7/245/291
f 7/245/291 209/227/288 6/244/289
f 211/229/292 210/228/290 8/246/293
f 8/246/293 210/228/290 7/245/291
f 212/230/294 211/229/292 9/247/295
f 9/247/295 211/229/292 8/246/293
f 213/231/296 212/230/294 10/248/297
f 10/248/297 212/230/294 9/247/295
f 214/232/298 213/231/296 11/249/299
f 11/249/299 213/231/296 10/248/297
f 215/781/300 214/232/298 12/250/301
f 12/250/301 214/232/298 11/249/299
f 216/793/302 215/781/300 13/251/303
f 13/251/303 215/781/300 12/250/301
f 217/235/304 216/792/302 14/252/305
f 14/252/305 216/792/302 13/770/303
f 218/236/306 217/235/304 15/253/307
f 15/253/307 217/235/304 14/252/305
f 219/237/308 218/236/306 16/254/309
f 16/254/309 218/236/306 15/253/307
f 204/238/279 219/237/308 1/255/281
f 1/255/281 219/237/308 16/254/309
s 8
f 221/256/310 125/132/311 220/257/312
f 125/132/311 124/791/313 220/257/312
s 3
f 124/791/167 140/148/168 220/257/314
f 220/257/314 140/148/168 222/258/315
s 9
f 223/259/316 126/133/317 221/256/318
f 126/133/317 125/132/319 221/256/318
s 3
f 224/260/320 141/150/180 223/259/321
f 141/150/180 126/133/178 223/259/321
f 222/258/322 140/148/168 225/261/323
f 140/148/168 155/165/194 225/261/323
f 226/262/324 156/167/200 224/260/325
f 156/167/200 141/150/180 224/260/325
f 225/261/326 155/165/194 227/263/327
f 155/165/194 170/182/213 227/263/327
f 228/264/328 171/184/219 226/262/329
f 171/184/219 156/167/200 226/262/329
f 227/263/330 170/182/213 229/265/331
f 170/182/213 185/199/232 229/265/331
f 230/266/332 186/201/238 228/264/333
f 186/201/238 171/184/219 228/264/333
f 229/265/334 185/199/232 231/267/335
f 185/199/232 200/216/251 231/267/335
f 232/268/336 201/218/257 230/266/337
f 201/218/257 186/201/238 230/266/337
f 231/267/338 200/216/251 233/269/339
f 200/216/251 215/233/270 233/269/339
s 10
f 233/269/340 215/233/341 234/270/342
f 215/233/341 216/234/343 234/270/342
s 11
f 234/270/344 216/234/345 235/271/346
f 216/234/345 217/779/347 235/271/346
s 3
f 217/779/276 201/218/257 235/271/348
f 235/271/348 201/218/257 232/268/349
s 12
f 356/803/350 273/806/351 355/386/352
f 355/386/352 273/806/351 266/297/353
s 13
f 220/257/354 222/258/355 387/418/356
f 387/418/356 222/258/355 402/433/357
s 12
f 357/388/358 259/290/359 356/387/350
f 356/387/350 259/290/359 273/304/351
s 14
f 224/260/360 223/259/361 390/421/362
f 390/421/362 223/259/361 389/420/363
s 13
f 222/258/355 225/261/364 402/433/357
f 402/433/357 225/261/364 401/432/365
s 14
f 226/262/366 224/260/360 391/422/367
f 391/422/367 224/260/360 390/421/362
s 13
f 225/261/364 227/263/368 401/432/365
f 401/432/365 227/263/368 400/431/369
s 14
f 228/264/370 226/262/366 392/423/371
f 392/423/371 226/262/366 391/422/367
s 13
f 227/263/368 229/265/372 400/431/369
f 400/431/369 229/265/372 399/430/373
s 14
f 230/266/374 228/264/370 393/424/375
f 393/424/375 228/264/370 392/423/371
s 13
f 229/265/372 231/267/376 399/430/373
f 399/430/373 231/267/376 398/429/377
s 14
f 232/268/378 230/266/374 394/425/379
f 394/425/379 230/266/374 393/424/375
s 13
f 231/267/376 233/269/380 398/429/377
f 398/429/377 233/269/380 397/428/381
s 15
f 254/747/382 258/289/383 429/460/384
f 429/460/384 258/289/383 428/459/385
f 258/818/383 256/746/386 428/816/385
f 428/816/385 256/746/386 427/458/387
s 14
f 235/271/388 232/268/378 395/426/389
f 395/426/389 232/268/378 394/425/379
s 12
f 223/259/390 221/256/391 389/420/392
f 389/420/392 221/256/391 388/419/393
f 220/257/394 387/418/395 221/256/391
f 221/256/391 387/418/395 388/767/393
s 15
f 233/269/396 234/270/397 397/428/398
f 397/428/398 234/270/397 396/427/399
f 235/271/400 395/426/401 234/270/397
f 234/270/397 395/426/401 396/765/399
s 4
f 259/290/402 357/388/403 260/291/404
f 260/291/404 357/388/403 358/389/405
f 260/291/404 358/389/405 261/292/406
f 261/292/406 358/389/405 359/390/407
f 261/292/406 359/390/407 262/293/408
f 262/293/408 359/390/407 360/391/409
f 262/293/408 360/391/409 263/294/410
f 263/294/410 360/391/409 361/392/411
f 263/294/410 361/392/411 264/295/412
f 264/295/412 361/392/411 362/393/413
f 264/295/412 362/393/413 265/296/414
f 265/296/414 362/393/413 363/394/415
f 419/450/416 236/749/417 434/465/418
f 434/465/418 236/749/417 238/758/419
f 434/465/418 238/758/419 433/464/420
f 433/464/420 238/758/419 242/756/421
f 433/464/420 242/756/421 432/463/422
f 432/463/422 242/756/421 245/754/423
f 431/462/424 432/463/422 248/752/425
f 248/752/425 432/463/422 245/754/423
f 430/461/426 431/462/424 251/751/427
f 251/751/427 431/462/424 248/752/425
f 429/460/428 430/461/426 254/747/429
f 254/747/429 430/461/426 251/751/427
s 12
f 240/750/430 257/769/431 421/452/432
f 421/452/432 257/769/431 420/451/433
f 236/749/434 419/450/435 257/288/431
f 257/288/431 419/450/435 420/763/433
s 15
f 364/395/436 274/305/437 363/394/438
f 363/394/438 274/305/437 265/296/439
f 365/821/440 272/820/441 364/395/436
f 364/395/436 272/820/441 274/305/437
s 12
f 273/806/351 308/339/442 266/297/353
f 266/297/353 308/339/442 309/340/443
f 259/290/359 307/338/444 273/304/351
f 273/304/351 307/338/444 308/805/442
s 4
f 307/338/445 259/290/402 322/353/446
f 322/353/446 259/290/402 321/352/447
f 321/352/447 259/290/402 260/291/404
f 321/352/447 260/291/404 320/351/448
f 320/351/448 260/291/404 261/292/406
f 320/351/448 261/292/406 262/293/408
f 320/351/448 262/293/408 319/350/449
f 319/350/449 262/293/408 263/294/410
f 319/350/449 263/294/410 318/349/450
f 318/349/450 263/294/410 317/348/451
f 317/348/451 263/294/410 264/295/412
f 317/348/451 264/295/412 265/296/414
s 15
f 316/347/452 317/348/453 272/820/441
f 272/820/441 317/348/453 274/305/437
f 274/305/437 317/348/453 265/296/439
f 315/346/454 316/819/452 272/303/441
s 4
f 272/303/455 271/302/456 315/346/457
f 314/345/458 315/346/457 270/301/459
f 270/301/459 315/346/457 271/302/456
f 314/345/458 270/301/459 313/344/460
f 270/301/459 269/300/461 313/344/460
f 313/344/460 269/300/461 312/343/462
f 269/300/461 268/299/463 312/343/462
f 311/342/464 312/343/462 267/298/465
f 267/298/465 312/343/462 268/299/463
f 310/341/466 311/342/464 266/297/467
f 266/297/467 311/342/464 267/298/465
f 310/341/466 266/297/467 309/340/468
s 12
f 276/808/469 292/807/470 275/306/471
f 275/306/471 292/807/470 291/322/472
f 277/308/473 293/743/474 276/307/469
f 276/307/469 293/743/474 292/744/470
s 4
f 293/743/475 277/308/476 294/742/477
f 277/308/476 278/309/478 294/742/477
f 294/742/477 278/309/478 295/741/479
f 278/309/478 279/310/480 295/741/479
f 295/741/479 279/310/480 296/740/481
f 296/740/481 279/310/480 280/311/482
f 296/740/481 280/311/482 297/739/483
f 297/739/483 280/311/482 281/312/484
f 297/739/483 281/312/484 298/738/485
f 281/312/484 282/313/486 298/738/485
f 298/738/485 282/313/486 299/800/487
f 299/800/487 282/313/486 283/314/488
s 15
f 300/331/489 299/737/490 285/316/491
f 285/316/491 299/737/490 284/315/492
f 284/801/492 299/800/490 283/314/493
f 301/735/494 300/331/489 285/316/491
s 4
f 285/316/495 286/317/496 301/735/497
f 301/735/497 286/317/496 302/734/498
f 302/734/498 286/317/496 287/318/499
f 302/734/498 287/318/499 303/733/500
f 287/318/499 288/319/501 303/733/500
f 303/733/500 288/319/501 304/732/502
f 288/319/501 289/320/503 304/732/502
f 304/732/502 289/320/503 305/731/504
f 305/731/504 289/320/503 290/321/505
f 305/731/504 290/321/505 306/729/506
f 306/729/506 290/321/505 275/306/507
f 306/729/506 275/306/507 291/322/508
s 12
f 307/338/444 277/308/473 308/805/442
f 308/805/442 277/308/473 276/307/469
f 308/339/442 276/808/469 309/340/443
f 309/340/443 276/808/469 275/306/471
s 4
f 310/341/466 309/340/468 289/320/503
f 289/320/503 309/340/468 290/321/505
f 290/321/505 309/340/468 275/306/507
f 311/342/464 310/341/466 288/319/501
f 288/319/501 310/341/466 289/320/503
f 312/343/462 311/342/464 288/319/501
f 313/344/460 312/343/462 287/318/499
f 287/318/499 312/343/462 288/319/501
f 314/345/458 313/344/460 285/316/495
f 285/316/495 313/344/460 286/317/496
f 286/317/496 313/344/460 287/318/499
f 315/346/457 314/345/458 285/316/495
s 15
f 315/346/454 285/316/491 316/819/452
f 316/819/452 285/316/491 284/315/492
f 316/347/452 284/801/492 317/348/453
f 317/348/453 284/801/492 283/314/493
s 4
f 318/349/450 283/314/488 319/350/449
f 319/350/449 283/314/488 282/313/486
f 283/314/488 318/349/450 317/348/451
f 281/312/484 319/350/449 282/313/486
f 280/311/482 320/351/448 281/312/484
f 281/312/484 320/351/448 319/350/449
f 321/352/447 280/311/482 322/353/446
f 322/353/446 280/311/482 279/310/480
f 280/311/482 321/352/447 320/351/448
f 322/353/446 279/310/480 307/338/445
f 307/338/445 279/310/480 278/309/478
f 277/308/476 307/338/445 278/309/478
f 323/354/509 237/272/171 324/355/510
f 324/355/510 237/272/171 239/813/172
f 324/355/510 239/813/172 325/356/511
f 325/356/511 239/813/172 243/812/196
f 325/356/511 243/812/196 326/357/512
f 326/357/512 243/812/196 246/811/215
f 327/358/513 326/357/512 249/810/233
f 249/810/233 326/357/512 246/811/215
f 328/359/514 327/358/513 252/809/252
f 252/809/252 327/358/513 249/810/233
f 329/360/515 328/359/514 255/796/271
f 255/796/271 328/359/514 252/809/252
f 370/401/516 355/386/517 267/298/465
f 267/298/465 355/386/517 266/297/467
f 369/400/518 370/401/516 268/299/463
f 268/299/463 370/401/516 267/298/465
f 368/399/519 369/400/518 269/300/461
f 269/300/461 369/400/518 268/299/463
f 367/398/520 368/399/519 270/301/459
f 270/301/459 368/399/519 269/300/461
f 366/397/521 367/398/520 271/302/456
f 271/302/456 367/398/520 270/301/459
f 365/396/522 366/397/521 272/303/455
f 272/303/455 366/397/521 271/302/456
s 12
f 337/798/523 237/272/524 323/354/525
s 15
f 338/369/526 329/360/527 255/796/528
s 12
f 337/368/523 372/403/529 330/361/530
f 330/361/530 372/403/529 373/404/531
f 323/354/525 371/402/532 337/798/523
f 337/798/523 371/402/532 372/802/529
s 4
f 324/355/510 386/417/533 323/354/509
f 371/402/534 323/354/509 386/417/533
f 325/356/511 385/416/535 324/355/510
f 386/417/533 324/355/510 385/416/535
f 325/356/511 326/357/512 385/416/535
f 327/358/513 384/415/536 326/357/512
f 384/415/536 385/416/535 326/357/512
f 327/358/513 328/359/514 384/415/536
f 383/414/537 384/415/536 328/359/514
f 382/413/538 383/414/537 328/359/514
f 329/360/515 381/412/539 328/359/514
f 382/413/538 328/359/514 381/412/539
s 15
f 338/369/526 380/411/540 329/360/527
f 329/360/527 380/411/540 381/412/541
f 336/367/542 379/823/543 338/797/526
f 338/797/526 379/823/543 380/824/540
s 4
f 336/367/272 335/366/253 379/823/544
f 335/366/253 378/409/545 379/823/544
f 334/365/234 376/407/546 335/366/253
f 377/408/547 335/366/253 376/407/546
f 335/366/253 377/408/547 378/409/545
f 334/365/234 333/364/214 376/407/546
f 376/407/546 333/364/214 375/406/548
f 332/363/195 375/406/548 333/364/214
f 332/363/195 331/362/170 375/406/548
f 331/362/170 374/405/549 375/406/548
f 331/362/170 330/361/169 374/405/549
f 330/361/169 373/404/550 374/405/549
s 12
f 340/804/551 356/803/350 339/370/552
f 339/370/552 356/803/350 355/386/352
f 341/372/553 357/388/358 340/371/551
f 340/371/551 357/388/358 356/387/350
s 4
f 357/388/403 341/372/554 358/389/405
f 358/389/405 341/372/554 342/373/555
f 358/389/405 342/373/555 359/390/407
f 359/390/407 342/373/555 343/374/556
f 359/390/407 343/374/556 360/391/409
f 360/391/409 343/374/556 361/392/411
f 361/392/411 343/374/556 344/375/557
f 361/392/411 344/375/557 362/393/413
f 362/393/413 344/375/557 345/376/558
f 362/393/413 345/376/558 346/377/559
f 362/393/413 346/377/559 363/394/415
f 363/394/415 346/377/559 347/378/560
s 15
f 364/395/436 363/394/438 349/380/561
f 349/380/561 363/394/438 348/379/562
f 348/379/562 363/394/438 347/378/563
f 365/821/440 364/395/436 349/380/561
s 4
f 349/822/564 350/381/565 365/396/522
f 365/396/522 350/381/565 366/397/521
f 350/381/565 351/382/566 366/397/521
f 367/398/520 366/397/521 352/383/567
f 352/383/567 366/397/521 351/382/566
f 368/399/519 367/398/520 353/384/568
f 353/384/568 367/398/520 352/383/567
f 368/399/519 353/384/568 369/400/518
f 353/384/568 354/385/569 369/400/518
f 369/400/518 354/385/569 370/401/516
f 354/385/569 339/370/570 370/401/516
f 370/401/516 339/370/570 355/386/517
s 12
f 371/402/532 341/372/553 372/802/529
f 372/802/529 341/372/553 340/371/551
f 372/403/529 340/804/551 373/404/531
f 373/404/531 340/804/551 339/370/552
s 4
f 374/405/549 373/404/550 354/385/569
f 354/385/569 373/404/550 339/370/570
f 375/406/548 374/405/549 353/384/568
f 353/384/568 374/405/549 354/385/569
f 376/407/546 375/406/548 351/382/566
f 351/382/566 375/406/548 352/383/567
f 352/383/567 375/406/548 353/384/568
f 377/408/547 376/407/546 350/381/565
f 350/381/565 376/407/546 351/382/566
f 378/409/545 377/408/547 350/381/565
f 379/823/544 378/409/545 349/822/564
f 349/822/564 378/409/545 350/381/565
s 15
f 349/380/561 348/379/562 379/410/543
f 380/411/540 379/410/543 347/378/563
f 347/378/563 379/410/543 348/379/562
f 380/411/540 347/378/563 381/412/541
s 4
f 346/377/559 382/413/538 347/378/560
f 347/378/560 382/413/538 381/412/539
f 383/414/537 346/377/559 384/415/536
f 384/415/536 346/377/559 345/376/558
f 346/377/559 383/414/537 382/413/538
f 384/415/536 345/376/558 385/416/535
f 385/416/535 345/376/558 344/375/557
f 343/374/556 385/416/535 344/375/557
f 342/373/555 386/417/533 343/374/556
f 343/374/556 386/417/533 385/416/535
f 341/372/554 371/402/534 342/373/555
f 342/373/555 371/402/534 386/417/533
s 12
f 387/418/395 236/273/434 388/767/393
f 388/767/393 236/273/434 257/748/431
f 389/420/392 388/419/393 240/275/430
f 240/275/430 388/419/393 257/768/431
s 14
f 390/421/362 389/420/363 241/276/571
f 241/276/571 389/420/363 240/275/572
f 391/422/367 390/421/362 244/278/573
f 244/278/573 390/421/362 241/276/571
f 392/423/371 391/422/367 247/280/574
f 247/280/574 391/422/367 244/278/573
f 393/424/375 392/423/371 250/282/575
f 250/282/575 392/423/371 247/280/574
f 394/425/379 393/424/375 253/284/576
f 253/284/576 393/424/375 250/282/575
f 395/426/389 394/425/379 256/287/577
f 256/287/577 394/425/379 253/284/576
s 15
f 395/426/401 256/287/386 396/765/399
f 396/765/399 256/287/386 258/745/383
f 397/428/398 396/427/399 254/285/382
f 254/285/382 396/427/399 258/766/383
s 13
f 398/429/377 397/428/381 251/283/578
f 251/283/578 397/428/381 254/285/579
f 399/430/373 398/429/377 248/281/580
f 248/281/580 398/429/377 251/283/578
f 400/431/369 399/430/373 245/279/581
f 245/279/581 399/430/373 248/281/580
f 401/432/365 400/431/369 242/277/582
f 242/277/582 400/431/369 245/279/581
f 402/433/357 401/432/365 238/274/583
f 238/274/583 401/432/365 242/277/582
f 387/418/356 402/433/357 236/273/584
f 236/273/584 402/433/357 238/274/583
s 12
f 436/467/585 437/468/586 292/323/470
f 292/323/470 437/468/586 291/730/472
f 435/466/587 436/761/585 293/324/474
f 293/324/474 436/761/585 292/762/470
s 4
f 450/481/588 435/466/589 294/325/477
f 294/325/477 435/466/589 293/324/475
f 449/480/590 450/481/588 295/326/479
f 295/326/479 450/481/588 294/325/477
f 448/479/591 449/480/590 296/327/481
f 296/327/481 449/480/590 295/326/479
f 448/479/591 296/327/481 447/478/592
f 447/478/592 296/327/481 297/328/483
f 447/478/592 297/328/483 446/477/593
f 446/477/593 297/328/483 298/329/485
f 446/477/593 298/329/485 445/476/594
f 445/476/594 298/329/485 299/330/487
s 15
f 300/736/489 444/475/595 299/330/490
f 444/475/595 445/476/596 299/330/490
f 300/815/489 301/332/494 444/814/595
f 443/474/597 444/814/595 301/332/494
s 4
f 301/332/497 302/333/498 443/474/598
f 443/474/598 302/333/498 442/473/599
f 302/333/498 303/334/500 442/473/599
f 442/473/599 303/334/500 441/472/600
f 303/334/500 304/335/502 441/472/600
f 441/472/600 304/335/502 440/471/601
f 305/336/504 439/470/602 304/335/502
f 304/335/502 439/470/602 440/471/601
f 306/337/506 438/469/603 305/336/504
f 305/336/504 438/469/603 439/470/602
f 291/730/508 437/468/604 306/337/506
f 306/337/506 437/468/604 438/469/603
s 12
f 420/763/433 419/450/435 404/764/605
f 404/764/605 419/450/435 403/434/606
f 421/452/432 420/451/433 405/436/607
f 405/436/607 420/451/433 404/435/605
s 4
f 422/453/174 421/452/173 406/437/608
f 406/437/608 421/452/173 405/436/609
f 423/454/197 422/453/174 407/438/610
f 407/438/610 422/453/174 406/437/608
f 424/455/216 423/454/197 408/439/611
f 408/439/611 423/454/197 407/438/610
f 424/455/216 408/439/611 425/456/236
f 425/456/236 408/439/611 409/440/612
f 425/456/236 409/440/612 426/457/255
f 426/457/255 409/440/612 410/441/613
f 426/457/255 410/441/613 427/458/274
f 427/458/274 410/441/613 411/442/614
s 15
f 428/816/385 427/458/387 412/817/615
f 412/817/615 427/458/387 411/442/616
f 429/460/384 428/459/385 413/444/617
f 413/444/617 428/459/385 412/443/615
s 4
f 413/444/618 414/445/619 429/460/428
f 429/460/428 414/445/619 430/461/426
f 414/445/619 415/446/620 430/461/426
f 430/461/426 415/446/620 431/462/424
f 415/446/620 416/447/621 431/462/424
f 431/462/424 416/447/621 432/463/422
f 417/448/622 433/464/420 416/447/621
f 416/447/621 433/464/420 432/463/422
f 418/449/623 434/465/418 417/448/622
f 417/448/622 434/465/418 433/464/420
f 403/434/624 419/450/416 418/449/623
f 418/449/623 419/450/416 434/465/418
s 12
f 405/436/607 404/435/605 435/466/587
f 435/466/587 404/435/605 436/761/585
f 404/764/605 403/434/606 436/467/585
f 436/467/585 403/434/606 437/468/586
s 4
f 437/468/604 403/434/624 438/469/603
f 438/469/603 403/434/624 418/449/623
f 438/469/603 418/449/623 439/470/602
f 439/470/602 418/449/623 417/448/622
f 439/470/602 417/448/622 440/471/601
f 440/471/601 417/448/622 416/447/621
f 441/472/600 440/471/601 415/446/620
f 415/446/620 440/471/601 416/447/621
f 442/473/599 441/472/600 414/445/619
f 414/445/619 441/472/600 415/446/620
f 443/474/598 442/473/599 413/444/618
f 413/444/618 442/473/599 414/445/619
s 15
f 413/444/617 412/443/615 443/474/597
f 443/474/597 412/443/615 444/814/595
f 412/817/615 411/442/616 444/475/595
f 444/475/595 411/442/616 445/476/596
s 4
f 410/441/613 446/477/593 411/442/614
f 411/442/614 446/477/593 445/476/594
f 409/440/612 447/478/592 410/441/613
f 410/441/613 447/478/592 446/477/593
f 408/439/611 448/479/591 409/440/612
f 409/440/612 448/479/591 447/478/592
f 408/439/611 407/438/610 448/479/591
f 448/479/591 407/438/610 449/480/590
f 407/438/610 406/437/608 449/480/590
f 449/480/590 406/437/608 450/481/588
f 406/437/608 405/436/609 450/481/588
f 450/481/588 405/436/609 435/466/589
s 54
f 451/482/625 452/483/626 489/484/627
f 489/484/627 452/483/626 506/485/628
f 452/483/626 453/486/629 506/485/628
f 506/485/628 453/486/629 505/487/630
f 453/486/629 454/488/631 505/487/630
f 505/487/630 454/488/631 504/489/632
f 454/488/631 455/490/633 504/489/632
f 504/489/632 455/490/633 503/491/634
f 455/490/633 456/492/635 503/491/634
f 503/491/634 456/492/635 502/493/636
f 456/492/635 457/494/637 502/493/636
f 502/493/636 457/494/637 501/495/638
f 457/494/637 458/496/639 501/495/638
f 501/495/638 458/496/639 500/497/640
f 458/496/639 459/498/641 500/497/640
f 500/497/640 459/498/641 499/499/642
f 459/498/641 460/500/643 499/499/642
f 499/499/642 460/500/643 498/501/644
f 460/500/643 461/502/645 498/501/644
f 498/501/644 461/502/645 497/503/646
f 461/502/645 462/504/647 497/503/646
f 497/503/646 462/504/647 496/505/648
f 462/504/647 463/506/649 496/505/648
f 496/505/648 463/506/649 495/507/650
f 463/506/649 464/508/651 495/507/650
f 495/507/650 464/508/651 494/509/652
f 464/508/651 465/510/653 494/509/652
f 494/509/652 465/510/653 493/511/654
f 465/510/653 466/512/655 493/511/654
f 493/511/654 466/512/655 492/513/656
f 466/512/655 467/514/657 492/513/656
f 492/513/656 467/514/657 491/515/658
f 467/514/657 468/516/659 491/515/658
f 491/515/658 468/516/659 490/517/660
f 468/516/659 451/518/625 490/517/660
f 490/517/660 451/518/625 489/519/627
s 55
f 452/520/661 451/521/662 487/522/663
f 453/523/664 452/520/661 487/522/663
f 454/524/665 453/523/664 487/522/663
f 455/525/666 454/524/665 487/522/663
f 456/526/667 455/525/666 487/522/663
f 457/527/668 456/526/667 487/522/663
f 458/528/669 457/527/668 487/522/663
f 459/529/670 458/528/669 487/522/663
f 460/530/671 459/529/670 487/522/663
f 461/531/672 460/530/671 487/522/663
f 462/532/673 461/531/672 487/522/663
f 463/533/674 462/532/673 487/522/663
f 464/534/675 463/533/674 487/522/663
f 465/535/676 464/534/675 487/522/663
f 466/536/677 465/535/676 487/522/663
f 467/537/678 466/536/677 487/522/663
f 468/538/679 467/537/678 487/522/663
f 451/521/662 468/538/679 487/522/663
s 56
f 469/539/680 470/540/681 488/541/682
f 470/540/681 471/542/683 488/541/682
f 471/542/683 472/543/684 488/541/682
f 472/543/684 473/544/685 488/541/682
f 473/544/685 474/545/686 488/541/682
f 474/545/686 475/546/687 488/541/682
f 475/546/687 476/547/688 488/541/682
f 476/547/688 477/548/689 488/541/682
f 477/548/689 478/549/690 488/541/682
f 478/549/690 479/550/691 488/541/682
f 479/550/691 480/551/692 488/541/682
f 480/551/692 481/552/693 488/541/682
f 481/552/693 482/553/694 488/541/682
f 482/553/694 483/554/695 488/541/682
f 483/554/695 484/555/696 488/541/682
f 484/555/696 485/556/697 488/541/682
f 485/556/697 486/557/698 488/541/682
f 486/557/698 469/539/680 488/541/682
s 54
f 490/517/660 489/519/627 486/558/699
f 486/558/699 489/519/627 469/559/700
f 491/515/658 490/517/660 485/560/701
f 485/560/701 490/517/660 486/558/699
f 492/513/656 491/515/658 484/561/702
f 484/561/702 491/515/658 485/560/701
f 493/511/654 492/513/656 483/562/703
f 483/562/703 492/513/656 484/561/702
f 494/509/652 493/511/654 482/563/704
f 482/563/704 493/511/654 483/562/703
f 495/507/650 494/509/652 481/564/705
f 481/564/705 494/509/652 482/563/704
f 496/505/648 495/507/650 480/565/706
f 480/565/706 495/507/650 481/564/705
f 497/503/646 496/505/648 479/566/707
f 479/566/707 496/505/648 480/565/706
f 498/501/644 497/503/646 478/567/708
f 478/567/708 497/503/646 479/566/707
f 499/499/642 498/501/644 477/568/709
f 477/568/709 498/501/644 478/567/708
f 500/497/640 499/499/642 476/569/710
f 476/569/710 499/499/642 477/568/709
f 501/495/638 500/497/640 475/570/711
f 475/570/711 500/497/640 476/569/710
f 502/493/636 501/495/638 474/571/712
f 474/571/712 501/495/638 475/570/711
f 503/491/634 502/493/636 473/572/713
f 473/572/713 502/493/636 474/571/712
f 504/489/632 503/491/634 472/573/714
f 472/573/714 503/491/634 473/572/713
f 505/487/630 504/489/632 471/574/715
f 471/574/715 504/489/632 472/573/714
f 506/485/628 505/487/630 470/575/716
f 470/575/716 505/487/630 471/574/715
f 489/484/627 506/485/628 469/576/700
f 469/576/700 506/485/628 470/575/716
s 57
f 507/577/717 508/578/718 525/579/719
f 525/579/719 508/578/718 526/580/720
f 508/578/718 509/581/721 526/580/720
f 526/580/720 509/581/721 527/582/722
f 509/581/721 510/583/723 527/582/722
f 527/582/722 510/583/723 528/584/724
f 510/583/723 511/585/725 528/584/724
f 528/584/724 511/585/725 529/586/726
f 511/585/725 512/587/727 529/586/726
f 529/586/726 512/587/727 530/588/728
f 512/587/727 513/589/729 530/588/728
f 530/588/728 513/589/729 531/590/730
f 513/589/729 514/591/731 531/590/730
f 531/590/730 514/591/731 532/592/732
f 514/591/731 515/593/733 532/592/732
f 532/592/732 515/593/733 533/594/734
f 515/593/733 516/595/735 533/594/734
f 533/594/734 516/595/735 534/596/736
f 516/595/735 517/597/737 534/596/736
f 534/596/736 517/597/737 535/598/738
f 517/597/737 518/599/739 535/598/738
f 535/598/738 518/599/739 536/600/740
f 518/599/739 519/601/741 536/600/740
f 536/600/740 519/601/741 537/602/742
f 519/601/741 520/603/743 537/602/742
f 537/602/742 520/603/743 538/604/744
f 520/603/743 521/605/745 538/604/744
f 538/604/744 521/605/745 539/606/746
f 521/605/745 522/607/747 539/606/746
f 539/606/746 522/607/747 540/608/748
f 522/607/747 523/609/749 540/608/748
f 540/608/748 523/609/749 541/610/750
f 523/609/749 524/611/751 541/610/750
f 541/610/750 524/611/751 542/612/752
f 524/611/751 507/613/717 542/612/752
f 542/612/752 507/613/717 525/614/719
s 58
f 508/615/753 507/616/754 543/617/755
f 509/618/756 508/615/753 543/617/755
f 510/619/757 509/618/756 543/617/755
f 511/620/758 510/619/757 543/617/755
f 512/621/759 511/620/758 543/617/755
f 513/622/760 512/621/759 543/617/755
f 514/623/761 513/622/760 543/617/755
f 515/624/762 514/623/761 543/617/755
f 516/625/763 515/624/762 543/617/755
f 517/626/764 516/625/763 543/617/755
f 518/627/765 517/626/764 543/617/755
f 519/628/766 518/627/765 543/617/755
f 520/629/767 519/628/766 543/617/755
f 521/630/768 520/629/767 543/617/755
f 522/631/769 521/630/768 543/617/755
f 523/632/770 522/631/769 543/617/755
f 524/633/771 523/632/770 543/617/755
f 507/616/754 524/633/771 543/617/755
s 59
f 525/634/772 526/635/773 544/636/774
f 526/635/773 527/637/775 544/636/774
f 527/637/775 528/638/776 544/636/774
f 528/638/776 529/639/777 544/636/774
f 529/639/777 530/640/778 544/636/774
f 530/640/778 531/641/779 544/636/774
f 531/641/779 532/642/780 544/636/774
f 532/642/780 533/643/781 544/636/774
f 533/643/781 534/644/782 544/636/774
f 534/644/782 535/645/783 544/636/774
f 535/645/783 536/646/784 544/636/774
f 536/646/784 537/647/785 544/636/774
f 537/647/785 538/648/786 544/636/774
f 538/648/786 539/649/787 544/636/774
f 539/649/787 540/650/788 544/636/774
f 540/650/788 541/651/789 544/636/774
f 541/651/789 542/652/790 544/636/774
f 542/652/790 525/634/772 544/636/774
s 60
f 545/653/791 546/654/792 563/655/793
f 563/655/793 546/654/792 564/656/794
f 546/654/792 547/657/795 564/656/794
f 564/656/794 547/657/795 565/658/796
f 547/657/795 548/659/797 565/658/796
f 565/658/796 548/659/797 566/660/798
f 548/659/797 549/661/799 566/660/798
f 566/660/798 549/661/799 567/662/800
f 549/661/799 550/663/801 567/662/800
f 567/662/800 550/663/801 568/664/802
f 550/663/801 551/665/803 568/664/802
f 568/664/802 551/665/803 569/666/804
f 551/665/803 552/667/805 569/666/804
f 569/666/804 552/667/805 570/668/806
f 552/667/805 553/669/807 570/668/806
f 570/668/806 553/669/807 571/670/808
f 553/669/807 554/671/809 571/670/808
f 571/670/808 554/671/809 572/672/810
f 554/671/809 555/673/811 572/672/810
f 572/672/810 555/673/811 573/674/812
f 555/673/811 556/675/813 573/674/812
f 573/674/812 556/675/813 574/676/814
f 556/675/813 557/677/815 574/676/814
f 574/676/814 557/677/815 575/678/816
f 557/677/815 558/679/817 575/678/816
f 575/678/816 558/679/817 576/680/818
f 558/679/817 559/681/819 576/680/818
f 576/680/818 559/681/819 577/682/820
f 559/681/819 560/683/821 577/682/820
f 577/682/820 560/683/821 578/684/822
f 560/683/821 561/685/823 578/684/822
f 578/684/822 561/685/823 579/686/824
f 561/685/823 562/687/825 579/686/824
f 579/686/824 562/687/825 580/688/826
f 562/687/825 545/689/791 580/688/826
f 580/688/826 545/689/791 563/690/793
s 61
f 546/691/827 545/692/828 581/693/829
f 547/694/830 546/691/827 581/693/829
f 548/695/831 547/694/830 581/693/829
f 549/696/832 548/695/831 581/693/829
f 550/697/833 549/696/832 581/693/829
f 551/698/834 550/697/833 581/693/829
f 552/699/835 551/698/834 581/693/829
f 553/700/836 552/699/835 581/693/829
f 554/701/837 553/700/836 581/693/829
f 555/702/838 554/701/837 581/693/829
f 556/703/839 555/702/838 581/693/829
f 557/704/840 556/703/839 581/693/829
f 558/705/841 557/704/840 581/693/829
f 559/706/842 558/705/841 581/693/829
f 560/707/843 559/706/842 581/693/829
f 561/708/844 560/707/843 581/693/829
f 562/709/845 561/708/844 581/693/829
f 545/692/828 562/709/845 581/693/829
s 62
f 563/710/846 564/711/847 582/712/848
f 564/711/847 565/713/849 582/712/848
f 565/713/849 566/714/850 582/712/848
f 566/714/850 567/715/851 582/712/848
f 567/715/851 568/716/852 582/712/848
f 568/716/852 569/717/853 582/712/848
f 569/717/853 570/718/854 582/712/848
f 570/718/854 571/719/855 582/712/848
f 571/719/855 572/720/856 582/712/848
f 572/720/856 573/721/857 582/712/848
f 573/721/857 574/722/858 582/712/848
f 574/722/858 575/723/859 582/712/848
f 575/723/859 576/724/860 582/712/848
f 576/724/860 577/725/861 582/712/848
f 577/725/861 578/726/862 582/712/848
f 578/726/862 579/727/863 582/712/848
f 579/727/863 580/728/864 582/712/848
f 580/728/864 563/710/846 582/712/848
s 12
f 337/368/523 330/361/530 237/799/524
s 15
f 338/797/526 255/286/528 336/367/542
