# This file uses meters as units for non-parametric coordinates.

mtllib Shield.mtl
g default
v -21.802374 110.479195 -3.269894
v -21.825008 110.479195 -3.285051
v -21.860262 110.479195 -3.297080
v -21.904684 110.479195 -3.304803
v -21.953926 110.479195 -3.307464
v -22.003168 110.479195 -3.304803
v -22.047590 110.479195 -3.297080
v -22.082844 110.479195 -3.285051
v -22.105478 110.479195 -3.269894
v -22.113277 110.479195 -3.253092
v -21.794575 110.479195 -3.253092
v -21.654554 110.516510 -3.286282
v -21.699265 110.516510 -3.316223
v -21.768904 110.516510 -3.339984
v -21.856655 110.516510 -3.355240
v -21.953926 110.516510 -3.360497
v -22.051197 110.516510 -3.355240
v -22.138948 110.516510 -3.339984
v -22.208588 110.516510 -3.316223
v -22.253298 110.516510 -3.286282
v -22.268703 110.516510 -3.253092
v -21.639149 110.516510 -3.253092
v -21.514105 110.577682 -3.301853
v -21.579792 110.577682 -3.345840
v -21.682102 110.577682 -3.380749
v -21.811020 110.577682 -3.403162
v -21.953926 110.577682 -3.410885
v -22.096832 110.577682 -3.403162
v -22.225750 110.577682 -3.380749
v -22.328060 110.577682 -3.345840
v -22.393745 110.577682 -3.301853
v -22.416380 110.577682 -3.253092
v -21.491472 110.577682 -3.253092
v -21.384487 110.661201 -3.316223
v -21.469532 110.661201 -3.373174
v -21.601994 110.661201 -3.418370
v -21.768904 110.661201 -3.447388
v -21.953926 110.661201 -3.457387
v -22.138948 110.661201 -3.447388
v -22.305859 110.661201 -3.418370
v -22.438320 110.661201 -3.373174
v -22.523365 110.661201 -3.316223
v -22.552670 110.661201 -3.253092
v -21.355183 110.661201 -3.253092
v -21.268890 110.765007 -3.329039
v -21.371199 110.765007 -3.397551
v -21.530550 110.765007 -3.451922
v -21.731344 110.765007 -3.486831
v -21.953926 110.765007 -3.498860
v -22.176508 110.765007 -3.486831
v -22.377302 110.765007 -3.451922
v -22.536654 110.765007 -3.397551
v -22.638962 110.765007 -3.329039
v -22.674215 110.765007 -3.253092
v -21.233637 110.765007 -3.253092
v -21.170160 110.886559 -3.339984
v -21.287214 110.886559 -3.418370
v -21.469532 110.886559 -3.480578
v -21.699265 110.886559 -3.520518
v -21.953926 110.886559 -3.534280
v -22.208588 110.886559 -3.520518
v -22.438320 110.886559 -3.480578
v -22.620636 110.886559 -3.418370
v -22.737692 110.886559 -3.339984
v -22.778027 110.886559 -3.253092
v -21.129826 110.886559 -3.253092
v -21.090731 111.022842 -3.348790
v -21.219648 111.022842 -3.435121
v -21.420441 111.022842 -3.503633
v -21.673456 111.022842 -3.547620
v -21.953926 111.022842 -3.562777
v -22.234396 111.022842 -3.547620
v -22.487411 111.022842 -3.503633
v -22.688204 111.022842 -3.435120
v -22.817122 111.022842 -3.348790
v -22.861544 111.022842 -3.253092
v -21.046309 111.022842 -3.253092
v -21.032555 111.170517 -3.355240
v -21.170160 111.170517 -3.447388
v -21.384487 111.170517 -3.520518
v -21.654554 111.170517 -3.567470
v -21.953926 111.170517 -3.583648
v -22.253298 111.170517 -3.567470
v -22.523365 111.170517 -3.520518
v -22.737692 111.170517 -3.447388
v -22.875298 111.170517 -3.355240
v -22.922714 111.170517 -3.253092
v -20.985140 111.170517 -3.253092
v -20.997066 111.325951 -3.359174
v -21.139973 111.325951 -3.454872
v -21.362555 111.325951 -3.530818
v -21.643023 111.325951 -3.579579
v -21.953926 111.325951 -3.596380
v -22.264830 111.325951 -3.579579
v -22.545298 111.325951 -3.530818
v -22.767879 111.325951 -3.454872
v -22.910786 111.325951 -3.359174
v -22.960028 111.325951 -3.253092
v -20.947824 111.325951 -3.253092
v -20.985138 111.485298 -3.360497
v -21.129826 111.485298 -3.457387
v -21.355183 111.485298 -3.534280
v -21.639149 111.485298 -3.583649
v -21.953926 111.485298 -3.600660
v -22.268703 111.485298 -3.583648
v -22.552670 111.485298 -3.534280
v -22.778027 111.485298 -3.457387
v -22.922714 111.485298 -3.360497
v -22.972569 111.485298 -3.253092
v -20.935284 111.485298 -3.253092
v -20.997066 111.644646 -3.359174
v -21.139973 111.644646 -3.454872
v -21.362555 111.644646 -3.530818
v -21.643023 111.644646 -3.579579
v -21.953926 111.644646 -3.596380
v -22.264830 111.644646 -3.579579
v -22.545298 111.644646 -3.530818
v -22.767879 111.644646 -3.454872
v -22.910786 111.644646 -3.359174
v -22.960028 111.644646 -3.253092
v -20.947824 111.644646 -3.253092
v -21.032555 111.800079 -3.355240
v -21.170160 111.800079 -3.447388
v -21.384487 111.800079 -3.520518
v -21.654554 111.800079 -3.567470
v -21.953926 111.800079 -3.583648
v -22.253298 111.800079 -3.567470
v -22.523365 111.800079 -3.520518
v -22.737692 111.800079 -3.447388
v -22.875298 111.800079 -3.355240
v -22.922714 111.800079 -3.253092
v -20.985140 111.800079 -3.253092
v -21.090731 111.947754 -3.348790
v -21.219648 111.947754 -3.435121
v -21.420441 111.947754 -3.503633
v -21.673456 111.947754 -3.547620
v -21.953926 111.947754 -3.562777
v -22.234396 111.947754 -3.547620
v -22.487411 111.947754 -3.503633
v -22.688204 111.947754 -3.435120
v -22.817122 111.947754 -3.348790
v -22.861544 111.947754 -3.253092
v -21.046309 111.947754 -3.253092
v -21.170160 112.084038 -3.339984
v -21.287214 112.084038 -3.418370
v -21.469532 112.084038 -3.480578
v -21.699265 112.084038 -3.520518
v -21.953926 112.084038 -3.534280
v -22.208588 112.084038 -3.520518
v -22.438320 112.084038 -3.480578
v -22.620636 112.084038 -3.418370
v -22.737692 112.084038 -3.339984
v -22.778027 112.084038 -3.253092
v -21.129826 112.084038 -3.253092
v -21.268890 112.205589 -3.329039
v -21.371199 112.205589 -3.397551
v -21.530550 112.205589 -3.451922
v -21.731344 112.205589 -3.486831
v -21.953926 112.205589 -3.498860
v -22.176508 112.205589 -3.486831
v -22.377302 112.205589 -3.451922
v -22.536654 112.205589 -3.397551
v -22.638962 112.205589 -3.329039
v -22.674215 112.205589 -3.253092
v -21.233637 112.205589 -3.253092
v -21.384487 112.309395 -3.316223
v -21.469532 112.309395 -3.373174
v -21.601994 112.309395 -3.418370
v -21.768904 112.309395 -3.447388
v -21.953926 112.309395 -3.457387
v -22.138948 112.309395 -3.447388
v -22.305859 112.309395 -3.418370
v -22.438320 112.309395 -3.373174
v -22.523365 112.309395 -3.316223
v -22.552670 112.309395 -3.253092
v -21.355183 112.309395 -3.253092
v -21.514105 112.392914 -3.301853
v -21.579792 112.392914 -3.345840
v -21.682102 112.392914 -3.380749
v -21.811020 112.392914 -3.403162
v -21.953926 112.392914 -3.410885
v -22.096832 112.392914 -3.403162
v -22.225750 112.392914 -3.380749
v -22.328060 112.392914 -3.345840
v -22.393745 112.392914 -3.301853
v -22.416380 112.392914 -3.253092
v -21.491472 112.392914 -3.253092
v -21.654554 112.454086 -3.286282
v -21.699265 112.454086 -3.316223
v -21.768904 112.454086 -3.339984
v -21.856655 112.454086 -3.355240
v -21.953926 112.454086 -3.360497
v -22.051197 112.454086 -3.355240
v -22.138948 112.454086 -3.339984
v -22.208588 112.454086 -3.316223
v -22.253298 112.454086 -3.286282
v -22.268703 112.454086 -3.253092
v -21.639149 112.454086 -3.253092
v -21.802374 112.491402 -3.269894
v -21.825008 112.491402 -3.285051
v -21.860262 112.491402 -3.297080
v -21.904684 112.491402 -3.304803
v -21.953926 112.491402 -3.307464
v -22.003168 112.491402 -3.304803
v -22.047590 112.491402 -3.297080
v -22.082844 112.491402 -3.285051
v -22.105478 112.491402 -3.269894
v -22.113277 112.491402 -3.253092
v -22.105478 112.491402 -3.236290
v -21.794575 112.491402 -3.253092
v -21.953926 110.466652 -3.253092
v -21.953926 112.503944 -3.253092
v 19.982410 85.925491 -2.721202
v 24.017590 85.925491 -2.721202
v 19.982410 113.745522 -2.721202
v 24.017590 113.745522 -2.721202
v 19.982410 113.745522 -3.678827
v 24.017590 113.745522 -3.678827
v 19.982410 85.925491 -3.678827
v 24.017590 85.925491 -3.678827
v 19.982410 99.835510 -10.023230
v 24.017590 99.835510 -10.023230
v 19.982410 99.835510 -9.065605
v 24.017590 99.835510 -9.065605
v 19.982410 105.470009 -8.374866
v 19.982410 105.430702 -7.418573
v 24.017590 105.430702 -7.418573
v 24.017590 105.470009 -8.374866
v 19.982410 94.302536 -7.429591
v 19.982410 94.138786 -8.363851
v 24.017590 94.138786 -8.363851
v 24.017590 94.302536 -7.429591
v 19.982410 91.578766 -5.565710
v 19.982410 91.247711 -6.423834
v 24.017590 91.247711 -6.423834
v 24.017590 91.578766 -5.565710
v 19.982410 96.973892 -9.601358
v 19.982410 97.082275 -8.653898
v 24.017590 97.082275 -8.653898
v 24.017590 96.973892 -9.601358
v 19.982410 102.614906 -8.650170
v 19.982410 102.670975 -9.605084
v 24.017590 102.670975 -9.605084
v 24.017590 102.614906 -8.650170
v 19.982410 108.257790 -6.473584
v 19.982410 108.257790 -5.515959
v 24.017590 108.195763 -5.522626
v 24.017590 108.319801 -6.466916
v 19.982410 110.780197 -2.949644
v 19.982410 111.012115 -2.785769
v 19.982410 111.273026 -2.728521
v 19.982410 111.044662 -3.058778
v 24.017590 110.778908 -2.946570
v 24.017590 111.044662 -3.058778
v 24.017590 111.272568 -2.728523
v 24.017590 111.011642 -2.784934
v 19.982410 111.148056 -3.725826
v 19.982410 110.914207 -3.884576
v 19.982410 111.085754 -3.341251
v 19.982410 111.409195 -3.671549
v 24.017590 111.148499 -3.726635
v 24.017590 111.409630 -3.671550
v 24.017590 111.085754 -3.341251
v 24.017590 110.915428 -3.887554
v 19.982410 88.774323 -3.896004
v 19.982410 88.542473 -3.731856
v 19.982410 88.281387 -3.675284
v 19.982410 88.591446 -3.342504
v 24.017590 88.774323 -3.896004
v 24.017590 88.591446 -3.342504
v 24.017590 88.281387 -3.675284
v 24.017590 88.542473 -3.731856
v 19.982410 88.639359 -2.779776
v 19.982410 88.873215 -2.938365
v 19.982410 88.620163 -3.057525
v 19.982410 88.378387 -2.724761
v 24.017590 88.639359 -2.779776
v 24.017590 88.378387 -2.724761
v 24.017590 88.620163 -3.057525
v 24.017590 88.873215 -2.938365
v -21.802374 87.385254 -3.269894
v -21.825008 87.385254 -3.285051
v -21.860262 87.385254 -3.297080
v -21.904684 87.385254 -3.304803
v -21.953926 87.385254 -3.307464
v -22.003168 87.385254 -3.304803
v -22.047590 87.385254 -3.297080
v -22.082844 87.385254 -3.285051
v -22.105478 87.385254 -3.269894
v -22.113277 87.385254 -3.253092
v -21.794575 87.385254 -3.253092
v -21.654554 87.422569 -3.286282
v -21.699265 87.422569 -3.316223
v -21.768904 87.422569 -3.339984
v -21.856655 87.422569 -3.355240
v -21.953926 87.422569 -3.360497
v -22.051197 87.422569 -3.355240
v -22.138948 87.422569 -3.339984
v -22.208588 87.422569 -3.316223
v -22.253298 87.422569 -3.286282
v -22.268703 87.422569 -3.253092
v -21.639149 87.422569 -3.253092
v -21.514105 87.483742 -3.301853
v -21.579792 87.483742 -3.345840
v -21.682102 87.483742 -3.380749
v -21.811020 87.483742 -3.403162
v -21.953926 87.483742 -3.410885
v -22.096832 87.483742 -3.403162
v -22.225750 87.483742 -3.380749
v -22.328060 87.483742 -3.345840
v -22.393745 87.483742 -3.301853
v -22.416380 87.483742 -3.253092
v -21.491472 87.483742 -3.253092
v -21.384487 87.567261 -3.316223
v -21.469532 87.567261 -3.373174
v -21.601994 87.567261 -3.418370
v -21.768904 87.567261 -3.447388
v -21.953926 87.567261 -3.457387
v -22.138948 87.567261 -3.447388
v -22.305859 87.567261 -3.418370
v -22.438320 87.567261 -3.373174
v -22.523365 87.567261 -3.316223
v -22.552670 87.567261 -3.253092
v -21.355183 87.567261 -3.253092
v -21.268890 87.671066 -3.329039
v -21.371199 87.671066 -3.397551
v -21.530550 87.671066 -3.451922
v -21.731344 87.671066 -3.486831
v -21.953926 87.671066 -3.498860
v -22.176508 87.671066 -3.486831
v -22.377302 87.671066 -3.451922
v -22.536654 87.671066 -3.397551
v -22.638962 87.671066 -3.329039
v -22.674215 87.671066 -3.253092
v -21.233637 87.671066 -3.253092
v -21.170160 87.792618 -3.339984
v -21.287214 87.792618 -3.418370
v -21.469532 87.792618 -3.480578
v -21.699265 87.792618 -3.520518
v -21.953926 87.792618 -3.534280
v -22.208588 87.792618 -3.520518
v -22.438320 87.792618 -3.480578
v -22.620636 87.792618 -3.418370
v -22.737692 87.792618 -3.339984
v -22.778027 87.792618 -3.253092
v -21.129826 87.792618 -3.253092
v -21.090731 87.928902 -3.348790
v -21.219648 87.928902 -3.435121
v -21.420441 87.928902 -3.503633
v -21.673456 87.928902 -3.547620
v -21.953926 87.928902 -3.562777
v -22.234396 87.928902 -3.547620
v -22.487411 87.928902 -3.503633
v -22.688204 87.928902 -3.435120
v -22.817122 87.928902 -3.348790
v -22.861544 87.928902 -3.253092
v -21.046309 87.928902 -3.253092
v -21.032555 88.076576 -3.355240
v -21.170160 88.076576 -3.447388
v -21.384487 88.076576 -3.520518
v -21.654554 88.076576 -3.567470
v -21.953926 88.076576 -3.583648
v -22.253298 88.076576 -3.567470
v -22.523365 88.076576 -3.520518
v -22.737692 88.076576 -3.447388
v -22.875298 88.076576 -3.355240
v -22.922714 88.076576 -3.253092
v -20.985140 88.076576 -3.253092
v -20.997066 88.232010 -3.359174
v -21.139973 88.232010 -3.454872
v -21.362555 88.232010 -3.530818
v -21.643023 88.232010 -3.579579
v -21.953926 88.232010 -3.596380
v -22.264830 88.232010 -3.579579
v -22.545298 88.232010 -3.530818
v -22.767879 88.232010 -3.454872
v -22.910786 88.232010 -3.359174
v -22.960028 88.232010 -3.253092
v -20.947824 88.232010 -3.253092
v -20.985138 88.391357 -3.360497
v -21.129826 88.391357 -3.457387
v -21.355183 88.391357 -3.534280
v -21.639149 88.391357 -3.583649
v -21.953926 88.391357 -3.600660
v -22.268703 88.391357 -3.583648
v -22.552670 88.391357 -3.534280
v -22.778027 88.391357 -3.457387
v -22.922714 88.391357 -3.360497
v -22.972569 88.391357 -3.253092
v -20.935284 88.391357 -3.253092
v -20.997066 88.550705 -3.359174
v -21.139973 88.550705 -3.454872
v -21.362555 88.550705 -3.530818
v -21.643023 88.550705 -3.579579
v -21.953926 88.550705 -3.596380
v -22.264830 88.550705 -3.579579
v -22.545298 88.550705 -3.530818
v -22.767879 88.550705 -3.454872
v -22.910786 88.550705 -3.359174
v -22.960028 88.550705 -3.253092
v -20.947824 88.550705 -3.253092
v -21.032555 88.706139 -3.355240
v -21.170160 88.706139 -3.447388
v -21.384487 88.706139 -3.520518
v -21.654554 88.706139 -3.567470
v -21.953926 88.706139 -3.583648
v -22.253298 88.706139 -3.567470
v -22.523365 88.706139 -3.520518
v -22.737692 88.706139 -3.447388
v -22.875298 88.706139 -3.355240
v -22.922714 88.706139 -3.253092
v -20.985140 88.706139 -3.253092
v -21.090731 88.853813 -3.348790
v -21.219648 88.853813 -3.435121
v -21.420441 88.853813 -3.503633
v -21.673456 88.853813 -3.547620
v -21.953926 88.853813 -3.562777
v -22.234396 88.853813 -3.547620
v -22.487411 88.853813 -3.503633
v -22.688204 88.853813 -3.435120
v -22.817122 88.853813 -3.348790
v -22.861544 88.853813 -3.253092
v -21.046309 88.853813 -3.253092
v -21.170160 88.990097 -3.339984
v -21.287214 88.990097 -3.418370
v -21.469532 88.990097 -3.480578
v -21.699265 88.990097 -3.520518
v -21.953926 88.990097 -3.534280
v -22.208588 88.990097 -3.520518
v -22.438320 88.990097 -3.480578
v -22.620636 88.990097 -3.418370
v -22.737692 88.990097 -3.339984
v -22.778027 88.990097 -3.253092
v -21.129826 88.990097 -3.253092
v -21.268890 89.111649 -3.329039
v -21.371199 89.111649 -3.397551
v -21.530550 89.111649 -3.451922
v -21.731344 89.111649 -3.486831
v -21.953926 89.111649 -3.498860
v -22.176508 89.111649 -3.486831
v -22.377302 89.111649 -3.451922
v -22.536654 89.111649 -3.397551
v -22.638962 89.111649 -3.329039
v -22.674215 89.111649 -3.253092
v -21.233637 89.111649 -3.253092
v -21.384487 89.215454 -3.316223
v -21.469532 89.215454 -3.373174
v -21.601994 89.215454 -3.418370
v -21.768904 89.215454 -3.447388
v -21.953926 89.215454 -3.457387
v -22.138948 89.215454 -3.447388
v -22.305859 89.215454 -3.418370
v -22.438320 89.215454 -3.373174
v -22.523365 89.215454 -3.316223
v -22.552670 89.215454 -3.253092
v -21.355183 89.215454 -3.253092
v -21.514105 89.298973 -3.301853
v -21.579792 89.298973 -3.345840
v -21.682102 89.298973 -3.380749
v -21.811020 89.298973 -3.403162
v -21.953926 89.298973 -3.410885
v -22.096832 89.298973 -3.403162
v -22.225750 89.298973 -3.380749
v -22.328060 89.298973 -3.345840
v -22.393745 89.298973 -3.301853
v -22.416380 89.298973 -3.253092
v -21.491472 89.298973 -3.253092
v -21.654554 89.360146 -3.286282
v -21.699265 89.360146 -3.316223
v -21.768904 89.360146 -3.339984
v -21.856655 89.360146 -3.355240
v -21.953926 89.360146 -3.360497
v -22.051197 89.360146 -3.355240
v -22.138948 89.360146 -3.339984
v -22.208588 89.360146 -3.316223
v -22.253298 89.360146 -3.286282
v -22.268703 89.360146 -3.253092
v -21.639149 89.360146 -3.253092
v -21.802374 89.397461 -3.269894
v -21.825008 89.397461 -3.285051
v -21.860262 89.397461 -3.297080
v -21.904684 89.397461 -3.304803
v -21.953926 89.397461 -3.307464
v -22.003168 89.397461 -3.304803
v -22.047590 89.397461 -3.297080
v -22.082844 89.397461 -3.285051
v -22.105478 89.397461 -3.269894
v -22.113277 89.397461 -3.253092
v -22.105478 89.397461 -3.236290
v -21.794575 89.397461 -3.253092
v -21.953926 87.372711 -3.253092
v -21.953926 89.410004 -3.253092
v -32.500000 85.381393 -0.800000
v -18.500000 85.381393 -0.800000
v -32.500000 114.618607 -0.800000
v -18.500000 114.618607 -0.800000
v -32.500000 114.618607 -2.800000
v -18.500000 114.618607 -2.800000
v -32.500000 85.381393 -2.800000
v -18.500000 85.381393 -2.800000
v 0.000000 0.000000 8.926706
v 0.000000 160.000000 8.926706
v 0.000000 160.000000 3.926706
v 0.000000 0.000000 3.926706
v 17.600000 0.000000 1.500100
v 18.698545 0.000000 2.500000
v 18.020491 0.000000 2.597170
v 17.397018 0.000000 2.880858
v 16.878313 0.000000 3.328228
v 17.600000 160.000000 1.500100
v 16.878313 160.000000 3.328228
v 17.395584 159.881241 2.885238
v 18.028982 159.532471 2.600760
v 18.698545 159.006134 2.500000
v 18.028982 159.532471 -2.399240
v 17.395584 159.881241 -2.114762
v 16.878313 160.000000 -1.671772
v 17.600000 160.000000 -1.500100
v 18.698545 159.006134 -2.500000
v 17.600000 0.000000 -1.500100
v 16.878313 0.000000 -1.671772
v 17.397018 0.000000 -2.119142
v 18.020491 0.000000 -2.402830
v 18.698545 0.000000 -2.500000
v -17.600000 0.000000 1.500100
v -16.878313 0.000000 3.328228
v -17.397018 0.000000 2.880858
v -18.020491 0.000000 2.597170
v -18.698545 0.000000 2.500000
v -17.600000 160.000000 1.500100
v -18.698545 159.006134 2.500000
v -18.028982 159.532471 2.600760
v -17.395584 159.881241 2.885238
v -16.878313 160.000000 3.328228
v -17.395584 159.881241 -2.114762
v -18.028982 159.532471 -2.399240
v -18.698545 159.006134 -2.500000
v -17.600000 160.000000 -1.500100
v -16.878313 160.000000 -1.671772
v -17.600000 0.000000 -1.500100
v -18.698545 0.000000 -2.500000
v -18.020491 0.000000 -2.402830
v -17.397018 0.000000 -2.119142
v -16.878313 0.000000 -1.671772
v 12.000001 0.000000 8.176782
v 12.541267 0.000000 8.305535
v 11.926020 0.000000 8.764113
v 11.176094 0.000000 8.926706
v 12.000001 160.000000 8.176782
v 11.176094 160.000000 8.926706
v 11.926020 160.000000 8.764113
v 12.541267 160.000000 8.305535
v 11.926020 160.000000 3.764114
v 11.176094 160.000000 3.926706
v 12.000001 160.000000 4.676631
v 12.541267 160.000000 3.305535
v 12.000001 0.000000 4.676631
v 11.176094 0.000000 3.926706
v 11.926020 0.000000 3.764114
v 12.541267 0.000000 3.305535
v -12.541267 0.000000 8.305535
v -12.000001 0.000000 8.176782
v -11.176094 0.000000 8.926706
v -11.926020 0.000000 8.764113
v -12.541267 160.000000 8.305535
v -11.926020 160.000000 8.764113
v -11.176094 160.000000 8.926706
v -12.000001 160.000000 8.176782
v -12.541267 160.000000 3.305535
v -12.000001 160.000000 4.676631
v -11.176094 160.000000 3.926706
v -11.926020 160.000000 3.764114
v -12.541267 0.000000 3.305535
v -11.926020 0.000000 3.764114
v -11.176094 0.000000 3.926706
v -12.000001 0.000000 4.676631
v -39.714642 1.064964 2.500000
v -38.935036 0.285347 2.500000
v -37.870068 0.000000 2.500000
v -40.000000 2.129929 2.500000
v -38.935036 0.285347 -2.500000
v -39.714642 1.064964 -2.500000
v -40.000000 2.129929 -2.500000
v -37.870068 0.000000 -2.500000
v 37.870068 0.000000 2.500000
v 38.935036 0.285347 2.500000
v 39.714642 1.064964 2.500000
v 40.000000 2.129929 2.500000
v 37.870068 0.000000 -2.500000
v 40.000000 2.129929 -2.500000
v 39.714642 1.064964 -2.500000
v 38.935036 0.285347 -2.500000
v -40.000000 131.117462 2.500000
v -33.610203 145.515259 2.500000
v -36.312252 142.501724 2.500000
v -38.330799 138.993469 2.500000
v -39.578121 135.142929 2.500000
v -40.000000 131.117462 -2.500000
v -39.578121 135.142929 -2.500000
v -38.330799 138.993469 -2.500000
v -36.312252 142.501724 -2.500000
v -33.610203 145.515259 -2.500000
v 40.000000 131.117462 2.500000
v 39.578121 135.142929 2.500000
v 38.330799 138.993469 2.500000
v 36.312252 142.501724 2.500000
v 33.610203 145.515259 2.500000
v 33.610203 145.515259 -2.500000
v 36.312252 142.501724 -2.500000
v 38.330799 138.993469 -2.500000
v 39.578121 135.142929 -2.500000
v 40.000000 131.117462 -2.500000
v -19.954271 91.383499 -3.273602
v -23.954271 91.383499 -3.273602
v -19.954271 90.881721 -2.773602
v -23.954271 90.881721 -2.773602
v -19.954271 91.350006 -2.898589
v -19.954271 91.258522 -2.807092
v -19.954271 91.133530 -2.773602
v -19.954271 91.383499 -3.023577
v -23.954271 91.258522 -2.807092
v -23.954271 91.350006 -2.898589
v -23.954271 91.383499 -3.023577
v -23.954271 91.133530 -2.773602
v -19.954271 90.881721 -3.823603
v -19.954271 91.383499 -3.823603
v -23.954271 91.383499 -3.823603
v -23.954271 90.881721 -3.823603
v -19.954271 90.430122 -3.273602
v -19.954271 90.430122 -2.773602
v -23.954271 90.430122 -2.773602
v -23.954271 90.430122 -3.273602
v -19.954271 90.520493 -3.273602
v -19.954271 90.701103 -3.321998
v -19.954271 90.833321 -3.454223
v -19.954271 90.881721 -3.634845
v -19.954271 91.190079 -3.273602
v -19.954271 90.881721 -2.965261
v -23.954271 90.520493 -3.273602
v -23.954271 90.881721 -2.965261
v -23.954271 91.190079 -3.273602
v -23.954271 90.881721 -3.634845
v -23.954271 90.833321 -3.454223
v -23.954271 90.701103 -3.321998
v -19.954271 90.881721 -3.170821
v -19.954271 90.984505 -3.273602
v -23.954271 90.984505 -3.273602
v -23.954271 90.881721 -3.170821
v -19.954271 86.765694 -2.773602
v -20.354235 86.365730 -2.773602
v -20.201176 86.396187 -2.773602
v -20.071421 86.482880 -2.773602
v -19.984718 86.612640 -2.773602
v -19.954271 86.765694 -3.273602
v -19.984718 86.612640 -3.273602
v -20.071421 86.482880 -3.273602
v -20.201176 86.396187 -3.273602
v -20.354235 86.365730 -3.273602
v -23.954271 86.765694 -2.773602
v -23.923830 86.612640 -2.773602
v -23.837128 86.482880 -2.773602
v -23.707373 86.396187 -2.773602
v -23.554316 86.365730 -2.773602
v -23.954271 86.765694 -3.273602
v -23.554316 86.365730 -3.273602
v -23.707373 86.396187 -3.273602
v -23.837128 86.482880 -3.273602
v -23.923830 86.612640 -3.273602
v -23.954271 90.881721 -8.373642
v -23.923830 90.881721 -8.526701
v -23.837128 90.881721 -8.656456
v -23.707373 90.881721 -8.743156
v -23.554316 90.881721 -8.773602
v -23.954271 91.383499 -8.373642
v -23.554316 91.383499 -8.773602
v -23.707373 91.383499 -8.743156
v -23.837128 91.383499 -8.656456
v -23.923830 91.383499 -8.526701
v -19.954271 90.881721 -8.373642
v -20.354235 90.881721 -8.773602
v -20.201176 90.881721 -8.743156
v -20.071421 90.881721 -8.656456
v -19.984718 90.881721 -8.526701
v -19.954271 91.383499 -8.373642
v -19.984718 91.383499 -8.526701
v -20.071421 91.383499 -8.656456
v -20.201176 91.383499 -8.743156
v -20.354235 91.383499 -8.773602
v -23.954268 108.495209 -3.273602
v -19.954268 108.495209 -3.273602
v -23.954268 108.996986 -2.773602
v -19.954268 108.996986 -2.773602
v -23.954268 108.528702 -2.898589
v -23.954268 108.620186 -2.807092
v -23.954268 108.745178 -2.773602
v -23.954268 108.495209 -3.023577
v -19.954268 108.620186 -2.807092
v -19.954268 108.528702 -2.898589
v -19.954268 108.495209 -3.023577
v -19.954268 108.745178 -2.773602
v -23.954268 108.996986 -3.823603
v -23.954268 108.495209 -3.823603
v -19.954268 108.495209 -3.823603
v -19.954268 108.996986 -3.823603
v -23.954268 109.448586 -3.273602
v -23.954268 109.448586 -2.773602
v -19.954268 109.448586 -2.773602
v -19.954268 109.448586 -3.273602
v -23.954268 109.358215 -3.273602
v -23.954268 109.177605 -3.321998
v -23.954268 109.045387 -3.454223
v -23.954268 108.996986 -3.634845
v -23.954268 108.688629 -3.273602
v -23.954268 108.996986 -2.965261
v -19.954268 109.358215 -3.273602
v -19.954268 108.996986 -2.965261
v -19.954268 108.688629 -3.273602
v -19.954268 108.996986 -3.634845
v -19.954268 109.045387 -3.454223
v -19.954268 109.177605 -3.321998
v -23.954268 108.996986 -3.170821
v -23.954268 108.894203 -3.273602
v -19.954268 108.894203 -3.273602
v -19.954268 108.996986 -3.170821
v -23.954268 113.113014 -2.773602
v -23.554304 113.512978 -2.773602
v -23.707363 113.482521 -2.773602
v -23.837118 113.395828 -2.773602
v -23.923820 113.266068 -2.773602
v -23.954268 113.113014 -3.273602
v -23.923820 113.266068 -3.273602
v -23.837118 113.395828 -3.273602
v -23.707363 113.482521 -3.273602
v -23.554304 113.512978 -3.273602
v -19.954268 113.113014 -2.773602
v -19.984709 113.266068 -2.773602
v -20.071411 113.395828 -2.773602
v -20.201166 113.482521 -2.773602
v -20.354223 113.512978 -2.773602
v -19.954268 113.113014 -3.273602
v -20.354223 113.512978 -3.273602
v -20.201166 113.482521 -3.273602
v -20.071411 113.395828 -3.273602
v -19.984709 113.266068 -3.273602
v -19.954268 108.996986 -8.373642
v -19.984709 108.996986 -8.526701
v -20.071411 108.996986 -8.656456
v -20.201166 108.996986 -8.743156
v -20.354223 108.996986 -8.773602
v -19.954268 108.495209 -8.373642
v -20.354223 108.495209 -8.773602
v -20.201166 108.495209 -8.743156
v -20.071411 108.495209 -8.656456
v -19.984709 108.495209 -8.526701
v -23.954268 108.996986 -8.373642
v -23.554304 108.996986 -8.773602
v -23.707363 108.996986 -8.743156
v -23.837118 108.996986 -8.656456
v -23.923820 108.996986 -8.526701
v -23.954268 108.495209 -8.373642
v -23.923820 108.495209 -8.526701
v -23.837118 108.495209 -8.656456
v -23.707363 108.495209 -8.743156
v -23.554304 108.495209 -8.773602
v 18.509706 85.381393 -0.800000
v 32.509705 85.381393 -0.800000
v 18.509706 114.618607 -0.800000
v 32.509705 114.618607 -0.800000
v 18.509706 114.618607 -2.800000
v 32.509705 114.618607 -2.800000
v 18.509706 85.381393 -2.800000
v 32.509705 85.381393 -2.800000
v -21.969301 90.056091 -6.865233
v -21.969301 109.753075 -6.865233
v -20.616175 90.337112 -7.304891
v -20.652428 90.196587 -7.293112
v -20.751472 90.093727 -7.260930
v -20.886772 90.056091 -7.216969
v -20.818260 90.337112 -7.701513
v -20.849098 90.196587 -7.679106
v -20.933353 90.093727 -7.617894
v -21.048443 90.056091 -7.534274
v -21.133022 90.337112 -8.016273
v -21.155426 90.196587 -7.985434
v -21.216637 90.093727 -7.901181
v -21.300259 90.056091 -7.786089
v -21.529644 90.337112 -8.218361
v -21.541424 90.196587 -8.182108
v -21.573605 90.093727 -8.083062
v -21.617561 90.056091 -7.947764
v -21.969301 90.337112 -8.287995
v -21.969301 90.196587 -8.249877
v -21.969301 90.093727 -8.145735
v -21.969301 90.056091 -8.003473
v -22.408957 90.337112 -8.218361
v -22.397179 90.196587 -8.182108
v -22.364998 90.093727 -8.083062
v -22.321035 90.056091 -7.947764
v -22.805580 90.337112 -8.016272
v -22.783175 90.196587 -7.985433
v -22.721962 90.093727 -7.901181
v -22.638342 90.056091 -7.786088
v -23.120340 90.337112 -7.701513
v -23.089502 90.196587 -7.679106
v -23.005249 90.093727 -7.617894
v -22.890158 90.056091 -7.534274
v -23.322426 90.337112 -7.304891
v -23.286171 90.196587 -7.293112
v -23.187130 90.093727 -7.260930
v -23.051830 90.056091 -7.216969
v -23.392063 90.337112 -6.865233
v -23.353945 90.196587 -6.865233
v -23.249798 90.093727 -6.865233
v -23.107540 90.056091 -6.865233
v -23.322426 90.337112 -6.425576
v -23.286171 90.196587 -6.437355
v -23.187130 90.093727 -6.469538
v -23.051830 90.056091 -6.513499
v -23.120340 90.337112 -6.028955
v -23.089502 90.196587 -6.051361
v -23.005249 90.093727 -6.112574
v -22.890158 90.056091 -6.196194
v -22.805580 90.337112 -5.714195
v -22.783175 90.196587 -5.745034
v -22.721962 90.093727 -5.829287
v -22.638342 90.056091 -5.944379
v -22.408957 90.337112 -5.512107
v -22.397179 90.196587 -5.548360
v -22.364998 90.093727 -5.647406
v -22.321035 90.056091 -5.782704
v -21.969301 90.337112 -5.442472
v -21.969301 90.196587 -5.480592
v -21.969301 90.093727 -5.584733
v -21.969301 90.056091 -5.726995
v -21.529644 90.337112 -5.512107
v -21.541424 90.196587 -5.548360
v -21.573605 90.093727 -5.647406
v -21.617567 90.056091 -5.782704
v -21.133022 90.337112 -5.714195
v -21.155426 90.196587 -5.745034
v -21.216637 90.093727 -5.829287
v -21.300259 90.056091 -5.944378
v -20.818260 90.337112 -6.028955
v -20.849098 90.196587 -6.051361
v -20.933355 90.093727 -6.112576
v -21.048443 90.056091 -6.196194
v -20.616175 90.337112 -6.425576
v -20.652428 90.196587 -6.437356
v -20.751472 90.093727 -6.469538
v -20.886772 90.056091 -6.513499
v -20.546535 90.337112 -6.865233
v -20.584658 90.196587 -6.865233
v -20.688801 90.093727 -6.865233
v -20.831062 90.056091 -6.865233
v -20.616175 109.472061 -7.304891
v -20.652428 109.612572 -7.293112
v -20.751472 109.715424 -7.260930
v -20.886772 109.753075 -7.216969
v -20.818260 109.472061 -7.701513
v -20.849098 109.612572 -7.679106
v -20.933353 109.715424 -7.617894
v -21.048443 109.753075 -7.534274
v -21.133022 109.472061 -8.016273
v -21.155426 109.612572 -7.985434
v -21.216637 109.715424 -7.901181
v -21.300259 109.753075 -7.786089
v -21.529644 109.472061 -8.218361
v -21.541424 109.612572 -8.182108
v -21.573605 109.715424 -8.083062
v -21.617561 109.753075 -7.947764
v -21.969301 109.472061 -8.287995
v -21.969301 109.612572 -8.249877
v -21.969301 109.715424 -8.145735
v -21.969301 109.753075 -8.003473
v -22.408957 109.472061 -8.218361
v -22.397179 109.612572 -8.182108
v -22.364998 109.715424 -8.083062
v -22.321035 109.753075 -7.947764
v -22.805580 109.472061 -8.016272
v -22.783175 109.612572 -7.985433
v -22.721962 109.715424 -7.901181
v -22.638342 109.753075 -7.786088
v -23.120340 109.472061 -7.701513
v -23.089502 109.612572 -7.679106
v -23.005249 109.715424 -7.617894
v -22.890158 109.753075 -7.534274
v -23.322426 109.472061 -7.304891
v -23.286171 109.612572 -7.293112
v -23.187130 109.715424 -7.260930
v -23.051830 109.753075 -7.216969
v -23.392063 109.472061 -6.865233
v -23.353945 109.612572 -6.865233
v -23.249798 109.715424 -6.865233
v -23.107540 109.753075 -6.865233
v -23.322426 109.472061 -6.425576
v -23.286171 109.612572 -6.437355
v -23.187130 109.715424 -6.469538
v -23.051830 109.753075 -6.513499
v -23.120340 109.472061 -6.028955
v -23.089502 109.612572 -6.051361
v -23.005249 109.715424 -6.112574
v -22.890158 109.753075 -6.196194
v -22.805580 109.472061 -5.714195
v -22.783175 109.612572 -5.745034
v -22.721962 109.715424 -5.829287
v -22.638342 109.753075 -5.944379
v -22.408957 109.472061 -5.512107
v -22.397179 109.612572 -5.548360
v -22.364998 109.715424 -5.647406
v -22.321035 109.753075 -5.782704
v -21.969301 109.472061 -5.442472
v -21.969301 109.612572 -5.480592
v -21.969301 109.715424 -5.584733
v -21.969301 109.753075 -5.726995
v -21.529644 109.472061 -5.512107
v -21.541424 109.612572 -5.548360
v -21.573605 109.715424 -5.647406
v -21.617567 109.753075 -5.782704
v -21.133022 109.472061 -5.714195
v -21.155426 109.612572 -5.745034
v -21.216637 109.715424 -5.829287
v -21.300259 109.753075 -5.944378
v -20.818260 109.472061 -6.028955
v -20.849098 109.612572 -6.051361
v -20.933355 109.715424 -6.112576
v -21.048443 109.753075 -6.196194
v -20.616175 109.472061 -6.425576
v -20.652428 109.612572 -6.437356
v -20.751472 109.715424 -6.469538
v -20.886772 109.753075 -6.513499
v -20.546535 109.472061 -6.865233
v -20.584658 109.612572 -6.865233
v -20.688801 109.715424 -6.865233
v -20.831062 109.753075 -6.865233
vt 0.724815 0.001716
vt 0.724831 0.001853
vt 0.724259 0.001452
vt 0.724217 0.001184
vt 0.724893 0.002035
vt 0.724392 0.001800
vt 0.724991 0.002250
vt 0.724594 0.002202
vt 0.725113 0.002480
vt 0.724833 0.002634
vt 0.725251 0.002702
vt 0.725084 0.003058
vt 0.725387 0.002898
vt 0.725325 0.003439
vt 0.725512 0.003048
vt 0.725554 0.003734
vt 0.725621 0.003136
vt 0.725761 0.003912
vt 0.725712 0.003152
vt 0.725939 0.003953
vt 0.780771 0.000744
vt 0.780862 0.000744
vt 0.780629 0.001462
vt 0.780449 0.001462
vt 0.723634 0.001119
vt 0.723545 0.000733
vt 0.723843 0.001619
vt 0.724142 0.002201
vt 0.724491 0.002821
vt 0.724849 0.003435
vt 0.725195 0.003988
vt 0.725518 0.004423
vt 0.725804 0.004699
vt 0.726057 0.004786
vt 0.780407 0.002187
vt 0.780142 0.002187
vt 0.722953 0.000874
vt 0.722804 0.000385
vt 0.723240 0.001509
vt 0.723631 0.002252
vt 0.724081 0.003048
vt 0.724541 0.003835
vt 0.724985 0.004546
vt 0.725388 0.005114
vt 0.725735 0.005488
vt 0.726047 0.005637
vt 0.780203 0.002922
vt 0.779860 0.002922
vt 0.722224 0.000727
vt 0.722012 0.000152
vt 0.722588 0.001477
vt 0.723064 0.002363
vt 0.723605 0.003314
vt 0.724159 0.004256
vt 0.724688 0.005108
vt 0.725159 0.005794
vt 0.725552 0.006262
vt 0.725904 0.006481
vt 0.780020 0.003668
vt 0.779608 0.003668
vt 0.721462 0.000686
vt 0.721188 0.000044
vt 0.721896 0.001531
vt 0.722448 0.002534
vt 0.723070 0.003617
vt 0.723705 0.004691
vt 0.724306 0.005663
vt 0.724830 0.006453
vt 0.725256 0.007003
vt 0.725629 0.007295
vt 0.779864 0.004425
vt 0.779393 0.004425
vt 0.720685 0.000754
vt 0.720355 0.000062
vt 0.721179 0.001671
vt 0.721797 0.002767
vt 0.722486 0.003953
vt 0.723186 0.005132
vt 0.723844 0.006202
vt 0.724407 0.007075
vt 0.724853 0.007695
vt 0.725229 0.008055
vt 0.779739 0.005193
vt 0.779219 0.005193
vt 0.719909 0.000930
vt 0.719531 0.000207
vt 0.720452 0.001896
vt 0.721121 0.003056
vt 0.721862 0.004316
vt 0.722612 0.005571
vt 0.723309 0.006713
vt 0.723899 0.007649
vt 0.724352 0.008321
vt 0.724714 0.008741
vt 0.779647 0.005970
vt 0.779093 0.005970
vt 0.719154 0.001209
vt 0.718738 0.000474
vt 0.719732 0.002201
vt 0.720437 0.003396
vt 0.721213 0.004699
vt 0.721994 0.006000
vt 0.722714 0.007186
vt 0.723315 0.008162
vt 0.723766 0.008870
vt 0.724100 0.009335
vt 0.779591 0.006754
vt 0.779015 0.006754
vt 0.718434 0.001584
vt 0.717995 0.000856
vt 0.719034 0.002579
vt 0.719759 0.003781
vt 0.720552 0.005094
vt 0.721346 0.006411
vt 0.722071 0.007613
vt 0.722670 0.008605
vt 0.723108 0.009331
vt 0.723405 0.009823
vt 0.779572 0.007541
vt 0.778989 0.007541
vt 0.717767 0.002046
vt 0.717311 0.001335
vt 0.718375 0.003020
vt 0.719103 0.004201
vt 0.719894 0.005495
vt 0.720681 0.006793
vt 0.721394 0.007983
vt 0.721977 0.008969
vt 0.722393 0.009698
vt 0.722649 0.010211
vt 0.779591 0.008327
vt 0.779015 0.008327
vt 0.717168 0.002584
vt 0.716705 0.001912
vt 0.717769 0.003515
vt 0.718483 0.004647
vt 0.719252 0.005891
vt 0.720013 0.007139
vt 0.720698 0.008288
vt 0.721251 0.009246
vt 0.721634 0.009961
vt 0.721837 0.010477
vt 0.779647 0.009111
vt 0.779093 0.009111
vt 0.716650 0.003188
vt 0.716192 0.002573
vt 0.717232 0.004053
vt 0.717912 0.005110
vt 0.718641 0.006273
vt 0.719357 0.007442
vt 0.719997 0.008523
vt 0.720506 0.009429
vt 0.720846 0.010112
vt 0.720990 0.010612
vt 0.779739 0.009888
vt 0.779220 0.009888
vt 0.716228 0.003844
vt 0.715787 0.003302
vt 0.716773 0.004622
vt 0.717403 0.005578
vt 0.718071 0.006633
vt 0.718724 0.007695
vt 0.719305 0.008681
vt 0.719759 0.009513
vt 0.720047 0.010146
vt 0.720131 0.010612
vt 0.779864 0.010656
vt 0.779393 0.010656
vt 0.715909 0.004537
vt 0.715499 0.004081
vt 0.716403 0.005209
vt 0.716964 0.006043
vt 0.717553 0.006965
vt 0.718128 0.007894
vt 0.718635 0.008760
vt 0.719023 0.009496
vt 0.719253 0.010062
vt 0.719283 0.010476
vt 0.780020 0.011413
vt 0.779608 0.011413
vt 0.715699 0.005250
vt 0.715335 0.004890
vt 0.716126 0.005800
vt 0.716602 0.006493
vt 0.717096 0.007261
vt 0.717578 0.008036
vt 0.718000 0.008760
vt 0.718314 0.009382
vt 0.718483 0.009863
vt 0.718469 0.010209
vt 0.780203 0.012159
vt 0.779860 0.012159
vt 0.715598 0.005967
vt 0.715298 0.005708
vt 0.715943 0.006385
vt 0.716318 0.006921
vt 0.716704 0.007518
vt 0.717080 0.008121
vt 0.717408 0.008686
vt 0.717642 0.009175
vt 0.717753 0.009556
vt 0.717713 0.009820
vt 0.780407 0.012894
vt 0.780143 0.012894
vt 0.715601 0.006675
vt 0.715383 0.006513
vt 0.715847 0.006955
vt 0.716108 0.007321
vt 0.716379 0.007734
vt 0.716637 0.008154
vt 0.716862 0.008545
vt 0.717016 0.008885
vt 0.717077 0.009151
vt 0.717030 0.009328
vt 0.780629 0.013619
vt 0.780449 0.013619
vt 0.715689 0.007368
vt 0.715576 0.007290
vt 0.715821 0.007508
vt 0.715966 0.007695
vt 0.716113 0.007910
vt 0.716245 0.008135
vt 0.716354 0.008348
vt 0.716429 0.008528
vt 0.716456 0.008665
vt 0.716428 0.008755
vt 0.780863 0.014337
vt 0.780771 0.014337
vt 0.725368 0.002254
vt 0.725360 0.002286
vt 0.725351 0.002320
vt 0.725351 0.002343
vt 0.725357 0.002353
vt 0.725379 0.002364
vt 0.725419 0.002374
vt 0.725460 0.002381
vt 0.725501 0.002389
vt 0.781101 0.000029
vt 0.715794 0.008030
vt 0.715825 0.008038
vt 0.715859 0.008046
vt 0.715880 0.008056
vt 0.715886 0.008067
vt 0.715886 0.008091
vt 0.715875 0.008131
vt 0.715863 0.008171
vt 0.245714 0.000042
vt 0.245752 0.000125
vt 0.244965 0.000125
vt 0.231055 0.000044
vt 0.231016 0.000127
vt 0.230267 0.000045
vt 0.781102 0.015052
vt 0.715333 0.117274
vt 0.735207 0.117279
vt 0.715329 0.129355
vt 0.735204 0.129361
vt 0.734714 0.000045
vt 0.734713 0.019919
vt 0.729998 0.000044
vt 0.729996 0.019919
vt 0.754524 0.145109
vt 0.774399 0.145111
vt 0.754523 0.156712
vt 0.774397 0.156714
vt 0.754523 0.161428
vt 0.774397 0.161430
vt 0.945566 0.000045
vt 0.950282 0.000044
vt 0.945584 0.012126
vt 0.947223 0.013316
vt 0.948626 0.013175
vt 0.950265 0.011648
vt 0.746559 0.000044
vt 0.751275 0.000045
vt 0.746574 0.011648
vt 0.748213 0.013175
vt 0.749616 0.013317
vt 0.751256 0.012126
vt 0.754493 0.000069
vt 0.774367 0.000044
vt 0.754507 0.011576
vt 0.774381 0.011549
vt 0.715326 0.261760
vt 0.735200 0.261735
vt 0.715339 0.273937
vt 0.735214 0.273915
vt 0.735173 0.241057
vt 0.735197 0.259025
vt 0.715298 0.241323
vt 0.715322 0.259046
vt 0.774384 0.014259
vt 0.774410 0.032281
vt 0.754510 0.014281
vt 0.754536 0.032551
vt 0.754526 0.124975
vt 0.774401 0.124977
vt 0.754525 0.142394
vt 0.774399 0.142396
vt 0.715329 0.132060
vt 0.735203 0.132066
vt 0.715324 0.150635
vt 0.735198 0.150640
vt 0.732773 0.110033
vt 0.737490 0.110034
vt 0.745522 0.123119
vt 0.750127 0.122460
vt 0.749589 0.123762
vt 0.748198 0.123964
vt 0.964021 0.110340
vt 0.951318 0.123125
vt 0.959370 0.109729
vt 0.946684 0.122453
vt 0.947236 0.123762
vt 0.948628 0.123964
vt 0.715298 0.068548
vt 0.720015 0.068549
vt 0.717355 0.082514
vt 0.722058 0.082238
vt 0.715311 0.195561
vt 0.735185 0.195567
vt 0.715308 0.209402
vt 0.735182 0.209408
vt 0.981534 0.068552
vt 0.979475 0.082517
vt 0.976817 0.068552
vt 0.974772 0.082242
vt 0.754533 0.064229
vt 0.774407 0.064231
vt 0.754531 0.078345
vt 0.774405 0.078347
vt 0.722045 0.054989
vt 0.717379 0.054454
vt 0.754530 0.092592
vt 0.774404 0.092594
vt 0.974789 0.054992
vt 0.979455 0.054458
vt 0.715315 0.181850
vt 0.735189 0.181856
vt 0.737260 0.027886
vt 0.728078 0.041300
vt 0.733034 0.026255
vt 0.723476 0.040492
vt 0.754528 0.107827
vt 0.774402 0.107829
vt 0.959577 0.027887
vt 0.963803 0.026257
vt 0.968758 0.041302
vt 0.973359 0.040495
vt 0.715319 0.166890
vt 0.735193 0.166896
vt 0.723411 0.096301
vt 0.728121 0.096108
vt 0.754534 0.049170
vt 0.774408 0.049172
vt 0.973417 0.096304
vt 0.968707 0.096110
vt 0.715303 0.224539
vt 0.735177 0.224545
vt 0.950291 0.137064
vt 0.945575 0.137064
vt 0.950254 0.125559
vt 0.945610 0.124884
vt 0.751249 0.137065
vt 0.746533 0.137064
vt 0.751215 0.124887
vt 0.746571 0.125557
vt 0.750203 0.014563
vt 0.745486 0.014075
vt 0.946636 0.014563
vt 0.951353 0.014075
vt 0.715324 0.260444
vt 0.735198 0.260420
vt 0.754508 0.012889
vt 0.774382 0.012864
vt 0.754525 0.143793
vt 0.774399 0.143795
vt 0.715329 0.130669
vt 0.735203 0.130674
vt 0.750934 0.123602
vt 0.945888 0.123599
vt 0.746304 0.124271
vt 0.950526 0.124273
vt 0.746295 0.012934
vt 0.950544 0.012934
vt 0.750984 0.013412
vt 0.945855 0.013411
vt 0.318172 0.001715
vt 0.318187 0.001852
vt 0.317616 0.001451
vt 0.317574 0.001183
vt 0.318250 0.002034
vt 0.317748 0.001799
vt 0.318348 0.002249
vt 0.317951 0.002201
vt 0.318470 0.002479
vt 0.318190 0.002633
vt 0.318608 0.002701
vt 0.318441 0.003057
vt 0.318744 0.002897
vt 0.318682 0.003438
vt 0.318869 0.003047
vt 0.318911 0.003733
vt 0.318978 0.003135
vt 0.319118 0.003910
vt 0.319069 0.003151
vt 0.319297 0.003952
vt 0.736677 0.000745
vt 0.736768 0.000745
vt 0.736535 0.001463
vt 0.736355 0.001463
vt 0.316991 0.001118
vt 0.316901 0.000733
vt 0.317200 0.001619
vt 0.317499 0.002200
vt 0.317848 0.002820
vt 0.318206 0.003434
vt 0.318553 0.003987
vt 0.318875 0.004422
vt 0.319161 0.004698
vt 0.319414 0.004785
vt 0.736313 0.002188
vt 0.736048 0.002188
vt 0.316309 0.000873
vt 0.316160 0.000384
vt 0.316597 0.001508
vt 0.316988 0.002252
vt 0.317438 0.003047
vt 0.317898 0.003834
vt 0.318342 0.004545
vt 0.318746 0.005112
vt 0.319093 0.005487
vt 0.319405 0.005636
vt 0.736109 0.002923
vt 0.735766 0.002923
vt 0.315581 0.000727
vt 0.315368 0.000152
vt 0.315944 0.001477
vt 0.316421 0.002362
vt 0.316962 0.003313
vt 0.317516 0.004255
vt 0.318046 0.005107
vt 0.318517 0.005793
vt 0.318910 0.006261
vt 0.319262 0.006480
vt 0.735926 0.003669
vt 0.735514 0.003669
vt 0.314819 0.000686
vt 0.314545 0.000044
vt 0.315253 0.001531
vt 0.315805 0.002534
vt 0.316428 0.003616
vt 0.317062 0.004690
vt 0.317664 0.005663
vt 0.318188 0.006452
vt 0.318614 0.007002
vt 0.318987 0.007294
vt 0.735770 0.004426
vt 0.735299 0.004426
vt 0.314041 0.000754
vt 0.313711 0.000063
vt 0.314536 0.001672
vt 0.315154 0.002766
vt 0.315843 0.003953
vt 0.316544 0.005131
vt 0.317202 0.006201
vt 0.317766 0.007074
vt 0.318212 0.007694
vt 0.318587 0.008054
vt 0.735645 0.005194
vt 0.735125 0.005194
vt 0.313266 0.000930
vt 0.312887 0.000208
vt 0.313809 0.001897
vt 0.314479 0.003056
vt 0.315220 0.004316
vt 0.315970 0.005571
vt 0.316667 0.006712
vt 0.317257 0.007648
vt 0.317711 0.008320
vt 0.318073 0.008740
vt 0.735553 0.005971
vt 0.734999 0.005971
vt 0.312510 0.001210
vt 0.312094 0.000475
vt 0.313089 0.002202
vt 0.313795 0.003396
vt 0.314571 0.004699
vt 0.315352 0.006000
vt 0.316072 0.007186
vt 0.316674 0.008161
vt 0.317124 0.008869
vt 0.317459 0.009334
vt 0.735497 0.006755
vt 0.734921 0.006755
vt 0.311791 0.001585
vt 0.311352 0.000857
vt 0.312391 0.002579
vt 0.313117 0.003781
vt 0.313910 0.005095
vt 0.314704 0.006411
vt 0.315430 0.007613
vt 0.316029 0.008605
vt 0.316467 0.009331
vt 0.316764 0.009822
vt 0.735479 0.007542
vt 0.734895 0.007542
vt 0.311124 0.002047
vt 0.310667 0.001336
vt 0.311732 0.003021
vt 0.312461 0.004202
vt 0.313252 0.005496
vt 0.314039 0.006793
vt 0.314753 0.007983
vt 0.315335 0.008969
vt 0.315752 0.009697
vt 0.316008 0.010211
vt 0.735497 0.008328
vt 0.734921 0.008328
vt 0.310525 0.002585
vt 0.310062 0.001913
vt 0.311127 0.003516
vt 0.311841 0.004648
vt 0.312610 0.005891
vt 0.313371 0.007140
vt 0.314056 0.008288
vt 0.314610 0.009246
vt 0.314993 0.009961
vt 0.315196 0.010476
vt 0.735554 0.009112
vt 0.734999 0.009112
vt 0.310008 0.003189
vt 0.309549 0.002575
vt 0.310589 0.004054
vt 0.311270 0.005111
vt 0.311999 0.006273
vt 0.312715 0.007443
vt 0.313355 0.008523
vt 0.313865 0.009429
vt 0.314205 0.010112
vt 0.314349 0.010612
vt 0.735645 0.009889
vt 0.735126 0.009889
vt 0.309585 0.003845
vt 0.309144 0.003304
vt 0.310131 0.004623
vt 0.310761 0.005579
vt 0.311429 0.006634
vt 0.312083 0.007696
vt 0.312663 0.008681
vt 0.313118 0.009513
vt 0.313406 0.010146
vt 0.313490 0.010612
vt 0.735771 0.010657
vt 0.735299 0.010657
vt 0.309266 0.004538
vt 0.308857 0.004083
vt 0.309761 0.005210
vt 0.310322 0.006044
vt 0.310911 0.006966
vt 0.311487 0.007895
vt 0.311994 0.008761
vt 0.312382 0.009497
vt 0.312612 0.010063
vt 0.312642 0.010476
vt 0.735927 0.011414
vt 0.735514 0.011414
vt 0.309056 0.005252
vt 0.308693 0.004892
vt 0.309484 0.005802
vt 0.309960 0.006494
vt 0.310454 0.007263
vt 0.310936 0.008037
vt 0.311359 0.008761
vt 0.311673 0.009382
vt 0.311842 0.009864
vt 0.311829 0.010209
vt 0.736109 0.012160
vt 0.735767 0.012160
vt 0.308956 0.005969
vt 0.308656 0.005710
vt 0.309301 0.006387
vt 0.309676 0.006922
vt 0.310062 0.007520
vt 0.310439 0.008123
vt 0.310767 0.008687
vt 0.311001 0.009176
vt 0.311112 0.009557
vt 0.311072 0.009821
vt 0.736314 0.012895
vt 0.736049 0.012895
vt 0.308959 0.006677
vt 0.308741 0.006515
vt 0.309205 0.006956
vt 0.309467 0.007322
vt 0.309737 0.007735
vt 0.309996 0.008155
vt 0.310220 0.008546
vt 0.310375 0.008886
vt 0.310435 0.009152
vt 0.310389 0.009329
vt 0.736536 0.013620
vt 0.736356 0.013620
vt 0.309048 0.007369
vt 0.308934 0.007292
vt 0.309179 0.007509
vt 0.309324 0.007696
vt 0.309471 0.007912
vt 0.309603 0.008137
vt 0.309713 0.008349
vt 0.309788 0.008529
vt 0.309814 0.008666
vt 0.309786 0.008756
vt 0.736769 0.014338
vt 0.736678 0.014338
vt 0.318725 0.002253
vt 0.318717 0.002285
vt 0.318708 0.002319
vt 0.318708 0.002342
vt 0.318714 0.002352
vt 0.318736 0.002363
vt 0.318776 0.002372
vt 0.318817 0.002380
vt 0.318858 0.002388
vt 0.737007 0.000030
vt 0.309152 0.008031
vt 0.309184 0.008039
vt 0.309218 0.008048
vt 0.309238 0.008058
vt 0.309245 0.008068
vt 0.309244 0.008093
vt 0.309234 0.008133
vt 0.309221 0.008172
vt 0.240815 0.000042
vt 0.240853 0.000125
vt 0.240066 0.000125
vt 0.235954 0.000044
vt 0.235916 0.000127
vt 0.235167 0.000044
vt 0.737008 0.015053
vt 0.643202 0.163741
vt 0.711462 0.173493
vt 0.641809 0.173493
vt 0.480132 0.019743
vt 0.549084 0.009892
vt 0.549084 0.019743
vt 0.996478 0.788072
vt 0.996484 0.857025
vt 0.852479 0.788085
vt 0.852485 0.857038
vt 0.563472 0.000044
vt 0.563472 0.068997
vt 0.553621 0.000044
vt 0.553621 0.068997
vt 0.780909 0.755006
vt 0.780911 0.764857
vt 0.636909 0.755038
vt 0.636912 0.764888
vt 0.739797 0.137064
vt 0.749648 0.137065
vt 0.739795 0.281063
vt 0.749645 0.281064
vt 0.039922 0.999859
vt 0.039870 0.975230
vt 0.139033 0.999695
vt 0.138993 0.975066
vt 0.146195 0.979977
vt 0.146168 0.994726
vt 0.585316 0.010905
vt 0.609942 0.010909
vt 0.585300 0.105328
vt 0.590223 0.110740
vt 0.609926 0.105333
vt 0.605000 0.110742
vt 0.612480 0.010905
vt 0.637106 0.010907
vt 0.612417 0.646194
vt 0.637043 0.646197
vt 0.988718 0.943301
vt 0.988715 0.967927
vt 0.353428 0.943223
vt 0.353425 0.967849
vt 0.172628 0.788079
vt 0.172659 0.000047
vt 0.227672 0.788081
vt 0.227704 0.000049
vt 0.232784 0.967912
vt 0.232753 0.943285
vt 0.287832 0.967843
vt 0.291886 0.964145
vt 0.287799 0.943215
vt 0.291861 0.946904
vt 0.055284 0.788094
vt 0.055045 0.000062
vt 0.110329 0.788078
vt 0.110089 0.000046
vt 0.553631 0.197417
vt 0.578257 0.197421
vt 0.553621 0.252462
vt 0.557314 0.256520
vt 0.578247 0.252466
vt 0.574553 0.256523
vt 0.845340 0.788077
vt 0.845342 0.000044
vt 0.877855 0.788077
vt 0.877857 0.000045
vt 0.899232 0.788077
vt 0.899217 0.000045
vt 0.931747 0.788077
vt 0.931732 0.000044
vt 0.117583 0.788077
vt 0.117615 0.000044
vt 0.000240 0.788111
vt 0.000000 0.000079
vt 0.793996 0.788078
vt 0.794144 0.000046
vt 0.826512 0.788084
vt 0.826659 0.000052
vt 0.000004 0.903113
vt 0.788036 0.903190
vt 0.000001 0.935628
vt 0.788033 0.935705
vt 0.609877 0.383944
vt 0.585251 0.383940
vt 0.609894 0.289521
vt 0.604970 0.284109
vt 0.585268 0.289517
vt 0.590193 0.284107
vt 0.425732 0.975193
vt 0.425624 0.999815
vt 0.326590 0.974836
vt 0.319396 0.979764
vt 0.326539 0.999468
vt 0.319386 0.994522
vt 0.605845 0.114297
vt 0.581327 0.135654
vt 0.581219 0.114293
vt 0.556701 0.135649
vt 0.557335 0.138315
vt 0.574574 0.138318
vt 0.170984 0.946424
vt 0.173654 0.947053
vt 0.149571 0.970997
vt 0.173672 0.964294
vt 0.171023 0.971048
vt 0.149636 0.995657
vt 0.881231 0.000045
vt 0.881209 0.787492
vt 0.884604 0.000045
vt 0.884629 0.785774
vt 0.887978 0.000045
vt 0.887964 0.783182
vt 0.935087 0.000629
vt 0.935121 0.788077
vt 0.938506 0.002347
vt 0.938494 0.788077
vt 0.941841 0.004939
vt 0.941868 0.788077
vt 0.784023 0.000044
vt 0.787397 0.000045
vt 0.783889 0.783182
vt 0.787223 0.785774
vt 0.790771 0.000046
vt 0.790642 0.787493
vt 0.785734 0.896416
vt 0.000005 0.896366
vt 0.783142 0.893081
vt 0.000005 0.892992
vt 0.787451 0.899836
vt 0.000004 0.899739
vt 0.584790 0.286177
vt 0.583393 0.283106
vt 0.581190 0.280551
vt 0.315996 0.970790
vt 0.318644 0.972979
vt 0.322325 0.974348
vt 0.322335 0.998955
vt 0.318706 0.997619
vt 0.315927 0.995463
vt 0.605816 0.280555
vt 0.608019 0.283110
vt 0.609416 0.286181
vt 0.583423 0.111738
vt 0.584820 0.108668
vt 0.143250 0.974568
vt 0.146927 0.973191
vt 0.146865 0.997818
vt 0.143240 0.999166
vt 0.609446 0.108672
vt 0.608049 0.111743
vt 0.556679 0.259186
vt 0.581306 0.259190
vt 0.294529 0.946267
vt 0.294554 0.970891
vt 0.578266 0.142377
vt 0.553640 0.142373
vt 0.177707 0.943354
vt 0.177735 0.967983
vt 0.837783 0.000044
vt 0.841563 0.000044
vt 0.837781 0.788077
vt 0.841560 0.788077
vt 0.113868 0.000044
vt 0.891673 0.788077
vt 0.895438 0.000045
vt 0.895452 0.788077
vt 0.830439 0.000053
vt 0.830291 0.788085
vt 0.834218 0.000054
vt 0.834070 0.788086
vt 0.788032 0.939485
vt 0.000000 0.939407
vt 0.788032 0.943264
vt 0.000000 0.943187
vt 0.554421 0.256155
vt 0.291493 0.944011
vt 0.291525 0.968638
vt 0.579047 0.256160
vt 0.554442 0.138679
vt 0.174014 0.944160
vt 0.174045 0.968787
vt 0.579068 0.138683
vt 0.585317 0.005475
vt 0.609943 0.005479
vt 0.585318 0.000044
vt 0.609944 0.000049
vt 0.994145 0.967928
vt 0.994148 0.943302
vt 0.612480 0.005475
vt 0.637106 0.005477
vt 0.612481 0.000044
vt 0.637107 0.000047
vt 0.585250 0.389370
vt 0.609876 0.389375
vt 0.333490 0.967846
vt 0.333493 0.943220
vt 0.313555 0.967844
vt 0.313558 0.943218
vt 0.000000 0.975309
vt 0.019935 0.975270
vt 0.000049 0.999937
vt 0.019985 0.999897
vt 0.445669 0.975283
vt 0.445558 0.999908
vt 0.465605 0.975374
vt 0.465493 1.000000
vt 0.612413 0.686064
vt 0.612415 0.666129
vt 0.637039 0.686066
vt 0.637041 0.666131
vt 0.443069 0.783181
vt 0.369617 0.716746
vt 0.442964 0.000044
vt 0.348541 0.000057
vt 0.356307 0.701906
vt 0.346363 0.684628
vt 0.340217 0.665664
vt 0.338137 0.645838
vt 0.343296 0.001463
vt 0.339457 0.005303
vt 0.338052 0.010549
vt 0.335154 0.000000
vt 0.335310 0.783137
vt 0.261724 0.066460
vt 0.240886 0.783156
vt 0.248419 0.081305
vt 0.238481 0.098586
vt 0.232341 0.117552
vt 0.230267 0.137378
vt 0.235641 0.781752
vt 0.231800 0.777912
vt 0.230394 0.772668
vt 0.004899 0.788110
vt 0.788036 0.788018
vt 0.071353 0.861545
vt 0.788048 0.882441
vt 0.086197 0.874852
vt 0.103477 0.884791
vt 0.122443 0.890933
vt 0.142269 0.893008
vt 0.786643 0.887686
vt 0.782804 0.891527
vt 0.777559 0.892933
vt 0.445837 0.000010
vt 0.519281 0.066454
vt 0.445850 0.783147
vt 0.540274 0.783145
vt 0.532589 0.081296
vt 0.542531 0.098575
vt 0.548675 0.117539
vt 0.550753 0.137365
vt 0.545519 0.781740
vt 0.549359 0.777900
vt 0.550764 0.772655
vt 0.979861 0.021024
vt 0.999562 0.021022
vt 0.979861 0.022265
vt 0.999562 0.022262
vt 0.290596 0.004971
vt 0.290596 0.002508
vt 0.306357 0.004972
vt 0.306357 0.002509
vt 0.259663 0.007447
vt 0.259663 0.004976
vt 0.275424 0.007445
vt 0.275424 0.004974
vt 0.231077 0.028041
vt 0.250619 0.027512
vt 0.231073 0.029267
vt 0.250547 0.028718
vt 0.254675 0.030721
vt 0.255310 0.028360
vt 0.272526 0.034275
vt 0.272831 0.031807
vt 0.255576 0.031722
vt 0.255579 0.051422
vt 0.254647 0.031722
vt 0.254649 0.051423
vt 0.250839 0.024719
vt 0.230950 0.025388
vt 0.284160 0.002508
vt 0.285112 0.002508
vt 0.284160 0.005217
vt 0.286631 0.004288
vt 0.286631 0.005217
vt 0.288855 0.002508
vt 0.288855 0.000046
vt 0.306903 0.002507
vt 0.306903 0.000045
vt 0.979861 0.020387
vt 0.999561 0.020385
vt 0.979861 0.019750
vt 0.999561 0.019748
vt 0.231073 0.029905
vt 0.250531 0.029357
vt 0.286631 0.000046
vt 0.286631 0.000990
vt 0.285391 0.000046
vt 0.284775 0.000211
vt 0.284324 0.000661
vt 0.284160 0.001277
vt 0.251539 0.027523
vt 0.250560 0.028633
vt 0.252828 0.029211
vt 0.250706 0.029245
vt 0.252630 0.030133
vt 0.251566 0.029990
vt 0.251048 0.029754
vt 0.284161 0.027627
vt 0.286632 0.027627
vt 0.253235 0.025382
vt 0.258144 0.003382
vt 0.255678 0.003015
vt 0.979861 0.024489
vt 0.999562 0.024487
vt 0.254885 0.028217
vt 0.529125 0.069310
vt 0.548826 0.069310
vt 0.529125 0.069755
vt 0.548826 0.069755
vt 0.288410 0.002508
vt 0.253102 0.026171
vt 0.256497 0.031722
vt 0.256500 0.051422
vt 0.529125 0.071596
vt 0.529125 0.070676
vt 0.548826 0.071597
vt 0.548826 0.070676
vt 0.287521 0.002747
vt 0.286631 0.002002
vt 0.286125 0.002508
vt 0.286869 0.003398
vt 0.253365 0.026970
vt 0.252576 0.027689
vt 0.253009 0.028253
vt 0.254038 0.027736
vt 0.307672 0.000045
vt 0.307672 0.002507
vt 0.308440 0.000044
vt 0.308441 0.002507
vt 0.289059 0.002508
vt 0.289828 0.002508
vt 0.289059 0.004971
vt 0.289827 0.004971
vt 0.307126 0.002509
vt 0.307126 0.004972
vt 0.307894 0.002509
vt 0.307894 0.004972
vt 0.274104 0.034355
vt 0.273324 0.034321
vt 0.274325 0.031919
vt 0.273569 0.031868
vt 0.258350 0.000216
vt 0.258318 0.000993
vt 0.255911 0.000042
vt 0.255865 0.000802
vt 0.258272 0.001779
vt 0.255813 0.001552
vt 0.258213 0.002574
vt 0.255752 0.002292
vt 0.286633 0.028396
vt 0.284161 0.028396
vt 0.286633 0.029164
vt 0.284161 0.029164
vt 0.286633 0.029933
vt 0.284161 0.029933
vt 0.286633 0.030701
vt 0.284161 0.030702
vt 0.979863 0.042537
vt 0.980013 0.043291
vt 0.980440 0.043930
vt 0.981079 0.044357
vt 0.981833 0.044506
vt 0.997594 0.044505
vt 0.998348 0.044355
vt 0.998987 0.043928
vt 0.999414 0.043289
vt 0.999564 0.042535
vt 0.548826 0.051262
vt 0.548676 0.050508
vt 0.548249 0.049869
vt 0.547610 0.049442
vt 0.546857 0.049292
vt 0.531096 0.049292
vt 0.530342 0.049442
vt 0.529703 0.049869
vt 0.529276 0.050508
vt 0.529126 0.051261
vt 0.232237 0.031725
vt 0.232239 0.051425
vt 0.231483 0.031875
vt 0.231486 0.051276
vt 0.230846 0.050849
vt 0.230844 0.032302
vt 0.230419 0.050210
vt 0.230269 0.049456
vt 0.230417 0.032941
vt 0.230267 0.033695
vt 0.249853 0.002400
vt 0.230267 0.002869
vt 0.249686 0.001650
vt 0.230408 0.002110
vt 0.249248 0.001021
vt 0.230823 0.001460
vt 0.248604 0.000608
vt 0.247851 0.000476
vt 0.231451 0.001017
vt 0.232195 0.000849
vt 0.729996 0.039716
vt 0.749697 0.039715
vt 0.729996 0.040956
vt 0.749697 0.040955
vt 0.261200 0.004973
vt 0.261200 0.002510
vt 0.276961 0.004974
vt 0.276961 0.002511
vt 0.289059 0.007445
vt 0.289059 0.004974
vt 0.304820 0.007443
vt 0.304820 0.004972
vt 0.962135 0.000045
vt 0.962132 0.019746
vt 0.960903 0.000045
vt 0.960901 0.019745
vt 0.279248 0.000045
vt 0.279249 0.002508
vt 0.261200 0.000048
vt 0.261201 0.002510
vt 0.529937 0.029591
vt 0.529940 0.049292
vt 0.529008 0.029591
vt 0.529010 0.049292
vt 0.964841 0.019746
vt 0.964843 0.000045
vt 0.477699 0.024325
vt 0.477699 0.023373
vt 0.480408 0.024325
vt 0.479478 0.021854
vt 0.480408 0.021853
vt 0.477699 0.019630
vt 0.475236 0.019630
vt 0.477695 0.001582
vt 0.475233 0.001582
vt 0.729996 0.039079
vt 0.749697 0.039077
vt 0.729996 0.038442
vt 0.749697 0.038440
vt 0.960266 0.000044
vt 0.960263 0.019745
vt 0.475236 0.021854
vt 0.476180 0.021854
vt 0.475237 0.023095
vt 0.475402 0.023710
vt 0.475852 0.024161
vt 0.476468 0.024326
vt 0.283944 0.002507
vt 0.282992 0.002507
vt 0.283944 0.001275
vt 0.281473 0.000989
vt 0.283779 0.000660
vt 0.281473 0.000045
vt 0.282713 0.000044
vt 0.283328 0.000209
vt 0.502818 0.024321
vt 0.502818 0.021849
vt 0.281473 0.005216
vt 0.283945 0.005216
vt 0.281476 0.027626
vt 0.283948 0.027626
vt 0.729997 0.043181
vt 0.749697 0.043179
vt 0.279694 0.002507
vt 0.945568 0.062728
vt 0.965269 0.062725
vt 0.945569 0.063173
vt 0.965269 0.063170
vt 0.477699 0.020075
vt 0.281473 0.004286
vt 0.530858 0.029591
vt 0.530861 0.049291
vt 0.945569 0.065015
vt 0.945569 0.064094
vt 0.965270 0.065012
vt 0.965270 0.064091
vt 0.477937 0.020964
vt 0.477193 0.021854
vt 0.477699 0.022360
vt 0.478589 0.021615
vt 0.281235 0.003397
vt 0.281979 0.002507
vt 0.281473 0.002001
vt 0.280583 0.002746
vt 0.475233 0.000814
vt 0.477695 0.000813
vt 0.475232 0.000045
vt 0.477695 0.000044
vt 0.259663 0.002510
vt 0.260432 0.002510
vt 0.259663 0.004973
vt 0.260432 0.004973
vt 0.277730 0.002511
vt 0.277730 0.004974
vt 0.278499 0.002511
vt 0.278499 0.004974
vt 0.259663 0.000048
vt 0.260432 0.000048
vt 0.259663 0.002510
vt 0.260432 0.002510
vt 0.281477 0.030700
vt 0.281477 0.029932
vt 0.283948 0.030700
vt 0.283948 0.029931
vt 0.281477 0.029163
vt 0.283948 0.029163
vt 0.281476 0.028395
vt 0.283948 0.028394
vt 0.503586 0.021849
vt 0.503587 0.024320
vt 0.504355 0.021849
vt 0.504355 0.024320
vt 0.505124 0.021849
vt 0.505124 0.024320
vt 0.505892 0.021849
vt 0.505893 0.024320
vt 0.729998 0.061229
vt 0.730148 0.061983
vt 0.730575 0.062622
vt 0.731214 0.063048
vt 0.731968 0.063198
vt 0.747729 0.063197
vt 0.748483 0.063047
vt 0.749122 0.062620
vt 0.749549 0.061981
vt 0.749699 0.061227
vt 0.965266 0.044677
vt 0.965116 0.043923
vt 0.964689 0.043284
vt 0.964050 0.042857
vt 0.963296 0.042708
vt 0.947535 0.042710
vt 0.946781 0.042860
vt 0.946142 0.043287
vt 0.945715 0.043926
vt 0.945566 0.044680
vt 0.506598 0.029594
vt 0.506600 0.049295
vt 0.505844 0.029744
vt 0.505847 0.049145
vt 0.505207 0.048718
vt 0.505205 0.030171
vt 0.504780 0.048079
vt 0.504630 0.047325
vt 0.504778 0.030810
vt 0.504628 0.031564
vt 0.987251 0.019749
vt 0.987253 0.000048
vt 0.988005 0.019599
vt 0.988007 0.000198
vt 0.988644 0.019172
vt 0.988646 0.000625
vt 0.989071 0.018533
vt 0.989221 0.017779
vt 0.989073 0.001264
vt 0.989223 0.002018
vt 0.641809 0.000044
vt 0.710762 0.000045
vt 0.710762 0.009895
vt 0.641809 0.009895
vt 0.710762 0.153894
vt 0.641809 0.153894
vt 0.710761 0.163745
vt 0.641809 0.163744
vt 0.597718 0.121345
vt 0.607568 0.121345
vt 0.607565 0.265345
vt 0.597715 0.265344
vt 0.754495 0.161430
vt 0.764346 0.161430
vt 0.764343 0.305429
vt 0.754493 0.305429
vt 0.955364 0.120484
vt 0.957550 0.120603
vt 0.955369 0.215131
vt 0.957560 0.215005
vt 0.959740 0.120662
vt 0.959752 0.214946
vt 0.961930 0.120688
vt 0.961943 0.214920
vt 0.964120 0.120699
vt 0.964133 0.214909
vt 0.966310 0.120703
vt 0.966323 0.214905
vt 0.968500 0.120705
vt 0.968513 0.214904
vt 0.970690 0.120705
vt 0.970703 0.214903
vt 0.972881 0.120705
vt 0.972893 0.214903
vt 0.975071 0.120705
vt 0.975084 0.214903
vt 0.977261 0.120705
vt 0.977274 0.214904
vt 0.979451 0.120705
vt 0.979464 0.214903
vt 0.981641 0.120705
vt 0.981654 0.214903
vt 0.983831 0.120705
vt 0.983844 0.214903
vt 0.986021 0.120705
vt 0.986034 0.214904
vt 0.988211 0.120703
vt 0.988224 0.214905
vt 0.990401 0.120700
vt 0.990414 0.214909
vt 0.992592 0.120689
vt 0.992605 0.214920
vt 0.994783 0.120663
vt 0.994795 0.214947
vt 0.996974 0.120604
vt 0.996984 0.215006
vt 0.999166 0.120478
vt 0.999170 0.215124
vt 0.580107 0.007174
vt 0.579565 0.008841
vt 0.574571 0.006297
vt 0.580107 0.005420
vt 0.579566 0.003752
vt 0.578535 0.002333
vt 0.577116 0.001303
vt 0.575448 0.000761
vt 0.573695 0.000761
vt 0.572027 0.001302
vt 0.570608 0.002333
vt 0.569577 0.003752
vt 0.569035 0.005420
vt 0.569035 0.007173
vt 0.569577 0.008841
vt 0.570608 0.010260
vt 0.572027 0.011291
vt 0.573694 0.011833
vt 0.575448 0.011833
vt 0.577116 0.011291
vt 0.578535 0.010260
vt 0.469331 0.011291
vt 0.467663 0.011833
vt 0.466787 0.006297
vt 0.465909 0.011833
vt 0.464241 0.011291
vt 0.462823 0.010260
vt 0.461792 0.008841
vt 0.461251 0.007173
vt 0.461251 0.005419
vt 0.461793 0.003751
vt 0.462824 0.002333
vt 0.464243 0.001302
vt 0.465911 0.000761
vt 0.467664 0.000761
vt 0.469332 0.001303
vt 0.470751 0.002334
vt 0.471781 0.003753
vt 0.472323 0.005421
vt 0.472323 0.007174
vt 0.471781 0.008842
vt 0.470750 0.010261
vt 0.580211 0.009171
vt 0.580823 0.007287
vt 0.955482 0.119734
vt 0.957618 0.119896
vt 0.955661 0.119010
vt 0.957688 0.119182
vt 0.580823 0.005307
vt 0.959773 0.119951
vt 0.959801 0.119237
vt 0.580212 0.003423
vt 0.961945 0.119974
vt 0.961954 0.119259
vt 0.579048 0.001821
vt 0.964126 0.119984
vt 0.964128 0.119268
vt 0.577446 0.000657
vt 0.966313 0.119987
vt 0.966311 0.119272
vt 0.575562 0.000045
vt 0.968501 0.119988
vt 0.968498 0.119273
vt 0.573582 0.000044
vt 0.970691 0.119989
vt 0.970688 0.119273
vt 0.571698 0.000656
vt 0.972881 0.119988
vt 0.972877 0.119273
vt 0.570096 0.001820
vt 0.975071 0.119988
vt 0.975067 0.119273
vt 0.568931 0.003422
vt 0.977261 0.119988
vt 0.977257 0.119273
vt 0.568319 0.005306
vt 0.979451 0.119988
vt 0.979447 0.119273
vt 0.568319 0.007286
vt 0.981641 0.119988
vt 0.981638 0.119273
vt 0.568931 0.009170
vt 0.983831 0.119988
vt 0.983827 0.119273
vt 0.570095 0.010772
vt 0.986020 0.119988
vt 0.986017 0.119273
vt 0.571697 0.011936
vt 0.988209 0.119987
vt 0.988204 0.119272
vt 0.573581 0.012549
vt 0.990396 0.119984
vt 0.990389 0.119269
vt 0.575561 0.012549
vt 0.992578 0.119976
vt 0.992564 0.119261
vt 0.577445 0.011937
vt 0.994752 0.119954
vt 0.994720 0.119242
vt 0.579047 0.010773
vt 0.996907 0.119898
vt 0.996836 0.119191
vt 0.998853 0.119015
vt 0.999036 0.119729
vt 0.469660 0.011937
vt 0.471262 0.010774
vt 0.999052 0.215875
vt 0.996916 0.215712
vt 0.998874 0.216598
vt 0.996847 0.216426
vt 0.467776 0.012549
vt 0.955681 0.216593
vt 0.955498 0.215879
vt 0.957699 0.216418
vt 0.957627 0.215710
vt 0.465795 0.012549
vt 0.959814 0.216366
vt 0.959783 0.215654
vt 0.463912 0.011936
vt 0.961971 0.216347
vt 0.961956 0.215633
vt 0.462310 0.010772
vt 0.964146 0.216339
vt 0.964139 0.215624
vt 0.461146 0.009170
vt 0.966330 0.216336
vt 0.966325 0.215621
vt 0.460534 0.007286
vt 0.968518 0.216336
vt 0.968514 0.215620
vt 0.460535 0.005305
vt 0.970707 0.216335
vt 0.970704 0.215620
vt 0.461147 0.003422
vt 0.972897 0.216335
vt 0.972894 0.215620
vt 0.462312 0.001820
vt 0.975087 0.216336
vt 0.975084 0.215620
vt 0.463914 0.000656
vt 0.977277 0.216336
vt 0.977274 0.215620
vt 0.465798 0.000044
vt 0.979467 0.216335
vt 0.979464 0.215620
vt 0.467778 0.000045
vt 0.981657 0.216335
vt 0.981654 0.215620
vt 0.469661 0.000657
vt 0.983847 0.216335
vt 0.983844 0.215620
vt 0.471263 0.001822
vt 0.986036 0.216336
vt 0.986033 0.215620
vt 0.472427 0.003424
vt 0.988223 0.216337
vt 0.988222 0.215621
vt 0.473039 0.005308
vt 0.990406 0.216340
vt 0.990408 0.215625
vt 0.473039 0.007288
vt 0.992580 0.216349
vt 0.992590 0.215634
vt 0.472426 0.009171
vt 0.994733 0.216371
vt 0.994762 0.215657
vn 0.125604 -0.946444 -0.297436
vn 0.223229 -0.834363 -0.503990
vn 0.160215 -0.972285 -0.170273
vn 0.294116 -0.908072 -0.298164
vn 0.085151 -0.916631 -0.390560
vn 0.145272 -0.764683 -0.627819
vn 0.039904 -0.895742 -0.442781
vn 0.068580 -0.720874 -0.689665
vn 0.000000 -0.904511 -0.426451
vn 0.000001 -0.711361 -0.702827
vn -0.039904 -0.895722 -0.442821
vn -0.068578 -0.720862 -0.689677
vn -0.085147 -0.916619 -0.390588
vn -0.145270 -0.764672 -0.627833
vn -0.125594 -0.946341 -0.297767
vn -0.223217 -0.834315 -0.504076
vn -0.160211 -0.972261 -0.170413
vn -0.294113 -0.908039 -0.298267
vn -0.180705 -0.980002 -0.083321
vn -0.327504 -0.932557 -0.151916
vn 0.180705 -0.980001 -0.083331
vn 0.327496 -0.932567 -0.151872
vn 0.293191 -0.702780 -0.648181
vn 0.408933 -0.817173 -0.406205
vn 0.182673 -0.611993 -0.769477
vn 0.085243 -0.561193 -0.823284
vn -0.000001 -0.547621 -0.836727
vn -0.085242 -0.561203 -0.823277
vn -0.182673 -0.611993 -0.769478
vn -0.293193 -0.702780 -0.648181
vn -0.408932 -0.817189 -0.406173
vn -0.462306 -0.860365 -0.214582
vn 0.462318 -0.860369 -0.214538
vn 0.341112 -0.574699 -0.743884
vn 0.502988 -0.710182 -0.492590
vn 0.205496 -0.481615 -0.851950
vn 0.095090 -0.433480 -0.896133
vn -0.000001 -0.419869 -0.907585
vn -0.095090 -0.433492 -0.896127
vn -0.205497 -0.481620 -0.851947
vn -0.341116 -0.574716 -0.743869
vn -0.502976 -0.710166 -0.492625
vn -0.581182 -0.767737 -0.269829
vn 0.581192 -0.767755 -0.269754
vn 0.373688 -0.457743 -0.806740
vn 0.577425 -0.594828 -0.559250
vn 0.219815 -0.373333 -0.901279
vn 0.101100 -0.331740 -0.937938
vn -0.000001 -0.319780 -0.947492
vn -0.101100 -0.331746 -0.937936
vn -0.219810 -0.373326 -0.901283
vn -0.373673 -0.457721 -0.806759
vn -0.577418 -0.594821 -0.559264
vn -0.682078 -0.659163 -0.316659
vn 0.682085 -0.659169 -0.316633
vn 0.395830 -0.352302 -0.848058
vn 0.634491 -0.476103 -0.608890
vn 0.229042 -0.281972 -0.931682
vn 0.104930 -0.248399 -0.962958
vn -0.000000 -0.238670 -0.971101
vn -0.104929 -0.248399 -0.962958
vn -0.229036 -0.281962 -0.931687
vn -0.395829 -0.352301 -0.848059
vn -0.634492 -0.476104 -0.608888
vn -0.764093 -0.538866 -0.354662
vn 0.764093 -0.538866 -0.354662
vn 0.410806 -0.256357 -0.874940
vn 0.676527 -0.356581 -0.644330
vn 0.235069 -0.202540 -0.950642
vn 0.107461 -0.177402 -0.978254
vn 0.000000 -0.170060 -0.985434
vn -0.107461 -0.177404 -0.978254
vn -0.235068 -0.202541 -0.950642
vn -0.410806 -0.256357 -0.874940
vn -0.676531 -0.356576 -0.644329
vn -0.827181 -0.410298 -0.383963
vn 0.827178 -0.410304 -0.383962
vn 0.420609 -0.167303 -0.891683
vn 0.705488 -0.237319 -0.667807
vn 0.238985 -0.131068 -0.962137
vn 0.109165 -0.114364 -0.987423
vn -0.000001 -0.109433 -0.993994
vn -0.109165 -0.114366 -0.987423
vn -0.238977 -0.131063 -0.962140
vn -0.420612 -0.167303 -0.891681
vn -0.705481 -0.237329 -0.667810
vn -0.871729 -0.276267 -0.404678
vn 0.871740 -0.276264 -0.404657
vn 0.426397 -0.082637 -0.900753
vn 0.722744 -0.118581 -0.680867
vn 0.241363 -0.064420 -0.968295
vn 0.110293 -0.056086 -0.992315
vn 0.000001 -0.053555 -0.998565
vn -0.110294 -0.056083 -0.992316
vn -0.241363 -0.064420 -0.968295
vn -0.426401 -0.082637 -0.900751
vn -0.722741 -0.118578 -0.680870
vn -0.898237 -0.138980 -0.416960
vn 0.898234 -0.138998 -0.416959
vn 0.428389 0.000001 -0.903595
vn 0.728582 0.000001 -0.684959
vn 0.242227 0.000001 -0.970220
vn 0.110732 -0.000001 -0.993850
vn 0.000000 -0.000000 -1.000000
vn -0.110735 0.000001 -0.993850
vn -0.242223 -0.000000 -0.970221
vn -0.428388 -0.000000 -0.903595
vn -0.728581 -0.000000 -0.684959
vn -0.907049 0.000000 -0.421025
vn 0.907051 0.000000 -0.421020
vn 0.722745 0.118581 -0.680866
vn 0.426399 0.082638 -0.900752
vn 0.241362 0.064418 -0.968295
vn 0.110288 0.056084 -0.992316
vn 0.000000 0.053555 -0.998565
vn -0.110291 0.056082 -0.992316
vn -0.241358 0.064419 -0.968296
vn -0.426395 0.082636 -0.900754
vn -0.722742 0.118578 -0.680869
vn -0.898229 0.138978 -0.416977
vn 0.898235 0.138998 -0.416957
vn 0.705486 0.237320 -0.667809
vn 0.420613 0.167304 -0.891680
vn 0.238976 0.131063 -0.962140
vn 0.109164 0.114365 -0.987423
vn -0.000000 0.109433 -0.993994
vn -0.109169 0.114368 -0.987422
vn -0.238982 0.131065 -0.962138
vn -0.420610 0.167303 -0.891682
vn -0.705479 0.237328 -0.667813
vn -0.871732 0.276267 -0.404673
vn 0.871743 0.276265 -0.404651
vn 0.676518 0.356575 -0.644342
vn 0.410811 0.256361 -0.874936
vn 0.235061 0.202533 -0.950646
vn 0.107460 0.177402 -0.978254
vn -0.000000 0.170060 -0.985434
vn -0.107464 0.177407 -0.978253
vn -0.235063 0.202535 -0.950645
vn -0.410810 0.256358 -0.874937
vn -0.676526 0.356574 -0.644335
vn -0.827182 0.410299 -0.383959
vn 0.827176 0.410302 -0.383969
vn 0.634492 0.476103 -0.608889
vn 0.395841 0.352311 -0.848049
vn 0.229038 0.281966 -0.931685
vn 0.104933 0.248407 -0.962955
vn 0.000000 0.238662 -0.971103
vn -0.104931 0.248402 -0.962957
vn -0.229036 0.281964 -0.931686
vn -0.395836 0.352310 -0.848051
vn -0.634490 0.476102 -0.608892
vn -0.764090 0.538863 -0.354674
vn 0.764086 0.538863 -0.354682
vn 0.577434 0.594838 -0.559229
vn 0.373676 0.457730 -0.806752
vn 0.219813 0.373329 -0.901281
vn 0.101102 0.331746 -0.937936
vn -0.000000 0.319757 -0.947500
vn -0.101099 0.331742 -0.937937
vn -0.219810 0.373325 -0.901284
vn -0.373684 0.457738 -0.806744
vn -0.577428 0.594833 -0.559241
vn -0.682088 0.659173 -0.316619
vn 0.682098 0.659181 -0.316581
vn 0.502973 0.710161 -0.492635
vn 0.341110 0.574694 -0.743889
vn 0.205491 0.481600 -0.851959
vn 0.095087 0.433477 -0.896134
vn 0.000000 0.419860 -0.907589
vn -0.095089 0.433481 -0.896132
vn -0.205487 0.481596 -0.851963
vn -0.341110 0.574704 -0.743881
vn -0.502974 0.710165 -0.492628
vn -0.581191 0.767751 -0.269769
vn 0.581191 0.767754 -0.269761
vn 0.408929 0.817165 -0.406224
vn 0.293182 0.702758 -0.648209
vn 0.182680 0.612017 -0.769456
vn 0.085240 0.561196 -0.823282
vn -0.000000 0.547639 -0.836715
vn -0.085242 0.561200 -0.823279
vn -0.182679 0.612014 -0.769459
vn -0.293183 0.702757 -0.648211
vn -0.408937 0.817197 -0.406153
vn -0.462320 0.860387 -0.214464
vn 0.462305 0.860344 -0.214669
vn 0.294114 0.908071 -0.298169
vn 0.223235 0.834385 -0.503952
vn 0.145274 0.764685 -0.627816
vn 0.068581 0.720892 -0.689646
vn -0.000000 0.711399 -0.702789
vn -0.068582 0.720918 -0.689619
vn -0.145274 0.764702 -0.627794
vn -0.223230 0.834370 -0.503980
vn -0.294113 0.908045 -0.298247
vn -0.327505 0.932564 -0.151870
vn 0.327504 0.932592 -0.151699
vn 0.160197 0.972184 -0.170867
vn 0.125589 0.946330 -0.297805
vn 0.085146 0.916586 -0.390666
vn 0.039904 0.895724 -0.442815
vn 0.000000 0.904514 -0.426443
vn -0.039906 0.895783 -0.442697
vn -0.085148 0.916605 -0.390622
vn -0.125595 0.946346 -0.297749
vn -0.160201 0.972197 -0.170791
vn -0.155150 0.986450 -0.053339
vn 0.180694 0.979944 -0.084018
vn 0.000001 -0.981964 -0.189070
vn -0.002645 0.983320 -0.181866
vn -0.078413 0.996238 0.036904
vn 0.000000 0.001451 0.999999
vn 0.000000 0.001451 0.999999
vn 0.000000 0.021578 0.999767
vn 0.000000 0.021578 0.999767
vn 0.000000 1.000000 0.000000
vn 0.000000 1.000000 0.000000
vn 0.000000 1.000000 0.000000
vn 0.000000 1.000000 0.000000
vn 0.000000 -0.020259 -0.999795
vn 0.000000 -0.020259 -0.999795
vn 0.000000 0.001504 -0.999999
vn 0.000000 0.001504 -0.999999
vn 0.000000 -1.000000 0.000000
vn 0.000000 -1.000000 0.000000
vn 0.000000 -1.000000 0.000000
vn 0.000000 -1.000000 0.000000
vn 1.000000 0.000000 0.000000
vn 1.000000 0.000000 0.000000
vn 1.000000 -0.000001 0.000000
vn 1.000000 -0.000002 0.000000
vn 1.000000 -0.000000 0.000000
vn 1.000000 0.000000 0.000000
vn -1.000000 -0.000000 0.000000
vn -1.000000 -0.000000 0.000000
vn -1.000000 0.000000 0.000000
vn -1.000000 0.000000 0.000000
vn -1.000000 -0.000000 0.000000
vn -1.000000 0.000000 0.000000
vn 0.000000 -0.003115 -0.999995
vn 0.000000 -0.003115 -0.999995
vn -0.000021 0.018108 -0.999836
vn -0.000002 0.018403 -0.999831
vn -0.000002 -0.023612 0.999721
vn -0.000021 -0.023322 0.999728
vn 0.000000 -0.002960 0.999996
vn 0.000000 -0.002960 0.999996
vn -0.006592 -0.639167 0.769040
vn -0.005199 -0.700091 0.714035
vn -0.006075 -0.640109 0.768260
vn -0.000766 -0.703991 0.710209
vn -0.000740 0.695795 -0.718240
vn -0.006032 0.634922 -0.772553
vn -0.005079 0.692006 -0.721874
vn -0.006531 0.634029 -0.773282
vn 0.000000 -0.639970 -0.768400
vn 0.000000 -0.639970 -0.768400
vn 0.000000 -0.705366 -0.708843
vn 0.000000 -0.705369 -0.708840
vn 0.000000 0.687905 0.725800
vn 0.000000 0.687905 0.725800
vn 0.000000 0.637399 0.770534
vn 0.000000 0.637399 0.770534
vn -1.000000 -0.000001 0.000000
vn -1.000000 -0.000002 0.000000
vn -1.000000 -0.000000 0.000000
vn -1.000000 0.000000 0.000000
vn -1.000000 0.000000 0.000000
vn -1.000000 0.000000 0.000000
vn 1.000000 -0.000000 0.000000
vn 1.000000 0.000000 0.000000
vn 1.000000 0.000000 0.000000
vn 1.000000 0.000001 0.000000
vn 1.000000 0.000001 0.000000
vn 1.000000 0.000002 0.000000
vn -1.000000 0.000000 0.000000
vn -1.000000 -0.000000 0.000000
vn -1.000000 0.000000 0.000000
vn -1.000000 0.000000 0.000000
vn 0.000000 -0.000674 1.000000
vn 0.000000 -0.000674 1.000000
vn 0.000000 -0.282385 0.959301
vn 0.000000 -0.282385 0.959301
vn 1.000000 0.000000 0.000000
vn 1.000000 0.000000 0.000000
vn 1.000000 -0.000000 0.000000
vn 1.000000 0.000000 0.000000
vn 0.000000 0.280780 -0.959772
vn 0.000000 0.280779 -0.959772
vn 0.000000 -0.000654 -1.000000
vn 0.000000 -0.000654 -1.000000
vn -1.000000 -0.000001 0.000000
vn -1.000000 -0.000001 0.000000
vn 0.000000 -0.279664 -0.960098
vn 0.000000 -0.279664 -0.960098
vn 1.000000 -0.000000 0.000000
vn 1.000000 -0.000000 0.000000
vn 0.000000 0.283549 0.958958
vn 0.000000 0.283549 0.958958
vn -1.000000 0.000000 0.000000
vn -1.000000 0.000000 0.000000
vn -1.000000 0.000000 0.000000
vn -1.000000 0.000000 0.000000
vn 0.000000 -0.485213 -0.874396
vn 0.000000 -0.485212 -0.874396
vn 1.000000 0.000001 0.000000
vn 1.000000 0.000001 0.000000
vn 1.000000 -0.000000 0.000000
vn 1.000000 -0.000001 0.000000
vn 0.000000 0.489354 0.872085
vn 0.000000 0.489353 0.872086
vn -1.000000 0.000000 0.000000
vn -1.000000 0.000000 0.000000
vn 0.000000 0.488947 -0.872314
vn -0.002128 0.487096 -0.873346
vn 1.000000 -0.000000 0.000000
vn 1.000000 -0.000001 0.000000
vn -0.002135 -0.487014 0.873392
vn 0.000000 -0.488872 0.872355
vn 1.000000 0.000000 0.000000
vn 1.000000 0.000000 0.000000
vn 1.000000 0.000000 0.000000
vn 1.000000 0.000000 0.000000
vn -1.000000 0.000001 0.000000
vn -1.000000 0.000001 0.000000
vn -1.000000 -0.000000 0.000000
vn -1.000000 -0.000001 0.000000
vn -1.000000 -0.000000 0.000000
vn -1.000000 0.000001 0.000000
vn 1.000000 -0.000007 0.000000
vn 1.000000 -0.000000 0.000000
vn -0.000427 -0.409128 0.912477
vn -0.000237 -0.404041 0.914741
vn -0.000227 0.395313 -0.918546
vn -0.000411 0.400272 -0.916396
vn 0.000000 -0.408660 -0.912687
vn 0.000000 -0.408669 -0.912683
vn 0.000000 0.396326 0.918110
vn 0.000000 0.396317 0.918114
vn -1.000000 0.000000 0.000000
vn 1.000000 0.000005 0.000000
vn -1.000000 0.000000 0.000000
vn 1.000000 0.000000 0.000000
vn -1.000000 -0.000002 0.000000
vn 1.000000 -0.000011 0.000000
vn -1.000000 0.000003 0.000000
vn 1.000000 -0.000008 0.000000
vn 0.125605 -0.946455 -0.297398
vn 0.223226 -0.834342 -0.504027
vn 0.160202 -0.972222 -0.170644
vn 0.294101 -0.908021 -0.298334
vn 0.085154 -0.916673 -0.390461
vn 0.145271 -0.764675 -0.627829
vn 0.039903 -0.895733 -0.442798
vn 0.068580 -0.720894 -0.689644
vn 0.000000 -0.904446 -0.426589
vn 0.000000 -0.711421 -0.702766
vn -0.039903 -0.895699 -0.442868
vn -0.068582 -0.720893 -0.689645
vn -0.085155 -0.916681 -0.390442
vn -0.145278 -0.764719 -0.627773
vn -0.125613 -0.946482 -0.297310
vn -0.223229 -0.834362 -0.503992
vn -0.160208 -0.972244 -0.170516
vn -0.294109 -0.908029 -0.298300
vn -0.180698 -0.979961 -0.083817
vn -0.327500 -0.932549 -0.151975
vn 0.180695 -0.979950 -0.083950
vn 0.327494 -0.932558 -0.151930
vn 0.293183 -0.702757 -0.648211
vn 0.408927 -0.817160 -0.406237
vn 0.182677 -0.612005 -0.769467
vn 0.085242 -0.561197 -0.823281
vn 0.000001 -0.547652 -0.836707
vn -0.085242 -0.561192 -0.823285
vn -0.182681 -0.612018 -0.769456
vn -0.293192 -0.702778 -0.648183
vn -0.408918 -0.817158 -0.406250
vn -0.462295 -0.860343 -0.214695
vn 0.462313 -0.860363 -0.214577
vn 0.341098 -0.574674 -0.743910
vn 0.502970 -0.710157 -0.492645
vn 0.205487 -0.481592 -0.851965
vn 0.095089 -0.433482 -0.896132
vn -0.000000 -0.419870 -0.907584
vn -0.095088 -0.433481 -0.896132
vn -0.205491 -0.481607 -0.851956
vn -0.341103 -0.574694 -0.743892
vn -0.502969 -0.710158 -0.492644
vn -0.581189 -0.767749 -0.269781
vn 0.581190 -0.767751 -0.269772
vn 0.373677 -0.457731 -0.806752
vn 0.577424 -0.594828 -0.559251
vn 0.219808 -0.373321 -0.901286
vn 0.101105 -0.331756 -0.937932
vn -0.000000 -0.319757 -0.947500
vn -0.101105 -0.331760 -0.937930
vn -0.219807 -0.373322 -0.901286
vn -0.373683 -0.457734 -0.806747
vn -0.577421 -0.594825 -0.559257
vn -0.682075 -0.659161 -0.316672
vn 0.682085 -0.659169 -0.316633
vn 0.395840 -0.352311 -0.848049
vn 0.634502 -0.476111 -0.608872
vn 0.229030 -0.281959 -0.931689
vn 0.104934 -0.248407 -0.962955
vn -0.000000 -0.238638 -0.971109
vn -0.104933 -0.248408 -0.962955
vn -0.229031 -0.281957 -0.931689
vn -0.395842 -0.352314 -0.848047
vn -0.634489 -0.476102 -0.608893
vn -0.764080 -0.538856 -0.354706
vn 0.764090 -0.538864 -0.354672
vn 0.410820 -0.256367 -0.874930
vn 0.676534 -0.356584 -0.644320
vn 0.235068 -0.202539 -0.950642
vn 0.107466 -0.177410 -0.978252
vn 0.000000 -0.170046 -0.985436
vn -0.107465 -0.177410 -0.978252
vn -0.235068 -0.202540 -0.950642
vn -0.410819 -0.256365 -0.874931
vn -0.676538 -0.356579 -0.644320
vn -0.827181 -0.410298 -0.383963
vn 0.827179 -0.410304 -0.383960
vn 0.420611 -0.167302 -0.891682
vn 0.705487 -0.237320 -0.667808
vn 0.238976 -0.131062 -0.962140
vn 0.109168 -0.114369 -0.987422
vn 0.000000 -0.109424 -0.993995
vn -0.109169 -0.114370 -0.987422
vn -0.238976 -0.131063 -0.962140
vn -0.420611 -0.167304 -0.891681
vn -0.705486 -0.237330 -0.667805
vn -0.871734 -0.276268 -0.404668
vn 0.871738 -0.276264 -0.404661
vn 0.426401 -0.082638 -0.900751
vn 0.722753 -0.118582 -0.680858
vn 0.241364 -0.064420 -0.968294
vn 0.110299 -0.056088 -0.992315
vn -0.000000 -0.053553 -0.998565
vn -0.110300 -0.056087 -0.992315
vn -0.241365 -0.064420 -0.968294
vn -0.426401 -0.082637 -0.900752
vn -0.722757 -0.118581 -0.680853
vn -0.898246 -0.138981 -0.416940
vn 0.898240 -0.138999 -0.416947
vn 0.428403 0.000000 -0.903588
vn 0.728592 0.000001 -0.684948
vn 0.242220 0.000001 -0.970221
vn 0.110739 0.000000 -0.993850
vn -0.000000 0.000000 -1.000000
vn -0.110738 -0.000000 -0.993850
vn -0.242216 -0.000001 -0.970222
vn -0.428399 0.000000 -0.903590
vn -0.728592 -0.000000 -0.684949
vn -0.907049 0.000000 -0.421025
vn 0.907051 -0.000000 -0.421020
vn 0.722756 0.118583 -0.680853
vn 0.426407 0.082639 -0.900748
vn 0.241364 0.064419 -0.968294
vn 0.110299 0.056088 -0.992315
vn -0.000000 0.053553 -0.998565
vn -0.110300 0.056088 -0.992314
vn -0.241360 0.064420 -0.968295
vn -0.426403 0.082638 -0.900751
vn -0.722752 0.118580 -0.680859
vn -0.898238 0.138979 -0.416957
vn 0.898239 0.138999 -0.416949
vn 0.705498 0.237323 -0.667796
vn 0.420609 0.167302 -0.891683
vn 0.238976 0.131062 -0.962140
vn 0.109165 0.114366 -0.987423
vn 0.000000 0.109428 -0.993995
vn -0.109164 0.114364 -0.987423
vn -0.238981 0.131064 -0.962138
vn -0.420613 0.167304 -0.891681
vn -0.705495 0.237334 -0.667794
vn -0.871741 0.276271 -0.404650
vn 0.871753 0.276269 -0.404626
vn 0.676533 0.356584 -0.644322
vn 0.410808 0.256359 -0.874938
vn 0.235071 0.202543 -0.950641
vn 0.107465 0.177409 -0.978252
vn 0.000000 0.170046 -0.985436
vn -0.107462 0.177407 -0.978253
vn -0.235077 0.202546 -0.950639
vn -0.410819 0.256366 -0.874931
vn -0.676537 0.356578 -0.644322
vn -0.827185 0.410300 -0.383953
vn 0.827183 0.410306 -0.383950
vn 0.634484 0.476099 -0.608901
vn 0.395835 0.352307 -0.848054
vn 0.229037 0.281966 -0.931685
vn 0.104933 0.248406 -0.962956
vn 0.000000 0.238643 -0.971107
vn -0.104929 0.248398 -0.962958
vn -0.229037 0.281963 -0.931686
vn -0.395835 0.352308 -0.848053
vn -0.634475 0.476092 -0.608916
vn -0.764076 0.538854 -0.354717
vn 0.764076 0.538853 -0.354719
vn 0.577432 0.594836 -0.559233
vn 0.373675 0.457728 -0.806754
vn 0.219809 0.373322 -0.901285
vn 0.101103 0.331753 -0.937933
vn 0.000000 0.319776 -0.947493
vn -0.101099 0.331742 -0.937937
vn -0.219804 0.373314 -0.901289
vn -0.373679 0.457731 -0.806751
vn -0.577421 0.594826 -0.559256
vn -0.682093 0.659177 -0.316599
vn 0.682085 0.659169 -0.316632
vn 0.502970 0.710156 -0.492646
vn 0.341108 0.574691 -0.743893
vn 0.205492 0.481603 -0.851958
vn 0.095084 0.433464 -0.896141
vn 0.000000 0.419857 -0.907590
vn -0.095083 0.433449 -0.896148
vn -0.205492 0.481608 -0.851954
vn -0.341108 0.574699 -0.743886
vn -0.502960 0.710143 -0.492674
vn -0.581172 0.767724 -0.269887
vn 0.581181 0.767739 -0.269826
vn 0.408923 0.817157 -0.406248
vn 0.293180 0.702757 -0.648212
vn 0.182672 0.611990 -0.769480
vn 0.085239 0.561179 -0.823293
vn 0.000000 0.547685 -0.836685
vn -0.085237 0.561164 -0.823304
vn -0.182677 0.612000 -0.769471
vn -0.293192 0.702778 -0.648183
vn -0.408930 0.817184 -0.406186
vn -0.462310 0.860373 -0.214541
vn 0.462308 0.860355 -0.214616
vn 0.294109 0.908042 -0.298261
vn 0.223235 0.834381 -0.503959
vn 0.145284 0.764750 -0.627734
vn 0.068583 0.720919 -0.689618
vn 0.000000 0.711470 -0.702717
vn -0.068583 0.720916 -0.689620
vn -0.145282 0.764733 -0.627755
vn -0.223237 0.834396 -0.503932
vn -0.294102 0.908012 -0.298359
vn -0.327492 0.932526 -0.152131
vn 0.327496 0.932561 -0.151909
vn 0.160202 0.972222 -0.170647
vn 0.125600 0.946383 -0.297631
vn 0.085143 0.916516 -0.390831
vn 0.039904 0.895722 -0.442821
vn 0.000000 0.904450 -0.426581
vn -0.039904 0.895752 -0.442759
vn -0.085143 0.916591 -0.390655
vn -0.125596 0.946374 -0.297660
vn -0.160208 0.972241 -0.170531
vn -0.155149 0.986449 -0.053356
vn 0.180698 0.979968 -0.083734
vn 0.000001 -0.981944 -0.189172
vn -0.002645 0.983327 -0.181828
vn -0.078415 0.996264 0.036196
vn 0.000000 1.000000 0.000000
vn 0.000000 1.000000 0.000000
vn 0.000000 1.000000 0.000000
vn 0.000000 1.000000 0.000000
vn 0.000000 0.000000 -1.000000
vn 0.000000 0.000000 -1.000000
vn 0.000000 0.000000 -1.000000
vn 0.000000 0.000000 -1.000000
vn 0.000000 -1.000000 0.000000
vn 0.000000 -1.000000 0.000000
vn 0.000000 -1.000000 0.000000
vn 0.000000 -1.000000 0.000000
vn 1.000000 0.000000 0.000000
vn 1.000000 0.000000 0.000000
vn 1.000000 0.000000 0.000000
vn 1.000000 0.000000 0.000000
vn -1.000000 0.000000 0.000000
vn -1.000000 0.000000 0.000000
vn -1.000000 0.000000 0.000000
vn -1.000000 0.000000 0.000000
vn -0.683755 0.729712 0.000000
vn -0.684696 0.728828 0.000000
vn -0.670658 0.741767 -0.000481
vn -0.670295 0.742094 0.001224
vn -0.538136 0.842857 0.001006
vn -0.599445 0.800413 -0.001864
vn -0.014099 -0.999901 0.000000
vn -0.015373 -0.999882 0.000000
vn 0.000000 -1.000000 0.000000
vn 0.000000 -1.000000 0.000000
vn 0.000000 -1.000000 0.000000
vn 0.000000 -1.000000 0.000000
vn 0.999998 -0.002194 0.000000
vn 0.999998 -0.002194 0.000000
vn 0.999995 0.003172 0.000000
vn 0.999995 0.003172 0.000000
vn -0.999998 -0.002194 0.000000
vn -0.999998 -0.002194 0.000000
vn -0.999995 0.003172 0.000000
vn -0.999995 0.003172 0.000000
vn 0.000000 0.000000 1.000000
vn 0.000000 0.000000 1.000000
vn 0.013632 0.000000 0.999907
vn 0.013632 0.000000 0.999907
vn 0.000000 1.000000 -0.000000
vn 0.000000 1.000000 0.000000
vn 0.000000 1.000000 0.000002
vn 0.000000 1.000000 0.000001
vn 0.000000 1.000000 0.000000
vn 0.000000 1.000000 -0.000001
vn 0.000000 0.000000 -1.000000
vn 0.000000 0.000000 -1.000000
vn -0.013632 0.000000 -0.999907
vn -0.013632 0.000000 -0.999907
vn 0.000000 -1.000000 0.000000
vn 0.000000 -1.000000 0.000000
vn 0.000000 -1.000000 0.000000
vn 0.000000 -1.000000 0.000000
vn 0.000000 -1.000000 0.000000
vn 0.000000 -1.000000 0.000000
vn 0.739224 0.000000 0.673460
vn 0.739224 0.000000 0.673460
vn 0.745842 0.000000 0.666123
vn 0.745104 -0.000001 0.666948
vn -0.739224 0.000000 -0.673460
vn -0.739224 0.000000 -0.673460
vn -0.745104 0.000001 -0.666948
vn -0.745842 0.000000 -0.666123
vn -0.013632 0.000000 0.999907
vn -0.013632 0.000000 0.999907
vn 0.013632 0.000000 -0.999907
vn 0.013632 0.000000 -0.999907
vn -0.745842 0.000000 0.666123
vn -0.745104 -0.000001 0.666948
vn -0.739224 0.000000 0.673460
vn -0.739224 0.000000 0.673460
vn 0.745104 0.000001 -0.666948
vn 0.745842 0.000000 -0.666123
vn 0.739224 0.000000 -0.673460
vn 0.739224 0.000000 -0.673460
vn 0.014099 -0.999901 0.000000
vn 0.015373 -0.999882 0.000000
vn 0.000000 -1.000000 0.000000
vn 0.000000 -1.000000 0.000000
vn 0.000000 -1.000000 0.000000
vn 0.000000 -1.000000 0.000000
vn 0.683755 0.729712 0.000000
vn 0.684696 0.728828 -0.000000
vn 0.670544 0.741870 0.000710
vn 0.533658 0.845700 0.001037
vn 0.670489 0.741919 -0.000837
vn 0.602012 0.798485 -0.001800
vn 0.000000 -1.000000 0.000000
vn 0.000000 -1.000000 0.000000
vn 0.000000 -1.000000 0.000000
vn 0.000000 -1.000000 0.000000
vn 0.000000 -1.000000 0.000000
vn 0.000000 -1.000000 0.000000
vn 0.000000 1.000000 -0.000036
vn 0.000000 1.000000 -0.000002
vn -0.004231 0.999990 0.001670
vn 0.000000 1.000000 0.000000
vn 0.000000 1.000000 0.000000
vn -0.002089 0.999959 -0.008781
vn 0.539209 -0.000029 0.842172
vn 0.561455 -0.000008 0.827508
vn 0.281088 -0.000022 0.959682
vn 0.333234 -0.000024 0.942844
vn 0.005383 0.000000 0.999986
vn 0.016160 -0.000003 0.999870
vn -0.561455 0.000008 -0.827507
vn -0.539209 0.000029 -0.842172
vn -0.333234 0.000024 -0.942844
vn -0.281088 0.000022 -0.959682
vn -0.016160 0.000003 -0.999870
vn -0.005383 0.000000 -0.999986
vn -0.005383 0.000000 0.999986
vn -0.281088 -0.000022 0.959682
vn -0.016160 -0.000003 0.999870
vn -0.333234 -0.000024 0.942844
vn -0.539209 -0.000029 0.842172
vn -0.561455 -0.000008 0.827508
vn 0.333234 0.000024 -0.942844
vn 0.281088 0.000022 -0.959682
vn 0.016160 0.000003 -0.999870
vn 0.005383 0.000000 -0.999986
vn 0.561455 0.000008 -0.827508
vn 0.539209 0.000029 -0.842172
vn 0.000000 -1.000000 0.000000
vn 0.000000 -1.000000 0.000000
vn 0.000000 -1.000000 0.000000
vn 0.004231 0.999990 0.001671
vn 0.409937 0.901643 0.137810
vn 0.584774 0.803244 0.113303
vn 0.565624 0.810600 -0.151650
vn 0.251134 0.931398 -0.263494
vn 0.002089 0.999959 -0.008781
vn 0.000000 -1.000000 0.000000
vn 0.000000 -1.000000 0.000000
vn 0.000000 -1.000000 0.000000
vn 0.000000 -1.000000 0.000000
vn 0.000000 -1.000000 0.000000
vn -0.584775 0.803245 0.113294
vn -0.409937 0.901643 0.137810
vn -0.251134 0.931398 -0.263494
vn -0.565622 0.810598 -0.151668
vn 0.000000 -1.000000 0.000000
vn 0.000000 -1.000000 0.000000
vn 0.000000 -1.000000 0.000000
vn 0.000000 -1.000000 0.000000
vn 0.000000 1.000000 -0.000018
vn 0.000000 1.000000 0.000006
vn 0.000000 -1.000000 0.000000
vn 0.000000 -1.000000 0.000000
vn 0.000000 1.000000 -0.000002
vn 0.000000 1.000000 0.000000
vn 0.414156 0.000000 0.910206
vn 0.414155 0.000000 0.910206
vn -0.414155 0.000000 -0.910206
vn -0.414155 0.000000 -0.910206
vn -0.414155 0.000000 0.910206
vn -0.414156 0.000000 0.910206
vn 0.414155 0.000000 -0.910206
vn 0.414155 0.000000 -0.910206
vn 0.000000 -1.000000 0.000000
vn 0.000000 1.000000 0.000000
vn 0.000000 1.000000 0.000000
vn 0.000000 -1.000000 0.000000
vn 0.000000 -1.000000 0.000000
vn 0.000000 1.000000 0.000000
vn 0.000000 1.000000 0.000000
vn 0.000000 -1.000000 0.000000
vn -0.258811 -0.965928 0.000000
vn -0.258811 -0.965928 0.000000
vn -0.707114 -0.707100 0.000000
vn -0.866026 -0.499999 0.000000
vn -0.707109 -0.707105 0.000000
vn -0.866026 -0.499999 0.000000
vn 0.866026 -0.499999 0.000000
vn 0.866026 -0.499999 0.000000
vn 0.707109 -0.707105 0.000000
vn 0.707114 -0.707100 0.000000
vn 0.258811 -0.965928 0.000000
vn 0.258811 -0.965928 0.000000
vn -0.978271 0.207329 0.000000
vn -0.978271 0.207330 0.000000
vn -0.914029 0.405650 0.000000
vn -0.914028 0.405651 0.000000
vn -0.810065 0.586340 0.000000
vn -0.810065 0.586341 0.000000
vn 0.810065 0.586341 0.000000
vn 0.810065 0.586340 0.000000
vn 0.914028 0.405651 0.000000
vn 0.914029 0.405650 0.000000
vn 0.978271 0.207330 0.000000
vn 0.978271 0.207329 0.000000
vn 0.000000 0.000000 1.000000
vn 0.000000 0.000000 1.000000
vn 0.000000 0.000000 1.000000
vn 0.000000 0.000000 1.000000
vn -0.000000 0.000000 1.000000
vn -0.000001 0.000000 1.000000
vn 0.000000 0.000000 1.000000
vn -0.000001 0.000000 1.000000
vn 0.000002 0.000000 1.000000
vn 0.000000 0.000000 -1.000000
vn 0.000000 0.000000 -1.000000
vn -0.000000 0.000000 -1.000000
vn 0.000000 0.000000 -1.000000
vn 0.000000 0.000000 -1.000000
vn -0.000001 0.000000 -1.000000
vn 0.000000 0.000000 -1.000000
vn -0.000001 0.000000 -1.000000
vn 0.000002 0.000000 -1.000000
vn -0.000000 0.000000 1.000000
vn -0.000000 0.000000 1.000000
vn 0.000000 0.000000 1.000000
vn -0.000000 0.000000 1.000000
vn -0.000000 0.000000 1.000000
vn 0.000001 0.000000 1.000000
vn -0.000000 0.000000 1.000000
vn 0.000001 0.000000 1.000000
vn -0.000002 0.000000 1.000000
vn 0.000000 0.000000 -1.000000
vn -0.000000 0.000000 -1.000000
vn 0.000000 0.000000 -1.000000
vn 0.000000 0.000000 -1.000000
vn 0.000000 0.000000 -1.000000
vn 0.000001 0.000000 -1.000000
vn -0.000000 0.000000 -1.000000
vn 0.000001 0.000000 -1.000000
vn -0.000002 0.000000 -1.000000
vn 0.000000 0.088531 0.996073
vn 0.000000 0.088531 0.996073
vn 0.000000 0.000000 1.000000
vn 0.000000 0.000000 1.000000
vn 0.009083 -0.999959 0.000000
vn 0.009083 -0.999959 0.000000
vn -0.009083 -0.999959 0.000000
vn -0.009083 -0.999959 0.000000
vn 0.009079 0.000000 -0.999959
vn 0.009079 0.000000 -0.999959
vn -0.009079 0.000000 -0.999959
vn -0.009079 0.000000 -0.999959
vn 0.000000 1.000000 0.000000
vn 0.000000 1.000000 0.000000
vn 0.000000 0.996035 0.088958
vn 0.000000 0.996035 0.088958
vn -1.000000 0.000000 0.000000
vn -1.000000 0.000000 0.000000
vn -0.999968 -0.007974 0.000000
vn -0.999968 -0.007974 0.000000
vn 0.000000 -0.991524 -0.129922
vn 0.000000 -0.991524 -0.129922
vn 0.000000 -1.000000 0.000000
vn 0.000000 -1.000000 0.000000
vn 0.000000 1.000000 0.000000
vn 0.000000 1.000000 0.000000
vn 1.000000 0.000000 0.000000
vn 1.000000 -0.000002 0.000000
vn 1.000000 -0.000000 0.000000
vn 1.000000 -0.000005 0.000000
vn 1.000000 0.000000 0.000000
vn 1.000000 0.000000 0.000000
vn 1.000000 0.000000 0.000000
vn 0.999968 -0.007976 0.000000
vn 0.999968 -0.007975 0.000000
vn 0.000000 0.500014 0.866018
vn 0.000000 0.500014 0.866018
vn 0.000000 0.866057 0.499946
vn 0.000000 0.866030 0.499991
vn 1.000000 0.000000 0.000000
vn 1.000000 0.000000 0.000000
vn 1.000000 -0.000003 0.000000
vn 1.000000 -0.000001 0.000000
vn 1.000000 0.000000 0.000000
vn 1.000000 0.000002 0.000000
vn -1.000000 0.000000 0.000000
vn -1.000000 -0.000002 0.000000
vn -1.000000 -0.000004 0.000000
vn -1.000000 0.000000 0.000000
vn -1.000000 0.000000 0.000000
vn -1.000000 0.000002 0.000000
vn -1.000000 0.000000 0.000000
vn -1.000000 -0.000011 0.000000
vn 0.999979 0.000000 -0.006474
vn 0.999979 0.000000 -0.006474
vn -1.000000 0.000000 0.000000
vn -1.000000 0.000000 0.000000
vn -0.999979 0.000000 -0.006473
vn -0.999979 0.000000 -0.006472
vn 0.000000 0.000000 1.000000
vn 0.000000 0.000000 1.000000
vn -1.000000 0.000000 0.000000
vn 0.000000 0.000000 -1.000000
vn 0.000000 0.000000 -1.000000
vn 0.000000 -0.175805 -0.984425
vn 0.000000 -0.175824 -0.984422
vn 1.000000 -0.000001 0.000000
vn -1.000000 0.000000 0.000000
vn 0.000000 -0.866030 -0.499992
vn 0.000000 -0.866030 -0.499992
vn 0.000000 -0.500010 -0.866020
vn 0.000000 -0.500028 -0.866009
vn 1.000000 -0.000004 0.000000
vn 1.000000 0.000002 0.000000
vn 1.000000 0.000002 0.000000
vn 1.000000 0.000000 0.000000
vn -1.000000 0.000003 0.000000
vn -1.000000 0.000002 0.000000
vn -1.000000 0.000000 0.000000
vn -1.000000 0.000007 0.000000
vn 0.923879 -0.382686 0.000000
vn 0.923871 -0.382703 0.000000
vn 0.707099 -0.707114 0.000000
vn 0.707099 -0.707114 0.000000
vn 0.382691 -0.923876 0.000000
vn 0.382698 -0.923874 0.000000
vn -0.382695 -0.923875 0.000000
vn -0.382698 -0.923874 0.000000
vn -0.707102 -0.707112 0.000000
vn -0.707102 -0.707112 0.000000
vn -0.923883 -0.382675 0.000000
vn -0.923879 -0.382684 0.000000
vn -0.382677 0.000000 -0.923882
vn -0.382692 0.000000 -0.923876
vn -0.707099 0.000000 -0.707114
vn -0.707107 0.000000 -0.707107
vn -0.923881 0.000000 -0.382680
vn -0.923882 0.000000 -0.382677
vn 0.923873 0.000000 -0.382699
vn 0.923877 0.000000 -0.382689
vn 0.707099 0.000000 -0.707115
vn 0.707106 0.000000 -0.707107
vn 0.382681 0.000000 -0.923881
vn 0.382687 0.000000 -0.923878
vn -0.000000 0.000000 1.000000
vn 0.000000 0.000000 1.000000
vn -0.000000 0.000000 1.000000
vn -0.000001 0.000000 1.000000
vn -0.000000 0.000000 1.000000
vn 0.000000 0.000000 1.000000
vn 0.000001 0.000000 1.000000
vn 0.000001 0.000000 1.000000
vn -0.000002 0.000000 1.000000
vn 0.000000 0.000000 1.000000
vn -0.000000 0.000000 -1.000000
vn 0.000000 0.000000 -1.000000
vn -0.000000 0.000000 -1.000000
vn -0.000001 0.000000 -1.000000
vn -0.000000 0.000000 -1.000000
vn 0.000000 0.000000 -1.000000
vn 0.000001 0.000000 -1.000000
vn 0.000001 0.000000 -1.000000
vn -0.000002 0.000000 -1.000000
vn 0.000000 0.000000 -1.000000
vn 0.000000 -1.000000 0.000001
vn 0.000000 -1.000000 -0.000003
vn 0.000000 -1.000000 0.000004
vn 0.000000 -1.000000 -0.000069
vn 0.000000 -1.000000 -0.000001
vn 0.000000 -1.000000 -0.000072
vn 0.000000 -1.000000 0.000000
vn 0.000000 -1.000000 -0.000000
vn 0.000000 -1.000000 -0.000006
vn 0.000000 -1.000000 0.000000
vn 0.000000 1.000000 0.000000
vn 0.000000 1.000000 0.000000
vn 0.000000 1.000000 0.000011
vn 0.000000 1.000000 -0.000037
vn 0.000000 1.000000 0.000036
vn 0.000000 1.000000 -0.000107
vn 0.000000 1.000000 0.000083
vn 0.000000 1.000000 -0.000226
vn 0.000000 1.000000 0.000000
vn 0.000000 1.000000 0.000000
vn 0.000000 -0.088531 0.996073
vn 0.000000 -0.088531 0.996073
vn 0.000000 0.000000 1.000000
vn 0.000000 0.000000 1.000000
vn -0.009083 0.999959 0.000000
vn -0.009083 0.999959 0.000000
vn 0.009083 0.999959 0.000000
vn 0.009083 0.999959 0.000000
vn -0.009079 0.000000 -0.999959
vn -0.009079 0.000000 -0.999959
vn 0.009079 0.000000 -0.999959
vn 0.009079 0.000000 -0.999959
vn 0.000000 -1.000000 0.000000
vn 0.000000 -1.000000 0.000000
vn 0.000000 -0.996035 0.088958
vn 0.000000 -0.996035 0.088958
vn 1.000000 -0.000000 0.000000
vn 1.000000 0.000000 0.000000
vn 0.999968 0.007974 0.000000
vn 0.999968 0.007974 0.000000
vn 0.000000 0.991524 -0.129922
vn 0.000000 0.991524 -0.129922
vn 0.000000 1.000000 0.000000
vn 0.000000 1.000000 0.000000
vn 0.000000 -1.000000 0.000000
vn 0.000000 -1.000000 0.000000
vn -1.000000 0.000000 0.000000
vn -1.000000 -0.000003 0.000000
vn -1.000000 -0.000000 0.000000
vn -1.000000 -0.000005 0.000000
vn -1.000000 0.000000 0.000000
vn -1.000000 0.000000 0.000000
vn -1.000000 0.000000 0.000000
vn -0.999968 0.007976 0.000000
vn -0.999968 0.007975 0.000000
vn 0.000000 -0.500014 0.866018
vn 0.000000 -0.500013 0.866018
vn 0.000000 -0.866057 0.499946
vn 0.000000 -0.866030 0.499991
vn -1.000000 0.000000 0.000000
vn -1.000000 -0.000000 0.000000
vn -1.000000 0.000010 0.000000
vn -1.000000 -0.000005 0.000000
vn -1.000000 -0.000003 0.000000
vn -1.000000 0.000000 0.000000
vn 1.000000 0.000000 0.000000
vn 1.000000 0.000000 0.000000
vn 1.000000 0.000000 0.000000
vn 1.000000 0.000000 0.000000
vn 1.000000 0.000000 0.000000
vn 1.000000 0.000002 0.000000
vn 1.000000 0.000000 0.000000
vn 1.000000 -0.000007 0.000000
vn -0.999979 0.000000 -0.006474
vn -0.999979 0.000000 -0.006474
vn 1.000000 0.000000 0.000000
vn 1.000000 0.000000 0.000000
vn 0.999979 0.000000 -0.006473
vn 0.999979 0.000000 -0.006472
vn 0.000000 0.000000 1.000000
vn -0.000000 0.000000 1.000000
vn 1.000000 -0.000002 0.000000
vn -0.000000 0.000000 -1.000000
vn 0.000000 0.000000 -1.000000
vn 0.000000 0.175805 -0.984425
vn 0.000000 0.175824 -0.984422
vn -1.000000 0.000000 0.000000
vn 1.000000 0.000000 0.000000
vn 0.000000 0.866030 -0.499992
vn 0.000000 0.866030 -0.499991
vn 0.000000 0.500010 -0.866020
vn 0.000000 0.500028 -0.866009
vn -1.000000 0.000000 0.000000
vn -1.000000 0.000000 0.000000
vn -1.000000 0.000000 0.000000
vn -1.000000 0.000000 0.000000
vn 1.000000 0.000000 0.000000
vn 1.000000 0.000000 0.000000
vn 1.000000 -0.000000 0.000000
vn 1.000000 -0.000002 0.000000
vn -0.923879 0.382686 0.000000
vn -0.923871 0.382703 0.000000
vn -0.707099 0.707114 0.000000
vn -0.707099 0.707114 0.000000
vn -0.382691 0.923876 0.000000
vn -0.382698 0.923874 0.000000
vn 0.382695 0.923875 0.000000
vn 0.382698 0.923874 0.000000
vn 0.707102 0.707112 0.000000
vn 0.707102 0.707112 0.000000
vn 0.923883 0.382675 0.000000
vn 0.923879 0.382684 0.000000
vn 0.382682 0.000000 -0.923880
vn 0.382697 0.000000 -0.923874
vn 0.707096 0.000000 -0.707117
vn 0.707106 0.000000 -0.707107
vn 0.923879 0.000000 -0.382684
vn 0.923882 0.000000 -0.382677
vn -0.923871 0.000000 -0.382705
vn -0.923877 0.000000 -0.382691
vn -0.707096 0.000000 -0.707117
vn -0.707106 0.000000 -0.707107
vn -0.382685 0.000000 -0.923879
vn -0.382684 0.000000 -0.923879
vn 0.000000 0.000000 1.000000
vn -0.000000 0.000000 1.000000
vn 0.000000 0.000000 1.000000
vn 0.000001 0.000000 1.000000
vn 0.000000 0.000000 1.000000
vn -0.000000 0.000000 1.000000
vn -0.000001 0.000000 1.000000
vn -0.000001 0.000000 1.000000
vn 0.000002 0.000000 1.000000
vn 0.000000 0.000000 1.000000
vn 0.000000 0.000000 -1.000000
vn -0.000000 0.000000 -1.000000
vn 0.000000 0.000000 -1.000000
vn 0.000001 0.000000 -1.000000
vn 0.000000 0.000000 -1.000000
vn -0.000000 0.000000 -1.000000
vn -0.000001 0.000000 -1.000000
vn -0.000001 0.000000 -1.000000
vn 0.000002 0.000000 -1.000000
vn 0.000000 0.000000 -1.000000
vn 0.000000 1.000000 -0.000000
vn 0.000000 1.000000 -0.000000
vn 0.000000 1.000000 0.000003
vn 0.000000 1.000000 -0.000038
vn 0.000000 1.000000 -0.000100
vn 0.000000 1.000000 0.000020
vn 0.000000 1.000000 0.000016
vn 0.000000 1.000000 0.000481
vn 0.000000 1.000000 -0.000052
vn 0.000000 1.000000 0.000000
vn 0.000000 -1.000000 0.000000
vn 0.000000 -1.000000 0.000000
vn 0.000000 -1.000000 0.000015
vn 0.000000 -1.000000 0.000000
vn 0.000000 -1.000000 0.000027
vn 0.000000 -1.000000 -0.000000
vn 0.000000 -1.000000 -0.000054
vn 0.000000 -1.000000 -0.000090
vn 0.000000 -1.000000 0.000000
vn 0.000000 -1.000000 0.000000
vn 0.000000 1.000000 0.000000
vn 0.000000 1.000000 0.000000
vn 0.000000 1.000000 0.000000
vn 0.000000 1.000000 0.000000
vn 0.000000 0.000000 -1.000000
vn 0.000000 0.000000 -1.000000
vn 0.000000 0.000000 -1.000000
vn 0.000000 0.000000 -1.000000
vn 0.000000 -1.000000 0.000000
vn 0.000000 -1.000000 0.000000
vn 0.000000 -1.000000 0.000000
vn 0.000000 -1.000000 0.000000
vn 1.000000 0.000000 0.000000
vn 1.000000 0.000000 0.000000
vn 1.000000 0.000000 0.000000
vn 1.000000 0.000000 0.000000
vn -1.000000 0.000000 0.000000
vn -1.000000 0.000000 0.000000
vn -1.000000 0.000000 0.000000
vn -1.000000 0.000000 0.000000
vn 0.951051 -0.001906 -0.309029
vn 0.809008 -0.001906 -0.587794
vn 0.951058 0.001906 -0.309005
vn 0.809024 0.001906 -0.587773
vn 0.587772 -0.001906 -0.809024
vn 0.587792 0.001906 -0.809010
vn 0.309004 -0.001906 -0.951059
vn 0.309027 0.001906 -0.951051
vn -0.000014 -0.001906 -0.999998
vn 0.000014 0.001906 -0.999998
vn -0.309029 -0.001906 -0.951051
vn -0.309005 0.001906 -0.951059
vn -0.587792 -0.001906 -0.809010
vn -0.587773 0.001906 -0.809024
vn -0.809024 -0.001906 -0.587772
vn -0.809010 0.001906 -0.587792
vn -0.951059 -0.001906 -0.309004
vn -0.951051 0.001906 -0.309027
vn -0.999998 -0.001906 0.000012
vn -0.999998 0.001906 -0.000012
vn -0.951051 -0.001906 0.309027
vn -0.951059 0.001906 0.309005
vn -0.809010 -0.001906 0.587792
vn -0.809024 0.001906 0.587773
vn -0.587773 -0.001906 0.809024
vn -0.587792 0.001906 0.809010
vn -0.309006 -0.001906 0.951058
vn -0.309026 0.001906 0.951052
vn 0.000010 -0.001906 0.999998
vn -0.000010 0.001906 0.999998
vn 0.309026 -0.001906 0.951052
vn 0.309006 0.001906 0.951058
vn 0.587792 -0.001906 0.809010
vn 0.587773 0.001906 0.809023
vn 0.809023 -0.001906 0.587774
vn 0.809009 0.001906 0.587793
vn 0.951058 -0.001906 0.309007
vn 0.951051 0.001906 0.309029
vn 0.999998 -0.001906 -0.000012
vn 0.999998 0.001906 0.000012
vn 0.029308 -0.999336 -0.021636
vn 0.034557 -0.999336 -0.011530
vn 0.000000 -1.000000 -0.000000
vn 0.021190 -0.999337 -0.029615
vn 0.010998 -0.999337 -0.034718
vn -0.000270 -0.999337 -0.036421
vn -0.011512 -0.999336 -0.034555
vn -0.021628 -0.999336 -0.029311
vn -0.029626 -0.999336 -0.021195
vn -0.034724 -0.999337 -0.010997
vn -0.036423 -0.999336 0.000268
vn -0.034557 -0.999336 0.011514
vn -0.029308 -0.999336 0.021628
vn -0.021190 -0.999337 0.029623
vn -0.010998 -0.999337 0.034719
vn 0.000270 -0.999337 0.036417
vn 0.011512 -0.999337 0.034546
vn 0.021628 -0.999337 0.029299
vn 0.029626 -0.999336 0.021210
vn 0.034724 -0.999336 0.011014
vn 0.036423 -0.999336 -0.000269
vn 0.034738 0.999336 -0.010982
vn 0.029638 0.999336 -0.021183
vn 0.000000 1.000000 -0.000001
vn 0.021637 0.999336 -0.029314
vn 0.011517 0.999336 -0.034576
vn 0.000270 0.999336 -0.036432
vn -0.011002 0.999336 -0.034733
vn -0.021198 0.999336 -0.029631
vn -0.029320 0.999336 -0.021638
vn -0.034571 0.999336 -0.011520
vn -0.036438 0.999336 -0.000273
vn -0.034738 0.999336 0.011000
vn -0.029638 0.999336 0.021196
vn -0.021636 0.999336 0.029304
vn -0.011517 0.999337 0.034555
vn -0.000271 0.999336 0.036430
vn 0.011002 0.999336 0.034742
vn 0.021199 0.999336 0.029639
vn 0.029320 0.999336 0.021620
vn 0.034571 0.999336 0.011503
vn 0.036438 0.999336 0.000269
vn 0.496703 -0.852216 -0.164358
vn 0.421602 -0.852220 -0.309796
vn 0.917372 -0.261787 -0.299828
vn 0.779814 -0.261805 -0.568637
vn 0.667293 -0.711469 -0.220301
vn 0.566550 -0.711480 -0.415714
vn 0.305233 -0.852219 -0.424919
vn 0.565939 -0.261795 -0.781777
vn 0.410357 -0.711471 -0.570452
vn 0.158990 -0.852224 -0.498435
vn 0.296663 -0.261809 -0.918394
vn 0.213998 -0.711493 -0.669315
vn -0.002823 -0.852221 -0.523174
vn -0.001667 -0.261796 -0.965122
vn -0.003319 -0.711489 -0.702689
vn -0.164355 -0.852199 -0.496733
vn -0.299834 -0.261805 -0.917365
vn -0.220295 -0.711428 -0.667338
vn -0.309807 -0.852228 -0.421577
vn -0.568623 -0.261793 -0.779829
vn -0.415739 -0.711490 -0.566518
vn -0.424922 -0.852210 -0.305254
vn -0.781799 -0.261797 -0.565908
vn -0.570464 -0.711458 -0.410365
vn -0.498454 -0.852216 -0.158970
vn -0.918396 -0.261811 -0.296655
vn -0.669361 -0.711455 -0.213978
vn -0.523180 -0.852218 0.002818
vn -0.965122 -0.261797 0.001679
vn -0.702701 -0.711478 0.003314
vn -0.496711 -0.852212 0.164353
vn -0.917372 -0.261797 0.299817
vn -0.667311 -0.711458 0.220281
vn -0.421597 -0.852221 0.309798
vn -0.779816 -0.261789 0.568641
vn -0.566553 -0.711476 0.415717
vn -0.305235 -0.852215 0.424925
vn -0.565937 -0.261801 0.781778
vn -0.410356 -0.711467 0.570458
vn -0.158988 -0.852234 0.498417
vn -0.296668 -0.261810 0.918392
vn -0.214001 -0.711503 0.669304
vn 0.002822 -0.852225 0.523167
vn 0.001670 -0.261803 0.965120
vn 0.003318 -0.711488 0.702691
vn 0.164354 -0.852212 0.496712
vn 0.299830 -0.261806 0.917366
vn 0.220301 -0.711462 0.667300
vn 0.309806 -0.852217 0.421601
vn 0.568633 -0.261790 0.779822
vn 0.415730 -0.711473 0.566547
vn 0.424915 -0.852219 0.305239
vn 0.781799 -0.261793 0.565910
vn 0.570440 -0.711493 0.410336
vn 0.498442 -0.852221 0.158983
vn 0.918396 -0.261802 0.296662
vn 0.669334 -0.711481 0.213978
vn 0.523176 -0.852220 -0.002813
vn 0.965121 -0.261797 -0.001685
vn 0.702697 -0.711482 -0.003312
vn 0.498463 0.852211 -0.158969
vn 0.523189 0.852212 0.002822
vn 0.918395 0.261830 -0.296639
vn 0.965111 0.261838 0.001655
vn 0.669321 0.711495 -0.213973
vn 0.702672 0.711506 0.003319
vn 0.424930 0.852203 -0.305262
vn 0.570429 0.711488 -0.410360
vn 0.781764 0.261821 -0.565946
vn 0.309811 0.852216 -0.421598
vn 0.415713 0.711500 -0.566525
vn 0.568622 0.261820 -0.779820
vn 0.164359 0.852192 -0.496744
vn 0.220291 0.711473 -0.667291
vn 0.299812 0.261815 -0.917369
vn 0.002824 0.852209 -0.523194
vn 0.003318 0.711478 -0.702700
vn 0.001668 0.261809 -0.965118
vn -0.158984 0.852201 -0.498476
vn -0.213974 0.711492 -0.669323
vn -0.296651 0.261819 -0.918395
vn -0.305236 0.852195 -0.424965
vn -0.410333 0.711473 -0.570467
vn -0.565939 0.261818 -0.781770
vn -0.421610 0.852214 -0.309801
vn -0.566540 0.711503 -0.415688
vn -0.779799 0.261820 -0.568651
vn -0.496723 0.852202 -0.164370
vn -0.667289 0.711470 -0.220310
vn -0.917363 0.261823 -0.299824
vn -0.523186 0.852214 -0.002836
vn -0.702668 0.711510 -0.003332
vn -0.965114 0.261823 -0.001657
vn -0.498470 0.852204 0.158984
vn -0.669335 0.711479 0.213982
vn -0.918393 0.261838 0.296639
vn -0.424934 0.852205 0.305250
vn -0.570434 0.711489 0.410352
vn -0.781765 0.261811 0.565948
vn -0.309814 0.852218 0.421592
vn -0.415721 0.711515 0.566500
vn -0.568616 0.261816 0.779826
vn -0.164358 0.852204 0.496724
vn -0.220288 0.711471 0.667294
vn -0.299815 0.261819 0.917367
vn -0.002823 0.852208 0.523195
vn -0.003317 0.711476 0.702703
vn -0.001670 0.261816 0.965116
vn 0.158983 0.852204 0.498471
vn 0.213973 0.711491 0.669325
vn 0.296650 0.261831 0.918392
vn 0.305241 0.852200 0.424951
vn 0.410332 0.711475 0.570466
vn 0.565934 0.261816 0.781774
vn 0.421611 0.852213 0.309803
vn 0.566516 0.711517 0.415697
vn 0.779818 0.261802 0.568634
vn 0.496706 0.852210 0.164380
vn 0.667254 0.711498 0.220325
vn 0.917362 0.261826 0.299823
s 1
g polySurface3
usemtl initialShadingGroup
f 2/2/1 13/3/2 1/1/3
f 1/1/3 13/3/2 12/4/4
f 3/5/5 14/6/6 2/2/1
f 2/2/1 14/6/6 13/3/2
f 4/7/7 15/8/8 3/5/5
f 3/5/5 15/8/8 14/6/6
f 5/9/9 16/10/10 4/7/7
f 4/7/7 16/10/10 15/8/8
f 5/9/9 6/11/11 16/10/10
f 16/10/10 6/11/11 17/12/12
f 6/11/11 7/13/13 17/12/12
f 17/12/12 7/13/13 18/14/14
f 7/13/13 8/15/15 18/14/14
f 18/14/14 8/15/15 19/16/16
f 8/15/15 9/17/17 19/16/16
f 19/16/16 9/17/17 20/18/18
f 9/17/17 10/19/19 20/18/18
f 20/18/18 10/19/19 21/20/20
f 1/22/3 12/23/4 11/21/21
f 11/21/21 12/23/4 22/24/22
f 13/3/2 24/25/23 12/4/4
f 12/4/4 24/25/23 23/26/24
f 14/6/6 25/27/25 13/3/2
f 13/3/2 25/27/25 24/25/23
f 15/8/8 26/28/26 14/6/6
f 14/6/6 26/28/26 25/27/25
f 16/10/10 27/29/27 15/8/8
f 15/8/8 27/29/27 26/28/26
f 16/10/10 17/12/12 27/29/27
f 27/29/27 17/12/12 28/30/28
f 17/12/12 18/14/14 28/30/28
f 28/30/28 18/14/14 29/31/29
f 18/14/14 19/16/16 29/31/29
f 29/31/29 19/16/16 30/32/30
f 19/16/16 20/18/18 30/32/30
f 30/32/30 20/18/18 31/33/31
f 20/18/18 21/20/20 31/33/31
f 31/33/31 21/20/20 32/34/32
f 12/23/4 23/35/24 22/24/22
f 22/24/22 23/35/24 33/36/33
f 24/25/23 35/37/34 23/26/24
f 23/26/24 35/37/34 34/38/35
f 25/27/25 36/39/36 24/25/23
f 24/25/23 36/39/36 35/37/34
f 26/28/26 37/40/37 25/27/25
f 25/27/25 37/40/37 36/39/36
f 27/29/27 38/41/38 26/28/26
f 26/28/26 38/41/38 37/40/37
f 27/29/27 28/30/28 38/41/38
f 38/41/38 28/30/28 39/42/39
f 28/30/28 29/31/29 39/42/39
f 39/42/39 29/31/29 40/43/40
f 29/31/29 30/32/30 40/43/40
f 40/43/40 30/32/30 41/44/41
f 30/32/30 31/33/31 41/44/41
f 41/44/41 31/33/31 42/45/42
f 31/33/31 32/34/32 42/45/42
f 42/45/42 32/34/32 43/46/43
f 23/35/24 34/47/35 33/36/33
f 33/36/33 34/47/35 44/48/44
f 35/37/34 46/49/45 34/38/35
f 34/38/35 46/49/45 45/50/46
f 36/39/36 47/51/47 35/37/34
f 35/37/34 47/51/47 46/49/45
f 37/40/37 48/52/48 36/39/36
f 36/39/36 48/52/48 47/51/47
f 38/41/38 49/53/49 37/40/37
f 37/40/37 49/53/49 48/52/48
f 38/41/38 39/42/39 49/53/49
f 49/53/49 39/42/39 50/54/50
f 39/42/39 40/43/40 50/54/50
f 50/54/50 40/43/40 51/55/51
f 40/43/40 41/44/41 51/55/51
f 51/55/51 41/44/41 52/56/52
f 41/44/41 42/45/42 52/56/52
f 52/56/52 42/45/42 53/57/53
f 42/45/42 43/46/43 53/57/53
f 53/57/53 43/46/43 54/58/54
f 34/47/35 45/59/46 44/48/44
f 44/48/44 45/59/46 55/60/55
f 46/49/45 57/61/56 45/50/46
f 45/50/46 57/61/56 56/62/57
f 47/51/47 58/63/58 46/49/45
f 46/49/45 58/63/58 57/61/56
f 48/52/48 59/64/59 47/51/47
f 47/51/47 59/64/59 58/63/58
f 49/53/49 60/65/60 48/52/48
f 48/52/48 60/65/60 59/64/59
f 49/53/49 50/54/50 60/65/60
f 60/65/60 50/54/50 61/66/61
f 50/54/50 51/55/51 61/66/61
f 61/66/61 51/55/51 62/67/62
f 51/55/51 52/56/52 62/67/62
f 62/67/62 52/56/52 63/68/63
f 52/56/52 53/57/53 63/68/63
f 63/68/63 53/57/53 64/69/64
f 53/57/53 54/58/54 64/69/64
f 64/69/64 54/58/54 65/70/65
f 45/59/46 56/71/57 55/60/55
f 55/60/55 56/71/57 66/72/66
f 57/61/56 68/73/67 56/62/57
f 56/62/57 68/73/67 67/74/68
f 58/63/58 69/75/69 57/61/56
f 57/61/56 69/75/69 68/73/67
f 59/64/59 70/76/70 58/63/58
f 58/63/58 70/76/70 69/75/69
f 60/65/60 71/77/71 59/64/59
f 59/64/59 71/77/71 70/76/70
f 60/65/60 61/66/61 71/77/71
f 71/77/71 61/66/61 72/78/72
f 61/66/61 62/67/62 72/78/72
f 72/78/72 62/67/62 73/79/73
f 62/67/62 63/68/63 73/79/73
f 73/79/73 63/68/63 74/80/74
f 63/68/63 64/69/64 74/80/74
f 74/80/74 64/69/64 75/81/75
f 64/69/64 65/70/65 75/81/75
f 75/81/75 65/70/65 76/82/76
f 56/71/57 67/83/68 66/72/66
f 66/72/66 67/83/68 77/84/77
f 68/73/67 79/85/78 67/74/68
f 67/74/68 79/85/78 78/86/79
f 69/75/69 80/87/80 68/73/67
f 68/73/67 80/87/80 79/85/78
f 70/76/70 81/88/81 69/75/69
f 69/75/69 81/88/81 80/87/80
f 71/77/71 82/89/82 70/76/70
f 70/76/70 82/89/82 81/88/81
f 71/77/71 72/78/72 82/89/82
f 82/89/82 72/78/72 83/90/83
f 72/78/72 73/79/73 83/90/83
f 83/90/83 73/79/73 84/91/84
f 73/79/73 74/80/74 84/91/84
f 84/91/84 74/80/74 85/92/85
f 74/80/74 75/81/75 85/92/85
f 85/92/85 75/81/75 86/93/86
f 75/81/75 76/82/76 86/93/86
f 86/93/86 76/82/76 87/94/87
f 67/83/68 78/95/79 77/84/77
f 77/84/77 78/95/79 88/96/88
f 79/85/78 90/97/89 78/86/79
f 78/86/79 90/97/89 89/98/90
f 80/87/80 91/99/91 79/85/78
f 79/85/78 91/99/91 90/97/89
f 81/88/81 92/100/92 80/87/80
f 80/87/80 92/100/92 91/99/91
f 82/89/82 93/101/93 81/88/81
f 81/88/81 93/101/93 92/100/92
f 82/89/82 83/90/83 93/101/93
f 93/101/93 83/90/83 94/102/94
f 83/90/83 84/91/84 94/102/94
f 94/102/94 84/91/84 95/103/95
f 84/91/84 85/92/85 95/103/95
f 95/103/95 85/92/85 96/104/96
f 85/92/85 86/93/86 96/104/96
f 96/104/96 86/93/86 97/105/97
f 86/93/86 87/94/87 97/105/97
f 97/105/97 87/94/87 98/106/98
f 78/95/79 89/107/90 88/96/88
f 88/96/88 89/107/90 99/108/99
f 90/97/89 101/109/100 89/98/90
f 89/98/90 101/109/100 100/110/101
f 91/99/91 102/111/102 90/97/89
f 90/97/89 102/111/102 101/109/100
f 92/100/92 103/112/103 91/99/91
f 91/99/91 103/112/103 102/111/102
f 93/101/93 104/113/104 92/100/92
f 92/100/92 104/113/104 103/112/103
f 93/101/93 94/102/94 104/113/104
f 104/113/104 94/102/94 105/114/105
f 94/102/94 95/103/95 105/114/105
f 105/114/105 95/103/95 106/115/106
f 95/103/95 96/104/96 106/115/106
f 106/115/106 96/104/96 107/116/107
f 96/104/96 97/105/97 107/116/107
f 107/116/107 97/105/97 108/117/108
f 97/105/97 98/106/98 108/117/108
f 108/117/108 98/106/98 109/118/109
f 89/107/90 100/119/101 99/108/99
f 99/108/99 100/119/101 110/120/110
f 100/110/101 101/109/100 111/122/111
f 111/122/111 101/109/100 112/121/112
f 101/109/100 102/111/102 112/121/112
f 112/121/112 102/111/102 113/123/113
f 102/111/102 103/112/103 113/123/113
f 113/123/113 103/112/103 114/124/114
f 103/112/103 104/113/104 114/124/114
f 114/124/114 104/113/104 115/125/115
f 105/114/105 116/126/116 104/113/104
f 104/113/104 116/126/116 115/125/115
f 106/115/106 117/127/117 105/114/105
f 105/114/105 117/127/117 116/126/116
f 107/116/107 118/128/118 106/115/106
f 106/115/106 118/128/118 117/127/117
f 108/117/108 119/129/119 107/116/107
f 107/116/107 119/129/119 118/128/118
f 109/118/109 120/130/120 108/117/108
f 108/117/108 120/130/120 119/129/119
f 110/120/110 100/119/101 121/132/121
f 121/132/121 100/119/101 111/131/111
f 111/122/111 112/121/112 122/134/122
f 122/134/122 112/121/112 123/133/123
f 112/121/112 113/123/113 123/133/123
f 123/133/123 113/123/113 124/135/124
f 113/123/113 114/124/114 124/135/124
f 124/135/124 114/124/114 125/136/125
f 114/124/114 115/125/115 125/136/125
f 125/136/125 115/125/115 126/137/126
f 116/126/116 127/138/127 115/125/115
f 115/125/115 127/138/127 126/137/126
f 117/127/117 128/139/128 116/126/116
f 116/126/116 128/139/128 127/138/127
f 118/128/118 129/140/129 117/127/117
f 117/127/117 129/140/129 128/139/128
f 119/129/119 130/141/130 118/128/118
f 118/128/118 130/141/130 129/140/129
f 120/130/120 131/142/131 119/129/119
f 119/129/119 131/142/131 130/141/130
f 121/132/121 111/131/111 132/144/132
f 132/144/132 111/131/111 122/143/122
f 122/134/122 123/133/123 133/146/133
f 133/146/133 123/133/123 134/145/134
f 123/133/123 124/135/124 134/145/134
f 134/145/134 124/135/124 135/147/135
f 124/135/124 125/136/125 135/147/135
f 135/147/135 125/136/125 136/148/136
f 125/136/125 126/137/126 136/148/136
f 136/148/136 126/137/126 137/149/137
f 127/138/127 138/150/138 126/137/126
f 126/137/126 138/150/138 137/149/137
f 128/139/128 139/151/139 127/138/127
f 127/138/127 139/151/139 138/150/138
f 129/140/129 140/152/140 128/139/128
f 128/139/128 140/152/140 139/151/139
f 130/141/130 141/153/141 129/140/129
f 129/140/129 141/153/141 140/152/140
f 131/142/131 142/154/142 130/141/130
f 130/141/130 142/154/142 141/153/141
f 132/144/132 122/143/122 143/156/143
f 143/156/143 122/143/122 133/155/133
f 133/146/133 134/145/134 144/158/144
f 144/158/144 134/145/134 145/157/145
f 134/145/134 135/147/135 145/157/145
f 145/157/145 135/147/135 146/159/146
f 135/147/135 136/148/136 146/159/146
f 146/159/146 136/148/136 147/160/147
f 136/148/136 137/149/137 147/160/147
f 147/160/147 137/149/137 148/161/148
f 138/150/138 149/162/149 137/149/137
f 137/149/137 149/162/149 148/161/148
f 139/151/139 150/163/150 138/150/138
f 138/150/138 150/163/150 149/162/149
f 140/152/140 151/164/151 139/151/139
f 139/151/139 151/164/151 150/163/150
f 141/153/141 152/165/152 140/152/140
f 140/152/140 152/165/152 151/164/151
f 142/154/142 153/166/153 141/153/141
f 141/153/141 153/166/153 152/165/152
f 143/156/143 133/155/133 154/168/154
f 154/168/154 133/155/133 144/167/144
f 144/158/144 145/157/145 155/170/155
f 155/170/155 145/157/145 156/169/156
f 145/157/145 146/159/146 156/169/156
f 156/169/156 146/159/146 157/171/157
f 146/159/146 147/160/147 157/171/157
f 157/171/157 147/160/147 158/172/158
f 147/160/147 148/161/148 158/172/158
f 158/172/158 148/161/148 159/173/159
f 149/162/149 160/174/160 148/161/148
f 148/161/148 160/174/160 159/173/159
f 150/163/150 161/175/161 149/162/149
f 149/162/149 161/175/161 160/174/160
f 151/164/151 162/176/162 150/163/150
f 150/163/150 162/176/162 161/175/161
f 152/165/152 163/177/163 151/164/151
f 151/164/151 163/177/163 162/176/162
f 153/166/153 164/178/164 152/165/152
f 152/165/152 164/178/164 163/177/163
f 154/168/154 144/167/144 165/180/165
f 165/180/165 144/167/144 155/179/155
f 155/170/155 156/169/156 166/182/166
f 166/182/166 156/169/156 167/181/167
f 156/169/156 157/171/157 167/181/167
f 167/181/167 157/171/157 168/183/168
f 157/171/157 158/172/158 168/183/168
f 168/183/168 158/172/158 169/184/169
f 158/172/158 159/173/159 169/184/169
f 169/184/169 159/173/159 170/185/170
f 160/174/160 171/186/171 159/173/159
f 159/173/159 171/186/171 170/185/170
f 161/175/161 172/187/172 160/174/160
f 160/174/160 172/187/172 171/186/171
f 162/176/162 173/188/173 161/175/161
f 161/175/161 173/188/173 172/187/172
f 163/177/163 174/189/174 162/176/162
f 162/176/162 174/189/174 173/188/173
f 164/178/164 175/190/175 163/177/163
f 163/177/163 175/190/175 174/189/174
f 165/180/165 155/179/155 176/192/176
f 176/192/176 155/179/155 166/191/166
f 166/182/166 167/181/167 177/194/177
f 177/194/177 167/181/167 178/193/178
f 167/181/167 168/183/168 178/193/178
f 178/193/178 168/183/168 179/195/179
f 168/183/168 169/184/169 179/195/179
f 179/195/179 169/184/169 180/196/180
f 169/184/169 170/185/170 180/196/180
f 180/196/180 170/185/170 181/197/181
f 171/186/171 182/198/182 170/185/170
f 170/185/170 182/198/182 181/197/181
f 172/187/172 183/199/183 171/186/171
f 171/186/171 183/199/183 182/198/182
f 173/188/173 184/200/184 172/187/172
f 172/187/172 184/200/184 183/199/183
f 174/189/174 185/201/185 173/188/173
f 173/188/173 185/201/185 184/200/184
f 175/190/175 186/202/186 174/189/174
f 174/189/174 186/202/186 185/201/185
f 176/192/176 166/191/166 187/204/187
f 187/204/187 166/191/166 177/203/177
f 177/194/177 178/193/178 188/206/188
f 188/206/188 178/193/178 189/205/189
f 178/193/178 179/195/179 189/205/189
f 189/205/189 179/195/179 190/207/190
f 179/195/179 180/196/180 190/207/190
f 190/207/190 180/196/180 191/208/191
f 180/196/180 181/197/181 191/208/191
f 191/208/191 181/197/181 192/209/192
f 182/198/182 193/210/193 181/197/181
f 181/197/181 193/210/193 192/209/192
f 183/199/183 194/211/194 182/198/182
f 182/198/182 194/211/194 193/210/193
f 184/200/184 195/212/195 183/199/183
f 183/199/183 195/212/195 194/211/194
f 185/201/185 196/213/196 184/200/184
f 184/200/184 196/213/196 195/212/195
f 186/202/186 197/214/197 185/201/185
f 185/201/185 197/214/197 196/213/196
f 187/204/187 177/203/177 198/216/198
f 198/216/198 177/203/177 188/215/188
f 188/206/188 189/205/189 199/218/199
f 199/218/199 189/205/189 200/217/200
f 189/205/189 190/207/190 200/217/200
f 200/217/200 190/207/190 201/219/201
f 190/207/190 191/208/191 201/219/201
f 201/219/201 191/208/191 202/220/202
f 191/208/191 192/209/192 202/220/202
f 202/220/202 192/209/192 203/221/203
f 193/210/193 204/222/204 192/209/192
f 192/209/192 204/222/204 203/221/203
f 194/211/194 205/223/205 193/210/193
f 193/210/193 205/223/205 204/222/204
f 195/212/195 206/224/206 194/211/194
f 194/211/194 206/224/206 205/223/205
f 196/213/196 207/225/207 195/212/195
f 195/212/195 207/225/207 206/224/206
f 197/214/197 208/226/208 196/213/196
f 196/213/196 208/226/208 207/225/207
f 198/216/198 188/215/188 210/228/209
f 210/228/209 188/215/188 199/227/199
f 2/2/1 1/1/3 211/229/210
f 3/5/5 2/2/1 211/230/210
f 4/7/7 3/5/5 211/231/210
f 5/9/9 4/7/7 211/232/210
f 6/11/11 5/9/9 211/233/210
f 7/13/13 6/11/11 211/234/210
f 8/15/15 7/13/13 211/235/210
f 9/17/17 8/15/15 211/236/210
f 10/19/19 9/17/17 211/237/210
f 1/22/3 11/21/21 211/238/210
f 199/218/199 200/217/200 212/239/211
f 200/217/200 201/219/201 212/240/211
f 201/219/201 202/220/202 212/241/211
f 202/220/202 203/221/203 212/242/211
f 203/221/203 204/222/204 212/243/211
f 204/222/204 205/223/205 212/244/211
f 205/223/205 206/224/206 212/245/211
f 206/224/206 207/225/207 212/246/211
f 207/247/207 208/248/208 212/249/211
f 208/250/208 209/251/212 212/252/211
f 210/228/209 199/227/199 212/253/211
s 5
f 213/254/213 214/255/214 276/256/215
f 276/256/215 214/255/214 278/257/216
s 6
f 215/258/217 216/259/218 217/260/219
f 217/260/219 216/259/218 218/261/220
s 7
f 267/262/221 271/263/222 219/264/223
f 219/264/223 271/263/222 220/265/224
s 8
f 219/264/225 220/265/226 213/266/227
f 213/266/227 220/265/226 214/267/228
s 9
f 214/268/229 220/269/230 278/270/231
f 278/270/231 220/269/230 279/271/232
f 279/271/232 220/269/230 270/272/233
f 220/269/230 271/273/234 270/272/233
s 10
f 219/274/235 213/275/236 267/276/237
f 267/276/237 213/275/236 268/277/238
f 268/277/238 213/275/236 275/278/239
f 213/275/236 276/279/240 275/278/239
s 7
f 217/280/241 218/281/242 260/282/243
f 260/282/243 218/281/242 262/283/244
s 5
f 251/284/245 255/285/246 215/286/247
f 215/286/247 255/285/246 216/287/248
f 247/288/249 253/289/250 246/290/251
f 246/290/251 253/289/250 249/291/252
s 7
f 264/292/253 248/293/254 258/294/255
f 258/294/255 248/293/254 245/295/256
f 234/296/257 235/297/258 265/298/259
f 265/298/259 235/297/258 269/299/260
s 5
f 274/300/261 280/301/262 233/302/263
f 233/302/263 280/301/262 236/303/264
s 10
f 245/304/265 246/305/266 258/306/267
f 249/307/268 252/308/269 246/305/266
f 252/308/269 259/309/270 246/305/266
f 246/305/266 259/309/270 258/306/267
s 9
f 248/310/271 264/311/272 247/312/273
f 253/313/274 247/312/273 254/314/275
f 254/314/275 247/312/273 263/315/276
f 247/312/273 264/311/272 263/315/276
s 10
f 221/316/277 223/317/278 242/318/279
f 242/318/279 223/317/278 241/319/280
s 5
f 223/320/281 224/321/282 241/322/283
f 241/322/283 224/321/282 244/323/284
s 9
f 222/324/285 243/325/286 224/326/287
f 224/326/287 243/325/286 244/327/288
s 7
f 242/328/289 243/329/290 221/330/291
f 221/330/291 243/329/290 222/331/292
s 10
f 238/332/293 223/317/278 237/333/294
f 237/333/294 223/317/278 221/316/277
s 7
f 221/330/291 222/331/292 237/334/295
f 237/334/295 222/331/292 240/335/296
s 9
f 239/336/297 240/337/298 224/326/287
f 224/326/287 240/337/298 222/324/285
s 5
f 238/338/299 239/339/300 223/320/281
f 223/320/281 239/339/300 224/321/282
s 10
f 233/340/301 229/341/302 234/342/303
f 234/342/303 229/341/302 230/343/304
s 7
f 230/344/305 231/345/306 234/296/257
f 234/296/257 231/345/306 235/297/258
s 9
f 236/346/307 235/347/308 232/348/309
f 232/348/309 235/347/308 231/349/310
s 5
f 233/302/263 236/303/264 229/350/311
f 229/350/311 236/303/264 232/351/312
s 10
f 229/341/302 238/332/293 230/343/304
f 230/343/304 238/332/293 237/333/294
s 5
f 229/350/311 232/351/312 238/338/299
f 238/338/299 232/351/312 239/339/300
s 9
f 232/348/309 231/349/310 239/336/297
f 239/336/297 231/349/310 240/337/298
s 7
f 237/334/295 240/335/296 230/344/305
f 230/344/305 240/335/296 231/345/306
s 10
f 242/318/279 241/319/280 225/352/313
f 225/352/313 241/319/280 226/353/314
s 7
f 225/354/315 228/355/316 242/328/289
f 242/328/289 228/355/316 243/329/290
s 9
f 243/325/286 228/356/317 244/327/288
f 244/327/288 228/356/317 227/357/318
s 5
f 241/322/283 244/323/284 226/358/319
f 226/358/319 244/323/284 227/359/320
s 10
f 225/352/313 226/353/314 245/304/265
f 245/304/265 226/353/314 246/305/266
s 5
f 227/359/320 247/288/249 226/358/319
f 226/358/319 247/288/249 246/290/251
s 9
f 228/356/317 248/310/271 227/357/318
f 227/357/318 248/310/271 247/312/273
s 7
f 248/293/254 228/355/316 245/295/256
f 245/295/256 228/355/316 225/354/315
s 9
f 218/360/321 216/361/322 262/362/323
f 262/362/323 216/361/322 263/315/276
f 263/315/276 216/361/322 254/314/275
f 255/363/324 254/314/275 216/361/322
s 10
f 215/364/325 217/365/326 251/366/327
f 251/366/327 217/365/326 252/308/269
f 252/308/269 217/365/326 259/309/270
f 260/367/328 259/309/270 217/365/326
f 274/368/329 233/340/301 275/278/239
f 275/278/239 233/340/301 268/277/238
f 268/277/238 233/340/301 265/369/330
f 265/369/330 233/340/301 234/342/303
s 9
f 280/370/331 279/271/232 236/346/307
f 279/271/232 270/272/233 236/346/307
f 270/272/233 269/371/332 236/346/307
f 269/371/332 235/347/308 236/346/307
s 5
f 251/284/245 250/372/333 255/285/246
f 255/285/246 250/372/333 256/373/334
f 249/291/252 253/289/250 250/372/333
f 250/372/333 253/289/250 256/373/334
s 7
f 257/374/335 261/375/336 258/294/255
f 258/294/255 261/375/336 264/292/253
f 257/374/335 260/282/243 261/375/336
f 261/375/336 260/282/243 262/283/244
f 267/262/221 266/376/337 271/263/222
f 271/263/222 266/376/337 272/377/338
f 266/376/337 265/298/259 272/377/338
f 272/377/338 265/298/259 269/299/260
s 5
f 274/300/261 273/378/339 280/301/262
f 280/301/262 273/378/339 277/379/340
f 273/378/339 276/256/215 277/379/340
f 277/379/340 276/256/215 278/257/216
s 10
f 252/308/269 249/307/268 250/380/341
f 252/308/269 250/380/341 251/366/327
s 9
f 254/314/275 255/363/324 256/381/342
f 254/314/275 256/381/342 253/313/274
s 10
f 259/309/270 260/367/328 257/382/343
f 259/309/270 257/382/343 258/306/267
s 9
f 263/315/276 264/311/272 261/383/344
f 263/315/276 261/383/344 262/362/323
s 10
f 268/277/238 265/369/330 266/384/345
f 268/277/238 266/384/345 267/276/237
s 9
f 270/272/233 271/273/234 272/385/346
f 270/272/233 272/385/346 269/371/332
s 10
f 275/278/239 276/279/240 273/386/347
f 275/278/239 273/386/347 274/368/329
s 9
f 279/271/232 280/370/331 277/387/348
f 279/271/232 277/387/348 278/270/231
s 35
f 282/389/349 293/390/350 281/388/351
f 281/388/351 293/390/350 292/391/352
f 283/392/353 294/393/354 282/389/349
f 282/389/349 294/393/354 293/390/350
f 284/394/355 295/395/356 283/392/353
f 283/392/353 295/395/356 294/393/354
f 285/396/357 296/397/358 284/394/355
f 284/394/355 296/397/358 295/395/356
f 285/396/357 286/398/359 296/397/358
f 296/397/358 286/398/359 297/399/360
f 286/398/359 287/400/361 297/399/360
f 297/399/360 287/400/361 298/401/362
f 287/400/361 288/402/363 298/401/362
f 298/401/362 288/402/363 299/403/364
f 288/402/363 289/404/365 299/403/364
f 299/403/364 289/404/365 300/405/366
f 289/404/365 290/406/367 300/405/366
f 300/405/366 290/406/367 301/407/368
f 281/409/351 292/410/352 291/408/369
f 291/408/369 292/410/352 302/411/370
f 293/390/350 304/412/371 292/391/352
f 292/391/352 304/412/371 303/413/372
f 294/393/354 305/414/373 293/390/350
f 293/390/350 305/414/373 304/412/371
f 295/395/356 306/415/374 294/393/354
f 294/393/354 306/415/374 305/414/373
f 296/397/358 307/416/375 295/395/356
f 295/395/356 307/416/375 306/415/374
f 296/397/358 297/399/360 307/416/375
f 307/416/375 297/399/360 308/417/376
f 297/399/360 298/401/362 308/417/376
f 308/417/376 298/401/362 309/418/377
f 298/401/362 299/403/364 309/418/377
f 309/418/377 299/403/364 310/419/378
f 299/403/364 300/405/366 310/419/378
f 310/419/378 300/405/366 311/420/379
f 300/405/366 301/407/368 311/420/379
f 311/420/379 301/407/368 312/421/380
f 292/410/352 303/422/372 302/411/370
f 302/411/370 303/422/372 313/423/381
f 304/412/371 315/424/382 303/413/372
f 303/413/372 315/424/382 314/425/383
f 305/414/373 316/426/384 304/412/371
f 304/412/371 316/426/384 315/424/382
f 306/415/374 317/427/385 305/414/373
f 305/414/373 317/427/385 316/426/384
f 307/416/375 318/428/386 306/415/374
f 306/415/374 318/428/386 317/427/385
f 307/416/375 308/417/376 318/428/386
f 318/428/386 308/417/376 319/429/387
f 308/417/376 309/418/377 319/429/387
f 319/429/387 309/418/377 320/430/388
f 309/418/377 310/419/378 320/430/388
f 320/430/388 310/419/378 321/431/389
f 310/419/378 311/420/379 321/431/389
f 321/431/389 311/420/379 322/432/390
f 311/420/379 312/421/380 322/432/390
f 322/432/390 312/421/380 323/433/391
f 303/422/372 314/434/383 313/423/381
f 313/423/381 314/434/383 324/435/392
f 315/424/382 326/436/393 314/425/383
f 314/425/383 326/436/393 325/437/394
f 316/426/384 327/438/395 315/424/382
f 315/424/382 327/438/395 326/436/393
f 317/427/385 328/439/396 316/426/384
f 316/426/384 328/439/396 327/438/395
f 318/428/386 329/440/397 317/427/385
f 317/427/385 329/440/397 328/439/396
f 318/428/386 319/429/387 329/440/397
f 329/440/397 319/429/387 330/441/398
f 319/429/387 320/430/388 330/441/398
f 330/441/398 320/430/388 331/442/399
f 320/430/388 321/431/389 331/442/399
f 331/442/399 321/431/389 332/443/400
f 321/431/389 322/432/390 332/443/400
f 332/443/400 322/432/390 333/444/401
f 322/432/390 323/433/391 333/444/401
f 333/444/401 323/433/391 334/445/402
f 314/434/383 325/446/394 324/435/392
f 324/435/392 325/446/394 335/447/403
f 326/436/393 337/448/404 325/437/394
f 325/437/394 337/448/404 336/449/405
f 327/438/395 338/450/406 326/436/393
f 326/436/393 338/450/406 337/448/404
f 328/439/396 339/451/407 327/438/395
f 327/438/395 339/451/407 338/450/406
f 329/440/397 340/452/408 328/439/396
f 328/439/396 340/452/408 339/451/407
f 329/440/397 330/441/398 340/452/408
f 340/452/408 330/441/398 341/453/409
f 330/441/398 331/442/399 341/453/409
f 341/453/409 331/442/399 342/454/410
f 331/442/399 332/443/400 342/454/410
f 342/454/410 332/443/400 343/455/411
f 332/443/400 333/444/401 343/455/411
f 343/455/411 333/444/401 344/456/412
f 333/444/401 334/445/402 344/456/412
f 344/456/412 334/445/402 345/457/413
f 325/446/394 336/458/405 335/447/403
f 335/447/403 336/458/405 346/459/414
f 337/448/404 348/460/415 336/449/405
f 336/449/405 348/460/415 347/461/416
f 338/450/406 349/462/417 337/448/404
f 337/448/404 349/462/417 348/460/415
f 339/451/407 350/463/418 338/450/406
f 338/450/406 350/463/418 349/462/417
f 340/452/408 351/464/419 339/451/407
f 339/451/407 351/464/419 350/463/418
f 340/452/408 341/453/409 351/464/419
f 351/464/419 341/453/409 352/465/420
f 341/453/409 342/454/410 352/465/420
f 352/465/420 342/454/410 353/466/421
f 342/454/410 343/455/411 353/466/421
f 353/466/421 343/455/411 354/467/422
f 343/455/411 344/456/412 354/467/422
f 354/467/422 344/456/412 355/468/423
f 344/456/412 345/457/413 355/468/423
f 355/468/423 345/457/413 356/469/424
f 336/458/405 347/470/416 346/459/414
f 346/459/414 347/470/416 357/471/425
f 348/460/415 359/472/426 347/461/416
f 347/461/416 359/472/426 358/473/427
f 349/462/417 360/474/428 348/460/415
f 348/460/415 360/474/428 359/472/426
f 350/463/418 361/475/429 349/462/417
f 349/462/417 361/475/429 360/474/428
f 351/464/419 362/476/430 350/463/418
f 350/463/418 362/476/430 361/475/429
f 351/464/419 352/465/420 362/476/430
f 362/476/430 352/465/420 363/477/431
f 352/465/420 353/466/421 363/477/431
f 363/477/431 353/466/421 364/478/432
f 353/466/421 354/467/422 364/478/432
f 364/478/432 354/467/422 365/479/433
f 354/467/422 355/468/423 365/479/433
f 365/479/433 355/468/423 366/480/434
f 355/468/423 356/469/424 366/480/434
f 366/480/434 356/469/424 367/481/435
f 347/470/416 358/482/427 357/471/425
f 357/471/425 358/482/427 368/483/436
f 359/472/426 370/484/437 358/473/427
f 358/473/427 370/484/437 369/485/438
f 360/474/428 371/486/439 359/472/426
f 359/472/426 371/486/439 370/484/437
f 361/475/429 372/487/440 360/474/428
f 360/474/428 372/487/440 371/486/439
f 362/476/430 373/488/441 361/475/429
f 361/475/429 373/488/441 372/487/440
f 362/476/430 363/477/431 373/488/441
f 373/488/441 363/477/431 374/489/442
f 363/477/431 364/478/432 374/489/442
f 374/489/442 364/478/432 375/490/443
f 364/478/432 365/479/433 375/490/443
f 375/490/443 365/479/433 376/491/444
f 365/479/433 366/480/434 376/491/444
f 376/491/444 366/480/434 377/492/445
f 366/480/434 367/481/435 377/492/445
f 377/492/445 367/481/435 378/493/446
f 358/482/427 369/494/438 368/483/436
f 368/483/436 369/494/438 379/495/447
f 370/484/437 381/496/448 369/485/438
f 369/485/438 381/496/448 380/497/449
f 371/486/439 382/498/450 370/484/437
f 370/484/437 382/498/450 381/496/448
f 372/487/440 383/499/451 371/486/439
f 371/486/439 383/499/451 382/498/450
f 373/488/441 384/500/452 372/487/440
f 372/487/440 384/500/452 383/499/451
f 373/488/441 374/489/442 384/500/452
f 384/500/452 374/489/442 385/501/453
f 374/489/442 375/490/443 385/501/453
f 385/501/453 375/490/443 386/502/454
f 375/490/443 376/491/444 386/502/454
f 386/502/454 376/491/444 387/503/455
f 376/491/444 377/492/445 387/503/455
f 387/503/455 377/492/445 388/504/456
f 377/492/445 378/493/446 388/504/456
f 388/504/456 378/493/446 389/505/457
f 369/494/438 380/506/449 379/495/447
f 379/495/447 380/506/449 390/507/458
f 380/497/449 381/496/448 391/509/459
f 391/509/459 381/496/448 392/508/460
f 381/496/448 382/498/450 392/508/460
f 392/508/460 382/498/450 393/510/461
f 382/498/450 383/499/451 393/510/461
f 393/510/461 383/499/451 394/511/462
f 383/499/451 384/500/452 394/511/462
f 394/511/462 384/500/452 395/512/463
f 385/501/453 396/513/464 384/500/452
f 384/500/452 396/513/464 395/512/463
f 386/502/454 397/514/465 385/501/453
f 385/501/453 397/514/465 396/513/464
f 387/503/455 398/515/466 386/502/454
f 386/502/454 398/515/466 397/514/465
f 388/504/456 399/516/467 387/503/455
f 387/503/455 399/516/467 398/515/466
f 389/505/457 400/517/468 388/504/456
f 388/504/456 400/517/468 399/516/467
f 390/507/458 380/506/449 401/519/469
f 401/519/469 380/506/449 391/518/459
f 391/509/459 392/508/460 402/521/470
f 402/521/470 392/508/460 403/520/471
f 392/508/460 393/510/461 403/520/471
f 403/520/471 393/510/461 404/522/472
f 393/510/461 394/511/462 404/522/472
f 404/522/472 394/511/462 405/523/473
f 394/511/462 395/512/463 405/523/473
f 405/523/473 395/512/463 406/524/474
f 396/513/464 407/525/475 395/512/463
f 395/512/463 407/525/475 406/524/474
f 397/514/465 408/526/476 396/513/464
f 396/513/464 408/526/476 407/525/475
f 398/515/466 409/527/477 397/514/465
f 397/514/465 409/527/477 408/526/476
f 399/516/467 410/528/478 398/515/466
f 398/515/466 410/528/478 409/527/477
f 400/517/468 411/529/479 399/516/467
f 399/516/467 411/529/479 410/528/478
f 401/519/469 391/518/459 412/531/480
f 412/531/480 391/518/459 402/530/470
f 402/521/470 403/520/471 413/533/481
f 413/533/481 403/520/471 414/532/482
f 403/520/471 404/522/472 414/532/482
f 414/532/482 404/522/472 415/534/483
f 404/522/472 405/523/473 415/534/483
f 415/534/483 405/523/473 416/535/484
f 405/523/473 406/524/474 416/535/484
f 416/535/484 406/524/474 417/536/485
f 407/525/475 418/537/486 406/524/474
f 406/524/474 418/537/486 417/536/485
f 408/526/476 419/538/487 407/525/475
f 407/525/475 419/538/487 418/537/486
f 409/527/477 420/539/488 408/526/476
f 408/526/476 420/539/488 419/538/487
f 410/528/478 421/540/489 409/527/477
f 409/527/477 421/540/489 420/539/488
f 411/529/479 422/541/490 410/528/478
f 410/528/478 422/541/490 421/540/489
f 412/531/480 402/530/470 423/543/491
f 423/543/491 402/530/470 413/542/481
f 413/533/481 414/532/482 424/545/492
f 424/545/492 414/532/482 425/544/493
f 414/532/482 415/534/483 425/544/493
f 425/544/493 415/534/483 426/546/494
f 415/534/483 416/535/484 426/546/494
f 426/546/494 416/535/484 427/547/495
f 416/535/484 417/536/485 427/547/495
f 427/547/495 417/536/485 428/548/496
f 418/537/486 429/549/497 417/536/485
f 417/536/485 429/549/497 428/548/496
f 419/538/487 430/550/498 418/537/486
f 418/537/486 430/550/498 429/549/497
f 420/539/488 431/551/499 419/538/487
f 419/538/487 431/551/499 430/550/498
f 421/540/489 432/552/500 420/539/488
f 420/539/488 432/552/500 431/551/499
f 422/541/490 433/553/501 421/540/489
f 421/540/489 433/553/501 432/552/500
f 423/543/491 413/542/481 434/555/502
f 434/555/502 413/542/481 424/554/492
f 424/545/492 425/544/493 435/557/503
f 435/557/503 425/544/493 436/556/504
f 425/544/493 426/546/494 436/556/504
f 436/556/504 426/546/494 437/558/505
f 426/546/494 427/547/495 437/558/505
f 437/558/505 427/547/495 438/559/506
f 427/547/495 428/548/496 438/559/506
f 438/559/506 428/548/496 439/560/507
f 429/549/497 440/561/508 428/548/496
f 428/548/496 440/561/508 439/560/507
f 430/550/498 441/562/509 429/549/497
f 429/549/497 441/562/509 440/561/508
f 431/551/499 442/563/510 430/550/498
f 430/550/498 442/563/510 441/562/509
f 432/552/500 443/564/511 431/551/499
f 431/551/499 443/564/511 442/563/510
f 433/553/501 444/565/512 432/552/500
f 432/552/500 444/565/512 443/564/511
f 434/555/502 424/554/492 445/567/513
f 445/567/513 424/554/492 435/566/503
f 435/557/503 436/556/504 446/569/514
f 446/569/514 436/556/504 447/568/515
f 436/556/504 437/558/505 447/568/515
f 447/568/515 437/558/505 448/570/516
f 437/558/505 438/559/506 448/570/516
f 448/570/516 438/559/506 449/571/517
f 438/559/506 439/560/507 449/571/517
f 449/571/517 439/560/507 450/572/518
f 440/561/508 451/573/519 439/560/507
f 439/560/507 451/573/519 450/572/518
f 441/562/509 452/574/520 440/561/508
f 440/561/508 452/574/520 451/573/519
f 442/563/510 453/575/521 441/562/509
f 441/562/509 453/575/521 452/574/520
f 443/564/511 454/576/522 442/563/510
f 442/563/510 454/576/522 453/575/521
f 444/565/512 455/577/523 443/564/511
f 443/564/511 455/577/523 454/576/522
f 445/567/513 435/566/503 456/579/524
f 456/579/524 435/566/503 446/578/514
f 446/569/514 447/568/515 457/581/525
f 457/581/525 447/568/515 458/580/526
f 447/568/515 448/570/516 458/580/526
f 458/580/526 448/570/516 459/582/527
f 448/570/516 449/571/517 459/582/527
f 459/582/527 449/571/517 460/583/528
f 449/571/517 450/572/518 460/583/528
f 460/583/528 450/572/518 461/584/529
f 451/573/519 462/585/530 450/572/518
f 450/572/518 462/585/530 461/584/529
f 452/574/520 463/586/531 451/573/519
f 451/573/519 463/586/531 462/585/530
f 453/575/521 464/587/532 452/574/520
f 452/574/520 464/587/532 463/586/531
f 454/576/522 465/588/533 453/575/521
f 453/575/521 465/588/533 464/587/532
f 455/577/523 466/589/534 454/576/522
f 454/576/522 466/589/534 465/588/533
f 456/579/524 446/578/514 467/591/535
f 467/591/535 446/578/514 457/590/525
f 457/581/525 458/580/526 468/593/536
f 468/593/536 458/580/526 469/592/537
f 458/580/526 459/582/527 469/592/537
f 469/592/537 459/582/527 470/594/538
f 459/582/527 460/583/528 470/594/538
f 470/594/538 460/583/528 471/595/539
f 460/583/528 461/584/529 471/595/539
f 471/595/539 461/584/529 472/596/540
f 462/585/530 473/597/541 461/584/529
f 461/584/529 473/597/541 472/596/540
f 463/586/531 474/598/542 462/585/530
f 462/585/530 474/598/542 473/597/541
f 464/587/532 475/599/543 463/586/531
f 463/586/531 475/599/543 474/598/542
f 465/588/533 476/600/544 464/587/532
f 464/587/532 476/600/544 475/599/543
f 466/589/534 477/601/545 465/588/533
f 465/588/533 477/601/545 476/600/544
f 467/591/535 457/590/525 478/603/546
f 478/603/546 457/590/525 468/602/536
f 468/593/536 469/592/537 479/605/547
f 479/605/547 469/592/537 480/604/548
f 469/592/537 470/594/538 480/604/548
f 480/604/548 470/594/538 481/606/549
f 470/594/538 471/595/539 481/606/549
f 481/606/549 471/595/539 482/607/550
f 471/595/539 472/596/540 482/607/550
f 482/607/550 472/596/540 483/608/551
f 473/597/541 484/609/552 472/596/540
f 472/596/540 484/609/552 483/608/551
f 474/598/542 485/610/553 473/597/541
f 473/597/541 485/610/553 484/609/552
f 475/599/543 486/611/554 474/598/542
f 474/598/542 486/611/554 485/610/553
f 476/600/544 487/612/555 475/599/543
f 475/599/543 487/612/555 486/611/554
f 477/601/545 488/613/556 476/600/544
f 476/600/544 488/613/556 487/612/555
f 478/603/546 468/602/536 490/615/557
f 490/615/557 468/602/536 479/614/547
f 282/389/349 281/388/351 491/616/558
f 283/392/353 282/389/349 491/617/558
f 284/394/355 283/392/353 491/618/558
f 285/396/357 284/394/355 491/619/558
f 286/398/359 285/396/357 491/620/558
f 287/400/361 286/398/359 491/621/558
f 288/402/363 287/400/361 491/622/558
f 289/404/365 288/402/363 491/623/558
f 290/406/367 289/404/365 491/624/558
f 281/409/351 291/408/369 491/625/558
f 479/605/547 480/604/548 492/626/559
f 480/604/548 481/606/549 492/627/559
f 481/606/549 482/607/550 492/628/559
f 482/607/550 483/608/551 492/629/559
f 483/608/551 484/609/552 492/630/559
f 484/609/552 485/610/553 492/631/559
f 485/610/553 486/611/554 492/632/559
f 486/611/554 487/612/555 492/633/559
f 487/634/555 488/635/556 492/636/559
f 488/637/556 489/638/560 492/639/559
f 490/615/557 479/614/547 492/640/559
s 39
g textureEditorIsolateSelectSet polySurface3
f 495/641/561 496/642/562 497/643/563
g polySurface3
f 497/644/563 496/645/562 498/646/564
s 40
f 497/647/565 498/648/566 499/649/567
f 499/649/567 498/648/566 500/650/568
s 41
f 499/651/569 500/652/570 493/653/571
f 493/653/571 500/652/570 494/654/572
s 42
f 494/655/573 500/656/574 496/657/575
f 496/657/575 500/656/574 498/658/576
s 43
f 499/659/577 493/660/578 497/661/579
f 497/661/579 493/660/578 495/662/580
s 44
f 602/663/581 594/664/582 537/665/583
f 531/666/584 530/667/585 594/664/582
f 537/665/583 594/664/582 538/668/586
f 594/664/582 530/667/585 538/668/586
s 46
f 579/669/587 584/670/588 529/671/589
f 529/671/589 584/670/588 525/672/590
f 541/673/591 540/674/592 584/670/588
f 584/670/588 540/674/592 525/672/590
s 44
f 588/675/593 590/676/594 603/677/595
f 603/677/595 590/676/594 612/678/596
f 583/679/597 580/680/598 598/681/599
f 598/681/599 580/680/598 593/682/600
s 50
f 502/683/601 501/684/602 550/685/603
f 550/685/603 501/684/602 548/686/604
s 44
f 503/687/605 502/688/606 554/689/607
f 554/689/607 502/688/606 555/690/608
f 550/691/609 549/692/610 502/688/606
f 502/688/606 549/692/610 555/690/608
s 53
f 504/693/611 503/694/612 558/695/613
f 558/695/613 503/694/612 554/696/614
s 46
f 501/697/615 504/698/616 548/699/617
f 548/699/617 504/698/616 545/700/618
f 558/701/619 557/702/620 504/698/616
f 504/698/616 557/702/620 545/700/618
s 50
f 552/703/621 546/704/622 511/705/623
f 511/705/623 546/704/622 509/706/624
s 53
f 560/707/625 556/708/626 521/709/627
f 521/709/627 556/708/626 517/710/628
s 50
f 567/711/629 563/712/630 502/683/601
f 502/683/601 563/712/630 501/684/602
s 53
f 575/713/631 571/714/632 504/693/611
f 504/693/611 571/714/632 503/694/612
s 50
f 534/715/633 526/716/634 565/717/635
f 565/717/635 526/716/634 561/718/636
s 53
f 544/719/637 539/720/638 573/721/639
f 573/721/639 539/720/638 569/722/640
s 46
f 589/723/641 585/724/642 524/725/643
f 524/725/643 585/724/642 520/726/644
f 506/727/645 505/728/646 585/724/642
f 505/728/646 520/726/644 585/724/642
s 44
f 607/729/647 608/730/648 514/731/649
f 514/731/649 608/730/648 510/732/650
f 519/733/651 518/734/652 608/730/648
f 518/734/652 510/732/650 608/730/648
s 46
f 544/735/653 573/736/654 540/674/592
f 540/674/592 573/736/654 525/672/590
f 525/672/590 573/736/654 526/737/655
f 561/738/656 526/737/655 562/739/657
f 562/739/657 526/737/655 576/740/658
f 526/737/655 573/736/654 576/740/658
s 44
f 565/741/659 568/742/660 534/743/661
f 568/742/660 570/744/662 534/743/661
f 570/744/662 569/745/663 534/743/661
f 539/746/664 538/668/586 569/745/663
f 538/668/586 530/667/585 569/745/663
f 530/667/585 534/743/661 569/745/663
s 50
f 508/747/665 512/748/666 509/706/624
f 509/706/624 512/748/666 511/705/623
f 507/749/667 513/750/668 508/747/665
f 508/747/665 513/750/668 512/748/666
f 506/751/669 514/752/670 507/749/667
f 507/749/667 514/752/670 513/750/668
s 53
f 517/710/628 516/753/671 521/709/627
f 521/709/627 516/753/671 522/754/672
f 516/753/671 515/755/673 522/754/672
f 522/754/672 515/755/673 523/756/674
f 515/755/673 519/757/675 523/756/674
f 523/756/674 519/757/675 524/758/676
s 50
f 529/759/677 528/760/678 531/761/679
f 531/761/679 528/760/678 532/762/680
f 528/760/678 527/763/681 532/762/680
f 532/762/680 527/763/681 533/764/682
f 527/763/681 526/716/634 533/764/682
f 533/764/682 526/716/634 534/715/633
s 53
f 536/765/683 542/766/684 537/767/685
f 537/767/685 542/766/684 541/768/686
f 535/769/687 543/770/688 536/765/683
f 536/765/683 543/770/688 542/766/684
f 539/720/638 544/719/637 535/769/687
f 535/769/687 544/719/637 543/770/688
s 46
f 505/728/646 506/727/645 507/771/689
f 505/728/646 507/771/689 508/772/690
f 505/728/646 508/772/690 509/773/691
s 44
f 510/732/650 511/774/692 512/775/693
f 510/732/650 512/775/693 513/776/694
f 510/732/650 513/776/694 514/731/649
f 518/734/652 519/733/651 515/777/695
f 518/734/652 515/777/695 516/778/696
f 518/734/652 516/778/696 517/779/697
s 46
f 520/726/644 521/780/698 522/781/699
f 520/726/644 522/781/699 523/782/700
f 520/726/644 523/782/700 524/725/643
f 525/672/590 526/737/655 527/783/701
f 525/672/590 527/783/701 528/784/702
f 525/672/590 528/784/702 529/671/589
s 44
f 530/667/585 531/666/584 532/785/703
f 530/667/585 532/785/703 533/786/704
f 530/667/585 533/786/704 534/743/661
f 538/668/586 539/746/664 535/787/705
f 538/668/586 535/787/705 536/788/706
f 538/668/586 536/788/706 537/665/583
s 46
f 540/674/592 541/673/591 542/789/707
f 540/674/592 542/789/707 543/790/708
f 540/674/592 543/790/708 544/735/653
f 546/791/709 545/700/618 509/773/691
f 545/700/618 557/702/620 509/773/691
f 557/702/620 560/792/710 509/773/691
f 521/780/698 520/726/644 560/792/710
f 520/726/644 505/728/646 560/792/710
f 560/792/710 505/728/646 509/773/691
s 44
f 552/793/711 511/774/692 549/692/610
f 549/692/610 511/774/692 555/690/608
f 555/690/608 511/774/692 556/794/712
f 517/779/697 556/794/712 518/734/652
f 518/734/652 556/794/712 510/732/650
f 556/794/712 511/774/692 510/732/650
s 46
f 504/698/616 501/697/615 575/795/713
f 575/795/713 501/697/615 576/740/658
f 563/796/714 562/739/657 501/697/615
f 562/739/657 576/740/658 501/697/615
s 44
f 502/688/606 503/687/605 567/797/715
f 567/797/715 503/687/605 568/742/660
f 571/798/716 570/744/662 503/687/605
f 570/744/662 568/742/660 503/687/605
s 50
f 548/799/604 547/800/717 550/801/603
f 550/801/603 547/800/717 551/802/718
f 547/800/717 546/704/622 551/802/718
f 551/802/718 546/704/622 552/703/621
s 53
f 554/696/614 553/803/719 558/695/613
f 558/804/613 553/805/719 559/806/720
f 553/805/719 556/708/626 559/806/720
f 559/806/720 556/708/626 560/707/625
s 50
f 561/718/636 564/807/721 565/717/635
f 565/717/635 564/807/721 566/808/722
f 564/807/721 563/809/630 566/808/722
f 566/808/722 563/809/630 567/810/629
s 53
f 569/722/640 572/811/723 573/721/639
f 573/721/639 572/811/723 574/812/724
f 572/811/723 571/813/632 574/812/724
f 574/812/724 571/813/632 575/814/631
s 46
f 545/700/618 546/791/709 547/815/725
f 545/700/618 547/815/725 548/699/617
s 44
f 549/692/610 550/691/609 551/816/726
f 549/692/610 551/816/726 552/793/711
f 555/690/608 556/794/712 553/817/727
f 555/690/608 553/817/727 554/689/607
s 46
f 557/702/620 558/701/619 559/818/728
f 557/702/620 559/818/728 560/792/710
f 562/739/657 563/796/714 564/819/729
f 562/739/657 564/819/729 561/738/656
s 44
f 568/742/660 565/741/659 566/820/730
f 568/742/660 566/820/730 567/797/715
f 570/744/662 571/798/716 572/821/731
f 570/744/662 572/821/731 569/745/663
s 46
f 576/740/658 573/736/654 574/822/732
f 576/740/658 574/822/732 575/795/713
f 579/669/587 578/823/733 584/670/588
f 584/670/588 578/823/733 581/824/734
s 44
f 578/823/735 577/825/736 581/824/737
f 581/824/737 577/825/736 582/826/738
f 577/827/736 580/680/598 582/828/738
f 582/828/738 580/680/598 583/679/597
f 588/675/593 587/829/739 590/676/594
f 590/676/594 587/829/739 591/830/740
f 587/829/739 586/831/741 591/830/740
f 591/830/740 586/831/741 592/832/742
s 46
f 586/833/743 585/724/642 592/834/744
f 592/834/744 585/724/642 589/723/641
s 44
f 593/682/600 597/835/745 598/681/599
f 598/681/599 597/835/745 599/836/746
f 597/835/745 596/837/747 599/836/746
f 599/836/746 596/837/747 600/838/748
f 596/839/747 595/840/749 600/841/748
f 600/841/748 595/840/749 601/842/750
f 595/840/749 594/664/582 601/842/750
f 601/842/750 594/664/582 602/663/581
f 607/729/647 606/843/751 608/730/648
f 608/730/648 606/843/751 609/844/752
f 606/843/751 605/845/753 609/844/752
f 609/844/752 605/845/753 610/846/754
f 605/847/753 604/848/755 610/849/754
f 610/849/754 604/848/755 611/850/756
f 604/848/755 603/677/595 611/850/756
f 611/850/756 603/677/595 612/678/596
s 50
f 531/851/679 594/852/757 529/853/677
f 529/853/677 594/852/757 579/854/758
f 594/852/757 595/855/759 579/854/758
f 595/855/759 596/856/760 579/854/758
f 596/856/760 597/857/761 579/854/758
f 597/857/761 593/858/762 579/854/758
f 579/854/758 593/858/762 578/859/763
f 578/859/763 593/858/762 577/860/764
f 593/858/762 580/861/765 577/860/764
s 53
f 537/862/685 541/863/686 602/864/766
f 541/863/686 584/865/767 602/864/766
f 602/864/766 584/865/767 601/866/768
f 601/866/768 584/865/767 600/867/769
f 600/867/769 584/865/767 599/868/770
f 599/868/770 584/865/767 598/869/771
f 584/865/767 581/870/772 598/869/771
f 581/870/772 582/871/773 598/869/771
f 582/871/773 583/872/774 598/869/771
s 50
f 514/873/670 506/874/669 607/875/775
f 506/874/669 585/876/776 607/875/775
f 607/875/775 585/876/776 606/877/777
f 606/877/777 585/876/776 605/878/778
f 605/878/778 585/876/776 604/879/779
f 604/879/779 585/876/776 603/880/780
f 585/876/776 586/881/781 603/880/780
f 586/881/781 587/882/782 603/880/780
f 587/882/782 588/883/783 603/880/780
s 53
f 519/884/675 608/885/784 524/886/676
f 524/886/676 608/885/784 589/887/785
f 608/885/784 609/888/786 589/887/785
f 609/888/786 610/889/787 589/887/785
f 610/889/787 611/890/788 589/887/785
f 611/890/788 612/891/789 589/887/785
f 589/887/785 612/891/789 592/892/790
f 592/892/790 612/891/789 591/893/791
f 590/894/792 591/893/791 612/891/789
s 81
f 619/895/793 624/896/794 615/897/795
f 615/897/795 624/896/794 616/898/796
s 82
f 658/899/797 650/900/798 665/901/799
f 665/901/799 650/900/798 663/902/800
f 688/903/801 680/904/802 675/905/803
f 675/905/803 680/904/802 673/906/804
s 81
f 613/907/805 614/908/806 620/909/807
f 620/909/807 614/908/806 623/910/808
s 82
f 631/911/809 632/912/810 659/913/811
f 659/913/811 632/912/810 664/914/812
s 86
f 636/915/813 642/916/814 625/917/815
f 625/917/815 642/916/814 628/918/816
s 81
f 614/908/806 613/907/805 627/919/817
f 627/919/817 613/907/805 626/920/818
s 82
f 613/921/819 637/922/820 626/923/821
f 637/922/820 636/924/822 626/923/821
f 636/924/822 625/925/823 626/923/821
f 629/926/824 630/927/825 654/928/826
f 654/928/826 630/927/825 649/929/827
s 81
f 619/895/793 618/930/828 624/896/794
f 624/896/794 618/930/828 621/931/829
f 618/930/828 617/932/830 621/931/829
f 621/931/829 617/932/830 622/933/831
f 617/934/830 620/909/807 622/935/831
f 622/935/831 620/909/807 623/910/808
s 82
f 615/936/832 638/937/833 619/938/834
f 619/938/834 638/937/833 618/939/835
f 618/939/835 638/937/833 617/940/836
f 617/940/836 638/937/833 620/941/837
f 638/937/833 637/922/820 620/941/837
f 637/922/820 613/921/819 620/941/837
f 614/908/838 641/942/839 623/943/840
f 641/942/839 640/944/841 623/943/840
f 623/943/840 640/944/841 622/945/842
f 640/944/841 616/946/843 622/945/842
f 624/947/844 621/948/845 616/946/843
f 621/948/845 622/945/842 616/946/843
f 626/923/821 625/925/823 684/949/846
f 684/949/846 625/925/823 679/950/847
f 628/951/848 627/919/849 669/952/850
f 669/952/850 627/919/849 674/953/851
s 81
f 615/897/795 616/898/796 630/954/852
f 630/954/852 616/898/796 631/955/853
s 82
f 616/946/843 640/944/841 631/911/809
f 632/912/810 631/911/809 639/956/854
f 640/944/841 639/956/854 631/911/809
s 86
f 629/957/855 632/958/856 633/959/857
f 633/959/857 632/958/856 639/960/858
s 82
f 615/936/832 630/927/825 638/937/833
f 629/926/824 633/961/859 630/927/825
f 633/961/859 638/937/833 630/927/825
f 614/908/838 627/919/849 641/942/839
f 641/942/839 627/919/849 642/962/860
f 642/962/860 627/919/849 628/951/848
s 86
f 636/915/813 635/963/861 642/916/814
f 642/916/814 635/963/861 643/964/862
f 635/965/861 634/966/863 643/967/862
f 643/967/862 634/966/863 644/968/864
f 634/966/863 633/959/857 644/968/864
f 644/968/864 633/959/857 639/960/858
s 82
f 634/969/865 645/970/866 633/961/859
f 633/961/859 645/970/866 638/937/833
f 638/937/833 645/970/866 637/922/820
f 637/922/820 645/970/866 646/971/867
f 646/971/867 635/972/868 637/922/820
f 637/922/820 635/972/868 636/924/822
f 635/972/868 646/971/867 634/969/865
f 634/969/865 646/971/867 645/970/866
f 642/962/860 643/973/869 641/942/839
f 641/942/839 643/973/869 647/974/870
f 647/974/870 648/975/871 641/942/839
f 641/942/839 648/975/871 640/944/841
f 640/944/841 648/975/871 639/956/854
f 639/956/854 648/975/871 644/976/872
f 648/975/871 647/974/870 644/976/872
f 644/976/872 647/974/870 643/973/869
f 649/929/827 653/977/873 654/928/826
f 654/928/826 653/977/873 655/978/874
f 653/977/873 652/979/875 655/978/874
f 655/978/874 652/979/875 656/980/876
f 652/981/875 651/982/877 656/983/876
f 656/983/876 651/982/877 657/984/878
f 651/982/877 650/900/798 657/984/878
f 657/984/878 650/900/798 658/899/797
f 663/902/800 662/985/879 665/901/799
f 665/901/799 662/985/879 666/986/880
f 662/985/879 661/987/881 666/986/880
f 666/986/880 661/987/881 667/988/882
f 661/989/881 660/990/883 667/991/882
f 667/991/882 660/990/883 668/992/884
f 660/990/883 659/913/811 668/992/884
f 668/992/884 659/913/811 664/914/812
f 673/993/804 672/994/885 675/995/803
f 675/995/803 672/994/885 676/996/886
f 672/994/885 671/997/887 676/996/886
f 676/996/886 671/997/887 677/998/888
f 671/997/887 670/999/889 677/998/888
f 677/998/888 670/999/889 678/1000/890
f 670/999/889 669/952/850 678/1000/890
f 678/1000/890 669/952/850 674/953/851
f 679/950/847 683/1001/891 684/949/846
f 684/949/846 683/1001/891 685/1002/892
f 683/1001/891 682/1003/893 685/1002/892
f 685/1002/892 682/1003/893 686/1004/894
f 682/1003/893 681/1005/895 686/1004/894
f 686/1004/894 681/1005/895 687/1006/896
f 681/1005/895 680/1007/802 687/1006/896
f 687/1006/896 680/1007/802 688/1008/801
s 81
f 630/954/852 631/955/853 649/1009/897
f 649/1009/897 631/955/853 653/1010/898
f 653/1010/898 631/955/853 652/1011/899
f 652/1011/899 631/955/853 651/1012/900
f 651/1012/900 631/955/853 650/1013/901
f 650/1013/901 631/955/853 663/1014/902
f 663/1014/902 631/955/853 662/1015/903
f 662/1015/903 631/955/853 661/1016/904
f 661/1016/904 631/955/853 660/1017/905
f 631/955/853 659/1018/906 660/1017/905
s 86
f 632/958/856 629/957/855 664/1019/907
f 664/1019/907 629/957/855 668/1020/908
f 668/1020/908 629/957/855 667/1021/909
f 667/1021/909 629/957/855 666/1022/910
f 666/1022/910 629/957/855 665/1023/911
f 665/1023/911 629/957/855 658/1024/912
f 658/1024/912 629/957/855 657/1025/913
f 657/1025/913 629/957/855 656/1026/914
f 656/1026/914 629/957/855 655/1027/915
f 629/957/855 654/1028/916 655/1027/915
f 625/917/815 628/918/816 679/1029/917
f 628/918/816 669/1030/918 679/1029/917
f 679/1029/917 669/1030/918 683/1031/919
f 669/1030/918 670/1032/920 683/1031/919
f 670/1032/920 671/1033/921 683/1031/919
f 683/1031/919 671/1033/921 682/1034/922
f 671/1033/921 672/1035/923 682/1034/922
f 672/1035/923 673/1036/924 682/1034/922
f 682/1034/922 673/1036/924 681/1037/925
f 673/1036/924 680/1038/926 681/1037/925
s 81
f 627/919/817 626/920/818 674/1039/927
f 626/920/818 684/1040/928 674/1039/927
f 674/1039/927 684/1040/928 678/1041/929
f 684/1040/928 685/1042/930 678/1041/929
f 678/1041/929 685/1042/930 677/1043/931
f 685/1042/930 686/1044/932 677/1043/931
f 677/1043/931 686/1044/932 676/1045/933
f 676/1045/933 686/1044/932 675/1046/934
f 686/1044/932 687/1047/935 675/1046/934
f 675/1046/934 687/1047/935 688/1048/936
s 94
f 695/1049/937 700/1050/938 691/1051/939
f 691/1051/939 700/1050/938 692/1052/940
s 95
f 734/1053/941 726/1054/942 741/1055/943
f 741/1055/943 726/1054/942 739/1056/944
f 764/1057/945 756/1058/946 751/1059/947
f 751/1059/947 756/1058/946 749/1060/948
s 94
f 689/1061/949 690/1062/950 696/1063/951
f 696/1063/951 690/1062/950 699/1064/952
s 95
f 707/1065/953 708/1066/954 735/1067/955
f 735/1067/955 708/1066/954 740/1068/956
s 99
f 712/1069/957 718/1070/958 701/1071/959
f 701/1071/959 718/1070/958 704/1072/960
s 94
f 690/1062/950 689/1061/949 703/1073/961
f 703/1073/961 689/1061/949 702/1074/962
s 95
f 689/1075/963 713/1076/964 702/1077/965
f 713/1076/964 712/1078/966 702/1077/965
f 712/1078/966 701/1079/967 702/1077/965
f 705/1080/968 706/1081/969 730/1082/970
f 730/1082/970 706/1081/969 725/1083/971
s 94
f 695/1049/937 694/1084/972 700/1050/938
f 700/1050/938 694/1084/972 697/1085/973
f 694/1084/972 693/1086/974 697/1085/973
f 697/1085/973 693/1086/974 698/1087/975
f 693/1088/974 696/1063/951 698/1089/975
f 698/1089/975 696/1063/951 699/1064/952
s 95
f 691/1090/976 714/1091/977 695/1092/978
f 695/1092/978 714/1091/977 694/1093/979
f 694/1093/979 714/1091/977 693/1094/980
f 693/1094/980 714/1091/977 696/1095/981
f 714/1091/977 713/1076/964 696/1095/981
f 713/1076/964 689/1075/963 696/1095/981
f 690/1096/982 717/1097/983 699/1098/984
f 717/1097/983 716/1099/985 699/1098/984
f 699/1098/984 716/1099/985 698/1100/986
f 716/1099/985 692/1101/987 698/1100/986
f 700/1102/988 697/1103/989 692/1101/987
f 697/1103/989 698/1100/986 692/1101/987
f 702/1077/965 701/1079/967 760/1104/990
f 760/1104/990 701/1079/967 755/1105/991
f 704/1106/992 703/1107/993 745/1108/994
f 745/1108/994 703/1107/993 750/1109/995
s 94
f 691/1051/939 692/1052/940 706/1110/996
f 706/1110/996 692/1052/940 707/1111/997
s 95
f 692/1101/987 716/1099/985 707/1065/953
f 708/1066/954 707/1065/953 715/1112/998
f 716/1099/985 715/1112/998 707/1065/953
s 99
f 705/1113/999 708/1114/1000 709/1115/1001
f 709/1115/1001 708/1114/1000 715/1116/1002
s 95
f 691/1090/976 706/1081/969 714/1091/977
f 705/1080/968 709/1117/1003 706/1081/969
f 709/1117/1003 714/1091/977 706/1081/969
f 690/1096/982 703/1107/993 717/1097/983
f 717/1097/983 703/1107/993 718/1118/1004
f 718/1118/1004 703/1107/993 704/1106/992
s 99
f 712/1069/957 711/1119/1005 718/1070/958
f 718/1070/958 711/1119/1005 719/1120/1006
f 711/1121/1005 710/1122/1007 719/1123/1006
f 719/1123/1006 710/1122/1007 720/1124/1008
f 710/1122/1007 709/1115/1001 720/1124/1008
f 720/1124/1008 709/1115/1001 715/1116/1002
s 95
f 710/1125/1009 721/1126/1010 709/1117/1003
f 709/1117/1003 721/1126/1010 714/1091/977
f 714/1091/977 721/1126/1010 713/1076/964
f 713/1076/964 721/1126/1010 722/1127/1011
f 722/1127/1011 711/1128/1012 713/1076/964
f 713/1076/964 711/1128/1012 712/1078/966
f 711/1128/1012 722/1127/1011 710/1125/1009
f 710/1125/1009 722/1127/1011 721/1126/1010
f 718/1118/1004 719/1129/1013 717/1097/983
f 717/1097/983 719/1129/1013 723/1130/1014
f 723/1130/1014 724/1131/1015 717/1097/983
f 717/1097/983 724/1131/1015 716/1099/985
f 716/1099/985 724/1131/1015 715/1112/998
f 715/1112/998 724/1131/1015 720/1132/1016
f 724/1131/1015 723/1130/1014 720/1132/1016
f 720/1132/1016 723/1130/1014 719/1129/1013
f 725/1083/971 729/1133/1017 730/1082/970
f 730/1082/970 729/1133/1017 731/1134/1018
f 729/1133/1017 728/1135/1019 731/1134/1018
f 731/1134/1018 728/1135/1019 732/1136/1020
f 728/1137/1019 727/1138/1021 732/1139/1020
f 732/1139/1020 727/1138/1021 733/1140/1022
f 727/1138/1021 726/1054/942 733/1140/1022
f 733/1140/1022 726/1054/942 734/1053/941
f 739/1056/944 738/1141/1023 741/1055/943
f 741/1055/943 738/1141/1023 742/1142/1024
f 738/1141/1023 737/1143/1025 742/1142/1024
f 742/1142/1024 737/1143/1025 743/1144/1026
f 737/1145/1025 736/1146/1027 743/1147/1026
f 743/1147/1026 736/1146/1027 744/1148/1028
f 736/1146/1027 735/1067/955 744/1148/1028
f 744/1148/1028 735/1067/955 740/1068/956
f 749/1149/948 748/1150/1029 751/1151/947
f 751/1151/947 748/1150/1029 752/1152/1030
f 748/1150/1029 747/1153/1031 752/1152/1030
f 752/1152/1030 747/1153/1031 753/1154/1032
f 747/1153/1031 746/1155/1033 753/1154/1032
f 753/1154/1032 746/1155/1033 754/1156/1034
f 746/1155/1033 745/1108/994 754/1156/1034
f 754/1156/1034 745/1108/994 750/1109/995
f 755/1105/991 759/1157/1035 760/1104/990
f 760/1104/990 759/1157/1035 761/1158/1036
f 759/1157/1035 758/1159/1037 761/1158/1036
f 761/1158/1036 758/1159/1037 762/1160/1038
f 758/1159/1037 757/1161/1039 762/1160/1038
f 762/1160/1038 757/1161/1039 763/1162/1040
f 757/1161/1039 756/1163/946 763/1162/1040
f 763/1162/1040 756/1163/946 764/1164/945
s 94
f 706/1110/996 707/1111/997 725/1165/1041
f 725/1165/1041 707/1111/997 729/1166/1042
f 729/1166/1042 707/1111/997 728/1167/1043
f 728/1167/1043 707/1111/997 727/1168/1044
f 727/1168/1044 707/1111/997 726/1169/1045
f 726/1169/1045 707/1111/997 739/1170/1046
f 739/1170/1046 707/1111/997 738/1171/1047
f 738/1171/1047 707/1111/997 737/1172/1048
f 737/1172/1048 707/1111/997 736/1173/1049
f 707/1111/997 735/1174/1050 736/1173/1049
s 99
f 708/1114/1000 705/1113/999 740/1175/1051
f 740/1175/1051 705/1113/999 744/1176/1052
f 744/1176/1052 705/1113/999 743/1177/1053
f 743/1177/1053 705/1113/999 742/1178/1054
f 742/1178/1054 705/1113/999 741/1179/1055
f 741/1179/1055 705/1113/999 734/1180/1056
f 734/1180/1056 705/1113/999 733/1181/1057
f 733/1181/1057 705/1113/999 732/1182/1058
f 732/1182/1058 705/1113/999 731/1183/1059
f 705/1113/999 730/1184/1060 731/1183/1059
f 701/1071/959 704/1072/960 755/1185/1061
f 704/1072/960 745/1186/1062 755/1185/1061
f 755/1185/1061 745/1186/1062 759/1187/1063
f 745/1186/1062 746/1188/1064 759/1187/1063
f 746/1188/1064 747/1189/1065 759/1187/1063
f 759/1187/1063 747/1189/1065 758/1190/1066
f 747/1189/1065 748/1191/1067 758/1190/1066
f 748/1191/1067 749/1192/1068 758/1190/1066
f 758/1190/1066 749/1192/1068 757/1193/1069
f 749/1192/1068 756/1194/1070 757/1193/1069
s 94
f 703/1073/961 702/1074/962 750/1195/1071
f 702/1074/962 760/1196/1072 750/1195/1071
f 750/1195/1071 760/1196/1072 754/1197/1073
f 760/1196/1072 761/1198/1074 754/1197/1073
f 754/1197/1073 761/1198/1074 753/1199/1075
f 761/1198/1074 762/1200/1076 753/1199/1075
f 753/1199/1075 762/1200/1076 752/1201/1077
f 752/1201/1077 762/1200/1076 751/1202/1078
f 762/1200/1076 763/1203/1079 751/1202/1078
f 751/1202/1078 763/1203/1079 764/1204/1080
s 107
g textureEditorIsolateSelectSet polySurface3
f 767/1205/1081 768/1206/1082 769/1208/1083
f 769/1208/1083 768/1206/1082 770/1207/1084
s 108
f 769/1208/1085 770/1207/1086 771/1210/1087
f 771/1210/1087 770/1207/1086 772/1209/1088
s 109
f 771/1210/1089 772/1209/1090 765/1212/1091
f 765/1212/1091 772/1209/1090 766/1211/1092
s 110
g polySurface3
f 766/1213/1093 772/1214/1094 768/1216/1095
f 768/1216/1095 772/1214/1094 770/1215/1096
s 111
f 771/1217/1097 765/1218/1098 769/1220/1099
f 769/1220/1099 765/1218/1098 767/1219/1100
s 112
f 775/1221/1101 779/1222/1102 855/1223/1103
f 855/1223/1103 779/1222/1102 859/1224/1104
f 779/1222/1102 783/1225/1105 859/1224/1104
f 859/1224/1104 783/1225/1105 863/1226/1106
f 783/1225/1105 787/1227/1107 863/1226/1106
f 863/1226/1106 787/1227/1107 867/1228/1108
f 787/1227/1107 791/1229/1109 867/1228/1108
f 867/1228/1108 791/1229/1109 871/1230/1110
f 791/1229/1109 795/1231/1111 871/1230/1110
f 871/1230/1110 795/1231/1111 875/1232/1112
f 795/1231/1111 799/1233/1113 875/1232/1112
f 875/1232/1112 799/1233/1113 879/1234/1114
f 799/1233/1113 803/1235/1115 879/1234/1114
f 879/1234/1114 803/1235/1115 883/1236/1116
f 803/1235/1115 807/1237/1117 883/1236/1116
f 883/1236/1116 807/1237/1117 887/1238/1118
f 807/1237/1117 811/1239/1119 887/1238/1118
f 887/1238/1118 811/1239/1119 891/1240/1120
f 811/1239/1119 815/1241/1121 891/1240/1120
f 891/1240/1120 815/1241/1121 895/1242/1122
f 815/1241/1121 819/1243/1123 895/1242/1122
f 895/1242/1122 819/1243/1123 899/1244/1124
f 819/1243/1123 823/1245/1125 899/1244/1124
f 899/1244/1124 823/1245/1125 903/1246/1126
f 823/1245/1125 827/1247/1127 903/1246/1126
f 903/1246/1126 827/1247/1127 907/1248/1128
f 827/1247/1127 831/1249/1129 907/1248/1128
f 907/1248/1128 831/1249/1129 911/1250/1130
f 831/1249/1129 835/1251/1131 911/1250/1130
f 911/1250/1130 835/1251/1131 915/1252/1132
f 835/1251/1131 839/1253/1133 915/1252/1132
f 915/1252/1132 839/1253/1133 919/1254/1134
f 839/1253/1133 843/1255/1135 919/1254/1134
f 919/1254/1134 843/1255/1135 923/1256/1136
f 843/1255/1135 847/1257/1137 923/1256/1136
f 923/1256/1136 847/1257/1137 927/1258/1138
f 847/1257/1137 851/1259/1139 927/1258/1138
f 927/1258/1138 851/1259/1139 931/1260/1140
f 851/1259/1139 775/1261/1101 931/1260/1140
f 931/1260/1140 775/1261/1101 855/1262/1103
s 113
f 782/1263/1141 778/1264/1142 773/1265/1143
f 786/1266/1144 782/1263/1141 773/1265/1143
f 790/1267/1145 786/1266/1144 773/1265/1143
f 794/1268/1146 790/1267/1145 773/1265/1143
f 798/1269/1147 794/1268/1146 773/1265/1143
f 802/1270/1148 798/1269/1147 773/1265/1143
f 806/1271/1149 802/1270/1148 773/1265/1143
f 810/1272/1150 806/1271/1149 773/1265/1143
f 814/1273/1151 810/1272/1150 773/1265/1143
f 818/1274/1152 814/1273/1151 773/1265/1143
f 822/1275/1153 818/1274/1152 773/1265/1143
f 826/1276/1154 822/1275/1153 773/1265/1143
f 830/1277/1155 826/1276/1154 773/1265/1143
f 834/1278/1156 830/1277/1155 773/1265/1143
f 838/1279/1157 834/1278/1156 773/1265/1143
f 842/1280/1158 838/1279/1157 773/1265/1143
f 846/1281/1159 842/1280/1158 773/1265/1143
f 850/1282/1160 846/1281/1159 773/1265/1143
f 854/1283/1161 850/1282/1160 773/1265/1143
f 778/1264/1142 854/1283/1161 773/1265/1143
s 114
f 858/1284/1162 862/1285/1163 774/1286/1164
f 862/1285/1163 866/1287/1165 774/1286/1164
f 866/1287/1165 870/1288/1166 774/1286/1164
f 870/1288/1166 874/1289/1167 774/1286/1164
f 874/1289/1167 878/1290/1168 774/1286/1164
f 878/1290/1168 882/1291/1169 774/1286/1164
f 882/1291/1169 886/1292/1170 774/1286/1164
f 886/1292/1170 890/1293/1171 774/1286/1164
f 890/1293/1171 894/1294/1172 774/1286/1164
f 894/1294/1172 898/1295/1173 774/1286/1164
f 898/1295/1173 902/1296/1174 774/1286/1164
f 902/1296/1174 906/1297/1175 774/1286/1164
f 906/1297/1175 910/1298/1176 774/1286/1164
f 910/1298/1176 914/1299/1177 774/1286/1164
f 914/1299/1177 918/1300/1178 774/1286/1164
f 918/1300/1178 922/1301/1179 774/1286/1164
f 922/1301/1179 926/1302/1180 774/1286/1164
f 926/1302/1180 930/1303/1181 774/1286/1164
f 930/1303/1181 934/1304/1182 774/1286/1164
f 934/1304/1182 858/1284/1162 774/1286/1164
s 113
f 777/1305/1183 778/1264/1142 781/1306/1184
f 781/1306/1184 778/1264/1142 782/1263/1141
s 112
f 775/1221/1101 776/1307/1185 779/1222/1102
f 779/1222/1102 776/1307/1185 780/1308/1186
s 113
f 776/1307/1187 777/1309/1183 780/1308/1188
f 780/1308/1188 777/1309/1183 781/1310/1184
f 781/1306/1184 782/1263/1141 785/1311/1189
f 785/1311/1189 782/1263/1141 786/1266/1144
s 112
f 779/1222/1102 780/1308/1186 783/1225/1105
f 783/1225/1105 780/1308/1186 784/1312/1190
s 113
f 780/1308/1188 781/1310/1184 784/1312/1191
f 784/1312/1191 781/1310/1184 785/1313/1189
f 785/1311/1189 786/1266/1144 789/1314/1192
f 789/1314/1192 786/1266/1144 790/1267/1145
s 112
f 783/1225/1105 784/1312/1190 787/1227/1107
f 787/1227/1107 784/1312/1190 788/1315/1193
s 113
f 784/1312/1191 785/1313/1189 788/1315/1194
f 788/1315/1194 785/1313/1189 789/1316/1192
f 789/1314/1192 790/1267/1145 793/1317/1195
f 793/1317/1195 790/1267/1145 794/1268/1146
s 112
f 787/1227/1107 788/1315/1193 791/1229/1109
f 791/1229/1109 788/1315/1193 792/1318/1196
s 113
f 788/1315/1194 789/1316/1192 792/1318/1197
f 792/1318/1197 789/1316/1192 793/1319/1195
f 793/1317/1195 794/1268/1146 797/1320/1198
f 797/1320/1198 794/1268/1146 798/1269/1147
s 112
f 791/1229/1109 792/1318/1196 795/1231/1111
f 795/1231/1111 792/1318/1196 796/1321/1199
s 113
f 792/1318/1197 793/1319/1195 796/1321/1200
f 796/1321/1200 793/1319/1195 797/1322/1198
f 797/1320/1198 798/1269/1147 801/1323/1201
f 801/1323/1201 798/1269/1147 802/1270/1148
s 112
f 795/1231/1111 796/1321/1199 799/1233/1113
f 799/1233/1113 796/1321/1199 800/1324/1202
s 113
f 796/1321/1200 797/1322/1198 800/1324/1203
f 800/1324/1203 797/1322/1198 801/1325/1201
f 801/1323/1201 802/1270/1148 805/1326/1204
f 805/1326/1204 802/1270/1148 806/1271/1149
s 112
f 799/1233/1113 800/1324/1202 803/1235/1115
f 803/1235/1115 800/1324/1202 804/1327/1205
s 113
f 800/1324/1203 801/1325/1201 804/1327/1206
f 804/1327/1206 801/1325/1201 805/1328/1204
f 805/1326/1204 806/1271/1149 809/1329/1207
f 809/1329/1207 806/1271/1149 810/1272/1150
s 112
f 803/1235/1115 804/1327/1205 807/1237/1117
f 807/1237/1117 804/1327/1205 808/1330/1208
s 113
f 804/1327/1206 805/1328/1204 808/1330/1209
f 808/1330/1209 805/1328/1204 809/1331/1207
f 809/1329/1207 810/1272/1150 813/1332/1210
f 813/1332/1210 810/1272/1150 814/1273/1151
s 112
f 807/1237/1117 808/1330/1208 811/1239/1119
f 811/1239/1119 808/1330/1208 812/1333/1211
s 113
f 808/1330/1209 809/1331/1207 812/1333/1212
f 812/1333/1212 809/1331/1207 813/1334/1210
f 813/1332/1210 814/1273/1151 817/1335/1213
f 817/1335/1213 814/1273/1151 818/1274/1152
s 112
f 811/1239/1119 812/1333/1211 815/1241/1121
f 815/1241/1121 812/1333/1211 816/1336/1214
s 113
f 812/1333/1212 813/1334/1210 816/1336/1215
f 816/1336/1215 813/1334/1210 817/1337/1213
f 817/1335/1213 818/1274/1152 821/1338/1216
f 821/1338/1216 818/1274/1152 822/1275/1153
s 112
f 815/1241/1121 816/1336/1214 819/1243/1123
f 819/1243/1123 816/1336/1214 820/1339/1217
s 113
f 816/1336/1215 817/1337/1213 820/1339/1218
f 820/1339/1218 817/1337/1213 821/1340/1216
f 821/1338/1216 822/1275/1153 825/1341/1219
f 825/1341/1219 822/1275/1153 826/1276/1154
s 112
f 819/1243/1123 820/1339/1217 823/1245/1125
f 823/1245/1125 820/1339/1217 824/1342/1220
s 113
f 820/1339/1218 821/1340/1216 824/1342/1221
f 824/1342/1221 821/1340/1216 825/1343/1219
f 825/1341/1219 826/1276/1154 829/1344/1222
f 829/1344/1222 826/1276/1154 830/1277/1155
s 112
f 823/1245/1125 824/1342/1220 827/1247/1127
f 827/1247/1127 824/1342/1220 828/1345/1223
s 113
f 824/1342/1221 825/1343/1219 828/1345/1224
f 828/1345/1224 825/1343/1219 829/1346/1222
f 829/1344/1222 830/1277/1155 833/1347/1225
f 833/1347/1225 830/1277/1155 834/1278/1156
s 112
f 827/1247/1127 828/1345/1223 831/1249/1129
f 831/1249/1129 828/1345/1223 832/1348/1226
s 113
f 828/1345/1224 829/1346/1222 832/1348/1227
f 832/1348/1227 829/1346/1222 833/1349/1225
f 833/1347/1225 834/1278/1156 837/1350/1228
f 837/1350/1228 834/1278/1156 838/1279/1157
s 112
f 831/1249/1129 832/1348/1226 835/1251/1131
f 835/1251/1131 832/1348/1226 836/1351/1229
s 113
f 832/1348/1227 833/1349/1225 836/1351/1230
f 836/1351/1230 833/1349/1225 837/1352/1228
f 837/1350/1228 838/1279/1157 841/1353/1231
f 841/1353/1231 838/1279/1157 842/1280/1158
s 112
f 835/1251/1131 836/1351/1229 839/1253/1133
f 839/1253/1133 836/1351/1229 840/1354/1232
s 113
f 836/1351/1230 837/1352/1228 840/1354/1233
f 840/1354/1233 837/1352/1228 841/1355/1231
f 841/1353/1231 842/1280/1158 845/1356/1234
f 845/1356/1234 842/1280/1158 846/1281/1159
s 112
f 839/1253/1133 840/1354/1232 843/1255/1135
f 843/1255/1135 840/1354/1232 844/1357/1235
s 113
f 840/1354/1233 841/1355/1231 844/1357/1236
f 844/1357/1236 841/1355/1231 845/1358/1234
f 845/1356/1234 846/1281/1159 849/1359/1237
f 849/1359/1237 846/1281/1159 850/1282/1160
s 112
f 843/1255/1135 844/1357/1235 847/1257/1137
f 847/1257/1137 844/1357/1235 848/1360/1238
s 113
f 844/1357/1236 845/1358/1234 848/1360/1239
f 848/1360/1239 845/1358/1234 849/1361/1237
f 849/1359/1237 850/1282/1160 853/1362/1240
f 853/1362/1240 850/1282/1160 854/1283/1161
s 112
f 847/1257/1137 848/1360/1238 851/1259/1139
f 851/1259/1139 848/1360/1238 852/1363/1241
s 113
f 848/1360/1239 849/1361/1237 852/1363/1242
f 852/1363/1242 849/1361/1237 853/1364/1240
f 778/1264/1142 777/1305/1183 854/1283/1161
f 854/1283/1161 777/1305/1183 853/1362/1240
f 777/1365/1183 776/1366/1187 853/1364/1240
f 853/1364/1240 776/1366/1187 852/1363/1242
s 112
f 776/1366/1185 775/1261/1101 852/1363/1241
f 852/1363/1241 775/1261/1101 851/1259/1139
s 114
f 857/1367/1243 858/1284/1162 933/1368/1244
f 933/1368/1244 858/1284/1162 934/1304/1182
s 112
f 855/1262/1103 856/1369/1245 931/1260/1140
f 931/1260/1140 856/1369/1245 932/1370/1246
s 114
f 856/1369/1247 857/1371/1243 932/1370/1248
f 932/1370/1248 857/1371/1243 933/1372/1244
f 858/1284/1162 857/1367/1243 862/1285/1163
f 862/1285/1163 857/1367/1243 861/1373/1249
f 857/1374/1243 856/1375/1247 861/1376/1249
f 861/1376/1249 856/1375/1247 860/1377/1250
s 112
f 856/1375/1245 855/1223/1103 860/1377/1251
f 860/1377/1251 855/1223/1103 859/1224/1104
s 114
f 862/1285/1163 861/1373/1249 866/1287/1165
f 866/1287/1165 861/1373/1249 865/1378/1252
f 861/1376/1249 860/1377/1250 865/1379/1252
f 865/1379/1252 860/1377/1250 864/1380/1253
s 112
f 860/1377/1251 859/1224/1104 864/1380/1254
f 864/1380/1254 859/1224/1104 863/1226/1106
s 114
f 866/1287/1165 865/1378/1252 870/1288/1166
f 870/1288/1166 865/1378/1252 869/1381/1255
f 865/1379/1252 864/1380/1253 869/1382/1255
f 869/1382/1255 864/1380/1253 868/1383/1256
s 112
f 864/1380/1254 863/1226/1106 868/1383/1257
f 868/1383/1257 863/1226/1106 867/1228/1108
s 114
f 870/1288/1166 869/1381/1255 874/1289/1167
f 874/1289/1167 869/1381/1255 873/1384/1258
f 869/1382/1255 868/1383/1256 873/1385/1258
f 873/1385/1258 868/1383/1256 872/1386/1259
s 112
f 868/1383/1257 867/1228/1108 872/1386/1260
f 872/1386/1260 867/1228/1108 871/1230/1110
s 114
f 874/1289/1167 873/1384/1258 878/1290/1168
f 878/1290/1168 873/1384/1258 877/1387/1261
f 873/1385/1258 872/1386/1259 877/1388/1261
f 877/1388/1261 872/1386/1259 876/1389/1262
s 112
f 872/1386/1260 871/1230/1110 876/1389/1263
f 876/1389/1263 871/1230/1110 875/1232/1112
s 114
f 878/1290/1168 877/1387/1261 882/1291/1169
f 882/1291/1169 877/1387/1261 881/1390/1264
f 877/1388/1261 876/1389/1262 881/1391/1264
f 881/1391/1264 876/1389/1262 880/1392/1265
s 112
f 876/1389/1263 875/1232/1112 880/1392/1266
f 880/1392/1266 875/1232/1112 879/1234/1114
s 114
f 882/1291/1169 881/1390/1264 886/1292/1170
f 886/1292/1170 881/1390/1264 885/1393/1267
f 881/1391/1264 880/1392/1265 885/1394/1267
f 885/1394/1267 880/1392/1265 884/1395/1268
s 112
f 880/1392/1266 879/1234/1114 884/1395/1269
f 884/1395/1269 879/1234/1114 883/1236/1116
s 114
f 886/1292/1170 885/1393/1267 890/1293/1171
f 890/1293/1171 885/1393/1267 889/1396/1270
f 885/1394/1267 884/1395/1268 889/1397/1270
f 889/1397/1270 884/1395/1268 888/1398/1271
s 112
f 884/1395/1269 883/1236/1116 888/1398/1272
f 888/1398/1272 883/1236/1116 887/1238/1118
s 114
f 890/1293/1171 889/1396/1270 894/1294/1172
f 894/1294/1172 889/1396/1270 893/1399/1273
f 889/1397/1270 888/1398/1271 893/1400/1273
f 893/1400/1273 888/1398/1271 892/1401/1274
s 112
f 888/1398/1272 887/1238/1118 892/1401/1275
f 892/1401/1275 887/1238/1118 891/1240/1120
s 114
f 894/1294/1172 893/1399/1273 898/1295/1173
f 898/1295/1173 893/1399/1273 897/1402/1276
f 893/1400/1273 892/1401/1274 897/1403/1276
f 897/1403/1276 892/1401/1274 896/1404/1277
s 112
f 892/1401/1275 891/1240/1120 896/1404/1278
f 896/1404/1278 891/1240/1120 895/1242/1122
s 114
f 898/1295/1173 897/1402/1276 902/1296/1174
f 902/1296/1174 897/1402/1276 901/1405/1279
f 897/1403/1276 896/1404/1277 901/1406/1279
f 901/1406/1279 896/1404/1277 900/1407/1280
s 112
f 896/1404/1278 895/1242/1122 900/1407/1281
f 900/1407/1281 895/1242/1122 899/1244/1124
s 114
f 902/1296/1174 901/1405/1279 906/1297/1175
f 906/1297/1175 901/1405/1279 905/1408/1282
f 901/1406/1279 900/1407/1280 905/1409/1282
f 905/1409/1282 900/1407/1280 904/1410/1283
s 112
f 900/1407/1281 899/1244/1124 904/1410/1284
f 904/1410/1284 899/1244/1124 903/1246/1126
s 114
f 906/1297/1175 905/1408/1282 910/1298/1176
f 910/1298/1176 905/1408/1282 909/1411/1285
f 905/1409/1282 904/1410/1283 909/1412/1285
f 909/1412/1285 904/1410/1283 908/1413/1286
s 112
f 904/1410/1284 903/1246/1126 908/1413/1287
f 908/1413/1287 903/1246/1126 907/1248/1128
s 114
f 910/1298/1176 909/1411/1285 914/1299/1177
f 914/1299/1177 909/1411/1285 913/1414/1288
f 909/1412/1285 908/1413/1286 913/1415/1288
f 913/1415/1288 908/1413/1286 912/1416/1289
s 112
f 908/1413/1287 907/1248/1128 912/1416/1290
f 912/1416/1290 907/1248/1128 911/1250/1130
s 114
f 914/1299/1177 913/1414/1288 918/1300/1178
f 918/1300/1178 913/1414/1288 917/1417/1291
f 913/1415/1288 912/1416/1289 917/1418/1291
f 917/1418/1291 912/1416/1289 916/1419/1292
s 112
f 912/1416/1290 911/1250/1130 916/1419/1293
f 916/1419/1293 911/1250/1130 915/1252/1132
s 114
f 918/1300/1178 917/1417/1291 922/1301/1179
f 922/1301/1179 917/1417/1291 921/1420/1294
f 917/1418/1291 916/1419/1292 921/1421/1294
f 921/1421/1294 916/1419/1292 920/1422/1295
s 112
f 916/1419/1293 915/1252/1132 920/1422/1296
f 920/1422/1296 915/1252/1132 919/1254/1134
s 114
f 922/1301/1179 921/1420/1294 926/1302/1180
f 926/1302/1180 921/1420/1294 925/1423/1297
f 921/1421/1294 920/1422/1295 925/1424/1297
f 925/1424/1297 920/1422/1295 924/1425/1298
s 112
f 920/1422/1296 919/1254/1134 924/1425/1299
f 924/1425/1299 919/1254/1134 923/1256/1136
s 114
f 926/1302/1180 925/1423/1297 930/1303/1181
f 930/1303/1181 925/1423/1297 929/1426/1300
f 925/1424/1297 924/1425/1298 929/1427/1300
f 929/1427/1300 924/1425/1298 928/1428/1301
s 112
f 924/1425/1299 923/1256/1136 928/1428/1302
f 928/1428/1302 923/1256/1136 927/1258/1138
s 114
f 930/1303/1181 929/1426/1300 934/1304/1182
f 934/1304/1182 929/1426/1300 933/1368/1244
f 929/1427/1300 928/1428/1301 933/1372/1244
f 933/1372/1244 928/1428/1301 932/1370/1248
s 112
f 928/1428/1302 927/1258/1138 932/1370/1246
f 932/1370/1246 927/1258/1138 931/1260/1140
