# This file uses meters as units for non-parametric coordinates.

mtllib Table.mtl
g default
v -70.957733 47.955044 46.235806
v -59.148796 47.955044 46.235806
v -67.456978 73.215950 44.675125
v -62.649551 73.215950 44.675125
v -67.456978 73.149750 43.603630
v -62.649551 73.149750 43.603630
v -70.957733 47.888840 45.164303
v -59.148796 47.888840 45.164303
v -65.053261 73.215950 44.675125
v -65.053261 73.149750 43.603630
v -63.970779 73.215950 44.675125
v -63.970779 73.149750 43.603630
v -66.135750 73.215950 44.675125
v -66.135750 73.149750 43.603630
v -69.775070 59.527214 45.520844
v -69.775070 59.461014 44.449348
v -60.331459 59.461014 44.449348
v -60.331459 59.527214 45.520844
v -70.011597 57.212784 45.663837
v -70.011597 57.146584 44.592342
v -60.094917 57.146584 44.592342
v -60.094917 57.212784 45.663837
v -69.538536 61.775436 44.306362
v -69.538536 61.841637 45.377857
v -60.567993 61.841637 45.377857
v -60.567993 61.775436 44.306362
v -61.215363 47.955044 46.235806
v -61.688431 57.212784 45.663837
v -61.806694 59.527214 45.520844
v -61.924965 61.841637 45.377857
v -63.310158 73.215950 44.675125
v -63.310158 73.149750 43.603630
v -61.924965 61.775436 44.306362
v -61.806694 59.461014 44.449348
v -61.688431 57.146584 44.592342
v -61.215363 47.888840 45.164303
v -68.477859 47.955044 46.235806
v -68.099411 57.212784 45.663837
v -68.004791 59.527214 45.520844
v -67.910172 61.841637 45.377857
v -66.664246 73.215950 44.675125
v -66.664246 73.149750 43.603630
v -67.910172 61.775436 44.306362
v -68.004791 59.461014 44.449348
v -68.099411 57.146584 44.592342
v -68.477859 47.888840 45.164303
v -69.428146 62.855499 44.239635
v -69.428146 62.921700 45.311131
v -67.866020 62.921700 45.311131
v -66.824608 62.921700 45.311131
v -65.053261 62.921700 45.311131
v -63.281921 62.921700 45.311131
v -61.980141 62.921700 45.311131
v -60.678375 62.921700 45.311131
v -60.678375 62.855499 44.239635
v -61.980141 62.855499 44.239635
v -63.281921 62.855499 44.239635
v -65.053261 62.855499 44.239635
v -66.824608 62.855499 44.239635
v -67.866020 62.855499 44.239635
v -70.106216 56.286987 45.721039
v -70.106216 56.220795 44.649536
v -68.137245 56.220795 44.649536
v -66.824608 53.795006 44.799408
v -63.281921 53.795006 44.799408
v -61.641113 56.220795 44.649536
v -60.000313 56.220795 44.649536
v -60.000313 56.286987 45.721039
v -61.641113 56.286987 45.721039
v -63.281921 53.861206 45.870903
v -66.824608 53.861206 45.870903
v -68.137245 56.286987 45.721039
v -70.702278 50.454628 46.081375
v -70.702278 50.388428 45.009876
v -68.375671 50.388428 45.009876
v -66.824608 50.371353 45.010933
v -63.281921 50.371353 45.010933
v -61.343079 50.388428 45.009876
v -59.404251 50.388428 45.009876
v -59.404251 50.454628 46.081375
v -61.343079 50.454628 46.081375
v -63.281921 50.437561 46.082428
v -66.824608 50.437561 46.082428
v -68.375671 50.454628 46.081375
v -64.084808 54.701622 44.743401
v -64.167595 53.795006 44.799408
v -64.167595 50.371353 45.010933
v -64.167595 49.220322 45.082047
v -64.167595 49.286522 46.153542
v -64.167595 50.437561 46.082428
v -64.167595 53.861206 45.870903
v -64.084808 54.767815 45.814896
v -66.021721 54.701622 44.743401
v -65.938934 53.795006 44.799408
v -65.938934 50.371353 45.010933
v -65.938934 49.220322 45.082047
v -65.938934 49.286522 46.153542
v -65.938934 50.437561 46.082428
v -65.938934 53.861206 45.870903
v -66.021721 54.767815 45.814896
v -63.331390 49.079010 46.166363
v -62.977058 48.970825 46.173046
v -62.636215 48.825768 46.182003
v -62.312714 48.645454 46.193150
v -62.960960 49.468658 46.142292
v -63.331390 49.012810 45.094864
v -62.960960 49.402458 45.070789
v -62.312714 48.579254 45.121647
v -62.636215 48.759575 45.110508
v -62.977058 48.904625 45.101551
v -67.751755 48.574852 46.197506
v -67.451149 48.793716 46.183990
v -67.120354 48.963760 46.173481
v -66.767250 49.080956 46.166241
v -67.145561 49.468658 46.142292
v -67.145561 49.402458 45.070789
v -66.767250 49.014748 45.094746
v -67.120354 48.897568 45.101986
v -67.451149 48.727516 45.112488
v -67.751755 48.508652 45.126011
v -62.930862 55.548988 44.691048
v -62.856438 55.474174 44.695667
v -63.173378 54.651909 44.746468
v -63.564209 54.916847 44.730099
v -63.564209 54.983040 45.801601
v -63.173378 54.718086 45.817966
v -62.856438 55.540344 45.767166
v -62.930862 55.615173 45.762543
v -62.499580 57.482208 44.571602
v -62.222549 57.472771 44.572186
v -62.499580 56.588219 44.626839
v -62.499573 56.654419 45.698334
v -62.222549 57.538979 45.643688
v -62.499573 57.548409 45.643105
v -62.930862 58.587624 45.578899
v -62.631599 60.176735 45.480717
v -63.169144 60.273872 45.474716
v -63.564209 59.219772 45.539841
v -63.564209 59.153564 44.468346
v -63.169144 60.207672 44.403221
v -62.631599 60.110542 44.409222
v -62.930862 58.521423 44.507404
v -64.605415 59.650246 45.513245
v -65.053261 60.282394 45.474194
v -65.501114 59.650246 45.513245
v -65.501114 59.584015 44.441750
v -65.053261 60.216156 44.402695
v -64.605415 59.584015 44.441750
v -66.542320 59.219772 45.539841
v -66.927330 60.509842 45.460136
v -67.450119 60.437988 45.464581
v -67.175667 58.587624 45.578899
v -67.175667 58.521423 44.507404
v -67.450119 60.371780 44.393085
v -66.927330 60.443642 44.388641
v -66.542313 59.153564 44.468346
v -67.606949 56.588219 44.626839
v -67.831436 57.480507 44.571716
v -67.606949 57.482208 44.571602
v -67.606956 57.548409 45.643105
v -67.831436 57.546700 45.643211
v -67.606956 56.654419 45.698334
v -66.542320 54.916847 44.730099
v -66.933502 54.654671 44.746296
v -67.205269 55.498489 44.694164
v -67.175667 55.548988 44.691048
v -67.175667 55.615189 45.762543
v -67.205269 55.564690 45.765659
v -66.933502 54.720871 45.817791
v -66.542320 54.983040 45.801594
v -49.532318 0.000000 51.354385
v -49.532318 0.000000 42.766064
v -64.898651 73.000710 46.188545
v -64.898651 73.000710 37.600224
v -60.132141 73.000710 46.188545
v -60.132141 73.000710 37.600224
v -44.765800 0.000000 51.354385
v -44.765800 0.000000 42.766064
v -80.301125 0.000000 51.354385
v -80.301125 0.000000 42.766064
v -64.934784 73.000710 46.188545
v -64.934784 73.000710 37.600224
v -69.701294 73.000710 46.188545
v -69.701294 73.000710 37.600224
v -85.067642 0.000000 51.354385
v -85.067642 0.000000 42.766064
v -67.202682 15.154078 47.651203
v -62.908524 15.154078 47.651203
v -67.202682 20.283211 47.651203
v -62.908524 20.283211 47.651203
v -67.202682 20.283211 -51.517365
v -62.908524 20.283211 -51.517365
v -67.202682 15.154078 -51.517365
v -62.908524 15.154078 -51.517365
v -70.423302 82.182419 61.971237
v -59.687904 82.182419 61.971237
v -70.423302 82.182419 -63.396729
v -59.687904 82.182419 -63.396729
v -70.423302 82.182419 -0.712734
v -70.423302 73.078796 -0.712734
v -59.687904 73.078796 -0.712734
v -59.687904 82.182419 -0.712734
v -70.423302 82.182419 30.629265
v -70.423302 73.078796 30.629265
v -59.687904 73.078796 30.629265
v -59.687904 82.182419 30.629265
v -70.423302 73.078796 -32.054729
v -70.423302 82.182419 -32.054729
v -59.687904 82.182419 -32.054729
v -59.687904 73.078796 -32.054729
v -70.423302 82.182419 -60.262527
v -59.687904 82.182419 -60.262527
v -70.423302 82.182419 58.837044
v -59.687904 82.182419 58.837044
v -70.423302 73.078796 56.016281
v -70.423302 82.182419 56.016281
v -59.687904 82.182419 56.016281
v -59.687904 73.078796 56.016281
v -70.423302 82.182419 -57.441750
v -70.423302 73.078796 -57.441750
v -59.687904 73.078796 -57.441750
v -59.687904 82.182419 -57.441750
v -70.423302 82.182419 57.426651
v -70.423302 74.446228 57.426651
v -59.687904 74.446228 57.426651
v -59.687904 82.182419 57.426651
v -70.423302 74.446228 -58.852135
v -70.423302 82.182419 -58.852135
v -59.687904 82.182419 -58.852135
v -59.687904 74.446228 -58.852135
v -70.423302 73.221695 -60.922859
v -70.423302 73.641037 -59.887909
v -70.423302 74.309364 -58.993309
v -70.423302 74.717239 -60.262527
v -70.423302 73.078796 -62.030434
v -59.687904 73.641037 -59.887909
v -59.687904 73.221695 -60.922859
v -59.687904 73.078796 -62.030434
v -59.687904 74.717239 -60.262527
v -59.687904 74.309364 -58.993309
v -70.423302 74.309364 57.567841
v -70.423302 73.641037 58.462448
v -70.423302 73.221695 59.497391
v -70.423302 73.078796 60.604942
v -70.423302 74.717239 58.837044
v -59.687904 74.309364 57.567841
v -59.687904 74.717239 58.837044
v -59.687904 73.078796 60.604942
v -59.687904 73.221695 59.497391
v -59.687904 73.641037 58.462448
v -70.423302 73.478951 61.571075
v -70.423302 74.445023 61.971237
v -59.687904 74.445023 61.971237
v -59.687904 73.478951 61.571075
v -70.423302 74.445023 -63.396729
v -70.423302 73.478951 -62.996567
v -59.687904 73.478951 -62.996567
v -59.687904 74.445023 -63.396729
v -69.349762 0.000000 -48.425240
v -60.761444 0.000000 -48.425240
v -69.349762 73.000710 -42.434685
v -60.761444 73.000710 -42.434685
v -69.349762 73.000710 -48.339157
v -60.761444 73.000710 -48.339157
v -69.349762 0.000000 -54.329712
v -60.761444 0.000000 -54.329712
v -67.202682 15.154078 47.651203
v -62.908524 15.154078 47.651203
v -67.202682 20.283211 47.651203
v -62.908524 20.283211 47.651203
v -67.202682 20.283211 -51.517365
v -62.908524 20.283211 -51.517365
v -67.202682 15.154078 -51.517365
v -62.908524 15.154078 -51.517365
v -79.128975 10.791159 47.922043
v -50.982231 10.791159 47.922043
v -79.128975 20.234335 47.922043
v -50.982231 20.234335 47.922043
v -79.128975 20.234335 43.627884
v -50.982231 20.234335 43.627884
v -79.128975 10.791159 43.627884
v -50.982231 10.791159 43.627884
v -65.055603 15.110529 47.922043
v -65.055603 20.325258 47.922043
v -65.055603 20.325258 43.627884
v -65.055603 15.110529 43.627884
v -56.816406 20.325258 47.922043
v -56.816406 20.325258 43.627884
v -73.294800 20.325258 47.922043
v -73.294800 20.325258 43.627884
v -68.573952 15.110529 47.922043
v -68.573952 20.325258 47.922043
v -68.573952 20.325258 43.627884
v -68.573952 15.110529 43.627884
v -61.537254 15.110529 47.922043
v -61.537254 20.325258 47.922043
v -61.537254 20.325258 43.627884
v -61.537254 15.110529 43.627884
v -55.178169 10.791159 47.922043
v -54.500572 20.234335 47.922043
v -54.500572 20.234335 43.627884
v -55.178169 10.791159 43.627884
v -74.933044 10.791159 47.922043
v -75.610634 20.234335 47.922043
v -75.610634 20.234335 43.627884
v -74.933044 10.791159 43.627884
v -59.098610 14.866770 47.922043
v -58.026993 14.669296 47.922043
v -57.052086 14.094696 47.922043
v -56.261856 13.194820 47.922043
v -56.816406 17.581024 47.922043
v -59.098610 14.866770 43.627884
v -56.816406 17.581024 43.627884
v -56.261856 13.194820 43.627884
v -57.052086 14.094696 43.627884
v -58.026993 14.669296 43.627884
v -73.849350 13.194820 47.922043
v -73.059120 14.094696 47.922043
v -72.084213 14.669296 47.922043
v -71.012596 14.866770 47.922043
v -73.294800 17.581024 47.922043
v -73.849350 13.194820 43.627884
v -73.294800 17.581024 43.627884
v -71.012596 14.866770 43.627884
v -72.084213 14.669296 43.627884
v -73.059120 14.094696 43.627884
v -85.841141 81.922615 66.050301
v 85.925232 81.922615 66.050301
v -85.841141 87.848549 66.050301
v 85.925232 87.848549 66.050301
v -85.841141 87.848549 -57.462036
v 85.925232 87.848549 -57.462036
v -85.841141 81.922615 -57.462036
v 85.925232 81.922615 -57.462036
v 57.867050 47.955044 46.235806
v 69.675980 47.955044 46.235806
v 61.367798 73.215950 44.675125
v 66.175232 73.215950 44.675125
v 61.367798 73.149750 43.603630
v 66.175232 73.149750 43.603630
v 57.867050 47.888840 45.164303
v 69.675980 47.888840 45.164303
v 63.771507 73.215950 44.675125
v 63.771507 73.149750 43.603630
v 64.854004 73.215950 44.675125
v 64.854004 73.149750 43.603630
v 62.689034 73.215950 44.675125
v 62.689034 73.149750 43.603630
v 59.049713 59.527214 45.520844
v 59.049713 59.461014 44.449348
v 68.493332 59.461014 44.449348
v 68.493332 59.527214 45.520844
v 58.813179 57.212784 45.663837
v 58.813179 57.146584 44.592342
v 68.729858 57.146584 44.592342
v 68.729858 57.212784 45.663837
v 59.286247 61.775436 44.306362
v 59.286247 61.841637 45.377857
v 68.256790 61.841637 45.377857
v 68.256790 61.775436 44.306362
v 67.609413 47.955044 46.235806
v 67.136345 57.212784 45.663837
v 67.018089 59.527214 45.520844
v 66.899818 61.841637 45.377857
v 65.514626 73.215950 44.675125
v 65.514626 73.149750 43.603630
v 66.899818 61.775436 44.306362
v 67.018089 59.461014 44.449348
v 67.136360 57.146584 44.592342
v 67.609413 47.888840 45.164303
v 60.346931 47.955044 46.235806
v 60.725380 57.212784 45.663837
v 60.820000 59.527214 45.520844
v 60.914597 61.841637 45.377857
v 62.160530 73.215950 44.675125
v 62.160530 73.149750 43.603630
v 60.914597 61.775436 44.306362
v 60.820000 59.461014 44.449348
v 60.725380 57.146584 44.592342
v 60.346931 47.888840 45.164303
v 59.396622 62.855499 44.239635
v 59.396622 62.921700 45.311131
v 60.958763 62.921700 45.311131
v 62.000168 62.921700 45.311131
v 63.771507 62.921700 45.311131
v 65.542854 62.921700 45.311131
v 66.844635 62.921700 45.311131
v 68.146408 62.921700 45.311131
v 68.146408 62.855499 44.239635
v 66.844635 62.855499 44.239635
v 65.542854 62.855499 44.239635
v 63.771507 62.855499 44.239635
v 62.000168 62.855499 44.239635
v 60.958763 62.855499 44.239635
v 58.718575 56.286987 45.721039
v 58.718559 56.220795 44.649536
v 60.687531 56.220795 44.649536
v 62.000168 53.795006 44.799408
v 65.542854 53.795006 44.799408
v 67.183670 56.220795 44.649536
v 68.824463 56.220795 44.649536
v 68.824463 56.286987 45.721039
v 67.183670 56.286987 45.721039
v 65.542854 53.861206 45.870903
v 62.000168 53.861206 45.870903
v 60.687531 56.286987 45.721039
v 58.122505 50.454628 46.081375
v 58.122505 50.388428 45.009876
v 60.449104 50.388428 45.009876
v 62.000168 50.371353 45.010933
v 65.542854 50.371353 45.010933
v 67.481697 50.388428 45.009876
v 69.420532 50.388428 45.009876
v 69.420532 50.454628 46.081375
v 67.481697 50.454628 46.081375
v 65.542854 50.437561 46.082428
v 62.000168 50.437561 46.082428
v 60.449104 50.454628 46.081375
v 64.739960 54.701622 44.743401
v 64.657181 53.795006 44.799408
v 64.657181 50.371353 45.010933
v 64.657181 49.220322 45.082047
v 64.657181 49.286522 46.153542
v 64.657181 50.437561 46.082428
v 64.657181 53.861206 45.870903
v 64.739960 54.767815 45.814896
v 62.803070 54.701622 44.743401
v 62.885841 53.795006 44.799408
v 62.885841 50.371353 45.010933
v 62.885841 49.220322 45.082047
v 62.885841 49.286522 46.153542
v 62.885841 50.437561 46.082428
v 62.885841 53.861206 45.870903
v 62.803070 54.767815 45.814896
v 65.493393 49.079010 46.166363
v 65.847717 48.970825 46.173046
v 66.188576 48.825768 46.182003
v 66.512062 48.645454 46.193150
v 65.863815 49.468658 46.142292
v 65.493393 49.012810 45.094864
v 65.863815 49.402458 45.070789
v 66.512062 48.579254 45.121647
v 66.188576 48.759575 45.110508
v 65.847717 48.904625 45.101551
v 61.073021 48.574852 46.197506
v 61.373634 48.793716 46.183990
v 61.704437 48.963760 46.173481
v 62.057526 49.080956 46.166241
v 61.679222 49.468658 46.142292
v 61.679222 49.402458 45.070789
v 62.057526 49.014748 45.094746
v 61.704437 48.897568 45.101986
v 61.373634 48.727516 45.112488
v 61.073021 48.508652 45.126011
v 65.893929 55.548988 44.691048
v 65.968346 55.474174 44.695667
v 65.651398 54.651909 44.746468
v 65.260574 54.916847 44.730099
v 65.260574 54.983040 45.801601
v 65.651398 54.718086 45.817966
v 65.968346 55.540344 45.767166
v 65.893929 55.615173 45.762543
v 66.325203 57.482208 44.571602
v 66.602234 57.472771 44.572186
v 66.325203 56.588219 44.626839
v 66.325203 56.654419 45.698334
v 66.602234 57.538979 45.643688
v 66.325203 57.548409 45.643105
v 65.893929 58.587624 45.578899
v 66.193176 60.176735 45.480717
v 65.655640 60.273872 45.474716
v 65.260574 59.219772 45.539841
v 65.260574 59.153564 44.468346
v 65.655640 60.207672 44.403221
v 66.193176 60.110542 44.409222
v 65.893929 58.521423 44.507404
v 64.219368 59.650246 45.513245
v 63.771507 60.282394 45.474194
v 63.323669 59.650246 45.513245
v 63.323669 59.584015 44.441750
v 63.771507 60.216156 44.402695
v 64.219368 59.584015 44.441750
v 62.282455 59.219772 45.539841
v 61.897438 60.509842 45.460136
v 61.374657 60.437988 45.464581
v 61.649109 58.587624 45.578899
v 61.649109 58.521423 44.507404
v 61.374657 60.371780 44.393085
v 61.897438 60.443642 44.388641
v 62.282455 59.153564 44.468346
v 61.217827 56.588219 44.626839
v 60.993347 57.480507 44.571716
v 61.217827 57.482208 44.571602
v 61.217827 57.548409 45.643105
v 60.993347 57.546700 45.643211
v 61.217827 56.654419 45.698334
v 62.282455 54.916847 44.730099
v 61.891281 54.654671 44.746296
v 61.619514 55.498489 44.694164
v 61.649109 55.548988 44.691048
v 61.649109 55.615189 45.762543
v 61.619514 55.564690 45.765659
v 61.891281 54.720871 45.817791
v 62.282455 54.983040 45.801594
v 79.292473 0.000000 51.354385
v 79.292473 0.000000 42.766064
v 63.926117 73.000710 46.188545
v 63.926117 73.000710 37.600224
v 68.692642 73.000710 46.188545
v 68.692642 73.000710 37.600224
v 84.058975 0.000000 51.354385
v 84.058975 0.000000 42.766064
v 48.523651 0.000000 51.354385
v 48.523651 0.000000 42.766064
v 63.889999 73.000710 46.188545
v 63.889999 73.000710 37.600224
v 59.123482 73.000710 46.188545
v 59.123482 73.000710 37.600224
v 43.757141 0.000000 51.354385
v 43.757141 0.000000 42.766064
v 61.622101 15.154078 47.651203
v 65.916260 15.154078 47.651203
v 61.622101 20.283211 47.651203
v 65.916260 20.283211 47.651203
v 61.622101 20.283211 -51.517365
v 65.916260 20.283211 -51.517365
v 61.622101 15.154078 -51.517365
v 65.916260 15.154078 -51.517365
v 58.401482 82.182419 61.971237
v 69.136879 82.182419 61.971237
v 58.401482 82.182419 -63.396729
v 69.136879 82.182419 -63.396729
v 58.401482 82.182419 -0.712734
v 58.401482 73.078796 -0.712734
v 69.136879 73.078796 -0.712734
v 69.136879 82.182419 -0.712734
v 58.401482 82.182419 30.629265
v 58.401482 73.078796 30.629265
v 69.136879 73.078796 30.629265
v 69.136879 82.182419 30.629265
v 58.401482 73.078796 -32.054729
v 58.401482 82.182419 -32.054729
v 69.136879 82.182419 -32.054729
v 69.136879 73.078796 -32.054729
v 58.401482 82.182419 -60.262527
v 69.136879 82.182419 -60.262527
v 58.401482 82.182419 58.837044
v 69.136879 82.182419 58.837044
v 58.401482 73.078796 56.016281
v 58.401482 82.182419 56.016281
v 69.136879 82.182419 56.016281
v 69.136879 73.078796 56.016281
v 58.401482 82.182419 -57.441750
v 58.401482 73.078796 -57.441750
v 69.136879 73.078796 -57.441750
v 69.136879 82.182419 -57.441750
v 58.401482 82.182419 57.426651
v 58.401482 74.446228 57.426651
v 69.136879 74.446228 57.426651
v 69.136879 82.182419 57.426651
v 58.401482 74.446228 -58.852135
v 58.401482 82.182419 -58.852135
v 69.136879 82.182419 -58.852135
v 69.136879 74.446228 -58.852135
v 58.401482 73.221695 -60.922859
v 58.401482 73.641037 -59.887909
v 58.401482 74.309364 -58.993309
v 58.401482 74.717239 -60.262527
v 58.401482 73.078796 -62.030434
v 69.136879 73.641037 -59.887909
v 69.136879 73.221695 -60.922859
v 69.136879 73.078796 -62.030434
v 69.136879 74.717239 -60.262527
v 69.136879 74.309364 -58.993309
v 58.401482 74.309364 57.567841
v 58.401482 73.641037 58.462448
v 58.401482 73.221695 59.497391
v 58.401482 73.078796 60.604942
v 58.401482 74.717239 58.837044
v 69.136879 74.309364 57.567841
v 69.136879 74.717239 58.837044
v 69.136879 73.078796 60.604942
v 69.136879 73.221695 59.497391
v 69.136879 73.641037 58.462448
v 58.401482 73.478951 61.571075
v 58.401482 74.445023 61.971237
v 69.136879 74.445023 61.971237
v 69.136879 73.478951 61.571075
v 58.401482 74.445023 -63.396729
v 58.401482 73.478951 -62.996567
v 69.136879 73.478951 -62.996567
v 69.136879 74.445023 -63.396729
v 59.475021 0.000000 -48.425240
v 68.063339 0.000000 -48.425240
v 59.475021 73.000710 -42.434685
v 68.063339 73.000710 -42.434685
v 59.475021 73.000710 -48.339157
v 68.063339 73.000710 -48.339157
v 59.475021 0.000000 -54.329712
v 68.063339 0.000000 -54.329712
v 61.622101 15.154078 47.651203
v 65.916260 15.154078 47.651203
v 61.622101 20.283211 47.651203
v 65.916260 20.283211 47.651203
v 61.622101 20.283211 -51.517365
v 65.916260 20.283211 -51.517365
v 61.622101 15.154078 -51.517365
v 65.916260 15.154078 -51.517365
v 49.695808 10.791159 47.922043
v 77.842545 10.791159 47.922043
v 49.695808 20.234335 47.922043
v 77.842545 20.234335 47.922043
v 49.695808 20.234335 43.627884
v 77.842545 20.234335 43.627884
v 49.695808 10.791159 43.627884
v 77.842545 10.791159 43.627884
v 63.769180 15.110529 47.922043
v 63.769180 20.325258 47.922043
v 63.769180 20.325258 43.627884
v 63.769180 15.110529 43.627884
v 72.008369 20.325258 47.922043
v 72.008369 20.325258 43.627884
v 55.529984 20.325258 47.922043
v 55.529984 20.325258 43.627884
v 60.250832 15.110529 47.922043
v 60.250832 20.325258 47.922043
v 60.250832 20.325258 43.627884
v 60.250832 15.110529 43.627884
v 67.287521 15.110529 47.922043
v 67.287521 20.325258 47.922043
v 67.287521 20.325258 43.627884
v 67.287521 15.110529 43.627884
v 73.646606 10.791159 47.922043
v 74.324203 20.234335 47.922043
v 74.324203 20.234335 43.627884
v 73.646606 10.791159 43.627884
v 53.891747 10.791159 47.922043
v 53.214149 20.234335 47.922043
v 53.214149 20.234335 43.627884
v 53.891747 10.791159 43.627884
v 69.726173 14.866770 47.922043
v 70.797783 14.669296 47.922043
v 71.772697 14.094696 47.922043
v 72.562927 13.194820 47.922043
v 72.008369 17.581024 47.922043
v 69.726173 14.866770 43.627884
v 72.008369 17.581024 43.627884
v 72.562927 13.194820 43.627884
v 71.772697 14.094696 43.627884
v 70.797783 14.669296 43.627884
v 54.975426 13.194820 47.922043
v 55.765656 14.094696 47.922043
v 56.740570 14.669296 47.922043
v 57.812187 14.866770 47.922043
v 55.529984 17.581024 47.922043
v 54.975426 13.194820 43.627884
v 55.529984 17.581024 43.627884
v 57.812187 14.866770 43.627884
v 56.740570 14.669296 43.627884
v 55.765656 14.094696 43.627884
vt 0.795923 0.636928
vt 0.798915 0.636744
vt 0.796354 0.643907
vt 0.799346 0.643723
vt 0.797360 0.660192
vt 0.800352 0.660007
vt 0.797520 0.662776
vt 0.800512 0.662592
vt 0.797919 0.669238
vt 0.800911 0.669054
vt 0.798319 0.675700
vt 0.801310 0.675516
vt 0.798505 0.678716
vt 0.801496 0.678531
vt 0.800281 0.707458
vt 0.803272 0.707273
vt 0.813670 0.636744
vt 0.816661 0.636928
vt 0.813238 0.643723
vt 0.816230 0.643907
vt 0.812232 0.660007
vt 0.815224 0.660192
vt 0.812073 0.662592
vt 0.815064 0.662776
vt 0.811673 0.669054
vt 0.814665 0.669238
vt 0.811274 0.675516
vt 0.814266 0.675700
vt 0.811088 0.678531
vt 0.814079 0.678716
vt 0.809312 0.707273
vt 0.812304 0.707458
vt 0.462507 0.916271
vt 0.462664 0.913740
vt 0.465499 0.916456
vt 0.465655 0.913925
vt 0.463254 0.904181
vt 0.466246 0.904366
vt 0.463453 0.900967
vt 0.466444 0.901152
vt 0.227241 0.905818
vt 0.224249 0.905634
vt 0.227420 0.902917
vt 0.227087 0.908314
vt 0.224428 0.902732
vt 0.224095 0.908130
vt 0.224537 0.900967
vt 0.223916 0.911031
vt 0.227529 0.901152
vt 0.226907 0.911216
vt 0.226798 0.912981
vt 0.223807 0.912796
vt 0.217676 0.911031
vt 0.214685 0.911216
vt 0.217497 0.908130
vt 0.217785 0.912796
vt 0.214505 0.908314
vt 0.214794 0.912981
vt 0.214351 0.905818
vt 0.217343 0.905634
vt 0.217164 0.902732
vt 0.214172 0.902917
vt 0.214063 0.901152
vt 0.217055 0.900967
vt 0.456330 0.913740
vt 0.456486 0.916271
vt 0.453338 0.913925
vt 0.453494 0.916456
vt 0.452747 0.904366
vt 0.455739 0.904181
vt 0.452549 0.901152
vt 0.455541 0.900967
vt 0.555507 0.485489
vt 0.541084 0.689311
vt 0.531528 0.485489
vt 0.517105 0.689311
vt 0.511083 0.689311
vt 0.487104 0.689311
vt 0.496660 0.485489
vt 0.472681 0.485489
vt 0.303791 0.485489
vt 0.327770 0.485489
vt 0.318215 0.689311
vt 0.342194 0.689311
vt 0.259368 0.689311
vt 0.273791 0.485489
vt 0.283347 0.689311
vt 0.297770 0.485489
vt 0.848008 0.632826
vt 0.848008 0.355943
vt 0.862328 0.632826
vt 0.862328 0.355943
vt 0.827666 0.632826
vt 0.827666 0.355943
vt 0.841986 0.632826
vt 0.841986 0.355943
vt 0.813690 0.177009
vt 0.788272 0.177009
vt 0.813690 0.089500
vt 0.788272 0.264517
vt 0.788272 0.089500
vt 0.813690 0.264517
vt 0.813690 0.018619
vt 0.788272 0.335399
vt 0.788272 0.018619
vt 0.813690 0.335399
vt 0.792090 0.014681
vt 0.792090 0.339337
vt 0.813690 0.014681
vt 0.813690 0.339337
vt 0.792847 0.010743
vt 0.792847 0.343275
vt 0.791708 0.014287
vt 0.813690 0.010743
vt 0.813690 0.343275
vt 0.791708 0.339731
vt 0.789842 0.011789
vt 0.813690 0.001992
vt 0.813690 0.352026
vt 0.789842 0.342229
vt 0.788671 0.008899
vt 0.792087 0.001992
vt 0.792087 0.352026
vt 0.788671 0.345118
vt 0.788272 0.005807
vt 0.789389 0.003109
vt 0.789389 0.350908
vt 0.788272 0.348211
vt 0.846206 0.264517
vt 0.820788 0.264517
vt 0.846206 0.177009
vt 0.820788 0.335399
vt 0.820788 0.177009
vt 0.846206 0.335399
vt 0.846206 0.089500
vt 0.824606 0.339337
vt 0.820788 0.089500
vt 0.846206 0.339337
vt 0.846206 0.018619
vt 0.825363 0.343275
vt 0.820788 0.018619
vt 0.846206 0.343275
vt 0.824224 0.339731
vt 0.824606 0.014681
vt 0.846206 0.352026
vt 0.822358 0.342229
vt 0.846206 0.014681
vt 0.824603 0.352026
vt 0.821187 0.345118
vt 0.825363 0.010743
vt 0.821905 0.350908
vt 0.820788 0.348211
vt 0.824224 0.014287
vt 0.846206 0.010743
vt 0.822358 0.011789
vt 0.846206 0.001992
vt 0.821187 0.008899
vt 0.824603 0.001992
vt 0.820788 0.005807
vt 0.821905 0.003109
vt 0.068880 0.485489
vt 0.052154 0.689311
vt 0.052394 0.485489
vt 0.035668 0.689311
vt 0.001955 0.693228
vt 0.018441 0.693228
vt 0.018681 0.897050
vt 0.035167 0.897050
vt 0.807324 0.632826
vt 0.807324 0.355943
vt 0.821644 0.632826
vt 0.821644 0.355943
vt 0.786982 0.632826
vt 0.786982 0.355943
vt 0.801302 0.632826
vt 0.801302 0.355943
vt 0.771162 0.848794
vt 0.783151 0.848794
vt 0.771162 0.875160
vt 0.783151 0.875160
vt 0.753151 0.848794
vt 0.765140 0.848794
vt 0.753151 0.875160
vt 0.765140 0.875160
vt 0.166701 0.900967
vt 0.166701 0.912956
vt 0.159990 0.900967
vt 0.169213 0.900967
vt 0.159990 0.912956
vt 0.169213 0.912956
vt 0.170818 0.900967
vt 0.170818 0.912956
vt 0.125404 0.912956
vt 0.125404 0.900967
vt 0.132115 0.912956
vt 0.132115 0.900967
vt 0.134628 0.900967
vt 0.134628 0.912956
vt 0.136232 0.900967
vt 0.136232 0.912956
vt 0.890916 0.700795
vt 0.890916 0.355943
vt 0.907462 0.700795
vt 0.907462 0.355943
vt 0.868350 0.700795
vt 0.868350 0.355943
vt 0.884895 0.700795
vt 0.884895 0.355943
vt 0.822701 0.636928
vt 0.825693 0.636744
vt 0.823132 0.643907
vt 0.826124 0.643723
vt 0.824138 0.660192
vt 0.827130 0.660007
vt 0.824298 0.662776
vt 0.827290 0.662592
vt 0.824697 0.669238
vt 0.827689 0.669054
vt 0.825096 0.675700
vt 0.828088 0.675516
vt 0.825283 0.678716
vt 0.828274 0.678531
vt 0.827059 0.707458
vt 0.830050 0.707273
vt 0.840447 0.636744
vt 0.843439 0.636928
vt 0.840016 0.643723
vt 0.843008 0.643907
vt 0.839010 0.660007
vt 0.842002 0.660192
vt 0.838851 0.662592
vt 0.841842 0.662776
vt 0.838451 0.669054
vt 0.841443 0.669238
vt 0.838052 0.675516
vt 0.841044 0.675700
vt 0.837866 0.678531
vt 0.840857 0.678716
vt 0.836090 0.707273
vt 0.839082 0.707458
vt 0.442590 0.916271
vt 0.442747 0.913740
vt 0.445582 0.916456
vt 0.445738 0.913925
vt 0.443337 0.904181
vt 0.446329 0.904366
vt 0.443536 0.900967
vt 0.446528 0.901152
vt 0.207753 0.905818
vt 0.204762 0.905634
vt 0.207933 0.902917
vt 0.207599 0.908314
vt 0.204941 0.902732
vt 0.204607 0.908130
vt 0.205050 0.900967
vt 0.204428 0.911031
vt 0.208042 0.901152
vt 0.207420 0.911216
vt 0.207311 0.912981
vt 0.204319 0.912796
vt 0.198189 0.911031
vt 0.195197 0.911216
vt 0.198010 0.908130
vt 0.198298 0.912796
vt 0.195018 0.908314
vt 0.195306 0.912981
vt 0.194864 0.905818
vt 0.197855 0.905634
vt 0.197676 0.902732
vt 0.194684 0.902917
vt 0.194575 0.901152
vt 0.197567 0.900967
vt 0.436413 0.913740
vt 0.436569 0.916271
vt 0.433421 0.913925
vt 0.433578 0.916456
vt 0.432831 0.904366
vt 0.435822 0.904181
vt 0.432632 0.901152
vt 0.435624 0.900967
vt 0.080716 0.693228
vt 0.066292 0.897050
vt 0.056737 0.693228
vt 0.042313 0.897050
vt 0.126621 0.897050
vt 0.102642 0.897050
vt 0.112197 0.693228
vt 0.088218 0.693228
vt 0.260363 0.693228
vt 0.284342 0.693228
vt 0.274786 0.897050
vt 0.298765 0.897050
vt 0.306268 0.897050
vt 0.320691 0.693228
vt 0.330247 0.897050
vt 0.344670 0.693228
vt 0.766640 0.632826
vt 0.766640 0.355943
vt 0.780961 0.632826
vt 0.780961 0.355943
vt 0.746298 0.762373
vt 0.746298 0.485489
vt 0.760619 0.762373
vt 0.760619 0.485489
vt 0.915064 0.177009
vt 0.889646 0.177009
vt 0.915064 0.089500
vt 0.889646 0.264517
vt 0.889646 0.089500
vt 0.915064 0.264517
vt 0.915064 0.018619
vt 0.889646 0.335399
vt 0.889646 0.018619
vt 0.915064 0.335399
vt 0.893464 0.014681
vt 0.893464 0.339337
vt 0.915064 0.014681
vt 0.915064 0.339337
vt 0.894221 0.010743
vt 0.894221 0.343275
vt 0.893082 0.014287
vt 0.915064 0.010743
vt 0.915064 0.343275
vt 0.893082 0.339731
vt 0.891216 0.011789
vt 0.915064 0.001992
vt 0.915064 0.352026
vt 0.891216 0.342229
vt 0.890045 0.008899
vt 0.893461 0.001992
vt 0.893461 0.352026
vt 0.890045 0.345118
vt 0.889646 0.005807
vt 0.890763 0.003109
vt 0.890763 0.350908
vt 0.889646 0.348211
vt 0.947580 0.264517
vt 0.922162 0.264517
vt 0.947580 0.177009
vt 0.922162 0.335399
vt 0.922162 0.177009
vt 0.947580 0.335399
vt 0.947580 0.089500
vt 0.925980 0.339337
vt 0.922162 0.089500
vt 0.947580 0.339337
vt 0.947580 0.018619
vt 0.926737 0.343275
vt 0.922162 0.018619
vt 0.947580 0.343275
vt 0.925598 0.339731
vt 0.925980 0.014681
vt 0.947580 0.352026
vt 0.923732 0.342229
vt 0.947580 0.014681
vt 0.925977 0.352026
vt 0.922561 0.345118
vt 0.926737 0.010743
vt 0.923279 0.350908
vt 0.922162 0.348211
vt 0.925598 0.014287
vt 0.947580 0.010743
vt 0.923732 0.011789
vt 0.947580 0.001992
vt 0.922561 0.008899
vt 0.925977 0.001992
vt 0.922162 0.005807
vt 0.923279 0.003109
vt 0.572831 0.766290
vt 0.556105 0.970112
vt 0.556345 0.766290
vt 0.539619 0.970112
vt 0.579786 0.766290
vt 0.596272 0.766290
vt 0.596512 0.970112
vt 0.612998 0.970112
vt 0.725956 0.762373
vt 0.725956 0.485489
vt 0.740277 0.762373
vt 0.740277 0.485489
vt 0.705614 0.762373
vt 0.705614 0.485489
vt 0.719935 0.762373
vt 0.719935 0.485489
vt 0.735140 0.848794
vt 0.747130 0.848794
vt 0.735140 0.875160
vt 0.747130 0.875160
vt 0.717129 0.848794
vt 0.729119 0.848794
vt 0.717129 0.875160
vt 0.729119 0.875160
vt 0.097530 0.900967
vt 0.097530 0.912956
vt 0.090818 0.900967
vt 0.100042 0.900967
vt 0.090818 0.912956
vt 0.100042 0.912956
vt 0.101646 0.900967
vt 0.101646 0.912956
vt 0.056233 0.912956
vt 0.056233 0.900967
vt 0.062944 0.912956
vt 0.062944 0.900967
vt 0.065456 0.900967
vt 0.065456 0.912956
vt 0.067061 0.900967
vt 0.067061 0.912956
vt 0.233550 0.914390
vt 0.233550 0.912176
vt 0.236542 0.914390
vt 0.236542 0.912176
vt 0.236542 0.910701
vt 0.233550 0.910701
vt 0.236542 0.907678
vt 0.233550 0.907678
vt 0.236542 0.904656
vt 0.233550 0.904656
vt 0.236542 0.902811
vt 0.233550 0.902811
vt 0.236542 0.900967
vt 0.233550 0.900967
vt 0.279533 0.914980
vt 0.279533 0.908056
vt 0.282525 0.914980
vt 0.282525 0.908056
vt 0.282418 0.906029
vt 0.279427 0.906029
vt 0.279389 0.905189
vt 0.282380 0.905189
vt 0.279359 0.904266
vt 0.282351 0.904266
vt 0.279339 0.903280
vt 0.282331 0.903280
vt 0.282295 0.900967
vt 0.279304 0.900967
vt 0.273283 0.906737
vt 0.270291 0.906737
vt 0.273283 0.900967
vt 0.270172 0.909801
vt 0.270291 0.900967
vt 0.273163 0.909801
vt 0.273132 0.910704
vt 0.270141 0.910704
vt 0.273107 0.911656
vt 0.270116 0.911656
vt 0.273089 0.912645
vt 0.270097 0.912645
vt 0.270061 0.914980
vt 0.273053 0.914980
vt 0.030584 0.900967
vt 0.032037 0.901004
vt 0.030584 0.903959
vt 0.032037 0.903996
vt 0.038133 0.900967
vt 0.041124 0.900967
vt 0.038059 0.903874
vt 0.041050 0.903874
vt 0.041050 0.906375
vt 0.038059 0.906375
vt 0.038133 0.909282
vt 0.041124 0.909282
vt 0.024563 0.903959
vt 0.023109 0.903996
vt 0.024563 0.900967
vt 0.023109 0.901004
vt 0.697800 0.848794
vt 0.711108 0.848794
vt 0.697800 0.872773
vt 0.711108 0.872773
vt 0.691779 0.872773
vt 0.678470 0.872773
vt 0.691779 0.848794
vt 0.678470 0.848794
vt 0.672449 0.848794
vt 0.672449 0.872773
vt 0.659141 0.848794
vt 0.659141 0.872773
vt 0.639811 0.872773
vt 0.639811 0.848794
vt 0.653119 0.872773
vt 0.653119 0.848794
vt 0.687603 0.485489
vt 0.699593 0.485489
vt 0.687603 0.762373
vt 0.699593 0.762373
vt 0.669592 0.485489
vt 0.681582 0.485489
vt 0.669592 0.762373
vt 0.681582 0.762373
vt 0.751931 0.001992
vt 0.781904 0.001992
vt 0.751931 0.010743
vt 0.781904 0.010743
vt 0.751931 0.014681
vt 0.781904 0.014681
vt 0.751931 0.018619
vt 0.781904 0.018619
vt 0.751931 0.089500
vt 0.781904 0.089500
vt 0.751931 0.177009
vt 0.781904 0.177009
vt 0.751931 0.264517
vt 0.781904 0.264517
vt 0.751931 0.335399
vt 0.781904 0.335399
vt 0.751931 0.339337
vt 0.781904 0.339337
vt 0.751931 0.343275
vt 0.781904 0.343275
vt 0.751931 0.352026
vt 0.781904 0.352026
vt 0.949478 0.529842
vt 0.979452 0.529842
vt 0.949478 0.617351
vt 0.979452 0.442334
vt 0.979452 0.617351
vt 0.949478 0.442334
vt 0.949478 0.688233
vt 0.979452 0.371452
vt 0.979452 0.688233
vt 0.949478 0.371452
vt 0.949478 0.692170
vt 0.979452 0.367514
vt 0.979452 0.692170
vt 0.949478 0.367514
vt 0.949478 0.692565
vt 0.979452 0.367120
vt 0.979452 0.692565
vt 0.949478 0.367120
vt 0.979452 0.695062
vt 0.949478 0.364622
vt 0.949478 0.695062
vt 0.979452 0.364622
vt 0.979452 0.697952
vt 0.949478 0.361733
vt 0.949478 0.697952
vt 0.979452 0.361733
vt 0.979452 0.701044
vt 0.949478 0.358640
vt 0.949478 0.701044
vt 0.979452 0.358640
vt 0.979452 0.703742
vt 0.949478 0.355943
vt 0.949478 0.703742
vt 0.979452 0.355943
vt 0.494972 0.924946
vt 0.494972 0.900967
vt 0.511458 0.924946
vt 0.511458 0.900967
vt 0.472466 0.924946
vt 0.472466 0.900967
vt 0.488951 0.924946
vt 0.488951 0.900967
vt 0.651582 0.485489
vt 0.663571 0.485489
vt 0.651582 0.762373
vt 0.663571 0.762373
vt 0.633571 0.485489
vt 0.645561 0.485489
vt 0.633571 0.762373
vt 0.645561 0.762373
vt 0.654382 0.844877
vt 0.654382 0.835054
vt 0.666372 0.844877
vt 0.666372 0.835054
vt 0.666372 0.828588
vt 0.654382 0.828588
vt 0.666372 0.815407
vt 0.654382 0.815407
vt 0.666372 0.805584
vt 0.654382 0.805584
vt 0.666372 0.795760
vt 0.654382 0.795760
vt 0.666372 0.782579
vt 0.654382 0.782579
vt 0.666372 0.776114
vt 0.654382 0.776114
vt 0.666372 0.766290
vt 0.654382 0.766290
vt 0.176839 0.900967
vt 0.188554 0.900967
vt 0.176839 0.912956
vt 0.188554 0.912956
vt 0.940459 0.801730
vt 0.928470 0.801730
vt 0.940459 0.791907
vt 0.928470 0.811553
vt 0.928470 0.791907
vt 0.940459 0.811553
vt 0.940459 0.785098
vt 0.928470 0.818362
vt 0.928470 0.785098
vt 0.940459 0.818362
vt 0.928470 0.782106
vt 0.940459 0.821354
vt 0.940459 0.782106
vt 0.928470 0.821354
vt 0.142253 0.912956
vt 0.142253 0.900967
vt 0.153969 0.912956
vt 0.153969 0.900967
vt 0.025099 0.481572
vt 0.025099 0.001992
vt 0.369951 0.481572
vt 0.369951 0.001992
vt 0.399991 0.481572
vt 0.399991 0.001992
vt 0.744843 0.481572
vt 0.744843 0.001992
vt 0.242563 0.914390
vt 0.242563 0.912176
vt 0.245555 0.914390
vt 0.245555 0.912176
vt 0.245555 0.910701
vt 0.242563 0.910701
vt 0.245555 0.907678
vt 0.242563 0.907678
vt 0.245555 0.904656
vt 0.242563 0.904656
vt 0.245555 0.902811
vt 0.242563 0.902811
vt 0.245555 0.900967
vt 0.242563 0.900967
vt 0.251806 0.914980
vt 0.251806 0.908056
vt 0.254797 0.914980
vt 0.254797 0.908056
vt 0.254691 0.906029
vt 0.251699 0.906029
vt 0.251661 0.905189
vt 0.254653 0.905189
vt 0.251632 0.904265
vt 0.254623 0.904265
vt 0.251612 0.903280
vt 0.254603 0.903280
vt 0.254568 0.900967
vt 0.251576 0.900967
vt 0.264040 0.906737
vt 0.261048 0.906737
vt 0.264040 0.900967
vt 0.260929 0.909801
vt 0.261048 0.900967
vt 0.263921 0.909801
vt 0.263890 0.910704
vt 0.260898 0.910704
vt 0.263865 0.911656
vt 0.260873 0.911656
vt 0.263846 0.912645
vt 0.260854 0.912645
vt 0.260819 0.914980
vt 0.263810 0.914980
vt 0.015634 0.900967
vt 0.017088 0.901004
vt 0.015634 0.903959
vt 0.017088 0.903996
vt 0.047220 0.900967
vt 0.050212 0.900967
vt 0.047146 0.903874
vt 0.050137 0.903874
vt 0.050137 0.906375
vt 0.047146 0.906375
vt 0.047220 0.909282
vt 0.050212 0.909282
vt 0.009613 0.903959
vt 0.008159 0.903996
vt 0.009613 0.900967
vt 0.008159 0.901004
vt 0.620482 0.848794
vt 0.633790 0.848794
vt 0.620482 0.872773
vt 0.633790 0.872773
vt 0.614460 0.998008
vt 0.601152 0.998008
vt 0.614460 0.974029
vt 0.601152 0.974029
vt 0.595131 0.974029
vt 0.595131 0.998008
vt 0.581822 0.974029
vt 0.581822 0.998008
vt 0.562493 0.998008
vt 0.562493 0.974029
vt 0.575801 0.998008
vt 0.575801 0.974029
vt 0.615560 0.485489
vt 0.627550 0.485489
vt 0.615560 0.762373
vt 0.627550 0.762373
vt 0.597550 0.485489
vt 0.609539 0.485489
vt 0.597550 0.762373
vt 0.609539 0.762373
vt 0.853304 0.001992
vt 0.883278 0.001992
vt 0.853304 0.010743
vt 0.883278 0.010743
vt 0.853304 0.014681
vt 0.883278 0.014681
vt 0.853304 0.018619
vt 0.883278 0.018619
vt 0.853304 0.089500
vt 0.883278 0.089500
vt 0.853304 0.177009
vt 0.883278 0.177009
vt 0.853304 0.264517
vt 0.883278 0.264517
vt 0.853304 0.335399
vt 0.883278 0.335399
vt 0.853304 0.339337
vt 0.883278 0.339337
vt 0.853304 0.343275
vt 0.883278 0.343275
vt 0.853304 0.352026
vt 0.883278 0.352026
vt 0.913483 0.529842
vt 0.943457 0.529842
vt 0.913483 0.617351
vt 0.943457 0.442334
vt 0.943457 0.617351
vt 0.913483 0.442334
vt 0.913483 0.688233
vt 0.943457 0.371452
vt 0.943457 0.688233
vt 0.913483 0.371452
vt 0.913483 0.692170
vt 0.943457 0.367514
vt 0.943457 0.692170
vt 0.913483 0.367514
vt 0.913483 0.692565
vt 0.943457 0.367120
vt 0.943457 0.692565
vt 0.913483 0.367120
vt 0.943457 0.695062
vt 0.913483 0.364622
vt 0.913483 0.695062
vt 0.943457 0.364622
vt 0.943457 0.697952
vt 0.913483 0.361733
vt 0.913483 0.697952
vt 0.943457 0.361733
vt 0.943457 0.701044
vt 0.913483 0.358640
vt 0.913483 0.701044
vt 0.943457 0.358640
vt 0.943457 0.703742
vt 0.913483 0.355943
vt 0.913483 0.703742
vt 0.943457 0.355943
vt 0.517479 0.924946
vt 0.517479 0.900967
vt 0.533965 0.924946
vt 0.533965 0.900967
vt 0.539986 0.998008
vt 0.539986 0.974029
vt 0.556472 0.998008
vt 0.556472 0.974029
vt 0.579539 0.485489
vt 0.591528 0.485489
vt 0.579539 0.762373
vt 0.591528 0.762373
vt 0.561528 0.485489
vt 0.573518 0.485489
vt 0.561528 0.762373
vt 0.573518 0.762373
vt 0.742367 0.844877
vt 0.742367 0.835054
vt 0.754356 0.844877
vt 0.754356 0.835054
vt 0.754356 0.828588
vt 0.742367 0.828588
vt 0.754356 0.815407
vt 0.742367 0.815407
vt 0.754356 0.805584
vt 0.742367 0.805584
vt 0.754356 0.795760
vt 0.742367 0.795760
vt 0.754356 0.782579
vt 0.742367 0.782579
vt 0.754356 0.776113
vt 0.742367 0.776113
vt 0.754356 0.766290
vt 0.742367 0.766290
vt 0.107668 0.900967
vt 0.119383 0.900967
vt 0.107668 0.912956
vt 0.119383 0.912956
vt 0.922449 0.801730
vt 0.910459 0.801730
vt 0.922449 0.791907
vt 0.910459 0.811553
vt 0.910459 0.791907
vt 0.922449 0.811553
vt 0.922449 0.785098
vt 0.910459 0.818362
vt 0.910459 0.785098
vt 0.922449 0.818362
vt 0.910459 0.782106
vt 0.922449 0.821354
vt 0.922449 0.782106
vt 0.910459 0.821354
vt 0.073082 0.912956
vt 0.073082 0.900967
vt 0.084797 0.912956
vt 0.084797 0.900967
vt 0.929813 0.707659
vt 0.936737 0.707659
vt 0.930526 0.714638
vt 0.937022 0.714638
vt 0.938764 0.709389
vt 0.932190 0.730922
vt 0.940457 0.711885
vt 0.937688 0.730922
vt 0.939604 0.710001
vt 0.941353 0.714590
vt 0.941353 0.724149
vt 0.932455 0.733507
vt 0.940527 0.710475
vt 0.941513 0.710802
vt 0.941049 0.726549
vt 0.937794 0.733507
vt 0.943826 0.724149
vt 0.943826 0.711376
vt 0.942141 0.727281
vt 0.940290 0.728905
vt 0.933115 0.739969
vt 0.943826 0.714590
vt 0.943595 0.726680
vt 0.940373 0.729046
vt 0.938058 0.739969
vt 0.939169 0.731948
vt 0.938542 0.734439
vt 0.933775 0.746431
vt 0.939169 0.734444
vt 0.938322 0.746431
vt 0.940373 0.737346
vt 0.939606 0.742512
vt 0.934084 0.749447
vt 0.941066 0.742712
vt 0.938445 0.749447
vt 0.942141 0.739111
vt 0.939587 0.778189
vt 0.945048 0.740312
vt 0.941353 0.749447
vt 0.941801 0.778189
vt 0.946299 0.742077
vt 0.947549 0.740312
vt 0.943276 0.778189
vt 0.946299 0.749447
vt 0.951559 0.742054
vt 0.951244 0.749447
vt 0.950456 0.739111
vt 0.946299 0.778189
vt 0.949321 0.778189
vt 0.952224 0.737346
vt 0.954879 0.749447
vt 0.951165 0.778189
vt 0.953060 0.741782
vt 0.955033 0.746431
vt 0.955363 0.739969
vt 0.958513 0.749447
vt 0.953010 0.778189
vt 0.953429 0.734444
vt 0.958822 0.746431
vt 0.954202 0.734418
vt 0.959482 0.739969
vt 0.953429 0.731948
vt 0.955693 0.733507
vt 0.960143 0.733507
vt 0.952432 0.728837
vt 0.955825 0.730922
vt 0.952224 0.729046
vt 0.960407 0.730922
vt 0.951547 0.726542
vt 0.956658 0.714638
vt 0.951244 0.724149
vt 0.950456 0.727281
vt 0.962071 0.714638
vt 0.951244 0.714590
vt 0.957014 0.707659
vt 0.949003 0.726680
vt 0.952140 0.711885
vt 0.948771 0.724149
vt 0.953950 0.709587
vt 0.962784 0.707659
vt 0.951106 0.710797
vt 0.948771 0.714590
vt 0.948771 0.711376
vt 0.952095 0.710495
vt 0.953047 0.710090
vt 0.856688 0.768263
vt 0.856403 0.775242
vt 0.850192 0.768263
vt 0.858430 0.773512
vt 0.849479 0.775242
vt 0.851856 0.751979
vt 0.860123 0.771016
vt 0.857354 0.751979
vt 0.861019 0.768311
vt 0.859270 0.772901
vt 0.861019 0.758752
vt 0.852121 0.749394
vt 0.861179 0.772099
vt 0.860193 0.772426
vt 0.860715 0.756352
vt 0.857460 0.749394
vt 0.863492 0.771525
vt 0.863492 0.768311
vt 0.859956 0.753996
vt 0.861807 0.755620
vt 0.852781 0.742932
vt 0.863492 0.758752
vt 0.863261 0.756221
vt 0.860039 0.753855
vt 0.857724 0.742932
vt 0.858835 0.750953
vt 0.858208 0.748462
vt 0.853441 0.736470
vt 0.858835 0.748457
vt 0.857988 0.736470
vt 0.860039 0.745556
vt 0.859272 0.740389
vt 0.853750 0.733455
vt 0.860732 0.740189
vt 0.858111 0.733455
vt 0.861807 0.743791
vt 0.859253 0.704713
vt 0.861019 0.733455
vt 0.864714 0.742589
vt 0.861467 0.704713
vt 0.865965 0.740824
vt 0.865965 0.733455
vt 0.862942 0.704713
vt 0.867215 0.742589
vt 0.870910 0.733455
vt 0.871225 0.740847
vt 0.868987 0.704713
vt 0.865965 0.704713
vt 0.870122 0.743791
vt 0.870831 0.704713
vt 0.874545 0.733455
vt 0.871890 0.745556
vt 0.874699 0.736470
vt 0.872726 0.741119
vt 0.872676 0.704713
vt 0.878179 0.733455
vt 0.875029 0.742932
vt 0.878488 0.736470
vt 0.873095 0.748457
vt 0.873868 0.748483
vt 0.879148 0.742932
vt 0.875359 0.749394
vt 0.873095 0.750953
vt 0.879808 0.749394
vt 0.872098 0.754064
vt 0.875491 0.751979
vt 0.871890 0.753855
vt 0.880073 0.751979
vt 0.871213 0.756359
vt 0.876324 0.768263
vt 0.870122 0.755620
vt 0.870910 0.758752
vt 0.881737 0.768263
vt 0.876680 0.775242
vt 0.870910 0.768311
vt 0.868669 0.756221
vt 0.882450 0.775242
vt 0.873616 0.773315
vt 0.868437 0.768311
vt 0.871806 0.771016
vt 0.868437 0.758752
vt 0.868437 0.771525
vt 0.870772 0.772104
vt 0.872713 0.772811
vt 0.871761 0.772406
vt 0.466660 0.689311
vt 0.453352 0.689311
vt 0.423756 0.485489
vt 0.410448 0.485489
vt 0.404427 0.485489
vt 0.361523 0.689311
vt 0.391118 0.485489
vt 0.348215 0.689311
vt 0.197135 0.689311
vt 0.240038 0.485489
vt 0.210443 0.689311
vt 0.253347 0.485489
vt 0.134902 0.485489
vt 0.148210 0.485489
vt 0.177805 0.689311
vt 0.191114 0.689311
vt 0.414621 0.900967
vt 0.426611 0.900967
vt 0.414621 0.915288
vt 0.426611 0.915288
vt 0.396611 0.900967
vt 0.408600 0.900967
vt 0.396611 0.915288
vt 0.408600 0.915288
vt 0.822191 0.741349
vt 0.822191 0.711375
vt 0.843795 0.741349
vt 0.819494 0.741349
vt 0.843795 0.711375
vt 0.819494 0.711375
vt 0.789172 0.878768
vt 0.789172 0.848794
vt 0.810776 0.878768
vt 0.810776 0.848794
vt 0.813473 0.848794
vt 0.813473 0.878768
vt 0.104901 0.485489
vt 0.128880 0.485489
vt 0.104901 0.689311
vt 0.128880 0.689311
vt 0.074901 0.485489
vt 0.098880 0.485489
vt 0.074901 0.689311
vt 0.098880 0.689311
vt 0.378600 0.900967
vt 0.390589 0.900967
vt 0.378600 0.915288
vt 0.390589 0.915288
vt 0.360589 0.900967
vt 0.372579 0.900967
vt 0.360589 0.915288
vt 0.372579 0.915288
vt 0.619953 0.833162
vt 0.646319 0.835054
vt 0.619953 0.844877
vt 0.626664 0.830136
vt 0.646319 0.844877
vt 0.638911 0.828588
vt 0.629177 0.827930
vt 0.646573 0.828588
vt 0.630781 0.825208
vt 0.646573 0.815407
vt 0.631332 0.822216
vt 0.632013 0.815407
vt 0.646573 0.805584
vt 0.632013 0.805584
vt 0.646573 0.795760
vt 0.632013 0.795760
vt 0.646573 0.782579
vt 0.638911 0.782579
vt 0.631332 0.788951
vt 0.646319 0.776113
vt 0.630781 0.785959
vt 0.626664 0.781031
vt 0.629177 0.783237
vt 0.619953 0.778005
vt 0.619953 0.766290
vt 0.646319 0.766290
vt 0.673763 0.844877
vt 0.673763 0.835054
vt 0.700129 0.844877
vt 0.700129 0.833162
vt 0.693418 0.830136
vt 0.681171 0.828588
vt 0.673509 0.828588
vt 0.690905 0.827930
vt 0.673509 0.815407
vt 0.689301 0.825208
vt 0.688069 0.815407
vt 0.688750 0.822216
vt 0.688069 0.805584
vt 0.673509 0.805584
vt 0.688069 0.795760
vt 0.673509 0.795760
vt 0.673509 0.782579
vt 0.681171 0.782579
vt 0.673763 0.776113
vt 0.688750 0.788951
vt 0.693418 0.781031
vt 0.689301 0.785959
vt 0.690905 0.783237
vt 0.700129 0.778005
vt 0.700129 0.766290
vt 0.673763 0.766290
vt 0.001955 0.481572
vt 0.001955 0.001992
vt 0.018501 0.481572
vt 0.018501 0.001992
vt 0.377038 0.481572
vt 0.377038 0.001992
vt 0.393584 0.481572
vt 0.393584 0.001992
vt 0.946481 0.782106
vt 0.953405 0.782106
vt 0.947194 0.789085
vt 0.953690 0.789085
vt 0.955432 0.783836
vt 0.948858 0.805369
vt 0.957124 0.786332
vt 0.954356 0.805369
vt 0.956271 0.784447
vt 0.958021 0.789037
vt 0.958021 0.798596
vt 0.949122 0.807954
vt 0.957195 0.784922
vt 0.958181 0.785249
vt 0.957717 0.800996
vt 0.954461 0.807954
vt 0.960493 0.798596
vt 0.960493 0.785823
vt 0.958809 0.801728
vt 0.956958 0.803352
vt 0.949783 0.814416
vt 0.960493 0.789037
vt 0.960262 0.801127
vt 0.957040 0.803493
vt 0.954725 0.814416
vt 0.955836 0.806395
vt 0.955209 0.808886
vt 0.950443 0.820878
vt 0.955836 0.808891
vt 0.954990 0.820878
vt 0.957040 0.811792
vt 0.956274 0.816959
vt 0.950751 0.823893
vt 0.957734 0.817159
vt 0.955113 0.823893
vt 0.958809 0.813557
vt 0.956255 0.852635
vt 0.961716 0.814759
vt 0.958021 0.823893
vt 0.958468 0.852635
vt 0.962966 0.816524
vt 0.964217 0.814759
vt 0.959944 0.852635
vt 0.962966 0.823893
vt 0.968227 0.816501
vt 0.967912 0.823893
vt 0.967124 0.813557
vt 0.962966 0.852635
vt 0.965989 0.852635
vt 0.968892 0.811792
vt 0.971547 0.823893
vt 0.967833 0.852635
vt 0.969728 0.816229
vt 0.971701 0.820878
vt 0.972031 0.814416
vt 0.975181 0.823893
vt 0.969678 0.852635
vt 0.970096 0.808891
vt 0.975489 0.820878
vt 0.970870 0.808865
vt 0.976150 0.814416
vt 0.970096 0.806395
vt 0.972361 0.807954
vt 0.976810 0.807954
vt 0.969100 0.803284
vt 0.972493 0.805369
vt 0.968892 0.803493
vt 0.977074 0.805369
vt 0.968215 0.800989
vt 0.973325 0.789085
vt 0.967912 0.798596
vt 0.967124 0.801728
vt 0.978739 0.789085
vt 0.967912 0.789037
vt 0.973682 0.782106
vt 0.965670 0.801127
vt 0.968808 0.786332
vt 0.965439 0.798596
vt 0.970618 0.784033
vt 0.979452 0.782106
vt 0.967774 0.785244
vt 0.965439 0.789037
vt 0.965439 0.785823
vt 0.968763 0.784942
vt 0.969715 0.784537
vt 0.896855 0.771210
vt 0.896570 0.778189
vt 0.890359 0.771210
vt 0.898597 0.776458
vt 0.889646 0.778189
vt 0.892024 0.754925
vt 0.900290 0.773963
vt 0.897521 0.754925
vt 0.901186 0.771257
vt 0.899437 0.775847
vt 0.901186 0.761698
vt 0.892288 0.752341
vt 0.901346 0.775045
vt 0.900360 0.775372
vt 0.900882 0.759298
vt 0.897627 0.752341
vt 0.903659 0.774471
vt 0.903659 0.771257
vt 0.900123 0.756942
vt 0.901974 0.758566
vt 0.892948 0.745879
vt 0.903659 0.761698
vt 0.903428 0.759167
vt 0.900206 0.756801
vt 0.897891 0.745879
vt 0.899002 0.753900
vt 0.898375 0.751408
vt 0.893609 0.739417
vt 0.899002 0.751404
vt 0.898155 0.739417
vt 0.900206 0.748502
vt 0.899439 0.743336
vt 0.893917 0.736401
vt 0.900899 0.743135
vt 0.898278 0.736401
vt 0.901974 0.746737
vt 0.899420 0.707659
vt 0.901186 0.736401
vt 0.904881 0.745535
vt 0.901634 0.707659
vt 0.906132 0.743770
vt 0.906132 0.736401
vt 0.903109 0.707659
vt 0.907382 0.745535
vt 0.911077 0.736401
vt 0.911392 0.743794
vt 0.909154 0.707659
vt 0.906132 0.707659
vt 0.910289 0.746737
vt 0.910998 0.707659
vt 0.914712 0.736401
vt 0.912058 0.748502
vt 0.914866 0.739417
vt 0.912893 0.744065
vt 0.912843 0.707659
vt 0.918346 0.736401
vt 0.915196 0.745879
vt 0.918655 0.739417
vt 0.913262 0.751404
vt 0.914035 0.751430
vt 0.919315 0.745879
vt 0.915526 0.752341
vt 0.913262 0.753900
vt 0.919976 0.752341
vt 0.912265 0.757010
vt 0.915659 0.754925
vt 0.912058 0.756801
vt 0.920240 0.754925
vt 0.911380 0.759306
vt 0.916491 0.771210
vt 0.910289 0.758566
vt 0.911077 0.761698
vt 0.921904 0.771210
vt 0.916847 0.778189
vt 0.911077 0.771257
vt 0.908836 0.759167
vt 0.922617 0.778189
vt 0.913783 0.776261
vt 0.908604 0.771257
vt 0.911973 0.773963
vt 0.908604 0.761698
vt 0.908604 0.774471
vt 0.910939 0.775050
vt 0.912880 0.775758
vt 0.911928 0.775353
vt 0.190336 0.897050
vt 0.177027 0.897050
vt 0.147432 0.693228
vt 0.134124 0.693228
vt 0.253455 0.693228
vt 0.210552 0.897050
vt 0.240147 0.693228
vt 0.197243 0.897050
vt 0.352173 0.897050
vt 0.395077 0.693228
vt 0.365481 0.897050
vt 0.408385 0.693228
vt 0.415293 0.693228
vt 0.428601 0.693228
vt 0.458196 0.897050
vt 0.471505 0.897050
vt 0.342578 0.900967
vt 0.354568 0.900967
vt 0.342578 0.915288
vt 0.354568 0.915288
vt 0.324568 0.900967
vt 0.336557 0.900967
vt 0.324568 0.915288
vt 0.336557 0.915288
vt 0.882835 0.812080
vt 0.882835 0.782106
vt 0.904438 0.812080
vt 0.880138 0.812080
vt 0.904438 0.782106
vt 0.880138 0.782106
vt 0.849816 0.809133
vt 0.849816 0.779159
vt 0.871419 0.809133
vt 0.871419 0.779159
vt 0.874116 0.779159
vt 0.874116 0.809133
vt 0.478412 0.693228
vt 0.502391 0.693228
vt 0.478412 0.897050
vt 0.502391 0.897050
vt 0.509016 0.693228
vt 0.532995 0.693228
vt 0.509016 0.897050
vt 0.532995 0.897050
vt 0.306557 0.900967
vt 0.318547 0.900967
vt 0.306557 0.915288
vt 0.318547 0.915288
vt 0.288546 0.900967
vt 0.300536 0.900967
vt 0.288546 0.915288
vt 0.300536 0.915288
vt 0.707938 0.833162
vt 0.734304 0.835054
vt 0.707938 0.844877
vt 0.714649 0.830136
vt 0.734304 0.844877
vt 0.726896 0.828588
vt 0.717162 0.827930
vt 0.734558 0.828588
vt 0.718766 0.825208
vt 0.734558 0.815407
vt 0.719317 0.822216
vt 0.719998 0.815407
vt 0.734558 0.805584
vt 0.719998 0.805584
vt 0.734558 0.795760
vt 0.719998 0.795760
vt 0.734558 0.782579
vt 0.726896 0.782579
vt 0.719317 0.788951
vt 0.734304 0.776113
vt 0.718766 0.785959
vt 0.714649 0.781031
vt 0.717162 0.783237
vt 0.707938 0.778005
vt 0.707938 0.766290
vt 0.734304 0.766290
vt 0.761748 0.844877
vt 0.761748 0.835054
vt 0.788114 0.844877
vt 0.788114 0.833162
vt 0.781403 0.830136
vt 0.769156 0.828588
vt 0.761494 0.828588
vt 0.778890 0.827930
vt 0.761494 0.815407
vt 0.777286 0.825208
vt 0.776054 0.815407
vt 0.776734 0.822216
vt 0.776054 0.805584
vt 0.761494 0.805584
vt 0.776054 0.795760
vt 0.761494 0.795760
vt 0.761494 0.782579
vt 0.769156 0.782579
vt 0.761748 0.776113
vt 0.776734 0.788951
vt 0.781403 0.781031
vt 0.777286 0.785959
vt 0.778890 0.783237
vt 0.788114 0.778005
vt 0.788114 0.766290
vt 0.761748 0.766290
vn 0.000000 0.061664 0.998097
vn 0.000001 0.061665 0.998097
vn 0.000000 0.061665 0.998097
vn 0.000002 0.061665 0.998097
vn 0.000000 0.998096 -0.061678
vn 0.000000 0.998097 -0.061669
vn 0.000000 0.998097 -0.061668
vn 0.000000 0.998097 -0.061658
vn 0.000000 -0.061665 -0.998097
vn -0.000001 -0.061663 -0.998097
vn 0.000000 -0.061665 -0.998097
vn 0.000000 -0.061663 -0.998097
vn 0.000000 -0.998097 0.061671
vn 0.190164 -0.979884 0.060541
vn 0.000000 -0.998097 0.061670
vn 0.190163 -0.979884 0.060542
vn 0.994838 0.101286 -0.006258
vn 0.994838 0.101285 -0.006258
vn 0.994838 0.101284 -0.006258
vn 0.994838 0.101284 -0.006257
vn -0.994838 0.101288 -0.006258
vn -0.994837 0.101288 -0.006258
vn -0.994838 0.101284 -0.006258
vn -0.994838 0.101285 -0.006257
vn 0.000000 0.998097 -0.061664
vn 0.000000 0.998097 -0.061671
vn 0.000000 0.998097 -0.061666
vn 0.000000 0.998096 -0.061672
vn -0.000003 0.061666 0.998097
vn 0.000001 0.061665 0.998097
vn -0.000002 0.061665 0.998097
vn -0.000004 0.061664 0.998097
vn -0.000002 0.061665 0.998097
vn 0.000000 0.998097 -0.061661
vn 0.000000 0.998097 -0.061671
vn -0.523234 -0.850568 0.052543
vn -0.523235 -0.850567 0.052547
vn -0.213586 -0.975065 0.060243
vn -0.213587 -0.975065 0.060247
vn 0.000000 0.061666 0.998097
vn 0.000004 0.061666 0.998097
vn 0.000004 0.061664 0.998097
vn 0.000002 0.061663 0.998097
vn 0.000001 0.061663 0.998097
vn 0.000000 0.998097 -0.061660
vn 0.000000 0.998097 -0.061668
vn 0.264006 -0.962685 0.059482
vn 0.264002 -0.962686 0.059480
vn 0.241302 -0.968603 0.059849
vn 0.241312 -0.968600 0.059850
vn -0.983725 0.179340 -0.011080
vn -0.983725 0.179340 -0.011080
vn -0.982222 0.187366 -0.011576
vn -0.982222 0.187367 -0.011576
vn 0.000000 -0.061665 -0.998097
vn 0.000000 -0.061665 -0.998097
vn 0.000000 -0.061664 -0.998097
vn 0.000000 -0.061665 -0.998097
vn 0.000000 -0.061665 -0.998097
vn 0.000000 -0.061665 -0.998097
vn 0.000000 -0.061665 -0.998097
vn 0.000000 -0.061665 -0.998097
vn -0.000000 -0.061665 -0.998097
vn 0.000000 -0.061665 -0.998097
vn 0.000000 -0.061665 -0.998097
vn 0.000000 -0.061665 -0.998097
vn 0.983724 0.179343 -0.011080
vn 0.983724 0.179343 -0.011080
vn 0.982223 0.187363 -0.011576
vn 0.982223 0.187363 -0.011576
vn 0.000000 0.061665 0.998097
vn 0.000000 0.061665 0.998097
vn 0.000000 0.061665 0.998097
vn 0.000000 0.061665 0.998097
vn 0.000000 0.061665 0.998097
vn 0.000000 0.061665 0.998097
vn 0.000000 0.061665 0.998097
vn 0.000000 0.061665 0.998097
vn 0.000000 0.061665 0.998097
vn -0.000000 0.061665 0.998097
vn 0.000000 0.061664 0.998097
vn 0.000000 0.061665 0.998097
vn -0.994838 0.101284 -0.006257
vn -0.994838 0.101284 -0.006258
vn -0.994838 0.101284 -0.006258
vn -0.994838 0.101283 -0.006258
vn 0.000002 -0.061664 -0.998097
vn 0.000002 -0.061664 -0.998097
vn 0.000000 -0.061664 -0.998097
vn 0.000000 -0.061664 -0.998097
vn -0.000002 -0.061665 -0.998097
vn 0.000002 -0.061665 -0.998097
vn 0.000006 -0.061666 -0.998097
vn 0.000005 -0.061658 -0.998097
vn 0.000001 -0.061668 -0.998097
vn -0.000014 -0.061662 -0.998097
vn 0.994838 0.101287 -0.006258
vn 0.994838 0.101285 -0.006258
vn 0.994838 0.101288 -0.006258
vn 0.994838 0.101287 -0.006258
vn 0.000002 0.061665 0.998097
vn 0.000011 0.061664 0.998097
vn 0.000003 0.061666 0.998097
vn 0.000013 0.061666 0.998097
vn 0.000009 0.061666 0.998097
vn 0.000003 0.061666 0.998097
vn 0.000000 0.061667 0.998097
vn -0.000003 0.061666 0.998097
vn 0.000000 0.061664 0.998097
vn -0.000003 0.061664 0.998097
vn -0.994837 0.101288 -0.006258
vn -0.994838 0.101287 -0.006258
vn 0.000000 0.061663 0.998097
vn -0.000004 0.061663 0.998097
vn 0.000001 0.061663 0.998097
vn -0.000002 0.061664 0.998097
vn 0.000005 0.061667 0.998097
vn -0.000006 0.061667 0.998097
vn 0.994838 0.101285 -0.006258
vn 0.994838 0.101285 -0.006257
vn 0.000003 -0.061663 -0.998097
vn -0.000005 -0.061664 -0.998097
vn -0.000006 -0.061663 -0.998097
vn -0.000010 -0.061663 -0.998097
vn 0.000001 -0.061663 -0.998097
vn 0.000000 -0.061663 -0.998097
vn 0.000000 0.061665 0.998097
vn 0.000000 0.061665 0.998097
vn 0.000000 0.061665 0.998097
vn 0.000000 0.061667 0.998097
vn 0.000000 0.061663 0.998097
vn 0.000000 0.061665 0.998097
vn 0.000000 0.061665 0.998097
vn 0.000000 0.998097 -0.061662
vn 0.000000 0.998096 -0.061675
vn 0.000000 -0.061665 -0.998097
vn 0.000000 -0.061665 -0.998097
vn 0.000000 -0.061665 -0.998097
vn 0.000000 -0.061663 -0.998097
vn 0.000000 -0.061665 -0.998097
vn -0.000000 -0.061665 -0.998097
vn 0.000000 -0.061665 -0.998097
vn 0.000001 -0.061663 -0.998097
vn 0.000000 -0.061663 -0.998097
vn 0.000000 -0.998097 0.061671
vn 0.000000 -0.998096 0.061673
vn 0.000007 0.061663 0.998097
vn -0.000020 0.061664 0.998097
vn 0.000007 0.061671 0.998097
vn 0.000007 0.061661 0.998097
vn -0.000122 0.061641 0.998098
vn -0.000005 0.061665 0.998097
vn -0.000007 0.061667 0.998097
vn 0.000010 0.061665 0.998097
vn 0.000010 -0.061666 -0.998097
vn 0.000008 -0.061663 -0.998097
vn -0.000027 -0.061667 -0.998097
vn -0.000007 -0.061668 -0.998097
vn 0.000001 -0.061672 -0.998096
vn 0.000019 -0.061657 -0.998097
vn 0.000030 -0.061638 -0.998099
vn -0.000003 -0.061663 -0.998097
vn 0.000000 -0.061665 -0.998097
vn 0.000004 -0.061663 -0.998097
vn 0.633345 -0.772397 0.047722
vn 0.633350 -0.772393 0.047718
vn 0.000002 0.061664 0.998097
vn 0.000001 0.061663 0.998097
vn -0.000002 0.061661 0.998097
vn -0.000002 0.061666 0.998097
vn 0.000001 0.061664 0.998097
vn 0.000002 0.061661 0.998097
vn 0.000000 0.061665 0.998097
vn -0.000001 -0.061664 -0.998097
vn -0.000002 -0.061664 -0.998097
vn -0.994838 0.101284 -0.006257
vn -0.994838 0.101285 -0.006257
vn 0.000000 -0.061664 -0.998097
vn 0.000000 -0.061665 -0.998097
vn -0.000000 -0.061665 -0.998097
vn -0.000004 -0.061665 -0.998097
vn 0.000000 -0.061665 -0.998097
vn 0.000002 -0.061663 -0.998097
vn 0.000008 -0.061665 -0.998097
vn -0.000000 -0.061665 -0.998097
vn 0.000001 -0.061663 -0.998097
vn -0.000001 -0.061664 -0.998097
vn 0.000000 -0.061665 -0.998097
vn 0.994838 0.101284 -0.006257
vn 0.994838 0.101284 -0.006257
vn -0.000002 0.061665 0.998097
vn 0.000000 0.061665 0.998097
vn -0.000004 0.061665 0.998097
vn -0.000007 0.061661 0.998097
vn 0.000000 0.061664 0.998097
vn 0.000000 0.061663 0.998097
vn 0.000004 0.061664 0.998097
vn -0.000003 0.061666 0.998097
vn 0.000008 0.061665 0.998097
vn 0.000001 0.061665 0.998097
vn 0.000000 0.061665 0.998097
vn 0.000000 -0.061665 -0.998097
vn -0.000002 -0.061665 -0.998097
vn 0.000000 -0.061665 -0.998097
vn 0.000000 -0.061664 -0.998097
vn 0.000006 -0.061664 -0.998097
vn 0.000000 -0.061665 -0.998097
vn -0.000003 -0.061663 -0.998097
vn -0.000002 -0.061664 -0.998097
vn -0.000003 -0.061662 -0.998097
vn -0.241284 -0.968608 0.059837
vn -0.241285 -0.968607 0.059842
vn -0.256769 -0.964634 0.059596
vn -0.256771 -0.964633 0.059599
vn 0.000000 0.061666 0.998097
vn -0.000004 0.061664 0.998097
vn -0.000005 0.061664 0.998097
vn 0.000000 0.061665 0.998097
vn 0.000001 -0.061663 -0.998097
vn 0.000000 -0.061664 -0.998097
vn 0.000003 -0.061665 -0.998097
vn -0.440521 -0.896034 0.055359
vn -0.440518 -0.896035 0.055357
vn -0.342852 -0.937602 0.057927
vn -0.342853 -0.937601 0.057928
vn 0.387860 -0.919965 0.056836
vn 0.387850 -0.919969 0.056832
vn 0.525161 -0.849383 0.052475
vn 0.525178 -0.849373 0.052474
vn 0.000013 0.061658 0.998097
vn -0.000033 0.061639 0.998099
vn 0.000000 -0.061669 -0.998097
vn 0.000009 -0.061674 -0.998096
vn -0.000021 0.061670 0.998097
vn 0.000000 0.061655 0.998098
vn 0.000013 -0.061671 -0.998097
vn -0.000037 -0.061657 -0.998097
vn -0.995873 0.090585 -0.005596
vn -0.995873 0.090589 -0.005597
vn -0.995873 0.090590 -0.005597
vn -0.995872 0.090595 -0.005597
vn -0.382674 0.922125 -0.056968
vn -0.592606 0.803960 -0.049666
vn -0.382680 0.922123 -0.056964
vn -0.592614 0.803954 -0.049661
vn -1.000000 0.000000 0.000000
vn -1.000000 0.000001 0.000000
vn -1.000000 0.000000 0.000000
vn -1.000000 0.000002 0.000000
vn -1.000000 -0.000012 0.000000
vn -1.000000 -0.000000 0.000000
vn -1.000000 -0.000001 0.000000
vn -1.000000 0.000011 0.000000
vn -0.976095 0.216930 -0.013397
vn -0.976096 0.216925 -0.013397
vn -0.843888 0.535499 -0.033078
vn -0.843890 0.535496 -0.033076
vn -0.976094 -0.216933 0.013409
vn -0.976094 -0.216934 0.013408
vn -0.843887 -0.535499 0.033089
vn -0.843884 -0.535504 0.033084
vn -0.536516 -0.842284 0.052046
vn -0.536520 -0.842281 0.052048
vn -0.217343 -0.974236 0.060213
vn -0.217344 -0.974235 0.060221
vn 0.217339 -0.974237 0.060218
vn 0.217343 -0.974236 0.060214
vn 0.536521 -0.842281 0.052051
vn 0.536528 -0.842276 0.052045
vn 0.843882 -0.535508 0.033086
vn 0.843888 -0.535499 0.033089
vn 0.976095 -0.216930 0.013408
vn 0.976097 -0.216922 0.013410
vn 0.843886 0.535501 -0.033083
vn 0.843889 0.535496 -0.033081
vn 0.976095 0.216929 -0.013398
vn 0.976096 0.216927 -0.013396
vn 0.382683 0.922122 -0.056963
vn 0.592621 0.803949 -0.049665
vn 0.382681 0.922123 -0.056967
vn 0.592617 0.803952 -0.049667
vn 0.995873 0.090585 -0.005597
vn 0.995873 0.090590 -0.005597
vn 0.995872 0.090591 -0.005597
vn 0.995872 0.090596 -0.005596
vn 1.000000 0.000000 0.000000
vn 1.000000 0.000000 0.000000
vn 1.000000 0.000000 0.000000
vn 1.000000 0.000000 0.000000
vn 1.000000 0.000000 0.000000
vn 1.000000 -0.000001 0.000000
vn 1.000000 -0.000001 0.000000
vn 1.000000 -0.000002 0.000000
vn 0.000003 0.061658 0.998097
vn 0.000006 0.061659 0.998097
vn -0.000001 -0.061663 -0.998097
vn 0.000000 -0.061664 -0.998097
vn 0.000008 -0.061665 -0.998097
vn -0.000003 -0.061664 -0.998097
vn -0.000003 -0.061665 -0.998097
vn -0.978556 -0.205982 0.000000
vn -0.978556 -0.205982 0.000000
vn -0.978556 -0.205982 0.000000
vn -0.978556 -0.205982 0.000000
vn 0.000000 1.000000 0.000000
vn 0.000000 1.000000 0.000000
vn 0.000000 1.000000 0.000000
vn 0.000000 1.000000 0.000000
vn 0.978556 0.205982 0.000000
vn 0.978556 0.205982 0.000000
vn 0.978556 0.205982 0.000000
vn 0.978556 0.205982 0.000000
vn 0.000000 -1.000000 0.000000
vn 0.000000 -1.000000 0.000000
vn 0.000000 -1.000000 0.000000
vn 0.000000 -1.000000 0.000000
vn 0.000000 -0.070588 -0.997506
vn 0.000000 -0.070588 -0.997506
vn 0.000000 -0.070588 -0.997506
vn 0.000000 -0.070588 -0.997506
vn 0.000000 0.070588 0.997506
vn 0.000000 0.070588 0.997506
vn 0.000000 0.070588 0.997506
vn 0.000000 0.070588 0.997506
vn 0.978556 -0.205982 0.000000
vn 0.978556 -0.205982 0.000000
vn 0.978556 -0.205982 0.000000
vn 0.978556 -0.205982 0.000000
vn 0.000000 1.000000 0.000000
vn 0.000000 1.000000 0.000000
vn 0.000000 1.000000 0.000000
vn 0.000000 1.000000 0.000000
vn -0.978556 0.205982 0.000000
vn -0.978556 0.205982 0.000000
vn -0.978556 0.205982 0.000000
vn -0.978556 0.205982 0.000000
vn 0.000000 -1.000000 0.000000
vn 0.000000 -1.000000 0.000000
vn 0.000000 -1.000000 0.000000
vn 0.000000 -1.000000 0.000000
vn 0.000000 -0.070588 -0.997506
vn 0.000000 -0.070588 -0.997506
vn 0.000000 -0.070588 -0.997506
vn 0.000000 -0.070588 -0.997506
vn 0.000000 0.070588 0.997506
vn 0.000000 0.070588 0.997506
vn 0.000000 0.070588 0.997506
vn 0.000000 0.070588 0.997506
vn 0.000000 0.000000 1.000000
vn 0.000000 0.000000 1.000000
vn 0.000000 0.000000 1.000000
vn 0.000000 0.000000 1.000000
vn 0.000000 1.000000 0.000000
vn 0.000000 1.000000 0.000000
vn 0.000000 1.000000 0.000000
vn 0.000000 1.000000 0.000000
vn 0.000000 0.000000 -1.000000
vn 0.000000 0.000000 -1.000000
vn 0.000000 0.000000 -1.000000
vn 0.000000 0.000000 -1.000000
vn 0.000000 -1.000000 0.000000
vn 0.000000 -1.000000 0.000000
vn 0.000000 -1.000000 0.000000
vn 0.000000 -1.000000 0.000000
vn 1.000000 0.000000 0.000000
vn 1.000000 0.000000 0.000000
vn 1.000000 0.000000 0.000000
vn 1.000000 0.000000 0.000000
vn -1.000000 0.000000 0.000000
vn -1.000000 0.000000 0.000000
vn -1.000000 0.000000 0.000000
vn -1.000000 0.000000 0.000000
vn 0.000000 -0.045929 0.998945
vn 0.000000 -0.045929 0.998945
vn 0.000000 0.000000 1.000000
vn 0.000000 0.000000 1.000000
vn 0.000000 1.000000 0.000000
vn 0.000000 1.000000 0.000000
vn 0.000000 1.000000 0.000000
vn 0.000000 1.000000 0.000000
vn 0.000000 0.000000 -1.000000
vn 0.000000 0.000000 -1.000000
vn 0.000000 -0.045929 -0.998945
vn 0.000000 -0.045929 -0.998945
vn 0.000000 1.000000 0.000000
vn 0.000000 1.000000 0.000000
vn 0.000000 1.000000 0.000000
vn 0.000000 1.000000 0.000000
vn -1.000000 0.000000 0.000000
vn -1.000000 0.000000 0.000000
vn -1.000000 0.000000 0.000000
vn -1.000000 0.000000 0.000000
vn 0.000000 -1.000000 0.000000
vn 0.000000 -1.000000 0.000000
vn 0.000000 -1.000000 0.000000
vn 0.000000 -1.000000 0.000000
vn 1.000000 0.000000 0.000000
vn 1.000000 0.000000 0.000000
vn 1.000000 0.000000 0.000000
vn 1.000000 0.000000 0.000000
vn 0.000000 1.000000 0.000000
vn 0.000000 1.000000 0.000000
vn 0.000000 1.000000 0.000000
vn 0.000000 1.000000 0.000000
vn -1.000000 0.000000 0.000000
vn -1.000000 0.000000 0.000000
vn 0.000000 1.000000 0.000000
vn 0.000000 1.000000 0.000000
vn 1.000000 0.000000 0.000000
vn 1.000000 0.000000 0.000000
vn 0.000000 -1.000000 0.000000
vn 0.000000 -1.000000 0.000000
vn -1.000000 0.000000 0.000000
vn -1.000000 0.000000 0.000000
vn 0.000000 1.000000 0.000000
vn 0.000000 1.000000 0.000000
vn 1.000000 0.000000 0.000000
vn 1.000000 0.000000 0.000000
vn 0.000000 -0.998701 -0.050962
vn 0.000000 -0.998701 -0.050962
vn -1.000000 0.000000 0.000000
vn -1.000000 0.000000 0.000000
vn 0.000000 -0.998701 0.050962
vn 0.000000 -0.998701 0.050962
vn 1.000000 0.000000 0.000000
vn 1.000000 0.000000 0.000000
vn 0.000000 1.000000 0.000000
vn 0.000000 1.000000 0.000000
vn -1.000000 -0.000005 0.000000
vn -1.000000 0.000000 0.000000
vn -1.000000 -0.000000 0.000000
vn -1.000000 0.000000 0.000000
vn -1.000000 0.000000 0.000000
vn 0.000000 1.000000 0.000000
vn 0.000000 1.000000 0.000000
vn 1.000000 0.000000 0.000000
vn 1.000000 0.000000 0.000000
vn 1.000000 0.000000 0.000000
vn 1.000000 0.000000 0.000000
vn 1.000000 0.000000 0.000000
vn 0.000000 -0.783494 0.621399
vn 0.000000 -0.783491 0.621403
vn 0.000000 -0.789507 -0.613742
vn 0.000000 -0.789515 -0.613731
vn -1.000000 0.000000 0.000000
vn -1.000000 0.000000 0.000000
vn -1.000000 0.000000 0.000000
vn -1.000000 0.000000 0.000000
vn -1.000000 0.000000 0.000000
vn 0.000000 -0.789508 0.613740
vn 0.000000 -0.789500 0.613750
vn 0.000000 -0.783491 -0.621403
vn 0.000000 -0.783494 -0.621399
vn 1.000000 0.000000 0.000000
vn 1.000000 0.000000 0.000000
vn 1.000000 0.000000 0.000000
vn 1.000000 0.000000 0.000000
vn 1.000000 0.000000 0.000000
vn 0.000000 1.000000 0.000000
vn 0.000000 1.000000 0.000000
vn 0.000000 -0.871133 0.491048
vn 0.000000 -0.871131 0.491051
vn 0.000000 -0.967250 0.253826
vn 0.000000 -0.967250 0.253826
vn 0.000000 -0.992393 -0.123111
vn 0.000000 -0.992392 -0.123116
vn 0.000000 -0.992392 0.123118
vn 0.000000 -0.967249 -0.253829
vn 0.000000 -0.992393 0.123113
vn 0.000000 -0.967249 -0.253829
vn 0.000000 -0.871131 -0.491051
vn 0.000000 -0.871133 -0.491048
vn -1.000000 0.000006 0.000000
vn -1.000000 0.000000 0.000000
vn -1.000000 0.000000 0.000000
vn 1.000000 0.000000 0.000000
vn 1.000000 0.000000 0.000000
vn 1.000000 0.000000 0.000000
vn -1.000000 0.000001 0.000000
vn -1.000000 0.000000 0.000000
vn -1.000000 0.000000 0.000000
vn 1.000000 -0.000007 0.000000
vn 1.000000 0.000008 0.000000
vn 1.000000 0.000000 0.000000
vn 0.000000 -0.382687 0.923878
vn 0.000000 -0.382683 0.923880
vn 0.000000 -0.923888 0.382664
vn 0.000000 -0.923891 0.382656
vn 0.000000 -0.923891 -0.382656
vn 0.000000 -0.923887 -0.382664
vn 0.000000 -0.382683 -0.923880
vn 0.000000 -0.382687 -0.923878
vn -1.000000 0.000000 0.000000
vn -1.000000 0.000000 0.000000
vn -1.000000 0.000000 0.000000
vn 1.000000 0.000002 0.000000
vn 1.000000 0.000001 0.000000
vn 1.000000 0.000000 0.000000
vn -1.000000 0.000003 0.000000
vn -1.000000 0.000000 0.000000
vn -1.000000 0.000000 0.000000
vn 1.000000 0.000007 0.000000
vn 1.000000 0.000001 0.000000
vn 1.000000 0.000000 0.000000
vn 0.000000 -0.081787 0.996650
vn 0.000000 -0.081787 0.996650
vn 0.000000 -0.081787 0.996650
vn 0.000000 -0.081787 0.996650
vn 0.000000 1.000000 0.000000
vn 0.000000 1.000000 0.000000
vn 0.000000 1.000000 0.000000
vn 0.000000 1.000000 0.000000
vn 0.000000 0.081787 -0.996650
vn 0.000000 0.081787 -0.996650
vn 0.000000 0.081787 -0.996650
vn 0.000000 0.081787 -0.996650
vn 0.000000 -1.000000 0.000000
vn 0.000000 -1.000000 0.000000
vn 0.000000 -1.000000 0.000000
vn 0.000000 -1.000000 0.000000
vn 1.000000 0.000000 0.000000
vn 1.000000 0.000000 0.000000
vn 1.000000 0.000000 0.000000
vn 1.000000 0.000000 0.000000
vn -1.000000 0.000000 0.000000
vn -1.000000 0.000000 0.000000
vn -1.000000 0.000000 0.000000
vn -1.000000 0.000000 0.000000
vn 0.000000 0.000000 1.000000
vn 0.000000 0.000000 1.000000
vn 0.000000 0.000000 1.000000
vn 0.000000 0.000000 1.000000
vn 0.000000 1.000000 0.000000
vn 0.000000 1.000000 0.000000
vn 0.000000 1.000000 0.000000
vn 0.000000 1.000000 0.000000
vn 0.000000 0.000000 -1.000000
vn 0.000000 0.000000 -1.000000
vn 0.000000 0.000000 -1.000000
vn 0.000000 0.000000 -1.000000
vn 0.000000 -1.000000 0.000000
vn 0.000000 -1.000000 0.000000
vn 0.000000 -1.000000 0.000000
vn 0.000000 -1.000000 0.000000
vn 1.000000 0.000000 0.000000
vn 1.000000 0.000000 0.000000
vn 1.000000 0.000000 0.000000
vn 1.000000 0.000000 0.000000
vn -1.000000 0.000000 0.000000
vn -1.000000 0.000000 0.000000
vn -1.000000 0.000000 0.000000
vn -1.000000 0.000000 0.000000
vn -0.000000 0.000000 1.000000
vn 0.000000 0.000000 1.000000
vn 0.000000 0.000000 1.000000
vn 0.000000 0.000000 1.000000
vn 0.000000 1.000000 0.000000
vn -0.015583 0.999879 0.000000
vn 0.000000 1.000000 0.000000
vn -0.015583 0.999879 0.000000
vn 0.000000 0.000000 -1.000000
vn 0.000000 0.000000 -1.000000
vn 0.000000 0.000000 -1.000000
vn -0.000000 0.000000 -1.000000
vn 0.000000 -1.000000 0.000000
vn 0.414350 -0.910117 0.000000
vn 0.000000 -1.000000 0.000000
vn 0.414351 -0.910117 0.000000
vn 1.000000 0.000000 0.000000
vn 1.000000 0.000000 0.000000
vn 1.000000 0.000000 0.000000
vn 1.000000 0.000000 0.000000
vn -1.000000 0.000000 0.000000
vn -1.000000 0.000000 0.000000
vn -1.000000 0.000000 0.000000
vn -1.000000 0.000000 0.000000
vn 0.000000 0.000000 1.000000
vn 0.000000 0.000000 1.000000
vn 0.000000 0.000000 1.000000
vn -0.000000 0.000000 1.000000
vn 0.000000 1.000000 0.000000
vn 0.000000 1.000000 0.000000
vn 0.000000 1.000000 0.000000
vn 0.000000 1.000000 0.000000
vn 0.000000 0.000000 -1.000000
vn 0.000000 0.000000 -1.000000
vn 0.000000 0.000000 -1.000000
vn 0.000000 0.000000 -1.000000
vn 0.000000 -1.000000 0.000000
vn 0.000000 -1.000000 0.000000
vn -0.040886 -0.999164 0.000000
vn -0.040886 -0.999164 0.000000
vn 0.000000 0.000000 1.000000
vn 0.000000 0.000000 1.000000
vn 0.000002 0.000000 1.000000
vn -0.000001 0.000000 1.000000
vn 0.000001 0.000000 1.000000
vn 0.012920 0.999917 0.000000
vn 0.012920 0.999917 0.000000
vn 0.015583 0.999879 0.000000
vn 0.015583 0.999879 0.000000
vn -0.869806 -0.493394 0.000000
vn -0.869806 -0.493393 0.000000
vn -0.414350 -0.910118 0.000000
vn -0.414350 -0.910117 0.000000
vn -0.000001 0.000000 1.000000
vn 0.000002 0.000000 1.000000
vn 0.000000 0.000000 1.000000
vn 0.000000 0.000000 1.000000
vn 0.000000 0.000000 1.000000
vn -0.012920 0.999917 0.000000
vn -0.012920 0.999917 0.000000
vn 0.000000 1.000000 0.000000
vn 0.000000 1.000000 0.000000
vn 0.124717 -0.992192 0.000000
vn 0.124716 -0.992192 0.000000
vn 0.040886 -0.999164 0.000000
vn 0.040886 -0.999164 0.000000
vn -0.000000 0.000000 -1.000000
vn 0.000000 0.000000 -1.000000
vn -0.000002 0.000000 1.000000
vn -0.000001 0.000000 -1.000000
vn -0.000002 0.000000 -1.000000
vn 0.000000 0.000000 -1.000000
vn -0.124716 -0.992193 0.000000
vn -0.124717 -0.992192 0.000000
vn 0.000000 0.000000 1.000000
vn 0.000000 0.000000 1.000000
vn 0.000000 1.000000 0.000000
vn 0.000000 1.000000 0.000000
vn 0.000000 0.000000 -1.000000
vn -0.000000 0.000000 -1.000000
vn 0.000000 0.000000 -1.000000
vn 0.000000 0.000000 -1.000000
vn 0.000000 -1.000000 0.000000
vn 0.000000 -1.000000 0.000000
vn -0.000004 0.000000 1.000000
vn -0.000003 0.000000 -1.000000
vn 0.000001 0.000000 -1.000000
vn 0.000001 0.000000 -1.000000
vn 0.869805 -0.493396 0.000000
vn 0.869805 -0.493396 0.000000
vn 0.000004 0.000000 -1.000000
vn -0.000000 0.000000 -1.000000
vn -0.641089 -0.767466 0.000000
vn -0.641090 -0.767466 0.000000
vn -0.352977 -0.935632 0.000000
vn -0.352978 -0.935632 0.000000
vn 0.352978 -0.935632 0.000000
vn 0.352976 -0.935632 0.000000
vn 0.641089 -0.767466 0.000000
vn 0.641090 -0.767466 0.000000
vn 0.000000 0.000000 1.000000
vn -0.000007 0.000000 1.000000
vn 0.000002 0.000000 -1.000000
vn 0.000002 0.000000 -1.000000
vn 0.000000 0.000000 1.000000
vn 0.000000 0.000000 1.000000
vn 0.000000 0.000000 -1.000000
vn 0.000000 0.000000 -1.000000
vn 0.000000 0.000000 1.000000
vn 0.000000 0.000000 1.000000
vn 0.000000 0.000000 1.000000
vn 0.000000 0.000000 1.000000
vn 0.000000 1.000000 0.000000
vn 0.000000 1.000000 0.000000
vn 0.000000 1.000000 0.000000
vn 0.000000 1.000000 0.000000
vn 0.000000 0.000000 -1.000000
vn 0.000000 0.000000 -1.000000
vn 0.000000 0.000000 -1.000000
vn 0.000000 0.000000 -1.000000
vn 0.000000 -1.000000 0.000000
vn 0.000000 -1.000000 0.000000
vn 0.000000 -1.000000 0.000000
vn 0.000000 -1.000000 0.000000
vn 1.000000 0.000000 0.000000
vn 1.000000 0.000000 0.000000
vn 1.000000 0.000000 0.000000
vn 1.000000 0.000000 0.000000
vn -1.000000 0.000000 0.000000
vn -1.000000 0.000000 0.000000
vn -1.000000 0.000000 0.000000
vn -1.000000 0.000000 0.000000
vn 0.000000 0.061665 0.998097
vn 0.000001 0.061665 0.998097
vn 0.000000 0.061665 0.998097
vn 0.000002 0.061665 0.998097
vn 0.000000 0.998096 -0.061679
vn 0.000000 0.998097 -0.061672
vn 0.000000 0.998097 -0.061668
vn 0.000000 0.998097 -0.061658
vn 0.000000 -0.061665 -0.998097
vn -0.000001 -0.061663 -0.998097
vn 0.000000 -0.061665 -0.998097
vn 0.000000 -0.061663 -0.998097
vn 0.000000 -0.998097 0.061671
vn 0.190163 -0.979884 0.060542
vn 0.000000 -0.998097 0.061670
vn 0.190162 -0.979884 0.060539
vn 0.994838 0.101282 -0.006257
vn 0.994838 0.101280 -0.006257
vn 0.994838 0.101284 -0.006258
vn 0.994838 0.101283 -0.006257
vn -0.994838 0.101286 -0.006258
vn -0.994838 0.101285 -0.006258
vn -0.994838 0.101283 -0.006258
vn -0.994838 0.101283 -0.006256
vn 0.000000 0.998097 -0.061661
vn 0.000000 0.998097 -0.061664
vn 0.000000 0.998097 -0.061666
vn 0.000000 0.998096 -0.061672
vn -0.000003 0.061666 0.998097
vn 0.000001 0.061665 0.998097
vn -0.000002 0.061665 0.998097
vn -0.000004 0.061664 0.998097
vn -0.000002 0.061665 0.998097
vn 0.000000 0.998097 -0.061661
vn 0.000000 0.998097 -0.061670
vn -0.523235 -0.850567 0.052542
vn -0.523241 -0.850563 0.052548
vn -0.213585 -0.975065 0.060243
vn -0.213586 -0.975065 0.060247
vn 0.000000 0.061666 0.998097
vn 0.000004 0.061666 0.998097
vn 0.000004 0.061664 0.998097
vn 0.000002 0.061663 0.998097
vn 0.000001 0.061663 0.998097
vn 0.000000 0.998097 -0.061661
vn 0.000000 0.998097 -0.061668
vn 0.264009 -0.962684 0.059483
vn 0.264004 -0.962686 0.059481
vn 0.241302 -0.968603 0.059849
vn 0.241312 -0.968600 0.059850
vn -0.983725 0.179340 -0.011080
vn -0.983725 0.179341 -0.011080
vn -0.982222 0.187365 -0.011576
vn -0.982222 0.187366 -0.011576
vn 0.000000 -0.061665 -0.998097
vn 0.000000 -0.061665 -0.998097
vn 0.000000 -0.061665 -0.998097
vn 0.000000 -0.061665 -0.998097
vn 0.000000 -0.061665 -0.998097
vn 0.000000 -0.061665 -0.998097
vn 0.000000 -0.061664 -0.998097
vn 0.000000 -0.061665 -0.998097
vn -0.000000 -0.061664 -0.998097
vn 0.000000 -0.061665 -0.998097
vn 0.000000 -0.061665 -0.998097
vn 0.000000 -0.061666 -0.998097
vn 0.983724 0.179343 -0.011080
vn 0.983724 0.179343 -0.011080
vn 0.982223 0.187363 -0.011576
vn 0.982223 0.187363 -0.011576
vn 0.000000 0.061665 0.998097
vn 0.000000 0.061664 0.998097
vn 0.000000 0.061666 0.998097
vn 0.000000 0.061665 0.998097
vn 0.000000 0.061665 0.998097
vn 0.000000 0.061665 0.998097
vn 0.000000 0.061665 0.998097
vn 0.000000 0.061665 0.998097
vn 0.000000 0.061665 0.998097
vn -0.000000 0.061665 0.998097
vn 0.000000 0.061665 0.998097
vn 0.000000 0.061665 0.998097
vn -0.994838 0.101285 -0.006255
vn -0.994838 0.101283 -0.006258
vn -0.994838 0.101283 -0.006258
vn -0.994838 0.101284 -0.006258
vn 0.000002 -0.061664 -0.998097
vn 0.000002 -0.061664 -0.998097
vn 0.000000 -0.061665 -0.998097
vn 0.000000 -0.061665 -0.998097
vn -0.000002 -0.061665 -0.998097
vn 0.000002 -0.061665 -0.998097
vn 0.000006 -0.061666 -0.998097
vn 0.000005 -0.061659 -0.998097
vn 0.000001 -0.061666 -0.998097
vn -0.000014 -0.061661 -0.998097
vn 0.994838 0.101282 -0.006258
vn 0.994838 0.101280 -0.006258
vn 0.994838 0.101285 -0.006258
vn 0.994838 0.101285 -0.006258
vn 0.000002 0.061665 0.998097
vn 0.000011 0.061665 0.998097
vn 0.000003 0.061667 0.998097
vn 0.000013 0.061666 0.998097
vn 0.000009 0.061666 0.998097
vn 0.000003 0.061666 0.998097
vn 0.000000 0.061667 0.998097
vn -0.000003 0.061667 0.998097
vn 0.000000 0.061665 0.998097
vn -0.000003 0.061664 0.998097
vn -0.994838 0.101284 -0.006258
vn -0.994838 0.101286 -0.006258
vn 0.000000 0.061663 0.998097
vn -0.000004 0.061663 0.998097
vn 0.000001 0.061662 0.998097
vn -0.000002 0.061665 0.998097
vn 0.000005 0.061667 0.998097
vn -0.000006 0.061666 0.998097
vn 0.994837 0.101288 -0.006258
vn 0.994837 0.101289 -0.006257
vn 0.000003 -0.061662 -0.998097
vn -0.000005 -0.061664 -0.998097
vn -0.000006 -0.061664 -0.998097
vn -0.000010 -0.061664 -0.998097
vn 0.000001 -0.061663 -0.998097
vn 0.000000 -0.061663 -0.998097
vn 0.000000 0.061665 0.998097
vn 0.000000 0.061665 0.998097
vn 0.000000 0.061665 0.998097
vn 0.000000 0.061667 0.998097
vn 0.000000 0.061663 0.998097
vn 0.000000 0.061666 0.998097
vn 0.000000 0.061665 0.998097
vn 0.000000 0.998097 -0.061662
vn 0.000000 0.998096 -0.061675
vn 0.000000 -0.061665 -0.998097
vn 0.000000 -0.061666 -0.998097
vn 0.000000 -0.061665 -0.998097
vn 0.000000 -0.061663 -0.998097
vn 0.000000 -0.061664 -0.998097
vn -0.000000 -0.061665 -0.998097
vn 0.000000 -0.061665 -0.998097
vn 0.000001 -0.061663 -0.998097
vn 0.000000 -0.061663 -0.998097
vn 0.000000 -0.998097 0.061671
vn 0.000000 -0.998096 0.061673
vn 0.000007 0.061663 0.998097
vn -0.000020 0.061666 0.998097
vn 0.000007 0.061668 0.998097
vn 0.000007 0.061661 0.998097
vn -0.000122 0.061637 0.998099
vn -0.000005 0.061665 0.998097
vn -0.000007 0.061666 0.998097
vn 0.000010 0.061667 0.998097
vn 0.000010 -0.061665 -0.998097
vn 0.000008 -0.061663 -0.998097
vn -0.000027 -0.061666 -0.998097
vn -0.000007 -0.061667 -0.998097
vn 0.000001 -0.061666 -0.998097
vn 0.000019 -0.061659 -0.998097
vn 0.000030 -0.061636 -0.998099
vn -0.000003 -0.061663 -0.998097
vn 0.000000 -0.061665 -0.998097
vn 0.000004 -0.061663 -0.998097
vn 0.633345 -0.772397 0.047721
vn 0.633349 -0.772393 0.047725
vn 0.000002 0.061664 0.998097
vn 0.000001 0.061663 0.998097
vn -0.000002 0.061661 0.998097
vn -0.000002 0.061665 0.998097
vn 0.000001 0.061664 0.998097
vn 0.000002 0.061660 0.998097
vn 0.000000 0.061665 0.998097
vn -0.000001 -0.061664 -0.998097
vn -0.000002 -0.061664 -0.998097
vn -0.994838 0.101286 -0.006244
vn -0.994838 0.101286 -0.006244
vn 0.000000 -0.061664 -0.998097
vn 0.000000 -0.061665 -0.998097
vn -0.000000 -0.061665 -0.998097
vn -0.000004 -0.061663 -0.998097
vn 0.000000 -0.061665 -0.998097
vn 0.000002 -0.061663 -0.998097
vn 0.000008 -0.061665 -0.998097
vn -0.000000 -0.061665 -0.998097
vn 0.000001 -0.061663 -0.998097
vn -0.000001 -0.061664 -0.998097
vn 0.000000 -0.061664 -0.998097
vn 0.994838 0.101284 -0.006257
vn 0.994838 0.101283 -0.006257
vn -0.000002 0.061665 0.998097
vn 0.000000 0.061665 0.998097
vn -0.000004 0.061665 0.998097
vn -0.000007 0.061661 0.998097
vn 0.000000 0.061665 0.998097
vn 0.000000 0.061663 0.998097
vn 0.000004 0.061665 0.998097
vn -0.000003 0.061665 0.998097
vn 0.000008 0.061664 0.998097
vn 0.000001 0.061665 0.998097
vn 0.000000 0.061665 0.998097
vn 0.000000 -0.061666 -0.998097
vn -0.000002 -0.061665 -0.998097
vn 0.000000 -0.061665 -0.998097
vn 0.000000 -0.061664 -0.998097
vn 0.000006 -0.061664 -0.998097
vn 0.000000 -0.061665 -0.998097
vn -0.000003 -0.061663 -0.998097
vn -0.000002 -0.061663 -0.998097
vn -0.000003 -0.061662 -0.998097
vn -0.241280 -0.968609 0.059844
vn -0.241286 -0.968607 0.059845
vn -0.256768 -0.964634 0.059599
vn -0.256774 -0.964632 0.059600
vn 0.000000 0.061666 0.998097
vn -0.000004 0.061665 0.998097
vn -0.000005 0.061665 0.998097
vn 0.000000 0.061664 0.998097
vn 0.000001 -0.061663 -0.998097
vn 0.000000 -0.061664 -0.998097
vn 0.000003 -0.061664 -0.998097
vn -0.440517 -0.896036 0.055357
vn -0.440523 -0.896033 0.055358
vn -0.342845 -0.937604 0.057926
vn -0.342845 -0.937604 0.057927
vn 0.387866 -0.919962 0.056837
vn 0.387852 -0.919968 0.056836
vn 0.525160 -0.849384 0.052473
vn 0.525164 -0.849381 0.052479
vn 0.000013 0.061661 0.998097
vn -0.000033 0.061639 0.998099
vn 0.000000 -0.061668 -0.998097
vn 0.000009 -0.061677 -0.998096
vn -0.000021 0.061671 0.998097
vn 0.000000 0.061657 0.998097
vn 0.000013 -0.061671 -0.998097
vn -0.000037 -0.061662 -0.998097
vn -0.995873 0.090585 -0.005596
vn -0.995873 0.090587 -0.005596
vn -0.995873 0.090587 -0.005596
vn -0.995873 0.090590 -0.005596
vn -0.382665 0.922129 -0.056966
vn -0.592600 0.803964 -0.049666
vn -0.382671 0.922127 -0.056967
vn -0.592608 0.803958 -0.049666
vn -1.000000 0.000000 0.000000
vn -1.000000 0.000001 0.000000
vn -1.000000 0.000000 0.000000
vn -1.000000 0.000002 0.000000
vn -1.000000 -0.000012 0.000000
vn -1.000000 -0.000002 0.000000
vn -1.000000 -0.000003 0.000000
vn -1.000000 0.000007 0.000000
vn -0.976098 0.216919 -0.013402
vn -0.976096 0.216927 -0.013401
vn -0.843889 0.535497 -0.033081
vn -0.843890 0.535496 -0.033080
vn -0.976097 -0.216920 0.013402
vn -0.976096 -0.216925 0.013402
vn -0.843888 -0.535499 0.033086
vn -0.843891 -0.535494 0.033086
vn -0.536510 -0.842288 0.052042
vn -0.536520 -0.842281 0.052049
vn -0.217344 -0.974236 0.060213
vn -0.217347 -0.974235 0.060221
vn 0.217338 -0.974237 0.060218
vn 0.217342 -0.974237 0.060215
vn 0.536519 -0.842282 0.052051
vn 0.536524 -0.842278 0.052045
vn 0.843886 -0.535502 0.033086
vn 0.843886 -0.535501 0.033086
vn 0.976094 -0.216933 0.013403
vn 0.976095 -0.216933 0.013403
vn 0.843891 0.535494 -0.033082
vn 0.843888 0.535498 -0.033083
vn 0.976095 0.216932 -0.013403
vn 0.976094 0.216933 -0.013403
vn 0.382674 0.922126 -0.056968
vn 0.592610 0.803957 -0.049666
vn 0.382666 0.922129 -0.056967
vn 0.592607 0.803959 -0.049666
vn 0.995875 0.090569 -0.005596
vn 0.995874 0.090569 -0.005596
vn 0.995875 0.090569 -0.005596
vn 0.995875 0.090568 -0.005595
vn 1.000000 0.000000 0.000000
vn 1.000000 0.000000 0.000000
vn 1.000000 0.000000 0.000000
vn 1.000000 0.000000 0.000000
vn 1.000000 0.000000 0.000000
vn 1.000000 0.000000 0.000000
vn 1.000000 0.000000 0.000000
vn 1.000000 0.000001 0.000000
vn 0.000003 0.061659 0.998097
vn 0.000006 0.061659 0.998097
vn -0.000001 -0.061663 -0.998097
vn 0.000000 -0.061664 -0.998097
vn 0.000008 -0.061665 -0.998097
vn -0.000003 -0.061664 -0.998097
vn -0.000003 -0.061665 -0.998097
vn -0.978556 -0.205982 0.000000
vn -0.978556 -0.205982 0.000000
vn -0.978556 -0.205982 0.000000
vn -0.978556 -0.205982 0.000000
vn 0.000000 1.000000 0.000000
vn 0.000000 1.000000 0.000000
vn 0.000000 1.000000 0.000000
vn 0.000000 1.000000 0.000000
vn 0.978556 0.205982 0.000000
vn 0.978556 0.205982 0.000000
vn 0.978556 0.205982 0.000000
vn 0.978556 0.205982 0.000000
vn 0.000000 -1.000000 0.000000
vn 0.000000 -1.000000 0.000000
vn 0.000000 -1.000000 0.000000
vn 0.000000 -1.000000 0.000000
vn 0.000000 -0.070588 -0.997506
vn 0.000000 -0.070588 -0.997506
vn 0.000000 -0.070588 -0.997506
vn 0.000000 -0.070588 -0.997506
vn 0.000000 0.070588 0.997506
vn 0.000000 0.070588 0.997506
vn 0.000000 0.070588 0.997506
vn 0.000000 0.070588 0.997506
vn 0.978556 -0.205982 0.000000
vn 0.978556 -0.205982 0.000000
vn 0.978556 -0.205982 0.000000
vn 0.978556 -0.205982 0.000000
vn 0.000000 1.000000 0.000000
vn 0.000000 1.000000 0.000000
vn 0.000000 1.000000 0.000000
vn 0.000000 1.000000 0.000000
vn -0.978556 0.205982 0.000000
vn -0.978556 0.205982 0.000000
vn -0.978556 0.205982 0.000000
vn -0.978556 0.205982 0.000000
vn 0.000000 -1.000000 0.000000
vn 0.000000 -1.000000 0.000000
vn 0.000000 -1.000000 0.000000
vn 0.000000 -1.000000 0.000000
vn 0.000000 -0.070588 -0.997506
vn 0.000000 -0.070588 -0.997506
vn 0.000000 -0.070588 -0.997506
vn 0.000000 -0.070588 -0.997506
vn 0.000000 0.070588 0.997506
vn 0.000000 0.070588 0.997506
vn 0.000000 0.070588 0.997506
vn 0.000000 0.070588 0.997506
vn 0.000000 0.000000 1.000000
vn 0.000000 0.000000 1.000000
vn 0.000000 0.000000 1.000000
vn 0.000000 0.000000 1.000000
vn 0.000000 1.000000 0.000000
vn 0.000000 1.000000 0.000000
vn 0.000000 1.000000 0.000000
vn 0.000000 1.000000 0.000000
vn 0.000000 0.000000 -1.000000
vn 0.000000 0.000000 -1.000000
vn 0.000000 0.000000 -1.000000
vn 0.000000 0.000000 -1.000000
vn 0.000000 -1.000000 0.000000
vn 0.000000 -1.000000 0.000000
vn 0.000000 -1.000000 0.000000
vn 0.000000 -1.000000 0.000000
vn 1.000000 0.000000 0.000000
vn 1.000000 0.000000 0.000000
vn 1.000000 0.000000 0.000000
vn 1.000000 0.000000 0.000000
vn -1.000000 0.000000 0.000000
vn -1.000000 0.000000 0.000000
vn -1.000000 0.000000 0.000000
vn -1.000000 0.000000 0.000000
vn 0.000000 -0.045929 0.998945
vn 0.000000 -0.045929 0.998945
vn 0.000000 0.000000 1.000000
vn 0.000000 0.000000 1.000000
vn 0.000000 1.000000 0.000000
vn 0.000000 1.000000 0.000000
vn 0.000000 1.000000 0.000000
vn 0.000000 1.000000 0.000000
vn 0.000000 0.000000 -1.000000
vn 0.000000 0.000000 -1.000000
vn 0.000000 -0.045929 -0.998945
vn 0.000000 -0.045929 -0.998945
vn 0.000000 1.000000 0.000000
vn 0.000000 1.000000 0.000000
vn 0.000000 1.000000 0.000000
vn 0.000000 1.000000 0.000000
vn -1.000000 0.000000 0.000000
vn -1.000000 0.000000 0.000000
vn -1.000000 0.000000 0.000000
vn -1.000000 0.000000 0.000000
vn 0.000000 -1.000000 0.000000
vn 0.000000 -1.000000 0.000000
vn 0.000000 -1.000000 0.000000
vn 0.000000 -1.000000 0.000000
vn 1.000000 0.000000 0.000000
vn 1.000000 0.000000 0.000000
vn 1.000000 0.000000 0.000000
vn 1.000000 0.000000 0.000000
vn 0.000000 1.000000 0.000000
vn 0.000000 1.000000 0.000000
vn 0.000000 1.000000 0.000000
vn 0.000000 1.000000 0.000000
vn -1.000000 0.000000 0.000000
vn -1.000000 0.000000 0.000000
vn 0.000000 1.000000 0.000000
vn 0.000000 1.000000 0.000000
vn 1.000000 0.000000 0.000000
vn 1.000000 0.000000 0.000000
vn 0.000000 -1.000000 0.000000
vn 0.000000 -1.000000 0.000000
vn -1.000000 0.000000 0.000000
vn -1.000000 0.000000 0.000000
vn 0.000000 1.000000 0.000000
vn 0.000000 1.000000 0.000000
vn 1.000000 0.000000 0.000000
vn 1.000000 0.000000 0.000000
vn 0.000000 -0.998701 -0.050962
vn 0.000000 -0.998701 -0.050962
vn -1.000000 0.000000 0.000000
vn -1.000000 0.000000 0.000000
vn 0.000000 -0.998701 0.050962
vn 0.000000 -0.998701 0.050962
vn 1.000000 0.000000 0.000000
vn 1.000000 0.000000 0.000000
vn 0.000000 1.000000 0.000000
vn 0.000000 1.000000 0.000000
vn -1.000000 0.000000 0.000000
vn -1.000000 -0.000000 0.000000
vn -1.000000 0.000000 0.000000
vn -1.000000 0.000000 0.000000
vn -1.000000 0.000000 0.000000
vn 0.000000 1.000000 0.000000
vn 0.000000 1.000000 0.000000
vn 1.000000 0.000000 0.000000
vn 1.000000 0.000000 0.000000
vn 1.000000 -0.000000 0.000000
vn 1.000000 0.000000 0.000000
vn 1.000000 0.000000 0.000000
vn 0.000000 -0.783494 0.621399
vn 0.000000 -0.783491 0.621403
vn 0.000000 -0.789507 -0.613742
vn 0.000000 -0.789515 -0.613731
vn -1.000000 0.000000 0.000000
vn -1.000000 0.000000 0.000000
vn -1.000000 0.000000 0.000000
vn -1.000000 0.000000 0.000000
vn -1.000000 0.000000 0.000000
vn 0.000000 -0.789509 0.613740
vn 0.000000 -0.789500 0.613750
vn 0.000000 -0.783491 -0.621403
vn 0.000000 -0.783494 -0.621399
vn 1.000000 -0.000005 0.000000
vn 1.000000 0.000000 0.000000
vn 1.000000 -0.000000 0.000000
vn 1.000000 0.000000 0.000000
vn 1.000000 0.000000 0.000000
vn 0.000000 1.000000 0.000000
vn 0.000000 1.000000 0.000000
vn 0.000000 -0.871133 0.491047
vn 0.000000 -0.871131 0.491051
vn 0.000000 -0.967250 0.253826
vn 0.000000 -0.967250 0.253826
vn 0.000000 -0.992393 -0.123111
vn 0.000000 -0.992392 -0.123116
vn 0.000000 -0.992392 0.123118
vn 0.000000 -0.967249 -0.253829
vn 0.000000 -0.992393 0.123113
vn 0.000000 -0.967249 -0.253829
vn 0.000000 -0.871131 -0.491051
vn 0.000000 -0.871133 -0.491048
vn -1.000000 0.000001 0.000000
vn -1.000000 0.000004 0.000000
vn -1.000000 0.000000 0.000000
vn 1.000000 0.000000 0.000000
vn 1.000000 0.000000 0.000000
vn 1.000000 -0.000006 0.000000
vn -1.000000 -0.000005 0.000000
vn -1.000000 -0.000001 0.000000
vn -1.000000 -0.000006 0.000000
vn 1.000000 0.000001 0.000000
vn 1.000000 0.000004 0.000000
vn 1.000000 0.000000 0.000000
vn 0.000000 -0.382687 0.923878
vn 0.000000 -0.382683 0.923880
vn 0.000000 -0.923887 0.382664
vn 0.000000 -0.923891 0.382656
vn 0.000000 -0.923891 -0.382656
vn 0.000000 -0.923887 -0.382664
vn 0.000000 -0.382683 -0.923880
vn 0.000000 -0.382687 -0.923878
vn -1.000000 -0.000002 0.000000
vn -1.000000 0.000000 0.000000
vn -1.000000 0.000000 0.000000
vn 1.000000 -0.000003 0.000000
vn 1.000000 -0.000000 0.000000
vn 1.000000 0.000000 0.000000
vn -1.000000 0.000001 0.000000
vn -1.000000 0.000000 0.000000
vn -1.000000 0.000000 0.000000
vn 1.000000 0.000005 0.000000
vn 1.000000 0.000001 0.000000
vn 1.000000 0.000000 0.000000
vn 0.000000 -0.081787 0.996650
vn 0.000000 -0.081787 0.996650
vn 0.000000 -0.081787 0.996650
vn 0.000000 -0.081787 0.996650
vn 0.000000 1.000000 0.000000
vn 0.000000 1.000000 0.000000
vn 0.000000 1.000000 0.000000
vn 0.000000 1.000000 0.000000
vn 0.000000 0.081787 -0.996650
vn 0.000000 0.081787 -0.996650
vn 0.000000 0.081787 -0.996650
vn 0.000000 0.081787 -0.996650
vn 0.000000 -1.000000 0.000000
vn 0.000000 -1.000000 0.000000
vn 0.000000 -1.000000 0.000000
vn 0.000000 -1.000000 0.000000
vn 1.000000 0.000000 0.000000
vn 1.000000 -0.000000 0.000000
vn 1.000000 0.000000 0.000000
vn 1.000000 -0.000000 0.000000
vn -1.000000 0.000000 0.000000
vn -1.000000 0.000000 0.000000
vn -1.000000 0.000000 0.000000
vn -1.000000 0.000000 0.000000
vn 0.000000 0.000000 1.000000
vn 0.000000 0.000000 1.000000
vn 0.000000 0.000000 1.000000
vn 0.000000 0.000000 1.000000
vn 0.000000 1.000000 0.000000
vn 0.000000 1.000000 0.000000
vn 0.000000 1.000000 0.000000
vn 0.000000 1.000000 0.000000
vn 0.000000 0.000000 -1.000000
vn 0.000000 0.000000 -1.000000
vn 0.000000 0.000000 -1.000000
vn 0.000000 0.000000 -1.000000
vn 0.000000 -1.000000 0.000000
vn 0.000000 -1.000000 0.000000
vn 0.000000 -1.000000 0.000000
vn 0.000000 -1.000000 0.000000
vn 1.000000 0.000000 0.000000
vn 1.000000 0.000000 0.000000
vn 1.000000 0.000000 0.000000
vn 1.000000 0.000000 0.000000
vn -1.000000 0.000000 0.000000
vn -1.000000 0.000000 0.000000
vn -1.000000 0.000000 0.000000
vn -1.000000 0.000000 0.000000
vn -0.000000 0.000000 1.000000
vn 0.000000 0.000000 1.000000
vn 0.000000 0.000000 1.000000
vn 0.000000 0.000000 1.000000
vn 0.000000 1.000000 0.000000
vn -0.015583 0.999879 0.000000
vn 0.000000 1.000000 0.000000
vn -0.015583 0.999879 0.000000
vn 0.000000 0.000000 -1.000000
vn 0.000000 0.000000 -1.000000
vn 0.000000 0.000000 -1.000000
vn -0.000000 0.000000 -1.000000
vn 0.000000 -1.000000 0.000000
vn 0.414351 -0.910117 0.000000
vn 0.000000 -1.000000 0.000000
vn 0.414350 -0.910118 0.000000
vn 1.000000 0.000000 0.000000
vn 1.000000 0.000000 0.000000
vn 1.000000 0.000000 0.000000
vn 1.000000 0.000000 0.000000
vn -1.000000 0.000000 0.000000
vn -1.000000 0.000000 0.000000
vn -1.000000 0.000000 0.000000
vn -1.000000 0.000000 0.000000
vn 0.000000 0.000000 1.000000
vn 0.000000 0.000000 1.000000
vn 0.000000 0.000000 1.000000
vn -0.000000 0.000000 1.000000
vn 0.000000 1.000000 0.000000
vn 0.000000 1.000000 0.000000
vn 0.000000 1.000000 0.000000
vn 0.000000 1.000000 0.000000
vn 0.000000 0.000000 -1.000000
vn 0.000000 0.000000 -1.000000
vn 0.000000 0.000000 -1.000000
vn 0.000000 0.000000 -1.000000
vn 0.000000 -1.000000 0.000000
vn 0.000000 -1.000000 0.000000
vn -0.040885 -0.999164 0.000000
vn -0.040886 -0.999164 0.000000
vn 0.000000 0.000000 1.000000
vn 0.000000 0.000000 1.000000
vn 0.000002 0.000000 1.000000
vn -0.000001 0.000000 1.000000
vn 0.000001 0.000000 1.000000
vn 0.012920 0.999917 0.000000
vn 0.012920 0.999917 0.000000
vn 0.015583 0.999879 0.000000
vn 0.015583 0.999879 0.000000
vn -0.869808 -0.493390 0.000000
vn -0.869806 -0.493395 0.000000
vn -0.414351 -0.910117 0.000000
vn -0.414351 -0.910117 0.000000
vn -0.000001 0.000000 1.000000
vn 0.000002 0.000000 1.000000
vn 0.000000 0.000000 1.000000
vn 0.000000 0.000000 1.000000
vn 0.000000 0.000000 1.000000
vn -0.012920 0.999917 0.000000
vn -0.012920 0.999917 0.000000
vn 0.000000 1.000000 0.000000
vn 0.000000 1.000000 0.000000
vn 0.124717 -0.992192 0.000000
vn 0.124717 -0.992192 0.000000
vn 0.040886 -0.999164 0.000000
vn 0.040886 -0.999164 0.000000
vn -0.000000 0.000000 -1.000000
vn 0.000000 0.000000 -1.000000
vn -0.000002 0.000000 1.000000
vn -0.000001 0.000000 -1.000000
vn -0.000002 0.000000 -1.000000
vn 0.000000 0.000000 -1.000000
vn -0.124716 -0.992193 0.000000
vn -0.124717 -0.992192 0.000000
vn 0.000000 0.000000 1.000000
vn 0.000000 0.000000 1.000000
vn 0.000000 1.000000 0.000000
vn 0.000000 1.000000 0.000000
vn 0.000000 0.000000 -1.000000
vn -0.000000 0.000000 -1.000000
vn 0.000000 0.000000 -1.000000
vn 0.000000 0.000000 -1.000000
vn 0.000000 -1.000000 0.000000
vn 0.000000 -1.000000 0.000000
vn -0.000004 0.000000 1.000000
vn -0.000003 0.000000 -1.000000
vn 0.000001 0.000000 -1.000000
vn 0.000001 0.000000 -1.000000
vn 0.869807 -0.493392 0.000000
vn 0.869808 -0.493391 0.000000
vn 0.000004 0.000000 -1.000000
vn -0.000000 0.000000 -1.000000
vn -0.641088 -0.767467 0.000000
vn -0.641086 -0.767469 0.000000
vn -0.352976 -0.935632 0.000000
vn -0.352980 -0.935631 0.000000
vn 0.352977 -0.935632 0.000000
vn 0.352976 -0.935632 0.000000
vn 0.641088 -0.767468 0.000000
vn 0.641087 -0.767469 0.000000
vn 0.000000 0.000000 1.000000
vn -0.000007 0.000000 1.000000
vn 0.000002 0.000000 -1.000000
vn 0.000002 0.000000 -1.000000
vn 0.000000 0.000000 1.000000
vn 0.000000 0.000000 1.000000
vn 0.000000 0.000000 -1.000000
vn 0.000000 0.000000 -1.000000
s 1
g pCube9
usemtl initialShadingGroup
f 1/805/1 37/806/2 73/807/3
f 73/807/3 37/806/2 84/808/4
s 2
f 3/409/5 41/410/6 5/411/7
f 5/411/7 41/410/6 42/412/8
s 3
f 75/890/9 46/891/10 74/892/11
f 74/892/11 46/891/10 7/894/12
s 4
f 7/423/13 46/424/14 1/425/15
f 1/425/15 46/424/14 37/426/16
s 5
f 2/1/17 8/2/18 80/3/19
f 80/3/19 8/2/18 79/4/20
s 6
f 7/17/21 1/18/22 74/19/23
f 74/19/23 1/18/22 73/20/24
s 2
f 10/415/25 9/416/26 12/417/27
f 12/417/27 9/416/26 11/418/28
s 1
f 82/878/29 105/881/30 81/874/31
f 105/881/30 104/883/32 81/874/31
f 27/879/33 81/874/31 104/883/32
s 2
f 12/417/27 11/418/28 32/419/34
f 32/419/34 11/418/28 31/420/35
s 9
f 104/442/36 108/440/37 27/437/38
f 27/437/38 108/440/37 36/438/39
s 1
f 98/826/40 83/814/41 97/822/42
f 97/822/42 83/814/41 114/818/43
f 83/814/41 115/811/44 114/818/43
s 2
f 14/413/45 13/414/46 10/415/25
f 10/415/25 13/414/46 9/416/26
s 4
f 114/434/47 117/433/48 97/435/49
f 97/435/49 117/433/48 96/436/50
s 6
f 47/29/51 48/30/52 5/31/53
f 5/31/53 48/30/52 3/32/54
s 3
f 42/929/55 60/924/56 5/926/57
f 5/926/57 60/924/56 47/922/58
f 59/927/59 14/932/60 58/931/61
f 58/931/61 14/932/60 10/937/62
f 57/934/63 58/931/61 12/936/64
f 12/936/64 58/931/61 10/937/62
f 56/940/65 57/934/63 32/939/66
f 32/939/66 57/934/63 12/936/64
s 5
f 54/13/67 55/14/68 4/15/69
f 4/15/69 55/14/68 6/16/70
s 1
f 11/853/71 52/850/72 31/856/73
f 31/856/73 52/850/72 53/855/74
f 9/852/75 51/848/76 11/853/71
f 11/853/71 51/848/76 52/850/72
f 50/843/77 51/848/76 13/847/78
f 13/847/78 51/848/76 9/852/75
f 48/837/79 49/839/80 3/841/81
f 3/841/81 49/839/80 41/844/82
s 6
f 20/23/83 19/24/84 16/25/85
f 16/25/85 19/24/84 15/26/86
s 3
f 44/914/87 45/905/88 16/910/89
f 16/910/89 45/905/88 20/901/90
f 34/946/91 35/951/92 130/949/93
f 121/956/94 131/952/95 122/954/96
f 122/954/96 131/952/95 35/951/92
f 35/951/92 131/952/95 130/949/93
s 5
f 22/7/97 21/8/98 18/9/99
f 18/9/99 21/8/98 17/10/100
s 1
f 29/859/101 133/864/102 28/867/103
f 128/871/104 127/869/105 132/866/106
f 127/869/105 28/867/103 132/866/106
f 28/867/103 133/864/102 132/866/106
f 19/816/107 38/820/108 15/825/109
f 15/825/109 38/820/108 39/829/110
s 6
f 16/25/85 15/26/86 23/27/111
f 23/27/111 15/26/86 24/28/112
s 1
f 15/825/109 39/829/110 24/832/113
f 24/832/113 39/829/110 40/834/114
f 30/858/115 136/857/116 29/859/101
f 136/857/116 135/854/117 29/859/101
f 135/854/117 134/862/118 29/859/101
f 29/859/101 134/862/118 133/864/102
s 5
f 18/9/99 17/10/100 25/11/119
f 25/11/119 17/10/100 26/12/120
s 3
f 33/942/121 34/946/91 141/943/122
f 141/943/122 34/946/91 142/941/123
f 142/941/123 34/946/91 129/948/124
f 34/946/91 130/949/93 129/948/124
f 43/919/125 44/914/87 23/917/126
f 23/917/126 44/914/87 16/910/89
s 1
f 81/874/31 27/879/33 80/877/127
f 80/877/127 27/879/33 2/884/128
f 29/859/101 28/867/103 18/865/129
f 18/865/129 28/867/103 22/868/130
f 30/858/115 29/859/101 25/863/131
f 25/863/131 29/859/101 18/865/129
f 31/856/73 53/855/74 4/861/132
f 4/861/132 53/855/74 54/860/133
s 2
f 32/419/34 31/420/35 6/421/134
f 6/421/134 31/420/35 4/422/135
s 3
f 55/945/136 56/940/65 6/944/137
f 6/944/137 56/940/65 32/939/66
f 17/950/138 34/946/91 26/947/139
f 26/947/139 34/946/91 33/942/121
f 21/953/140 35/951/92 17/950/138
f 17/950/138 35/951/92 34/946/91
f 78/959/141 79/962/142 36/963/143
f 36/963/143 79/962/142 8/966/144
s 9
f 27/437/38 36/438/39 2/439/145
f 2/439/145 36/438/39 8/441/146
s 1
f 37/806/2 111/809/147 84/808/4
f 83/814/41 84/808/4 115/811/44
f 84/808/4 111/809/147 115/811/44
f 39/829/110 38/820/108 161/831/148
f 161/831/148 38/820/108 162/830/149
f 168/824/150 167/828/151 38/820/108
f 38/820/108 167/828/151 162/830/149
f 40/834/114 39/829/110 151/836/152
f 151/836/152 39/829/110 152/835/153
f 152/835/153 39/829/110 160/833/154
f 39/829/110 161/831/148 160/833/154
f 49/839/80 50/843/77 41/844/82
f 41/844/82 50/843/77 13/847/78
s 2
f 42/412/8 41/410/6 14/413/45
f 14/413/45 41/410/6 13/414/46
s 3
f 60/924/56 42/929/55 59/927/59
f 59/927/59 42/929/55 14/932/60
f 43/919/125 154/921/155 44/914/87
f 154/921/155 153/920/156 44/914/87
f 153/920/156 159/918/157 44/914/87
f 44/914/87 159/918/157 158/916/158
f 44/914/87 158/916/158 45/905/88
f 158/916/158 157/915/159 45/905/88
f 165/908/160 45/905/88 166/913/161
f 45/905/88 157/915/159 166/913/161
f 46/891/10 75/890/9 120/893/162
f 76/898/163 116/896/164 75/890/9
f 75/890/9 116/896/164 120/893/162
s 4
f 37/426/16 46/424/14 111/427/165
f 111/427/165 46/424/14 120/428/166
s 6
f 23/27/111 24/28/112 47/29/51
f 47/29/51 24/28/112 48/30/52
s 1
f 24/832/113 40/834/114 48/837/79
f 48/837/79 40/834/114 49/839/80
f 50/843/77 49/839/80 150/838/167
f 49/839/80 40/834/114 150/838/167
f 40/834/114 151/836/152 150/838/167
f 51/848/76 50/843/77 144/845/168
f 50/843/77 150/838/167 144/845/168
f 144/845/168 150/838/167 145/842/169
f 150/838/167 149/840/170 145/842/169
f 51/848/76 144/845/168 52/850/72
f 52/850/72 144/845/168 137/849/171
f 144/845/168 143/846/172 137/849/171
f 143/846/172 138/851/173 137/849/171
f 52/850/72 137/849/171 53/855/74
f 53/855/74 137/849/171 30/858/115
f 137/849/171 136/857/116 30/858/115
f 53/855/74 30/858/115 54/860/133
f 54/860/133 30/858/115 25/863/131
s 5
f 25/11/119 26/12/120 54/13/67
f 54/13/67 26/12/120 55/14/68
s 3
f 26/947/139 33/942/121 55/945/136
f 55/945/136 33/942/121 56/940/65
f 57/934/63 56/940/65 140/935/174
f 56/940/65 33/942/121 140/935/174
f 33/942/121 141/943/122 140/935/174
f 59/927/59 155/923/175 60/924/56
f 60/924/56 155/923/175 43/919/125
f 43/919/125 155/923/175 154/921/155
f 60/924/56 43/919/125 47/922/58
f 47/922/58 43/919/125 23/917/126
s 6
f 62/21/176 61/22/177 20/23/83
f 20/23/83 61/22/177 19/24/84
s 3
f 45/905/88 63/897/178 20/901/90
f 20/901/90 63/897/178 62/895/179
f 64/900/180 63/897/178 164/904/181
f 164/904/181 63/897/178 165/908/160
f 63/897/178 45/905/88 165/908/160
f 94/911/182 64/900/180 93/912/183
f 93/912/183 64/900/180 163/909/184
f 64/900/180 164/904/181 163/909/184
f 65/961/185 123/958/186 66/955/187
f 123/958/186 122/954/96 66/955/187
f 66/955/187 122/954/96 35/951/92
f 67/957/188 66/955/187 21/953/140
f 21/953/140 66/955/187 35/951/92
s 5
f 68/5/189 67/6/190 22/7/97
f 22/7/97 67/6/190 21/8/98
s 1
f 28/867/103 69/870/191 22/868/130
f 22/868/130 69/870/191 68/872/192
f 70/875/193 69/870/191 126/873/194
f 126/873/194 69/870/191 127/869/105
f 69/870/191 28/867/103 127/869/105
f 99/821/195 100/827/196 71/815/197
f 100/827/196 170/823/198 71/815/197
f 170/823/198 169/819/199 71/815/197
f 71/815/197 169/819/199 72/812/200
f 169/819/199 168/824/150 72/812/200
f 38/820/108 72/812/200 168/824/150
f 61/810/201 72/812/200 19/816/107
f 19/816/107 72/812/200 38/820/108
s 6
f 74/19/23 73/20/24 62/21/176
f 62/21/176 73/20/24 61/22/177
s 3
f 63/897/178 75/890/9 62/895/179
f 62/895/179 75/890/9 74/892/11
f 76/898/163 75/890/9 64/900/180
f 64/900/180 75/890/9 63/897/178
f 94/911/182 95/907/202 64/900/180
f 64/900/180 95/907/202 76/898/163
f 77/964/203 65/961/185 78/959/141
f 78/959/141 65/961/185 66/955/187
f 79/962/142 78/959/141 67/957/188
f 67/957/188 78/959/141 66/955/187
s 5
f 80/3/19 79/4/20 68/5/189
f 68/5/189 79/4/20 67/6/190
s 1
f 69/870/191 81/874/31 68/872/192
f 68/872/192 81/874/31 80/877/127
f 82/878/29 81/874/31 70/875/193
f 70/875/193 81/874/31 69/870/191
f 98/826/40 99/821/195 83/814/41
f 83/814/41 99/821/195 71/815/197
f 72/812/200 84/808/4 71/815/197
f 71/815/197 84/808/4 83/814/41
f 73/807/3 84/808/4 61/810/201
f 61/810/201 84/808/4 72/812/200
s 3
f 86/970/204 85/965/205 65/961/185
f 85/965/205 124/960/206 65/961/185
f 65/961/185 124/960/206 123/958/186
f 77/964/203 87/968/207 65/961/185
f 65/961/185 87/968/207 86/970/204
f 87/968/207 77/964/203 88/971/208
f 88/971/208 77/964/203 106/972/209
f 77/964/203 107/969/210 106/972/209
s 9
f 89/450/211 88/449/212 101/447/213
f 101/447/213 88/449/212 106/448/214
s 1
f 90/886/215 89/887/216 82/878/29
f 89/887/216 101/885/217 82/878/29
f 82/878/29 101/885/217 105/881/30
f 70/875/193 91/882/218 82/878/29
f 82/878/29 91/882/218 90/886/215
s 3
f 77/964/203 78/959/141 107/969/210
f 107/969/210 78/959/141 108/967/219
f 108/967/219 78/959/141 36/963/143
f 95/907/202 96/906/220 76/898/163
f 96/906/220 117/902/221 76/898/163
f 117/902/221 116/896/164 76/898/163
s 9
f 104/442/36 103/443/222 108/440/37
f 108/440/37 103/443/222 109/444/223
f 103/443/222 102/445/224 109/444/223
f 109/444/223 102/445/224 110/446/225
f 102/445/224 101/447/213 110/446/225
f 110/446/225 101/447/213 106/448/214
s 4
f 114/434/47 113/432/226 117/433/48
f 117/433/48 113/432/226 118/431/227
f 113/432/226 112/430/228 118/431/227
f 118/431/227 112/430/228 119/429/229
f 112/430/228 111/427/165 119/429/229
f 119/429/229 111/427/165 120/428/166
s 1
f 105/881/30 101/885/217 102/888/230
f 105/881/30 102/888/230 103/889/231
f 105/881/30 103/889/231 104/883/32
s 3
f 107/969/210 108/967/219 109/973/232
f 107/969/210 109/973/232 110/974/233
f 107/969/210 110/974/233 106/972/209
s 1
f 115/811/44 111/809/147 112/813/234
f 115/811/44 112/813/234 113/817/235
f 115/811/44 113/817/235 114/818/43
s 3
f 116/896/164 117/902/221 118/903/236
f 116/896/164 118/903/236 119/899/237
f 116/896/164 119/899/237 120/893/162
s 53
f 85/33/238 86/34/239 92/35/240
f 92/35/240 86/34/239 91/36/241
s 54
f 92/451/242 125/452/243 85/453/244
f 85/453/244 125/452/243 124/454/245
s 55
f 86/34/246 87/37/247 91/36/248
f 91/36/248 87/37/247 90/38/249
s 56
f 87/37/250 88/39/251 90/38/252
f 90/38/252 88/39/251 89/40/253
s 54
f 132/41/254 131/42/255 128/43/256
f 128/43/256 131/42/255 121/45/257
f 129/46/258 134/44/259 142/48/260
f 142/48/260 134/44/259 135/50/261
f 139/455/262 138/456/263 148/457/264
f 148/457/264 138/456/263 143/458/265
f 146/460/266 145/459/267 156/461/268
f 156/461/268 145/459/267 149/462/269
f 153/53/270 152/54/271 159/55/272
f 159/55/272 152/54/271 160/57/273
f 167/62/274 166/61/275 162/59/276
f 162/59/276 166/61/275 157/60/277
f 93/463/278 163/464/279 100/465/280
f 100/465/280 163/464/279 170/466/281
s 64
f 94/65/282 93/66/283 99/67/284
f 99/67/284 93/66/283 100/68/285
s 65
f 95/70/286 94/65/287 98/69/288
f 98/69/288 94/65/287 99/67/289
s 66
f 96/72/290 95/70/291 97/71/292
f 97/71/292 95/70/291 98/69/293
s 1
f 91/882/218 70/875/193 92/880/294
f 92/880/294 70/875/193 125/876/295
f 126/873/194 125/876/295 70/875/193
s 3
f 58/931/61 57/934/63 147/930/296
f 57/934/63 140/935/174 147/930/296
f 147/930/296 140/935/174 148/933/297
f 140/935/174 139/938/298 148/933/297
f 58/931/61 147/930/296 59/927/59
f 59/927/59 147/930/296 155/923/175
f 147/930/296 146/928/299 155/923/175
f 146/928/299 156/925/300 155/923/175
s 54
f 121/45/257 124/47/245 128/43/256
f 128/43/256 124/47/245 125/49/243
f 129/46/258 131/42/255 134/44/259
f 134/44/259 131/42/255 132/41/254
f 135/50/261 138/51/263 142/48/260
f 142/48/260 138/51/263 139/52/262
f 143/458/265 145/459/267 148/457/264
f 148/457/264 145/459/267 146/460/266
f 149/58/269 152/54/271 156/56/268
f 156/56/268 152/54/271 153/53/270
f 157/60/277 159/55/272 162/59/276
f 162/59/276 159/55/272 160/57/273
f 163/64/279 166/61/275 170/63/281
f 170/63/281 166/61/275 167/62/274
s 3
f 122/954/96 123/958/186 121/956/94
f 121/956/94 123/958/186 124/960/206
s 1
f 125/876/295 126/873/194 128/871/104
f 128/871/104 126/873/194 127/869/105
s 3
f 129/948/124 130/949/93 131/952/95
s 1
f 132/866/106 133/864/102 134/862/118
f 136/857/116 137/849/171 135/854/117
f 135/854/117 137/849/171 138/851/173
s 3
f 139/938/298 140/935/174 142/941/123
f 142/941/123 140/935/174 141/943/122
s 1
f 143/846/172 144/845/168 145/842/169
s 3
f 146/928/299 147/930/296 148/933/297
s 1
f 150/838/167 151/836/152 149/840/170
f 149/840/170 151/836/152 152/835/153
s 3
f 153/920/156 154/921/155 156/925/300
f 156/925/300 154/921/155 155/923/175
f 157/915/159 158/916/158 159/918/157
s 1
f 160/833/154 161/831/148 162/830/149
s 3
f 166/913/161 163/909/184 165/908/160
f 163/909/184 164/904/181 165/908/160
s 1
f 167/828/151 168/824/150 170/823/198
f 168/824/150 169/819/199 170/823/198
s 67
f 171/73/301 173/74/302 172/75/303
f 173/74/302 174/76/304 172/75/303
s 68
f 173/467/305 175/468/306 174/469/307
f 175/468/306 176/470/308 174/469/307
s 69
f 176/77/309 175/78/310 178/79/311
f 175/78/310 177/80/312 178/79/311
s 70
f 177/471/313 171/472/314 178/473/315
f 171/472/314 172/474/316 178/473/315
s 71
f 178/975/317 172/976/318 176/977/319
f 172/976/318 174/978/320 176/977/319
s 72
f 177/979/321 175/980/322 171/981/323
f 175/980/322 173/982/324 171/981/323
s 73
f 179/81/325 180/82/326 181/83/327
f 181/83/327 180/82/326 182/84/328
s 74
f 181/475/329 182/476/330 183/477/331
f 183/477/331 182/476/330 184/478/332
s 75
f 184/85/333 186/86/334 183/87/335
f 183/87/335 186/86/334 185/88/336
s 76
f 185/479/337 186/480/338 179/481/339
f 179/481/339 186/480/338 180/482/340
s 77
f 186/983/341 184/984/342 180/985/343
f 180/985/343 184/984/342 182/986/344
s 78
f 185/987/345 179/988/346 183/989/347
f 183/989/347 179/988/346 181/990/348
s 79
f 187/991/349 188/992/350 189/993/351
f 189/993/351 188/992/350 190/994/352
s 80
f 189/483/353 190/484/354 191/485/355
f 191/485/355 190/484/354 192/486/356
s 81
f 191/995/357 192/996/358 193/997/359
f 193/997/359 192/996/358 194/998/360
s 82
f 193/487/361 194/488/362 187/489/363
f 187/489/363 194/488/362 188/490/364
s 83
f 188/89/365 194/90/366 190/91/367
f 190/91/367 194/90/366 192/92/368
s 84
f 193/93/369 187/94/370 191/95/371
f 191/95/371 187/94/370 189/96/372
s 85
f 252/999/373 253/1000/374 195/1001/375
f 195/1001/375 253/1000/374 196/1003/376
s 86
f 195/491/377 196/492/378 213/493/379
f 213/493/379 196/492/378 214/494/380
s 87
f 197/1005/381 198/1006/382 255/1007/383
f 255/1007/383 198/1006/382 258/1008/384
s 86
f 211/509/385 212/510/386 197/511/387
f 197/511/387 212/510/386 198/512/388
s 89
f 199/97/389 200/98/390 203/99/391
f 203/99/391 200/98/390 204/101/392
s 90
f 200/513/393 201/514/394 204/515/395
f 204/515/395 201/514/394 205/517/396
s 91
f 206/129/397 205/130/398 202/131/399
f 202/131/399 205/130/398 201/133/400
s 86
f 203/499/401 206/500/402 199/501/403
f 199/501/403 206/500/402 202/502/404
s 89
f 208/102/405 207/100/406 199/97/389
f 199/97/389 207/100/406 200/98/390
s 86
f 199/501/403 202/502/404 208/503/407
f 208/503/407 202/502/404 209/504/408
s 91
f 202/131/399 201/133/400 209/135/409
f 209/135/409 201/133/400 210/137/410
s 90
f 207/518/411 210/516/412 200/513/393
f 200/513/393 210/516/412 201/514/394
s 89
f 219/106/413 220/104/414 208/102/405
f 208/102/405 220/104/414 207/100/406
s 86
f 208/503/407 209/504/408 219/505/415
f 219/505/415 209/504/408 222/506/416
s 91
f 209/135/409 210/137/410 222/139/417
f 222/139/417 210/137/410 221/141/418
s 90
f 220/522/419 221/520/420 207/518/411
f 207/518/411 221/520/420 210/516/412
s 89
f 203/99/391 204/101/392 216/103/421
f 216/103/421 204/101/392 215/105/422
s 90
f 204/515/395 205/517/396 215/519/423
f 215/519/423 205/517/396 218/521/424
s 91
f 217/134/425 218/132/426 206/129/397
f 206/129/397 218/132/426 205/130/398
s 86
f 216/497/427 217/498/428 203/499/401
f 203/499/401 217/498/428 206/500/402
s 89
f 241/113/429 245/111/430 224/107/431
f 224/107/431 245/111/430 223/109/432
f 223/109/432 245/111/430 213/114/433
s 86
f 213/493/379 214/494/380 223/495/434
f 223/495/434 214/494/380 226/496/435
s 91
f 246/143/436 225/136/437 247/140/438
f 225/136/437 226/138/439 247/140/438
f 214/142/440 247/140/438 226/138/439
s 90
f 224/523/441 225/525/442 241/527/443
f 241/527/443 225/525/442 246/529/444
s 89
f 233/116/445 227/108/446 234/112/447
f 227/108/446 228/110/448 234/112/447
f 211/115/449 234/112/447 228/110/448
s 90
f 233/530/450 240/528/451 227/526/452
f 227/526/452 240/528/451 230/524/453
s 91
f 240/153/454 239/150/455 230/144/456
f 230/144/456 239/150/455 229/147/457
f 229/147/457 239/150/455 212/154/458
s 86
f 228/507/459 229/508/460 211/509/385
f 211/509/385 229/508/460 212/510/386
s 89
f 215/105/422 224/107/431 216/103/421
f 216/103/421 224/107/431 223/109/432
s 90
f 215/519/423 218/521/424 224/523/441
f 224/523/441 218/521/424 225/525/442
s 91
f 226/138/439 225/136/437 217/134/425
f 217/134/425 225/136/437 218/132/426
s 86
f 223/495/434 226/496/435 216/497/427
f 216/497/427 226/496/435 217/498/428
s 89
f 228/110/448 227/108/446 219/106/413
f 219/106/413 227/108/446 220/104/414
s 86
f 219/505/415 222/506/416 228/507/459
f 228/507/459 222/506/416 229/508/460
s 91
f 221/141/418 230/144/456 222/139/417
f 222/139/417 230/144/456 229/147/457
s 90
f 227/526/452 230/524/453 220/522/419
f 220/522/419 230/524/453 221/520/420
f 233/530/450 232/532/461 240/528/451
f 240/528/451 232/532/461 236/534/462
f 232/532/461 231/536/463 236/534/462
f 236/534/462 231/536/463 237/538/464
f 231/536/463 235/540/465 237/538/464
f 237/538/464 235/540/465 238/542/466
f 244/541/467 243/537/468 248/539/469
f 248/539/469 243/537/468 249/535/470
f 243/537/468 242/533/471 249/535/470
f 249/535/470 242/533/471 250/531/472
f 242/533/471 241/527/443 250/531/472
f 250/531/472 241/527/443 246/529/444
s 89
f 234/112/447 235/128/473 231/124/474
f 234/112/447 231/124/474 232/120/475
f 234/112/447 232/120/475 233/116/445
s 91
f 239/150/455 240/153/454 236/155/476
f 239/150/455 236/155/476 237/157/477
f 239/150/455 237/157/477 238/159/478
s 89
f 245/111/430 241/113/429 242/117/479
f 245/111/430 242/117/479 243/121/480
f 245/111/430 243/121/480 244/125/481
s 91
f 247/140/438 248/152/482 249/149/483
f 247/140/438 249/149/483 250/146/484
f 247/140/438 250/146/484 246/143/436
s 85
f 252/999/373 251/1002/485 253/1000/374
f 253/1000/374 251/1002/485 254/1004/486
s 90
f 251/545/487 244/541/467 254/543/488
f 254/543/488 244/541/467 248/539/469
f 235/540/465 256/544/489 238/542/466
f 238/542/466 256/544/489 257/546/490
s 87
f 256/1010/491 255/1007/383 257/1009/492
f 257/1009/492 255/1007/383 258/1008/384
s 89
f 244/125/481 251/126/493 245/111/430
f 251/126/493 252/122/494 245/111/430
f 252/122/494 195/118/495 245/111/430
f 195/118/495 213/114/433 245/111/430
s 91
f 248/152/482 247/140/438 254/151/496
f 254/151/496 247/140/438 253/148/497
f 253/148/497 247/140/438 196/145/498
f 247/140/438 214/142/440 196/145/498
s 89
f 235/128/473 234/112/447 256/127/499
f 256/127/499 234/112/447 255/123/500
f 255/123/500 234/112/447 197/119/501
f 234/112/447 211/115/449 197/119/501
s 91
f 238/159/478 257/160/502 239/150/455
f 257/160/502 258/158/503 239/150/455
f 258/158/503 198/156/504 239/150/455
f 198/156/504 212/154/458 239/150/455
s 109
f 259/1011/505 260/1012/506 261/1013/507
f 261/1013/507 260/1012/506 262/1014/508
s 110
f 261/547/509 262/548/510 263/549/511
f 263/549/511 262/548/510 264/550/512
s 111
f 263/1015/513 264/1016/514 265/1017/515
f 265/1017/515 264/1016/514 266/1018/516
s 112
f 265/551/517 266/552/518 259/553/519
f 259/553/519 266/552/518 260/554/520
s 113
f 266/161/521 264/162/522 260/163/523
f 260/163/523 264/162/522 262/164/524
s 114
f 265/165/525 259/166/526 263/167/527
f 263/167/527 259/166/526 261/168/528
s 115
f 267/1019/529 268/1020/530 269/1021/531
f 269/1021/531 268/1020/530 270/1022/532
s 116
f 269/555/533 270/556/534 271/557/535
f 271/557/535 270/556/534 272/558/536
s 117
f 271/1023/537 272/1024/538 273/1025/539
f 273/1025/539 272/1024/538 274/1026/540
s 118
f 273/559/541 274/560/542 267/561/543
f 267/561/543 274/560/542 268/562/544
s 119
f 268/169/545 274/170/546 270/171/547
f 270/171/547 274/170/546 272/172/548
s 120
f 273/173/549 267/174/550 271/175/551
f 271/175/551 267/174/550 269/176/552
s 121
f 303/1027/553 304/1028/554 275/1029/555
f 275/1029/555 304/1028/554 277/1031/556
s 122
f 277/563/557 304/564/558 279/565/559
f 279/565/559 304/564/558 305/566/560
s 123
f 279/1053/561 305/1054/562 281/1055/563
f 281/1055/563 305/1054/562 306/1056/564
s 124
f 281/581/565 306/582/566 275/583/567
f 275/583/567 306/582/566 303/584/568
s 125
f 276/177/569 282/178/570 278/179/571
f 278/179/571 282/178/570 280/180/572
s 126
f 281/181/573 275/182/574 279/183/575
f 279/183/575 275/182/574 277/184/576
s 121
f 284/1039/577 283/1040/578 296/1041/579
f 296/1041/579 283/1040/578 295/1042/580
s 122
f 285/571/581 284/572/582 297/573/583
f 297/573/583 284/572/582 296/574/584
s 123
f 286/1065/585 285/1066/586 298/1067/587
f 298/1067/587 285/1066/586 297/1068/588
s 124
f 283/585/589 286/586/590 295/587/591
f 295/587/591 286/586/590 298/589/592
s 121
f 299/1050/593 300/1046/594 310/1048/595
f 310/1048/595 300/1046/594 311/1044/596
f 287/1043/597 311/1044/596 300/1046/594
s 122
f 288/575/598 287/576/599 301/577/600
f 301/577/600 287/576/599 300/578/601
s 124
f 310/185/602 314/186/603 299/187/604
f 299/187/604 314/186/603 302/189/605
s 121
f 289/1034/606 321/1032/607 292/1036/608
f 320/1037/609 291/1038/610 321/1032/607
f 321/1032/607 291/1038/610 292/1036/608
s 122
f 290/567/611 289/568/612 293/569/613
f 293/569/613 289/568/612 292/570/614
s 124
f 320/594/615 324/592/616 291/590/617
f 291/590/617 324/592/616 294/588/618
s 121
f 292/1036/608 291/1038/610 284/1039/577
f 284/1039/577 291/1038/610 283/1040/578
s 122
f 293/569/613 292/570/614 285/571/581
f 285/571/581 292/570/614 284/572/582
s 123
f 294/1063/619 293/1061/620 286/1065/585
f 286/1065/585 293/1061/620 285/1066/586
s 124
f 291/590/617 294/588/618 283/585/589
f 283/585/589 294/588/618 286/586/590
s 121
f 296/1041/579 295/1042/580 287/1043/597
f 287/1043/597 295/1042/580 311/1044/596
f 295/1042/580 307/1045/621 311/1044/596
s 122
f 297/573/583 296/574/584 288/575/598
f 288/575/598 296/574/584 287/576/599
s 123
f 297/1068/588 288/1069/622 298/1067/587
f 288/1069/622 313/1070/623 298/1067/587
f 298/1067/587 313/1070/623 312/1072/624
s 124
f 295/587/591 298/589/592 307/591/625
f 307/591/625 298/589/592 312/593/626
s 121
f 299/1050/593 276/1051/627 300/1046/594
f 300/1046/594 276/1051/627 278/1052/628
s 122
f 301/577/600 300/578/601 280/579/629
f 280/579/629 300/578/601 278/580/630
s 123
f 302/1076/631 301/1071/632 282/1077/633
f 282/1077/633 301/1071/632 280/1078/634
s 124
f 299/599/604 302/600/605 276/601/635
f 276/601/635 302/600/605 282/602/636
s 121
f 303/1027/553 317/1030/637 304/1028/554
f 317/1030/637 321/1032/607 304/1028/554
f 304/1028/554 321/1032/607 289/1034/606
s 122
f 305/566/560 304/564/558 290/567/611
f 290/567/611 304/564/558 289/568/612
s 123
f 306/1056/564 305/1054/562 322/1057/638
f 322/1057/638 305/1054/562 323/1058/639
f 305/1054/562 290/1059/640 323/1058/639
s 124
f 303/193/568 306/194/566 317/195/641
f 317/195/641 306/194/566 322/196/642
s 123
f 302/1076/631 314/1073/643 301/1071/632
f 314/1073/643 313/1070/623 301/1071/632
f 313/1070/623 288/1069/622 301/1071/632
f 324/1064/644 323/1058/639 294/1063/619
f 294/1063/619 323/1058/639 293/1061/620
f 323/1058/639 290/1059/640 293/1061/620
s 124
f 310/185/602 309/188/645 314/186/603
f 314/186/603 309/188/645 315/190/646
f 309/188/645 308/191/647 315/190/646
f 315/190/646 308/191/647 316/192/648
f 308/597/647 307/591/625 316/595/648
f 316/595/648 307/591/625 312/593/626
f 320/594/615 319/596/649 324/592/616
f 324/592/616 319/596/649 325/598/650
f 319/200/649 318/198/651 325/199/650
f 325/199/650 318/198/651 326/197/652
f 318/198/651 317/195/641 326/197/652
f 326/197/652 317/195/641 322/196/642
s 121
f 311/1044/596 307/1045/621 308/1047/653
f 311/1044/596 308/1047/653 309/1049/654
f 311/1044/596 309/1049/654 310/1048/595
s 123
f 313/1070/623 314/1073/643 315/1075/655
f 313/1070/623 315/1075/655 316/1074/656
f 313/1070/623 316/1074/656 312/1072/624
s 121
f 321/1032/607 317/1030/637 318/1033/657
f 321/1032/607 318/1033/657 319/1035/658
f 321/1032/607 319/1035/658 320/1037/609
s 123
f 323/1058/639 324/1064/644 325/1062/659
f 323/1058/639 325/1062/659 326/1060/660
f 323/1058/639 326/1060/660 322/1057/638
s 140
f 327/1079/661 328/1080/662 329/1081/663
f 329/1081/663 328/1080/662 330/1082/664
s 141
f 329/603/665 330/604/666 331/605/667
f 331/605/667 330/604/666 332/606/668
s 142
f 331/1083/669 332/1084/670 333/1085/671
f 333/1085/671 332/1084/670 334/1086/672
s 143
f 333/607/673 334/608/674 327/609/675
f 327/609/675 334/608/674 328/610/676
s 144
f 328/201/677 334/202/678 330/203/679
f 330/203/679 334/202/678 332/204/680
s 145
f 333/205/681 327/206/682 331/207/683
f 331/207/683 327/206/682 329/208/684
s 146
f 335/1087/685 371/1088/686 407/1089/687
f 407/1089/687 371/1088/686 418/1090/688
s 147
f 337/611/689 375/612/690 339/613/691
f 339/613/691 375/612/690 376/614/692
s 148
f 409/1172/693 380/1173/694 408/1174/695
f 408/1174/695 380/1173/694 341/1176/696
s 149
f 341/625/697 380/626/698 335/627/699
f 335/627/699 380/626/698 371/628/700
s 150
f 336/209/701 342/210/702 414/211/703
f 414/211/703 342/210/702 413/212/704
s 151
f 341/225/705 335/226/706 408/227/707
f 408/227/707 335/226/706 407/228/708
s 147
f 344/617/709 343/618/710 346/619/711
f 346/619/711 343/618/710 345/620/712
s 146
f 416/1160/713 439/1163/714 415/1156/715
f 439/1163/714 438/1165/716 415/1156/715
f 361/1161/717 415/1156/715 438/1165/716
s 147
f 346/619/711 345/620/712 366/621/718
f 366/621/718 345/620/712 365/622/719
s 154
f 438/644/720 442/642/721 361/639/722
f 361/639/722 442/642/721 370/640/723
s 146
f 432/1108/724 417/1096/725 431/1104/726
f 431/1104/726 417/1096/725 448/1100/727
f 417/1096/725 449/1093/728 448/1100/727
s 147
f 348/615/729 347/616/730 344/617/709
f 344/617/709 347/616/730 343/618/710
s 149
f 448/636/731 451/635/732 431/637/733
f 431/637/733 451/635/732 430/638/734
s 151
f 381/237/735 382/238/736 339/239/737
f 339/239/737 382/238/736 337/240/738
s 148
f 376/1211/739 394/1206/740 339/1208/741
f 339/1208/741 394/1206/740 381/1204/742
f 393/1209/743 348/1214/744 392/1213/745
f 392/1213/745 348/1214/744 344/1219/746
f 391/1216/747 392/1213/745 346/1218/748
f 346/1218/748 392/1213/745 344/1219/746
f 390/1222/749 391/1216/747 366/1221/750
f 366/1221/750 391/1216/747 346/1218/748
s 150
f 388/221/751 389/222/752 338/223/753
f 338/223/753 389/222/752 340/224/754
s 146
f 345/1135/755 386/1132/756 365/1138/757
f 365/1138/757 386/1132/756 387/1137/758
f 343/1134/759 385/1130/760 345/1135/755
f 345/1135/755 385/1130/760 386/1132/756
f 384/1125/761 385/1130/760 347/1129/762
f 347/1129/762 385/1130/760 343/1134/759
f 382/1119/763 383/1121/764 337/1123/765
f 337/1123/765 383/1121/764 375/1126/766
s 151
f 354/231/767 353/232/768 350/233/769
f 350/233/769 353/232/768 349/234/770
s 148
f 378/1196/771 379/1187/772 350/1192/773
f 350/1192/773 379/1187/772 354/1183/774
f 368/1228/775 369/1233/776 464/1231/777
f 455/1238/778 465/1234/779 456/1236/780
f 456/1236/780 465/1234/779 369/1233/776
f 369/1233/776 465/1234/779 464/1231/777
s 150
f 356/215/781 355/216/782 352/217/783
f 352/217/783 355/216/782 351/218/784
s 146
f 363/1141/785 467/1146/786 362/1149/787
f 462/1153/788 461/1151/789 466/1148/790
f 461/1151/789 362/1149/787 466/1148/790
f 362/1149/787 467/1146/786 466/1148/790
f 353/1098/791 372/1102/792 349/1107/793
f 349/1107/793 372/1102/792 373/1111/794
s 151
f 350/233/769 349/234/770 357/235/795
f 357/235/795 349/234/770 358/236/796
s 146
f 349/1107/793 373/1111/794 358/1114/797
f 358/1114/797 373/1111/794 374/1116/798
f 364/1140/799 470/1139/800 363/1141/785
f 470/1139/800 469/1136/801 363/1141/785
f 469/1136/801 468/1144/802 363/1141/785
f 363/1141/785 468/1144/802 467/1146/786
s 150
f 352/217/783 351/218/784 359/219/803
f 359/219/803 351/218/784 360/220/804
s 148
f 367/1224/805 368/1228/775 475/1225/806
f 475/1225/806 368/1228/775 476/1223/807
f 476/1223/807 368/1228/775 463/1230/808
f 368/1228/775 464/1231/777 463/1230/808
f 377/1201/809 378/1196/771 357/1199/810
f 357/1199/810 378/1196/771 350/1192/773
s 146
f 415/1156/715 361/1161/717 414/1159/811
f 414/1159/811 361/1161/717 336/1166/812
f 363/1141/785 362/1149/787 352/1147/813
f 352/1147/813 362/1149/787 356/1150/814
f 364/1140/799 363/1141/785 359/1145/815
f 359/1145/815 363/1141/785 352/1147/813
f 365/1138/757 387/1137/758 338/1143/816
f 338/1143/816 387/1137/758 388/1142/817
s 147
f 366/621/718 365/622/719 340/623/818
f 340/623/818 365/622/719 338/624/819
s 148
f 389/1227/820 390/1222/749 340/1226/821
f 340/1226/821 390/1222/749 366/1221/750
f 351/1232/822 368/1228/775 360/1229/823
f 360/1229/823 368/1228/775 367/1224/805
f 355/1235/824 369/1233/776 351/1232/822
f 351/1232/822 369/1233/776 368/1228/775
f 412/1241/825 413/1244/826 370/1245/827
f 370/1245/827 413/1244/826 342/1248/828
s 154
f 361/639/722 370/640/723 336/641/829
f 336/641/829 370/640/723 342/643/830
s 146
f 371/1088/686 445/1091/831 418/1090/688
f 417/1096/725 418/1090/688 449/1093/728
f 418/1090/688 445/1091/831 449/1093/728
f 373/1111/794 372/1102/792 495/1113/832
f 495/1113/832 372/1102/792 496/1112/833
f 502/1106/834 501/1110/835 372/1102/792
f 372/1102/792 501/1110/835 496/1112/833
f 374/1116/798 373/1111/794 485/1118/836
f 485/1118/836 373/1111/794 486/1117/837
f 486/1117/837 373/1111/794 494/1115/838
f 373/1111/794 495/1113/832 494/1115/838
f 383/1121/764 384/1125/761 375/1126/766
f 375/1126/766 384/1125/761 347/1129/762
s 147
f 376/614/692 375/612/690 348/615/729
f 348/615/729 375/612/690 347/616/730
s 148
f 394/1206/740 376/1211/739 393/1209/743
f 393/1209/743 376/1211/739 348/1214/744
f 377/1201/809 488/1203/839 378/1196/771
f 488/1203/839 487/1202/840 378/1196/771
f 487/1202/840 493/1200/841 378/1196/771
f 378/1196/771 493/1200/841 492/1198/842
f 378/1196/771 492/1198/842 379/1187/772
f 492/1198/842 491/1197/843 379/1187/772
f 499/1190/844 379/1187/772 500/1195/845
f 379/1187/772 491/1197/843 500/1195/845
f 380/1173/694 409/1172/693 454/1175/846
f 410/1180/847 450/1178/848 409/1172/693
f 409/1172/693 450/1178/848 454/1175/846
s 149
f 371/628/700 380/626/698 445/629/849
f 445/629/849 380/626/698 454/630/850
s 151
f 357/235/795 358/236/796 381/237/735
f 381/237/735 358/236/796 382/238/736
s 146
f 358/1114/797 374/1116/798 382/1119/763
f 382/1119/763 374/1116/798 383/1121/764
f 384/1125/761 383/1121/764 484/1120/851
f 383/1121/764 374/1116/798 484/1120/851
f 374/1116/798 485/1118/836 484/1120/851
f 385/1130/760 384/1125/761 478/1127/852
f 384/1125/761 484/1120/851 478/1127/852
f 478/1127/852 484/1120/851 479/1124/853
f 484/1120/851 483/1122/854 479/1124/853
f 385/1130/760 478/1127/852 386/1132/756
f 386/1132/756 478/1127/852 471/1131/855
f 478/1127/852 477/1128/856 471/1131/855
f 477/1128/856 472/1133/857 471/1131/855
f 386/1132/756 471/1131/855 387/1137/758
f 387/1137/758 471/1131/855 364/1140/799
f 471/1131/855 470/1139/800 364/1140/799
f 387/1137/758 364/1140/799 388/1142/817
f 388/1142/817 364/1140/799 359/1145/815
s 150
f 359/219/803 360/220/804 388/221/751
f 388/221/751 360/220/804 389/222/752
s 148
f 360/1229/823 367/1224/805 389/1227/820
f 389/1227/820 367/1224/805 390/1222/749
f 391/1216/747 390/1222/749 474/1217/858
f 390/1222/749 367/1224/805 474/1217/858
f 367/1224/805 475/1225/806 474/1217/858
f 393/1209/743 489/1205/859 394/1206/740
f 394/1206/740 489/1205/859 377/1201/809
f 377/1201/809 489/1205/859 488/1203/839
f 394/1206/740 377/1201/809 381/1204/742
f 381/1204/742 377/1201/809 357/1199/810
s 151
f 396/229/860 395/230/861 354/231/767
f 354/231/767 395/230/861 353/232/768
s 148
f 379/1187/772 397/1179/862 354/1183/774
f 354/1183/774 397/1179/862 396/1177/863
f 398/1182/864 397/1179/862 498/1186/865
f 498/1186/865 397/1179/862 499/1190/844
f 397/1179/862 379/1187/772 499/1190/844
f 428/1193/866 398/1182/864 427/1194/867
f 427/1194/867 398/1182/864 497/1191/868
f 398/1182/864 498/1186/865 497/1191/868
f 399/1243/869 457/1240/870 400/1237/871
f 457/1240/870 456/1236/780 400/1237/871
f 400/1237/871 456/1236/780 369/1233/776
f 401/1239/872 400/1237/871 355/1235/824
f 355/1235/824 400/1237/871 369/1233/776
s 150
f 402/213/873 401/214/874 356/215/781
f 356/215/781 401/214/874 355/216/782
s 146
f 362/1149/787 403/1152/875 356/1150/814
f 356/1150/814 403/1152/875 402/1154/876
f 404/1157/877 403/1152/875 460/1155/878
f 460/1155/878 403/1152/875 461/1151/789
f 403/1152/875 362/1149/787 461/1151/789
f 433/1103/879 434/1109/880 405/1097/881
f 434/1109/880 504/1105/882 405/1097/881
f 504/1105/882 503/1101/883 405/1097/881
f 405/1097/881 503/1101/883 406/1094/884
f 503/1101/883 502/1106/834 406/1094/884
f 372/1102/792 406/1094/884 502/1106/834
f 395/1092/885 406/1094/884 353/1098/791
f 353/1098/791 406/1094/884 372/1102/792
s 151
f 408/227/707 407/228/708 396/229/860
f 396/229/860 407/228/708 395/230/861
s 148
f 397/1179/862 409/1172/693 396/1177/863
f 396/1177/863 409/1172/693 408/1174/695
f 410/1180/847 409/1172/693 398/1182/864
f 398/1182/864 409/1172/693 397/1179/862
f 428/1193/866 429/1189/886 398/1182/864
f 398/1182/864 429/1189/886 410/1180/847
f 411/1246/887 399/1243/869 412/1241/825
f 412/1241/825 399/1243/869 400/1237/871
f 413/1244/826 412/1241/825 401/1239/872
f 401/1239/872 412/1241/825 400/1237/871
s 150
f 414/211/703 413/212/704 402/213/873
f 402/213/873 413/212/704 401/214/874
s 146
f 403/1152/875 415/1156/715 402/1154/876
f 402/1154/876 415/1156/715 414/1159/811
f 416/1160/713 415/1156/715 404/1157/877
f 404/1157/877 415/1156/715 403/1152/875
f 432/1108/724 433/1103/879 417/1096/725
f 417/1096/725 433/1103/879 405/1097/881
f 406/1094/884 418/1090/688 405/1097/881
f 405/1097/881 418/1090/688 417/1096/725
f 407/1089/687 418/1090/688 395/1092/885
f 395/1092/885 418/1090/688 406/1094/884
s 148
f 420/1252/888 419/1247/889 399/1243/869
f 419/1247/889 458/1242/890 399/1243/869
f 399/1243/869 458/1242/890 457/1240/870
f 411/1246/887 421/1250/891 399/1243/869
f 399/1243/869 421/1250/891 420/1252/888
f 421/1250/891 411/1246/887 422/1253/892
f 422/1253/892 411/1246/887 440/1254/893
f 411/1246/887 441/1251/894 440/1254/893
s 154
f 423/652/895 422/651/896 435/649/897
f 435/649/897 422/651/896 440/650/898
s 146
f 424/1168/899 423/1169/900 416/1160/713
f 423/1169/900 435/1167/901 416/1160/713
f 416/1160/713 435/1167/901 439/1163/714
f 404/1157/877 425/1164/902 416/1160/713
f 416/1160/713 425/1164/902 424/1168/899
s 148
f 411/1246/887 412/1241/825 441/1251/894
f 441/1251/894 412/1241/825 442/1249/903
f 442/1249/903 412/1241/825 370/1245/827
f 429/1189/886 430/1188/904 410/1180/847
f 430/1188/904 451/1184/905 410/1180/847
f 451/1184/905 450/1178/848 410/1180/847
s 154
f 438/644/720 437/645/906 442/642/721
f 442/642/721 437/645/906 443/646/907
f 437/645/906 436/647/908 443/646/907
f 443/646/907 436/647/908 444/648/909
f 436/647/908 435/649/897 444/648/909
f 444/648/909 435/649/897 440/650/898
s 149
f 448/636/731 447/634/910 451/635/732
f 451/635/732 447/634/910 452/633/911
f 447/634/910 446/632/912 452/633/911
f 452/633/911 446/632/912 453/631/913
f 446/632/912 445/629/849 453/631/913
f 453/631/913 445/629/849 454/630/850
s 146
f 439/1163/714 435/1167/901 436/1170/914
f 439/1163/714 436/1170/914 437/1171/915
f 439/1163/714 437/1171/915 438/1165/716
s 148
f 441/1251/894 442/1249/903 443/1255/916
f 441/1251/894 443/1255/916 444/1256/917
f 441/1251/894 444/1256/917 440/1254/893
s 146
f 449/1093/728 445/1091/831 446/1095/918
f 449/1093/728 446/1095/918 447/1099/919
f 449/1093/728 447/1099/919 448/1100/727
s 148
f 450/1178/848 451/1184/905 452/1185/920
f 450/1178/848 452/1185/920 453/1181/921
f 450/1178/848 453/1181/921 454/1175/846
s 198
f 419/241/922 420/242/923 426/243/924
f 426/243/924 420/242/923 425/244/925
s 199
f 426/653/926 459/654/927 419/655/928
f 419/655/928 459/654/927 458/656/929
s 200
f 420/242/930 421/245/931 425/244/932
f 425/244/932 421/245/931 424/246/933
s 201
f 421/245/934 422/247/935 424/246/936
f 424/246/936 422/247/935 423/248/937
s 199
f 466/249/938 465/250/939 462/251/940
f 462/251/940 465/250/939 455/253/941
f 463/254/942 468/252/943 476/256/944
f 476/256/944 468/252/943 469/258/945
f 473/657/946 472/658/947 482/659/948
f 482/659/948 472/658/947 477/660/949
f 480/662/950 479/661/951 490/663/952
f 490/663/952 479/661/951 483/664/953
f 487/261/954 486/262/955 493/263/956
f 493/263/956 486/262/955 494/265/957
f 501/270/958 500/269/959 496/267/960
f 496/267/960 500/269/959 491/268/961
f 427/665/962 497/666/963 434/667/964
f 434/667/964 497/666/963 504/668/965
s 209
f 428/273/966 427/274/967 433/275/968
f 433/275/968 427/274/967 434/276/969
s 210
f 429/278/970 428/273/971 432/277/972
f 432/277/972 428/273/971 433/275/973
s 211
f 430/280/974 429/278/975 431/279/976
f 431/279/976 429/278/975 432/277/977
s 146
f 425/1164/902 404/1157/877 426/1162/978
f 426/1162/978 404/1157/877 459/1158/979
f 460/1155/878 459/1158/979 404/1157/877
s 148
f 392/1213/745 391/1216/747 481/1212/980
f 391/1216/747 474/1217/858 481/1212/980
f 481/1212/980 474/1217/858 482/1215/981
f 474/1217/858 473/1220/982 482/1215/981
f 392/1213/745 481/1212/980 393/1209/743
f 393/1209/743 481/1212/980 489/1205/859
f 481/1212/980 480/1210/983 489/1205/859
f 480/1210/983 490/1207/984 489/1205/859
s 199
f 455/253/941 458/255/929 462/251/940
f 462/251/940 458/255/929 459/257/927
f 463/254/942 465/250/939 468/252/943
f 468/252/943 465/250/939 466/249/938
f 469/258/945 472/259/947 476/256/944
f 476/256/944 472/259/947 473/260/946
f 477/660/949 479/661/951 482/659/948
f 482/659/948 479/661/951 480/662/950
f 483/266/953 486/262/955 490/264/952
f 490/264/952 486/262/955 487/261/954
f 491/268/961 493/263/956 496/267/960
f 496/267/960 493/263/956 494/265/957
f 497/272/963 500/269/959 504/271/965
f 504/271/965 500/269/959 501/270/958
s 148
f 456/1236/780 457/1240/870 455/1238/778
f 455/1238/778 457/1240/870 458/1242/890
s 146
f 459/1158/979 460/1155/878 462/1153/788
f 462/1153/788 460/1155/878 461/1151/789
s 148
f 463/1230/808 464/1231/777 465/1234/779
s 146
f 466/1148/790 467/1146/786 468/1144/802
f 470/1139/800 471/1131/855 469/1136/801
f 469/1136/801 471/1131/855 472/1133/857
s 148
f 473/1220/982 474/1217/858 476/1223/807
f 476/1223/807 474/1217/858 475/1225/806
s 146
f 477/1128/856 478/1127/852 479/1124/853
s 148
f 480/1210/983 481/1212/980 482/1215/981
s 146
f 484/1120/851 485/1118/836 483/1122/854
f 483/1122/854 485/1118/836 486/1117/837
s 148
f 487/1202/840 488/1203/839 490/1207/984
f 490/1207/984 488/1203/839 489/1205/859
f 491/1197/843 492/1198/842 493/1200/841
s 146
f 494/1115/838 495/1113/832 496/1112/833
s 148
f 500/1195/845 497/1191/868 499/1190/844
f 497/1191/868 498/1186/865 499/1190/844
s 146
f 501/1110/835 502/1106/834 504/1105/882
f 502/1106/834 503/1101/883 504/1105/882
s 212
f 505/281/985 507/282/986 506/283/987
f 507/282/986 508/284/988 506/283/987
s 213
f 507/669/989 509/670/990 508/671/991
f 509/670/990 510/672/992 508/671/991
s 214
f 510/285/993 509/286/994 512/287/995
f 509/286/994 511/288/996 512/287/995
s 215
f 511/673/997 505/674/998 512/675/999
f 505/674/998 506/676/1000 512/675/999
s 216
f 512/1257/1001 506/1258/1002 510/1259/1003
f 506/1258/1002 508/1260/1004 510/1259/1003
s 217
f 511/1261/1005 509/1262/1006 505/1263/1007
f 509/1262/1006 507/1264/1008 505/1263/1007
s 218
f 513/289/1009 514/290/1010 515/291/1011
f 515/291/1011 514/290/1010 516/292/1012
s 219
f 515/677/1013 516/678/1014 517/679/1015
f 517/679/1015 516/678/1014 518/680/1016
s 220
f 518/293/1017 520/294/1018 517/295/1019
f 517/295/1019 520/294/1018 519/296/1020
s 221
f 519/681/1021 520/682/1022 513/683/1023
f 513/683/1023 520/682/1022 514/684/1024
s 222
f 520/1265/1025 518/1266/1026 514/1267/1027
f 514/1267/1027 518/1266/1026 516/1268/1028
s 223
f 519/1269/1029 513/1270/1030 517/1271/1031
f 517/1271/1031 513/1270/1030 515/1272/1032
s 224
f 521/1273/1033 522/1274/1034 523/1275/1035
f 523/1275/1035 522/1274/1034 524/1276/1036
s 225
f 523/685/1037 524/686/1038 525/687/1039
f 525/687/1039 524/686/1038 526/688/1040
s 226
f 525/1277/1041 526/1278/1042 527/1279/1043
f 527/1279/1043 526/1278/1042 528/1280/1044
s 227
f 527/689/1045 528/690/1046 521/691/1047
f 521/691/1047 528/690/1046 522/692/1048
s 228
f 522/297/1049 528/298/1050 524/299/1051
f 524/299/1051 528/298/1050 526/300/1052
s 229
f 527/301/1053 521/302/1054 525/303/1055
f 525/303/1055 521/302/1054 523/304/1056
s 230
f 586/1281/1057 587/1282/1058 529/1283/1059
f 529/1283/1059 587/1282/1058 530/1285/1060
s 231
f 529/693/1061 530/694/1062 547/695/1063
f 547/695/1063 530/694/1062 548/696/1064
s 232
f 531/1287/1065 532/1288/1066 589/1289/1067
f 589/1289/1067 532/1288/1066 592/1290/1068
s 231
f 545/711/1069 546/712/1070 531/713/1071
f 531/713/1071 546/712/1070 532/714/1072
s 234
f 533/305/1073 534/306/1074 537/307/1075
f 537/307/1075 534/306/1074 538/309/1076
s 235
f 534/715/1077 535/716/1078 538/717/1079
f 538/717/1079 535/716/1078 539/719/1080
s 236
f 540/337/1081 539/338/1082 536/339/1083
f 536/339/1083 539/338/1082 535/341/1084
s 231
f 537/701/1085 540/702/1086 533/703/1087
f 533/703/1087 540/702/1086 536/704/1088
s 234
f 542/310/1089 541/308/1090 533/305/1073
f 533/305/1073 541/308/1090 534/306/1074
s 231
f 533/703/1087 536/704/1088 542/705/1091
f 542/705/1091 536/704/1088 543/706/1092
s 236
f 536/339/1083 535/341/1084 543/343/1093
f 543/343/1093 535/341/1084 544/345/1094
s 235
f 541/720/1095 544/718/1096 534/715/1077
f 534/715/1077 544/718/1096 535/716/1078
s 234
f 553/314/1097 554/312/1098 542/310/1089
f 542/310/1089 554/312/1098 541/308/1090
s 231
f 542/705/1091 543/706/1092 553/707/1099
f 553/707/1099 543/706/1092 556/708/1100
s 236
f 543/343/1093 544/345/1094 556/347/1101
f 556/347/1101 544/345/1094 555/349/1102
s 235
f 554/724/1103 555/722/1104 541/720/1095
f 541/720/1095 555/722/1104 544/718/1096
s 234
f 537/307/1075 538/309/1076 550/311/1105
f 550/311/1105 538/309/1076 549/313/1106
s 235
f 538/717/1079 539/719/1080 549/721/1107
f 549/721/1107 539/719/1080 552/723/1108
s 236
f 551/342/1109 552/340/1110 540/337/1081
f 540/337/1081 552/340/1110 539/338/1082
s 231
f 550/699/1111 551/700/1112 537/701/1085
f 537/701/1085 551/700/1112 540/702/1086
s 234
f 575/321/1113 579/319/1114 558/315/1115
f 558/315/1115 579/319/1114 557/317/1116
f 557/317/1116 579/319/1114 547/322/1117
s 231
f 547/695/1063 548/696/1064 557/697/1118
f 557/697/1118 548/696/1064 560/698/1119
s 236
f 580/351/1120 559/344/1121 581/348/1122
f 559/344/1121 560/346/1123 581/348/1122
f 548/350/1124 581/348/1122 560/346/1123
s 235
f 558/725/1125 559/727/1126 575/729/1127
f 575/729/1127 559/727/1126 580/731/1128
s 234
f 567/324/1129 561/316/1130 568/320/1131
f 561/316/1130 562/318/1132 568/320/1131
f 545/323/1133 568/320/1131 562/318/1132
s 235
f 567/732/1134 574/730/1135 561/728/1136
f 561/728/1136 574/730/1135 564/726/1137
s 236
f 574/361/1138 573/358/1139 564/352/1140
f 564/352/1140 573/358/1139 563/355/1141
f 563/355/1141 573/358/1139 546/362/1142
s 231
f 562/709/1143 563/710/1144 545/711/1069
f 545/711/1069 563/710/1144 546/712/1070
s 234
f 549/313/1106 558/315/1115 550/311/1105
f 550/311/1105 558/315/1115 557/317/1116
s 235
f 549/721/1107 552/723/1108 558/725/1125
f 558/725/1125 552/723/1108 559/727/1126
s 236
f 560/346/1123 559/344/1121 551/342/1109
f 551/342/1109 559/344/1121 552/340/1110
s 231
f 557/697/1118 560/698/1119 550/699/1111
f 550/699/1111 560/698/1119 551/700/1112
s 234
f 562/318/1132 561/316/1130 553/314/1097
f 553/314/1097 561/316/1130 554/312/1098
s 231
f 553/707/1099 556/708/1100 562/709/1143
f 562/709/1143 556/708/1100 563/710/1144
s 236
f 555/349/1102 564/352/1140 556/347/1101
f 556/347/1101 564/352/1140 563/355/1141
s 235
f 561/728/1136 564/726/1137 554/724/1103
f 554/724/1103 564/726/1137 555/722/1104
f 567/732/1134 566/734/1145 574/730/1135
f 574/730/1135 566/734/1145 570/736/1146
f 566/734/1145 565/738/1147 570/736/1146
f 570/736/1146 565/738/1147 571/740/1148
f 565/738/1147 569/742/1149 571/740/1148
f 571/740/1148 569/742/1149 572/744/1150
f 578/743/1151 577/739/1152 582/741/1153
f 582/741/1153 577/739/1152 583/737/1154
f 577/739/1152 576/735/1155 583/737/1154
f 583/737/1154 576/735/1155 584/733/1156
f 576/735/1155 575/729/1127 584/733/1156
f 584/733/1156 575/729/1127 580/731/1128
s 234
f 568/320/1131 569/336/1157 565/332/1158
f 568/320/1131 565/332/1158 566/328/1159
f 568/320/1131 566/328/1159 567/324/1129
s 236
f 573/358/1139 574/361/1138 570/363/1160
f 573/358/1139 570/363/1160 571/365/1161
f 573/358/1139 571/365/1161 572/367/1162
s 234
f 579/319/1114 575/321/1113 576/325/1163
f 579/319/1114 576/325/1163 577/329/1164
f 579/319/1114 577/329/1164 578/333/1165
s 236
f 581/348/1122 582/360/1166 583/357/1167
f 581/348/1122 583/357/1167 584/354/1168
f 581/348/1122 584/354/1168 580/351/1120
s 230
f 586/1281/1057 585/1284/1169 587/1282/1058
f 587/1282/1058 585/1284/1169 588/1286/1170
s 235
f 585/747/1171 578/743/1151 588/745/1172
f 588/745/1172 578/743/1151 582/741/1153
f 569/742/1149 590/746/1173 572/744/1150
f 572/744/1150 590/746/1173 591/748/1174
s 232
f 590/1292/1175 589/1289/1067 591/1291/1176
f 591/1291/1176 589/1289/1067 592/1290/1068
s 234
f 578/333/1165 585/334/1177 579/319/1114
f 585/334/1177 586/330/1178 579/319/1114
f 586/330/1178 529/326/1179 579/319/1114
f 529/326/1179 547/322/1117 579/319/1114
s 236
f 582/360/1166 581/348/1122 588/359/1180
f 588/359/1180 581/348/1122 587/356/1181
f 587/356/1181 581/348/1122 530/353/1182
f 581/348/1122 548/350/1124 530/353/1182
s 234
f 569/336/1157 568/320/1131 590/335/1183
f 590/335/1183 568/320/1131 589/331/1184
f 589/331/1184 568/320/1131 531/327/1185
f 568/320/1131 545/323/1133 531/327/1185
s 236
f 572/367/1162 591/368/1186 573/358/1139
f 591/368/1186 592/366/1187 573/358/1139
f 592/366/1187 532/364/1188 573/358/1139
f 532/364/1188 546/362/1142 573/358/1139
s 254
f 593/1293/1189 594/1294/1190 595/1295/1191
f 595/1295/1191 594/1294/1190 596/1296/1192
s 255
f 595/749/1193 596/750/1194 597/751/1195
f 597/751/1195 596/750/1194 598/752/1196
s 256
f 597/1297/1197 598/1298/1198 599/1299/1199
f 599/1299/1199 598/1298/1198 600/1300/1200
s 257
f 599/753/1201 600/754/1202 593/755/1203
f 593/755/1203 600/754/1202 594/756/1204
s 258
f 600/369/1205 598/370/1206 594/371/1207
f 594/371/1207 598/370/1206 596/372/1208
s 259
f 599/373/1209 593/374/1210 597/375/1211
f 597/375/1211 593/374/1210 595/376/1212
s 260
f 601/1301/1213 602/1302/1214 603/1303/1215
f 603/1303/1215 602/1302/1214 604/1304/1216
s 261
f 603/757/1217 604/758/1218 605/759/1219
f 605/759/1219 604/758/1218 606/760/1220
s 262
f 605/1305/1221 606/1306/1222 607/1307/1223
f 607/1307/1223 606/1306/1222 608/1308/1224
s 263
f 607/761/1225 608/762/1226 601/763/1227
f 601/763/1227 608/762/1226 602/764/1228
s 264
f 602/377/1229 608/378/1230 604/379/1231
f 604/379/1231 608/378/1230 606/380/1232
s 265
f 607/381/1233 601/382/1234 605/383/1235
f 605/383/1235 601/382/1234 603/384/1236
s 266
f 637/1309/1237 638/1310/1238 609/1311/1239
f 609/1311/1239 638/1310/1238 611/1313/1240
s 267
f 611/765/1241 638/766/1242 613/767/1243
f 613/767/1243 638/766/1242 639/768/1244
s 268
f 613/1335/1245 639/1336/1246 615/1337/1247
f 615/1337/1247 639/1336/1246 640/1338/1248
s 269
f 615/783/1249 640/784/1250 609/785/1251
f 609/785/1251 640/784/1250 637/786/1252
s 270
f 610/385/1253 616/386/1254 612/387/1255
f 612/387/1255 616/386/1254 614/388/1256
s 271
f 615/389/1257 609/390/1258 613/391/1259
f 613/391/1259 609/390/1258 611/392/1260
s 266
f 618/1321/1261 617/1322/1262 630/1323/1263
f 630/1323/1263 617/1322/1262 629/1324/1264
s 267
f 619/773/1265 618/774/1266 631/775/1267
f 631/775/1267 618/774/1266 630/776/1268
s 268
f 620/1347/1269 619/1348/1270 632/1349/1271
f 632/1349/1271 619/1348/1270 631/1350/1272
s 269
f 617/787/1273 620/788/1274 629/789/1275
f 629/789/1275 620/788/1274 632/791/1276
s 266
f 633/1332/1277 634/1328/1278 644/1330/1279
f 644/1330/1279 634/1328/1278 645/1326/1280
f 621/1325/1281 645/1326/1280 634/1328/1278
s 267
f 622/777/1282 621/778/1283 635/779/1284
f 635/779/1284 621/778/1283 634/780/1285
s 269
f 644/393/1286 648/394/1287 633/395/1288
f 633/395/1288 648/394/1287 636/397/1289
s 266
f 623/1316/1290 655/1314/1291 626/1318/1292
f 654/1319/1293 625/1320/1294 655/1314/1291
f 655/1314/1291 625/1320/1294 626/1318/1292
s 267
f 624/769/1295 623/770/1296 627/771/1297
f 627/771/1297 623/770/1296 626/772/1298
s 269
f 654/796/1299 658/794/1300 625/792/1301
f 625/792/1301 658/794/1300 628/790/1302
s 266
f 626/1318/1292 625/1320/1294 618/1321/1261
f 618/1321/1261 625/1320/1294 617/1322/1262
s 267
f 627/771/1297 626/772/1298 619/773/1265
f 619/773/1265 626/772/1298 618/774/1266
s 268
f 628/1345/1303 627/1343/1304 620/1347/1269
f 620/1347/1269 627/1343/1304 619/1348/1270
s 269
f 625/792/1301 628/790/1302 617/787/1273
f 617/787/1273 628/790/1302 620/788/1274
s 266
f 630/1323/1263 629/1324/1264 621/1325/1281
f 621/1325/1281 629/1324/1264 645/1326/1280
f 629/1324/1264 641/1327/1305 645/1326/1280
s 267
f 631/775/1267 630/776/1268 622/777/1282
f 622/777/1282 630/776/1268 621/778/1283
s 268
f 631/1350/1272 622/1351/1306 632/1349/1271
f 622/1351/1306 647/1352/1307 632/1349/1271
f 632/1349/1271 647/1352/1307 646/1354/1308
s 269
f 629/789/1275 632/791/1276 641/793/1309
f 641/793/1309 632/791/1276 646/795/1310
s 266
f 633/1332/1277 610/1333/1311 634/1328/1278
f 634/1328/1278 610/1333/1311 612/1334/1312
s 267
f 635/779/1284 634/780/1285 614/781/1313
f 614/781/1313 634/780/1285 612/782/1314
s 268
f 636/1358/1315 635/1353/1316 616/1359/1317
f 616/1359/1317 635/1353/1316 614/1360/1318
s 269
f 633/801/1288 636/802/1289 610/803/1319
f 610/803/1319 636/802/1289 616/804/1320
s 266
f 637/1309/1237 651/1312/1321 638/1310/1238
f 651/1312/1321 655/1314/1291 638/1310/1238
f 638/1310/1238 655/1314/1291 623/1316/1290
s 267
f 639/768/1244 638/766/1242 624/769/1295
f 624/769/1295 638/766/1242 623/770/1296
s 268
f 640/1338/1248 639/1336/1246 656/1339/1322
f 656/1339/1322 639/1336/1246 657/1340/1323
f 639/1336/1246 624/1341/1324 657/1340/1323
s 269
f 637/401/1252 640/402/1250 651/403/1325
f 651/403/1325 640/402/1250 656/404/1326
s 268
f 636/1358/1315 648/1355/1327 635/1353/1316
f 648/1355/1327 647/1352/1307 635/1353/1316
f 647/1352/1307 622/1351/1306 635/1353/1316
f 658/1346/1328 657/1340/1323 628/1345/1303
f 628/1345/1303 657/1340/1323 627/1343/1304
f 657/1340/1323 624/1341/1324 627/1343/1304
s 269
f 644/393/1286 643/396/1329 648/394/1287
f 648/394/1287 643/396/1329 649/398/1330
f 643/396/1329 642/399/1331 649/398/1330
f 649/398/1330 642/399/1331 650/400/1332
f 642/799/1331 641/793/1309 650/797/1332
f 650/797/1332 641/793/1309 646/795/1310
f 654/796/1299 653/798/1333 658/794/1300
f 658/794/1300 653/798/1333 659/800/1334
f 653/408/1333 652/406/1335 659/407/1334
f 659/407/1334 652/406/1335 660/405/1336
f 652/406/1335 651/403/1325 660/405/1336
f 660/405/1336 651/403/1325 656/404/1326
s 266
f 645/1326/1280 641/1327/1305 642/1329/1337
f 645/1326/1280 642/1329/1337 643/1331/1338
f 645/1326/1280 643/1331/1338 644/1330/1279
s 268
f 647/1352/1307 648/1355/1327 649/1357/1339
f 647/1352/1307 649/1357/1339 650/1356/1340
f 647/1352/1307 650/1356/1340 646/1354/1308
s 266
f 655/1314/1291 651/1312/1321 652/1315/1341
f 655/1314/1291 652/1315/1341 653/1317/1342
f 655/1314/1291 653/1317/1342 654/1319/1293
s 268
f 657/1340/1323 658/1346/1328 659/1344/1343
f 657/1340/1323 659/1344/1343 660/1342/1344
f 657/1340/1323 660/1342/1344 656/1339/1322
